case_id,symbol,timestamp,timeframe,source_artifact,source_regime,final_regime,selected_hypothesis,hypothesis_statuses,no_action,wait_for_confirmation,diagnostics_tags,blocker_codes,blocker_family,observable_fields,not_observable_fields,missing_data_policy,range_context,trend_context,mtf_context,indicator_context,zone_context,setup_family,setup_created,trade_signal_created,decision_changed_by_diagnostics,candidate_next_research
solusdt_15m_high_volatility_chop_001,SOLUSDT,2025-01-19T23:45:00+00:00,15m,reports/engine_trend/hypothesis_replay/json/solusdt_15m_high_volatility_chop_001.json,UNKNOWN,UNKNOWN,,"{""CANCELLED"": 0, ""CONFIRMED"": 0, ""CONFLICTED"": 1, ""INVALIDATED"": 0, ""PENDING"": 1}",True,True,"[""CONFIRMED_RANGE_CONTEXT"", ""NO_ACTION"", ""NO_CAUSAL_HYPOTHESIS"", ""WAIT_FOR_CONFIRMATION""]","[""NO_CONFIRMED_CAUSAL_HYPOTHESIS"", ""PENDING_AND_CONFLICTED_ONLY"", ""CONFIRMED_RANGE_CONTEXT"", ""PRICE_CONTEXT_NOT_OBSERVABLE"", ""ZONE_PROXIMITY_NOT_OBSERVABLE"", ""INDICATOR_CONTEXT_NOT_OBSERVABLE"", ""MTF_CONTEXT_NOT_OBSERVABLE"", ""SETUP_BLOCKED_BY_NO_ACTION"", ""WAITING_FOR_CONFIRMATION""]","[""HYPOTHESIS"", ""NOT_OBSERVABLE"", ""NO_ACTION"", ""RANGE_TREND""]","[""breakout"", ""hypotheses"", ""range"", ""zones""]","[""indicator_pressure"", ""multi_timeframe"", ""price_context"", ""zone_proximity""]",NOT_OBSERVABLE_SEPARATE_FROM_FALSE,"{""boundary_alternation_count"": 3, ""duration_candles"": 65, ""first_touch_index"": 21, ""formed_at_index"": 85, ""inside_close_ratio"": 0.6923076923076923, ""is_detected"": true, ""lower_boundary"": 267.34, ""midline"": 272.885, ""resistance_zone"": {""current_zone_type"": ""RESISTANCE"", ""first_touch_index"": 29, ""formed_at_index"": 85, ""is_significant_single_extreme"": false, ""last_touch_index"": 85, ""lower_price"": 277.29, ""mid_price"": 277.90333333333336, ""original_zone_type"": ""RESISTANCE"", ""positional_zone_type"": ""RESISTANCE"", ""role_changed_at_index"": null, ""source_indexes"": [29, 49, 85], ""source_point_types"": [""HIGH"", ""LOW"", ""HIGH""], ""touch_count"": 3, ""upper_price"": 278.43, ""zone_type"": ""RESISTANCE"", ""zone_width"": 1.1399999999999864, ""zone_width_ratio"": 0.004102145830084752}, ""support_zone"": {""current_zone_type"": ""SUPPORT"", ""first_touch_index"": 21, ""formed_at_index"": 78, ""is_significant_single_extreme"": false, ""last_touch_index"": 78, ""lower_price"": 267.34, ""mid_price"": 267.5733333333333, ""original_zone_type"": ""SUPPORT"", ""positional_zone_type"": ""RESISTANCE"", ""role_changed_at_index"": null, ""source_indexes"": [21, 58, 78], ""source_point_types"": [""LOW"", ""LOW"", ""LOW""], ""touch_count"": 3, ""upper_price"": 268.0, ""zone_type"": ""SUPPORT"", ""zone_width"": 0.660000000000025, ""zone_width_ratio"": 0.0024666135140523162}, ""touch_count"": 6, ""upper_boundary"": 278.43, ""width"": 11.090000000000032, ""width_ratio"": 0.04063982996500369}","{""low_strength"": false, ""range_trend_conflict"": false, ""structure"": ""SIDEWAYS_STRUCTURE""}","{""summary"": ""no unresolved directional MTF conflict detected""}","{""adx"": null, ""bearish_votes"": 0, ""bullish_votes"": 0, ""direction"": ""NEUTRAL"", ""reason"": """", ""strength"": ""UNAVAILABLE""}","{""nearest_resistance"": null, ""nearest_support"": null, ""observable"": false}",,False,False,False,"[""RESEARCH_CAUSAL_CONFIRMATION_RULE"", ""RESEARCH_INDICATOR_CAUSAL_LINK"", ""RESEARCH_MTF_CONTEXT_FIELDS"", ""RESEARCH_RANGE_TREND_RESOLUTION"", ""RESEARCH_ZONE_PROXIMITY_FIELDS""]"
btc_15m_expected_unknown_or_mixed_001,BTCUSDT,2025-01-20T23:45:00+00:00,15m,reports/engine_trend/hypothesis_replay/json/btc_15m_expected_unknown_or_mixed_001.json,UNKNOWN,UNKNOWN,,"{""CANCELLED"": 0, ""CONFIRMED"": 0, ""CONFLICTED"": 0, ""INVALIDATED"": 0, ""PENDING"": 1}",True,True,"[""LOCAL_RANGE_UNCONFIRMED"", ""NO_ACTION"", ""NO_CAUSAL_HYPOTHESIS"", ""WAIT_FOR_CONFIRMATION""]","[""NO_CONFIRMED_CAUSAL_HYPOTHESIS"", ""ONLY_PENDING_HYPOTHESES"", ""LOCAL_RANGE_UNCONFIRMED"", ""PRICE_CONTEXT_NOT_OBSERVABLE"", ""ZONE_PROXIMITY_NOT_OBSERVABLE"", ""INDICATOR_CONTEXT_NOT_OBSERVABLE"", ""MTF_CONTEXT_NOT_OBSERVABLE"", ""SETUP_BLOCKED_BY_NO_ACTION"", ""WAITING_FOR_CONFIRMATION""]","[""HYPOTHESIS"", ""NOT_OBSERVABLE"", ""NO_ACTION"", ""RANGE_TREND""]","[""breakout"", ""hypotheses"", ""range"", ""zones""]","[""indicator_pressure"", ""multi_timeframe"", ""price_context"", ""zone_proximity""]",NOT_OBSERVABLE_SEPARATE_FROM_FALSE,"{""boundary_alternation_count"": 2, ""duration_candles"": 84, ""first_touch_index"": 10, ""formed_at_index"": 93, ""inside_close_ratio"": 0.5833333333333334, ""is_detected"": false, ""lower_boundary"": 101846.15, ""midline"": 104596.86499999999, ""resistance_zone"": {""current_zone_type"": ""RESISTANCE"", ""first_touch_index"": 31, ""formed_at_index"": 66, ""is_significant_single_extreme"": false, ""last_touch_index"": 66, ""lower_price"": 106923.0, ""mid_price"": 107149.46500000001, ""original_zone_type"": ""RESISTANCE"", ""positional_zone_type"": ""RESISTANCE"", ""role_changed_at_index"": null, ""source_indexes"": [31, 51, 58, 66], ""source_point_types"": [""LOW"", ""HIGH"", ""LOW"", ""HIGH""], ""touch_count"": 4, ""upper_price"": 107347.58, ""zone_type"": ""RESISTANCE"", ""zone_width"": 424.58000000000175, ""zone_width_ratio"": 0.0039625022859423676}, ""support_zone"": {""current_zone_type"": ""SUPPORT"", ""first_touch_index"": 10, ""formed_at_index"": 93, ""is_significant_single_extreme"": false, ""last_touch_index"": 93, ""lower_price"": 101846.15, ""mid_price"": 102163.40333333334, ""original_zone_type"": ""SUPPORT"", ""positional_zone_type"": ""SUPPORT"", ""role_changed_at_index"": null, ""source_indexes"": [10, 13, 20, 24, 88, 93], ""source_point_types"": [""HIGH"", ""HIGH"", ""LOW"", ""LOW"", ""LOW"", ""LOW""], ""touch_count"": 6, ""upper_price"": 102321.42, ""zone_type"": ""SUPPORT"", ""zone_width"": 475.2700000000041, ""zone_width_ratio"": 0.004652057238630924}, ""touch_count"": 10, ""upper_boundary"": 107347.58, ""width"": 5501.430000000008, ""width_ratio"": 0.052596509465173816}","{""low_strength"": false, ""range_trend_conflict"": false, ""structure"": ""SIDEWAYS_STRUCTURE""}","{""summary"": ""no unresolved directional MTF conflict detected""}","{""adx"": null, ""bearish_votes"": 0, ""bullish_votes"": 0, ""direction"": ""NEUTRAL"", ""reason"": """", ""strength"": ""UNAVAILABLE""}","{""nearest_resistance"": null, ""nearest_support"": null, ""observable"": false}",,False,False,False,"[""RESEARCH_CAUSAL_CONFIRMATION_RULE"", ""RESEARCH_INDICATOR_CAUSAL_LINK"", ""RESEARCH_MTF_CONTEXT_FIELDS"", ""RESEARCH_RANGE_TREND_RESOLUTION"", ""RESEARCH_ZONE_PROXIMITY_FIELDS""]"
btcusdt_15m_mixed_001,BTCUSDT,2025-01-20T23:45:00+00:00,15m,reports/engine_trend/hypothesis_replay/json/btcusdt_15m_mixed_001.json,UNKNOWN,UNKNOWN,,"{""CANCELLED"": 0, ""CONFIRMED"": 0, ""CONFLICTED"": 0, ""INVALIDATED"": 0, ""PENDING"": 1}",True,True,"[""LOCAL_RANGE_UNCONFIRMED"", ""NO_ACTION"", ""NO_CAUSAL_HYPOTHESIS"", ""WAIT_FOR_CONFIRMATION""]","[""NO_CONFIRMED_CAUSAL_HYPOTHESIS"", ""ONLY_PENDING_HYPOTHESES"", ""LOCAL_RANGE_UNCONFIRMED"", ""PRICE_CONTEXT_NOT_OBSERVABLE"", ""ZONE_PROXIMITY_NOT_OBSERVABLE"", ""INDICATOR_CONTEXT_NOT_OBSERVABLE"", ""MTF_CONTEXT_NOT_OBSERVABLE"", ""SETUP_BLOCKED_BY_NO_ACTION"", ""WAITING_FOR_CONFIRMATION""]","[""HYPOTHESIS"", ""NOT_OBSERVABLE"", ""NO_ACTION"", ""RANGE_TREND""]","[""breakout"", ""hypotheses"", ""range"", ""zones""]","[""indicator_pressure"", ""multi_timeframe"", ""price_context"", ""zone_proximity""]",NOT_OBSERVABLE_SEPARATE_FROM_FALSE,"{""boundary_alternation_count"": 2, ""duration_candles"": 84, ""first_touch_index"": 10, ""formed_at_index"": 93, ""inside_close_ratio"": 0.5833333333333334, ""is_detected"": false, ""lower_boundary"": 101846.15, ""midline"": 104596.86499999999, ""resistance_zone"": {""current_zone_type"": ""RESISTANCE"", ""first_touch_index"": 31, ""formed_at_index"": 66, ""is_significant_single_extreme"": false, ""last_touch_index"": 66, ""lower_price"": 106923.0, ""mid_price"": 107149.46500000001, ""original_zone_type"": ""RESISTANCE"", ""positional_zone_type"": ""RESISTANCE"", ""role_changed_at_index"": null, ""source_indexes"": [31, 51, 58, 66], ""source_point_types"": [""LOW"", ""HIGH"", ""LOW"", ""HIGH""], ""touch_count"": 4, ""upper_price"": 107347.58, ""zone_type"": ""RESISTANCE"", ""zone_width"": 424.58000000000175, ""zone_width_ratio"": 0.0039625022859423676}, ""support_zone"": {""current_zone_type"": ""SUPPORT"", ""first_touch_index"": 10, ""formed_at_index"": 93, ""is_significant_single_extreme"": false, ""last_touch_index"": 93, ""lower_price"": 101846.15, ""mid_price"": 102163.40333333334, ""original_zone_type"": ""SUPPORT"", ""positional_zone_type"": ""SUPPORT"", ""role_changed_at_index"": null, ""source_indexes"": [10, 13, 20, 24, 88, 93], ""source_point_types"": [""HIGH"", ""HIGH"", ""LOW"", ""LOW"", ""LOW"", ""LOW""], ""touch_count"": 6, ""upper_price"": 102321.42, ""zone_type"": ""SUPPORT"", ""zone_width"": 475.2700000000041, ""zone_width_ratio"": 0.004652057238630924}, ""touch_count"": 10, ""upper_boundary"": 107347.58, ""width"": 5501.430000000008, ""width_ratio"": 0.052596509465173816}","{""low_strength"": false, ""range_trend_conflict"": false, ""structure"": ""SIDEWAYS_STRUCTURE""}","{""summary"": ""no unresolved directional MTF conflict detected""}","{""adx"": null, ""bearish_votes"": 0, ""bullish_votes"": 0, ""direction"": ""NEUTRAL"", ""reason"": """", ""strength"": ""UNAVAILABLE""}","{""nearest_resistance"": null, ""nearest_support"": null, ""observable"": false}",,False,False,False,"[""RESEARCH_CAUSAL_CONFIRMATION_RULE"", ""RESEARCH_INDICATOR_CAUSAL_LINK"", ""RESEARCH_MTF_CONTEXT_FIELDS"", ""RESEARCH_RANGE_TREND_RESOLUTION"", ""RESEARCH_ZONE_PROXIMITY_FIELDS""]"
sol_15m_expected_unknown_or_mixed_001,SOLUSDT,2025-01-24T23:45:00+00:00,15m,reports/engine_trend/hypothesis_replay/json/sol_15m_expected_unknown_or_mixed_001.json,UNKNOWN,UNKNOWN,,"{""CANCELLED"": 0, ""CONFIRMED"": 0, ""CONFLICTED"": 1, ""INVALIDATED"": 0, ""PENDING"": 1}",True,True,"[""CONFIRMED_RANGE_CONTEXT"", ""NO_ACTION"", ""NO_CAUSAL_HYPOTHESIS"", ""WAIT_FOR_CONFIRMATION""]","[""NO_CONFIRMED_CAUSAL_HYPOTHESIS"", ""PENDING_AND_CONFLICTED_ONLY"", ""CONFIRMED_RANGE_CONTEXT"", ""PRICE_CONTEXT_NOT_OBSERVABLE"", ""ZONE_PROXIMITY_NOT_OBSERVABLE"", ""INDICATOR_CONTEXT_NOT_OBSERVABLE"", ""MTF_CONTEXT_NOT_OBSERVABLE"", ""SETUP_BLOCKED_BY_NO_ACTION"", ""WAITING_FOR_CONFIRMATION""]","[""HYPOTHESIS"", ""NOT_OBSERVABLE"", ""NO_ACTION"", ""RANGE_TREND""]","[""breakout"", ""hypotheses"", ""range"", ""zones""]","[""indicator_pressure"", ""multi_timeframe"", ""price_context"", ""zone_proximity""]",NOT_OBSERVABLE_SEPARATE_FROM_FALSE,"{""boundary_alternation_count"": 4, ""duration_candles"": 66, ""first_touch_index"": 21, ""formed_at_index"": 86, ""inside_close_ratio"": 0.7272727272727273, ""is_detected"": true, ""lower_boundary"": 260.45, ""midline"": 263.275, ""resistance_zone"": {""current_zone_type"": ""RESISTANCE"", ""first_touch_index"": 36, ""formed_at_index"": 72, ""is_significant_single_extreme"": false, ""last_touch_index"": 72, ""lower_price"": 265.3, ""mid_price"": 265.63, ""original_zone_type"": ""RESISTANCE"", ""positional_zone_type"": ""RESISTANCE"", ""role_changed_at_index"": null, ""source_indexes"": [36, 51, 72], ""source_point_types"": [""HIGH"", ""HIGH"", ""HIGH""], ""touch_count"": 3, ""upper_price"": 266.1, ""zone_type"": ""RESISTANCE"", ""zone_width"": 0.8000000000000114, ""zone_width_ratio"": 0.0030117080149079977}, ""support_zone"": {""current_zone_type"": ""SUPPORT"", ""first_touch_index"": 21, ""formed_at_index"": 86, ""is_significant_single_extreme"": false, ""last_touch_index"": 86, ""lower_price"": 260.45, ""mid_price"": 260.96200000000005, ""original_zone_type"": ""SUPPORT"", ""positional_zone_type"": ""RESISTANCE"", ""role_changed_at_index"": null, ""source_indexes"": [21, 62, 68, 79, 86], ""source_point_types"": [""HIGH"", ""LOW"", ""LOW"", ""LOW"", ""HIGH""], ""touch_count"": 5, ""upper_price"": 261.43, ""zone_type"": ""SUPPORT"", ""zone_width"": 0.9800000000000182, ""zone_width_ratio"": 0.0037553360259348794}, ""touch_count"": 8, ""upper_boundary"": 266.1, ""width"": 5.650000000000034, ""width_ratio"": 0.021460450099705763}","{""low_strength"": false, ""range_trend_conflict"": false, ""structure"": ""SIDEWAYS_STRUCTURE""}","{""summary"": ""no unresolved directional MTF conflict detected""}","{""adx"": null, ""bearish_votes"": 0, ""bullish_votes"": 0, ""direction"": ""NEUTRAL"", ""reason"": """", ""strength"": ""UNAVAILABLE""}","{""nearest_resistance"": null, ""nearest_support"": null, ""observable"": false}",,False,False,False,"[""RESEARCH_CAUSAL_CONFIRMATION_RULE"", ""RESEARCH_INDICATOR_CAUSAL_LINK"", ""RESEARCH_MTF_CONTEXT_FIELDS"", ""RESEARCH_RANGE_TREND_RESOLUTION"", ""RESEARCH_ZONE_PROXIMITY_FIELDS""]"
solusdt_15m_mixed_001,SOLUSDT,2025-01-24T23:45:00+00:00,15m,reports/engine_trend/hypothesis_replay/json/solusdt_15m_mixed_001.json,UNKNOWN,UNKNOWN,,"{""CANCELLED"": 0, ""CONFIRMED"": 0, ""CONFLICTED"": 1, ""INVALIDATED"": 0, ""PENDING"": 1}",True,True,"[""CONFIRMED_RANGE_CONTEXT"", ""NO_ACTION"", ""NO_CAUSAL_HYPOTHESIS"", ""WAIT_FOR_CONFIRMATION""]","[""NO_CONFIRMED_CAUSAL_HYPOTHESIS"", ""PENDING_AND_CONFLICTED_ONLY"", ""CONFIRMED_RANGE_CONTEXT"", ""PRICE_CONTEXT_NOT_OBSERVABLE"", ""ZONE_PROXIMITY_NOT_OBSERVABLE"", ""INDICATOR_CONTEXT_NOT_OBSERVABLE"", ""MTF_CONTEXT_NOT_OBSERVABLE"", ""SETUP_BLOCKED_BY_NO_ACTION"", ""WAITING_FOR_CONFIRMATION""]","[""HYPOTHESIS"", ""NOT_OBSERVABLE"", ""NO_ACTION"", ""RANGE_TREND""]","[""breakout"", ""hypotheses"", ""range"", ""zones""]","[""indicator_pressure"", ""multi_timeframe"", ""price_context"", ""zone_proximity""]",NOT_OBSERVABLE_SEPARATE_FROM_FALSE,"{""boundary_alternation_count"": 4, ""duration_candles"": 66, ""first_touch_index"": 21, ""formed_at_index"": 86, ""inside_close_ratio"": 0.7272727272727273, ""is_detected"": true, ""lower_boundary"": 260.45, ""midline"": 263.275, ""resistance_zone"": {""current_zone_type"": ""RESISTANCE"", ""first_touch_index"": 36, ""formed_at_index"": 72, ""is_significant_single_extreme"": false, ""last_touch_index"": 72, ""lower_price"": 265.3, ""mid_price"": 265.63, ""original_zone_type"": ""RESISTANCE"", ""positional_zone_type"": ""RESISTANCE"", ""role_changed_at_index"": null, ""source_indexes"": [36, 51, 72], ""source_point_types"": [""HIGH"", ""HIGH"", ""HIGH""], ""touch_count"": 3, ""upper_price"": 266.1, ""zone_type"": ""RESISTANCE"", ""zone_width"": 0.8000000000000114, ""zone_width_ratio"": 0.0030117080149079977}, ""support_zone"": {""current_zone_type"": ""SUPPORT"", ""first_touch_index"": 21, ""formed_at_index"": 86, ""is_significant_single_extreme"": false, ""last_touch_index"": 86, ""lower_price"": 260.45, ""mid_price"": 260.96200000000005, ""original_zone_type"": ""SUPPORT"", ""positional_zone_type"": ""RESISTANCE"", ""role_changed_at_index"": null, ""source_indexes"": [21, 62, 68, 79, 86], ""source_point_types"": [""HIGH"", ""LOW"", ""LOW"", ""LOW"", ""HIGH""], ""touch_count"": 5, ""upper_price"": 261.43, ""zone_type"": ""SUPPORT"", ""zone_width"": 0.9800000000000182, ""zone_width_ratio"": 0.0037553360259348794}, ""touch_count"": 8, ""upper_boundary"": 266.1, ""width"": 5.650000000000034, ""width_ratio"": 0.021460450099705763}","{""low_strength"": false, ""range_trend_conflict"": false, ""structure"": ""SIDEWAYS_STRUCTURE""}","{""summary"": ""no unresolved directional MTF conflict detected""}","{""adx"": null, ""bearish_votes"": 0, ""bullish_votes"": 0, ""direction"": ""NEUTRAL"", ""reason"": """", ""strength"": ""UNAVAILABLE""}","{""nearest_resistance"": null, ""nearest_support"": null, ""observable"": false}",,False,False,False,"[""RESEARCH_CAUSAL_CONFIRMATION_RULE"", ""RESEARCH_INDICATOR_CAUSAL_LINK"", ""RESEARCH_MTF_CONTEXT_FIELDS"", ""RESEARCH_RANGE_TREND_RESOLUTION"", ""RESEARCH_ZONE_PROXIMITY_FIELDS""]"
btcusdt_15m_high_volatility_chop_001,BTCUSDT,2025-02-03T23:45:00+00:00,15m,reports/engine_trend/hypothesis_replay/json/btcusdt_15m_high_volatility_chop_001.json,UNKNOWN,UNKNOWN,,"{""CANCELLED"": 0, ""CONFIRMED"": 0, ""CONFLICTED"": 0, ""INVALIDATED"": 0, ""PENDING"": 1}",True,True,"[""LOCAL_RANGE_UNCONFIRMED"", ""NO_ACTION"", ""NO_CAUSAL_HYPOTHESIS"", ""WAIT_FOR_CONFIRMATION""]","[""NO_CONFIRMED_CAUSAL_HYPOTHESIS"", ""ONLY_PENDING_HYPOTHESES"", ""LOCAL_RANGE_UNCONFIRMED"", ""PRICE_CONTEXT_NOT_OBSERVABLE"", ""ZONE_PROXIMITY_NOT_OBSERVABLE"", ""INDICATOR_CONTEXT_NOT_OBSERVABLE"", ""MTF_CONTEXT_NOT_OBSERVABLE"", ""SETUP_BLOCKED_BY_NO_ACTION"", ""WAITING_FOR_CONFIRMATION""]","[""HYPOTHESIS"", ""NOT_OBSERVABLE"", ""NO_ACTION"", ""RANGE_TREND""]","[""breakout"", ""hypotheses"", ""range"", ""zones""]","[""indicator_pressure"", ""multi_timeframe"", ""price_context"", ""zone_proximity""]",NOT_OBSERVABLE_SEPARATE_FROM_FALSE,"{""boundary_alternation_count"": 6, ""duration_candles"": 54, ""first_touch_index"": 2, ""formed_at_index"": 55, ""inside_close_ratio"": 0.4074074074074074, ""is_detected"": false, ""lower_boundary"": 94688.0, ""midline"": 95206.625, ""resistance_zone"": {""current_zone_type"": ""RESISTANCE"", ""first_touch_index"": 2, ""formed_at_index"": 55, ""is_significant_single_extreme"": false, ""last_touch_index"": 55, ""lower_price"": 95400.0, ""mid_price"": 95535.376, ""original_zone_type"": ""RESISTANCE"", ""positional_zone_type"": ""SUPPORT"", ""role_changed_at_index"": null, ""source_indexes"": [2, 31, 43, 49, 55], ""source_point_types"": [""LOW"", ""HIGH"", ""HIGH"", ""HIGH"", ""HIGH""], ""touch_count"": 5, ""upper_price"": 95725.25, ""zone_type"": ""RESISTANCE"", ""zone_width"": 325.25, ""zone_width_ratio"": 0.0034044980364132337}, ""support_zone"": {""current_zone_type"": ""SUPPORT"", ""first_touch_index"": 9, ""formed_at_index"": 48, ""is_significant_single_extreme"": false, ""last_touch_index"": 48, ""lower_price"": 94688.0, ""mid_price"": 94850.574, ""original_zone_type"": ""SUPPORT"", ""positional_zone_type"": ""SUPPORT"", ""role_changed_at_index"": null, ""source_indexes"": [9, 13, 34, 41, 48], ""source_point_types"": [""HIGH"", ""HIGH"", ""LOW"", ""LOW"", ""LOW""], ""touch_count"": 5, ""upper_price"": 94980.0, ""zone_type"": ""SUPPORT"", ""zone_width"": 292.0, ""zone_width_ratio"": 0.0030785264409680857}, ""touch_count"": 10, ""upper_boundary"": 95725.25, ""width"": 1037.25, ""width_ratio"": 0.01089472502570068}","{""low_strength"": false, ""range_trend_conflict"": false, ""structure"": ""SIDEWAYS_STRUCTURE""}","{""summary"": ""no unresolved directional MTF conflict detected""}","{""adx"": null, ""bearish_votes"": 0, ""bullish_votes"": 0, ""direction"": ""NEUTRAL"", ""reason"": """", ""strength"": ""UNAVAILABLE""}","{""nearest_resistance"": null, ""nearest_support"": null, ""observable"": false}",,False,False,False,"[""RESEARCH_CAUSAL_CONFIRMATION_RULE"", ""RESEARCH_INDICATOR_CAUSAL_LINK"", ""RESEARCH_MTF_CONTEXT_FIELDS"", ""RESEARCH_RANGE_TREND_RESOLUTION"", ""RESEARCH_ZONE_PROXIMITY_FIELDS""]"
eth_15m_expected_unknown_or_mixed_001,ETHUSDT,2025-02-03T23:45:00+00:00,15m,reports/engine_trend/hypothesis_replay/json/eth_15m_expected_unknown_or_mixed_001.json,UNKNOWN,UNKNOWN,,"{""CANCELLED"": 0, ""CONFIRMED"": 0, ""CONFLICTED"": 0, ""INVALIDATED"": 0, ""PENDING"": 0}",True,True,"[""LOCAL_RANGE_UNCONFIRMED"", ""NO_ACTION"", ""NO_CAUSAL_HYPOTHESIS"", ""WAIT_FOR_CONFIRMATION""]","[""NO_CONFIRMED_CAUSAL_HYPOTHESIS"", ""LOCAL_RANGE_UNCONFIRMED"", ""PRICE_CONTEXT_NOT_OBSERVABLE"", ""ZONE_PROXIMITY_NOT_OBSERVABLE"", ""INDICATOR_CONTEXT_NOT_OBSERVABLE"", ""MTF_CONTEXT_NOT_OBSERVABLE"", ""SETUP_BLOCKED_BY_NO_ACTION"", ""WAITING_FOR_CONFIRMATION""]","[""HYPOTHESIS"", ""NOT_OBSERVABLE"", ""NO_ACTION"", ""RANGE_TREND""]","[""breakout"", ""hypotheses"", ""range"", ""zones""]","[""indicator_pressure"", ""multi_timeframe"", ""price_context"", ""zone_proximity""]",NOT_OBSERVABLE_SEPARATE_FROM_FALSE,"{""boundary_alternation_count"": 1, ""duration_candles"": 52, ""first_touch_index"": 16, ""formed_at_index"": 67, ""inside_close_ratio"": 0.6730769230769231, ""is_detected"": false, ""lower_boundary"": 2557.87, ""midline"": 2645.885, ""resistance_zone"": {""current_zone_type"": ""RESISTANCE"", ""first_touch_index"": 63, ""formed_at_index"": 67, ""is_significant_single_extreme"": false, ""last_touch_index"": 67, ""lower_price"": 2728.0, ""mid_price"": 2730.95, ""original_zone_type"": ""RESISTANCE"", ""positional_zone_type"": ""SUPPORT"", ""role_changed_at_index"": null, ""source_indexes"": [63, 67], ""source_point_types"": [""HIGH"", ""HIGH""], ""touch_count"": 2, ""upper_price"": 2733.9, ""zone_type"": ""RESISTANCE"", ""zone_width"": 5.900000000000091, ""zone_width_ratio"": 0.00216042036653915}, ""support_zone"": {""current_zone_type"": ""SUPPORT"", ""first_touch_index"": 16, ""formed_at_index"": 39, ""is_significant_single_extreme"": false, ""last_touch_index"": 39, ""lower_price"": 2557.87, ""mid_price"": 2562.306666666667, ""original_zone_type"": ""SUPPORT"", ""positional_zone_type"": ""SUPPORT"", ""role_changed_at_index"": null, ""source_indexes"": [16, 37, 39], ""source_point_types"": [""HIGH"", ""LOW"", ""LOW""], ""touch_count"": 3, ""upper_price"": 2565.5, ""zone_type"": ""SUPPORT"", ""zone_width"": 7.630000000000109, ""zone_width_ratio"": 0.002977785641063043}, ""touch_count"": 5, ""upper_boundary"": 2733.9, ""width"": 176.0300000000002, ""width_ratio"": 0.06652972445892402}","{""low_strength"": false, ""range_trend_conflict"": false, ""structure"": ""SIDEWAYS_STRUCTURE""}","{""summary"": ""no unresolved directional MTF conflict detected""}","{""adx"": null, ""bearish_votes"": 0, ""bullish_votes"": 0, ""direction"": ""NEUTRAL"", ""reason"": """", ""strength"": ""UNAVAILABLE""}","{""nearest_resistance"": null, ""nearest_support"": null, ""observable"": false}",,False,False,False,"[""RESEARCH_CAUSAL_CONFIRMATION_RULE"", ""RESEARCH_INDICATOR_CAUSAL_LINK"", ""RESEARCH_MTF_CONTEXT_FIELDS"", ""RESEARCH_RANGE_TREND_RESOLUTION"", ""RESEARCH_ZONE_PROXIMITY_FIELDS""]"
ethusdt_15m_mixed_001,ETHUSDT,2025-02-03T23:45:00+00:00,15m,reports/engine_trend/hypothesis_replay/json/ethusdt_15m_mixed_001.json,UNKNOWN,UNKNOWN,,"{""CANCELLED"": 0, ""CONFIRMED"": 0, ""CONFLICTED"": 0, ""INVALIDATED"": 0, ""PENDING"": 0}",True,True,"[""LOCAL_RANGE_UNCONFIRMED"", ""NO_ACTION"", ""NO_CAUSAL_HYPOTHESIS"", ""WAIT_FOR_CONFIRMATION""]","[""NO_CONFIRMED_CAUSAL_HYPOTHESIS"", ""LOCAL_RANGE_UNCONFIRMED"", ""PRICE_CONTEXT_NOT_OBSERVABLE"", ""ZONE_PROXIMITY_NOT_OBSERVABLE"", ""INDICATOR_CONTEXT_NOT_OBSERVABLE"", ""MTF_CONTEXT_NOT_OBSERVABLE"", ""SETUP_BLOCKED_BY_NO_ACTION"", ""WAITING_FOR_CONFIRMATION""]","[""HYPOTHESIS"", ""NOT_OBSERVABLE"", ""NO_ACTION"", ""RANGE_TREND""]","[""breakout"", ""hypotheses"", ""range"", ""zones""]","[""indicator_pressure"", ""multi_timeframe"", ""price_context"", ""zone_proximity""]",NOT_OBSERVABLE_SEPARATE_FROM_FALSE,"{""boundary_alternation_count"": 1, ""duration_candles"": 52, ""first_touch_index"": 16, ""formed_at_index"": 67, ""inside_close_ratio"": 0.6730769230769231, ""is_detected"": false, ""lower_boundary"": 2557.87, ""midline"": 2645.885, ""resistance_zone"": {""current_zone_type"": ""RESISTANCE"", ""first_touch_index"": 63, ""formed_at_index"": 67, ""is_significant_single_extreme"": false, ""last_touch_index"": 67, ""lower_price"": 2728.0, ""mid_price"": 2730.95, ""original_zone_type"": ""RESISTANCE"", ""positional_zone_type"": ""SUPPORT"", ""role_changed_at_index"": null, ""source_indexes"": [63, 67], ""source_point_types"": [""HIGH"", ""HIGH""], ""touch_count"": 2, ""upper_price"": 2733.9, ""zone_type"": ""RESISTANCE"", ""zone_width"": 5.900000000000091, ""zone_width_ratio"": 0.00216042036653915}, ""support_zone"": {""current_zone_type"": ""SUPPORT"", ""first_touch_index"": 16, ""formed_at_index"": 39, ""is_significant_single_extreme"": false, ""last_touch_index"": 39, ""lower_price"": 2557.87, ""mid_price"": 2562.306666666667, ""original_zone_type"": ""SUPPORT"", ""positional_zone_type"": ""SUPPORT"", ""role_changed_at_index"": null, ""source_indexes"": [16, 37, 39], ""source_point_types"": [""HIGH"", ""LOW"", ""LOW""], ""touch_count"": 3, ""upper_price"": 2565.5, ""zone_type"": ""SUPPORT"", ""zone_width"": 7.630000000000109, ""zone_width_ratio"": 0.002977785641063043}, ""touch_count"": 5, ""upper_boundary"": 2733.9, ""width"": 176.0300000000002, ""width_ratio"": 0.06652972445892402}","{""low_strength"": false, ""range_trend_conflict"": false, ""structure"": ""SIDEWAYS_STRUCTURE""}","{""summary"": ""no unresolved directional MTF conflict detected""}","{""adx"": null, ""bearish_votes"": 0, ""bullish_votes"": 0, ""direction"": ""NEUTRAL"", ""reason"": """", ""strength"": ""UNAVAILABLE""}","{""nearest_resistance"": null, ""nearest_support"": null, ""observable"": false}",,False,False,False,"[""RESEARCH_CAUSAL_CONFIRMATION_RULE"", ""RESEARCH_INDICATOR_CAUSAL_LINK"", ""RESEARCH_MTF_CONTEXT_FIELDS"", ""RESEARCH_RANGE_TREND_RESOLUTION"", ""RESEARCH_ZONE_PROXIMITY_FIELDS""]"
solusdt_15m_down_002,SOLUSDT,2025-02-24T23:45:00+00:00,15m,reports/engine_trend/hypothesis_replay/json/solusdt_15m_down_002.json,UNKNOWN,UNKNOWN,,"{""CANCELLED"": 0, ""CONFIRMED"": 0, ""CONFLICTED"": 0, ""INVALIDATED"": 0, ""PENDING"": 0}",True,True,"[""LOCAL_RANGE_UNCONFIRMED"", ""NO_ACTION"", ""NO_CAUSAL_HYPOTHESIS"", ""WAIT_FOR_CONFIRMATION""]","[""NO_CONFIRMED_CAUSAL_HYPOTHESIS"", ""LOCAL_RANGE_UNCONFIRMED"", ""PRICE_CONTEXT_NOT_OBSERVABLE"", ""ZONE_PROXIMITY_NOT_OBSERVABLE"", ""INDICATOR_CONTEXT_NOT_OBSERVABLE"", ""MTF_CONTEXT_NOT_OBSERVABLE"", ""SETUP_BLOCKED_BY_NO_ACTION"", ""WAITING_FOR_CONFIRMATION""]","[""HYPOTHESIS"", ""NOT_OBSERVABLE"", ""NO_ACTION"", ""RANGE_TREND""]","[""breakout"", ""hypotheses"", ""range"", ""zones""]","[""indicator_pressure"", ""multi_timeframe"", ""price_context"", ""zone_proximity""]",NOT_OBSERVABLE_SEPARATE_FROM_FALSE,"{""boundary_alternation_count"": 3, ""duration_candles"": 24, ""first_touch_index"": 63, ""formed_at_index"": 86, ""inside_close_ratio"": 0.4166666666666667, ""is_detected"": false, ""lower_boundary"": 150.65, ""midline"": 151.66500000000002, ""resistance_zone"": {""current_zone_type"": ""RESISTANCE"", ""first_touch_index"": 68, ""formed_at_index"": 86, ""is_significant_single_extreme"": false, ""last_touch_index"": 86, ""lower_price"": 152.53, ""mid_price"": 152.59000000000003, ""original_zone_type"": ""RESISTANCE"", ""positional_zone_type"": ""RESISTANCE"", ""role_changed_at_index"": null, ""source_indexes"": [68, 77, 83, 86], ""source_point_types"": [""LOW"", ""HIGH"", ""HIGH"", ""HIGH""], ""touch_count"": 4, ""upper_price"": 152.68, ""zone_type"": ""RESISTANCE"", ""zone_width"": 0.15000000000000568, ""zone_width_ratio"": 0.0009830264106429362}, ""support_zone"": {""current_zone_type"": ""SUPPORT"", ""first_touch_index"": 63, ""formed_at_index"": 76, ""is_significant_single_extreme"": false, ""last_touch_index"": 76, ""lower_price"": 150.65, ""mid_price"": 150.85500000000002, ""original_zone_type"": ""SUPPORT"", ""positional_zone_type"": ""RESISTANCE"", ""role_changed_at_index"": null, ""source_indexes"": [63, 76], ""source_point_types"": [""LOW"", ""LOW""], ""touch_count"": 2, ""upper_price"": 151.06, ""zone_type"": ""SUPPORT"", ""zone_width"": 0.4099999999999966, ""zone_width_ratio"": 0.0027178416360080643}, ""touch_count"": 6, ""upper_boundary"": 152.68, ""width"": 2.030000000000001, ""width_ratio"": 0.013384762469917258}","{""low_strength"": false, ""range_trend_conflict"": false, ""structure"": ""SIDEWAYS_STRUCTURE""}","{""summary"": ""no unresolved directional MTF conflict detected""}","{""adx"": null, ""bearish_votes"": 0, ""bullish_votes"": 0, ""direction"": ""NEUTRAL"", ""reason"": """", ""strength"": ""UNAVAILABLE""}","{""nearest_resistance"": null, ""nearest_support"": null, ""observable"": false}",,False,False,False,"[""RESEARCH_CAUSAL_CONFIRMATION_RULE"", ""RESEARCH_INDICATOR_CAUSAL_LINK"", ""RESEARCH_MTF_CONTEXT_FIELDS"", ""RESEARCH_RANGE_TREND_RESOLUTION"", ""RESEARCH_ZONE_PROXIMITY_FIELDS""]"
ethusdt_15m_mixed_003,ETHUSDT,2025-02-25T23:45:00+00:00,15m,reports/engine_trend/hypothesis_replay/json/ethusdt_15m_mixed_003.json,UNKNOWN,UNKNOWN,,"{""CANCELLED"": 0, ""CONFIRMED"": 0, ""CONFLICTED"": 0, ""INVALIDATED"": 0, ""PENDING"": 0}",True,True,"[""LOCAL_RANGE_UNCONFIRMED"", ""NO_ACTION"", ""NO_CAUSAL_HYPOTHESIS"", ""WAIT_FOR_CONFIRMATION""]","[""NO_CONFIRMED_CAUSAL_HYPOTHESIS"", ""LOCAL_RANGE_UNCONFIRMED"", ""PRICE_CONTEXT_NOT_OBSERVABLE"", ""ZONE_PROXIMITY_NOT_OBSERVABLE"", ""INDICATOR_CONTEXT_NOT_OBSERVABLE"", ""MTF_CONTEXT_NOT_OBSERVABLE"", ""SETUP_BLOCKED_BY_NO_ACTION"", ""WAITING_FOR_CONFIRMATION""]","[""HYPOTHESIS"", ""NOT_OBSERVABLE"", ""NO_ACTION"", ""RANGE_TREND""]","[""breakout"", ""hypotheses"", ""range"", ""zones""]","[""indicator_pressure"", ""multi_timeframe"", ""price_context"", ""zone_proximity""]",NOT_OBSERVABLE_SEPARATE_FROM_FALSE,"{""boundary_alternation_count"": 6, ""duration_candles"": 44, ""first_touch_index"": 34, ""formed_at_index"": 77, ""inside_close_ratio"": 0.5681818181818182, ""is_detected"": false, ""lower_boundary"": 2404.04, ""midline"": 2419.9700000000003, ""resistance_zone"": {""current_zone_type"": ""RESISTANCE"", ""first_touch_index"": 57, ""formed_at_index"": 76, ""is_significant_single_extreme"": false, ""last_touch_index"": 76, ""lower_price"": 2427.67, ""mid_price"": 2432.6899999999996, ""original_zone_type"": ""RESISTANCE"", ""positional_zone_type"": ""SUPPORT"", ""role_changed_at_index"": null, ""source_indexes"": [57, 63, 67, 72, 76], ""source_point_types"": [""HIGH"", ""HIGH"", ""HIGH"", ""HIGH"", ""HIGH""], ""touch_count"": 5, ""upper_price"": 2435.9, ""zone_type"": ""RESISTANCE"", ""zone_width"": 8.230000000000018, ""zone_width_ratio"": 0.003383086213204321}, ""support_zone"": {""current_zone_type"": ""SUPPORT"", ""first_touch_index"": 34, ""formed_at_index"": 77, ""is_significant_single_extreme"": false, ""last_touch_index"": 77, ""lower_price"": 2404.04, ""mid_price"": 2411.0562500000005, ""original_zone_type"": ""SUPPORT"", ""positional_zone_type"": ""SUPPORT"", ""role_changed_at_index"": null, ""source_indexes"": [34, 40, 42, 54, 68, 71, 74, 77], ""source_point_types"": [""HIGH"", ""HIGH"", ""HIGH"", ""LOW"", ""LOW"", ""LOW"", ""LOW"", ""LOW""], ""touch_count"": 8, ""upper_price"": 2417.33, ""zone_type"": ""SUPPORT"", ""zone_width"": 13.289999999999964, ""zone_width_ratio"": 0.00551210698630526}, ""touch_count"": 13, ""upper_boundary"": 2435.9, ""width"": 31.860000000000127, ""width_ratio"": 0.0131654524642868}","{""low_strength"": false, ""range_trend_conflict"": false, ""structure"": ""SIDEWAYS_STRUCTURE""}","{""summary"": ""no unresolved directional MTF conflict detected""}","{""adx"": null, ""bearish_votes"": 0, ""bullish_votes"": 0, ""direction"": ""NEUTRAL"", ""reason"": """", ""strength"": ""UNAVAILABLE""}","{""nearest_resistance"": null, ""nearest_support"": null, ""observable"": false}",,False,False,False,"[""RESEARCH_CAUSAL_CONFIRMATION_RULE"", ""RESEARCH_INDICATOR_CAUSAL_LINK"", ""RESEARCH_MTF_CONTEXT_FIELDS"", ""RESEARCH_RANGE_TREND_RESOLUTION"", ""RESEARCH_ZONE_PROXIMITY_FIELDS""]"
btcusdt_15m_up_002,BTCUSDT,2025-03-02T23:45:00+00:00,15m,reports/engine_trend/hypothesis_replay/json/btcusdt_15m_up_002.json,FLAT,FLAT,"{""confirmation_index"": null, ""direction"": ""FLAT"", ""hypothesis_id"": ""hypothesis:confirmed_range"", ""hypothesis_type"": ""CONFIRMED_RANGE"", ""reason_codes"": [""HYPOTHESIS_RANGE_STRUCTURE_CONFIRMED"", ""HYPOTHESIS_SECONDARY_FLAT_CONTEXT_CONFIRMED"", ""HYPOTHESIS_RANGE_BOUNDARIES_HELD""], ""score"": 0.6413793103448276, ""status"": ""CONFIRMED"", ""supporting_event_ids"": [], ""trigger_index"": 58}","{""CANCELLED"": 0, ""CONFIRMED"": 1, ""CONFLICTED"": 0, ""INVALIDATED"": 0, ""PENDING"": 0}",True,False,"[""CONFIRMED_RANGE_CONTEXT""]","[""CONFIRMED_RANGE_CONTEXT"", ""PRICE_CONTEXT_NOT_OBSERVABLE"", ""ZONE_PROXIMITY_NOT_OBSERVABLE"", ""INDICATOR_CONTEXT_NOT_OBSERVABLE"", ""MTF_CONTEXT_NOT_OBSERVABLE"", ""SETUP_BLOCKED_BY_NO_ACTION""]","[""NOT_OBSERVABLE"", ""NO_ACTION"", ""RANGE_TREND""]","[""breakout"", ""hypotheses"", ""range"", ""zones""]","[""indicator_pressure"", ""multi_timeframe"", ""price_context"", ""zone_proximity""]",NOT_OBSERVABLE_SEPARATE_FROM_FALSE,"{""boundary_alternation_count"": 16, ""duration_candles"": 58, ""first_touch_index"": 1, ""formed_at_index"": 58, ""inside_close_ratio"": 0.9655172413793104, ""is_detected"": true, ""lower_boundary"": 85477.81, ""midline"": 85927.625, ""resistance_zone"": {""current_zone_type"": ""RESISTANCE"", ""first_touch_index"": 5, ""formed_at_index"": 51, ""is_significant_single_extreme"": false, ""last_touch_index"": 51, ""lower_price"": 85990.0, ""mid_price"": 86145.777, ""original_zone_type"": ""RESISTANCE"", ""positional_zone_type"": ""SUPPORT"", ""role_changed_at_index"": null, ""source_indexes"": [5, 6, 12, 15, 22, 29, 30, 39, 46, 51], ""source_point_types"": [""HIGH"", ""LOW"", ""HIGH"", ""HIGH"", ""HIGH"", ""LOW"", ""HIGH"", ""HIGH"", ""HIGH"", ""HIGH""], ""touch_count"": 10, ""upper_price"": 86377.44, ""zone_type"": ""RESISTANCE"", ""zone_width"": 387.4400000000023, ""zone_width_ratio"": 0.004497492662931142}, ""support_zone"": {""current_zone_type"": ""SUPPORT"", ""first_touch_index"": 1, ""formed_at_index"": 58, ""is_significant_single_extreme"": false, ""last_touch_index"": 58, ""lower_price"": 85477.81, ""mid_price"": 85726.39769230768, ""original_zone_type"": ""SUPPORT"", ""positional_zone_type"": ""SUPPORT"", ""role_changed_at_index"": null, ""source_indexes"": [1, 11, 13, 18, 23, 33, 35, 36, 41, 49, 55, 56, 58], ""source_point_types"": [""LOW"", ""LOW"", ""LOW"", ""LOW"", ""LOW"", ""LOW"", ""HIGH"", ""LOW"", ""LOW"", ""LOW"", ""LOW"", ""HIGH"", ""HIGH""], ""touch_count"": 13, ""upper_price"": 85947.84, ""zone_type"": ""SUPPORT"", ""zone_width"": 470.02999999999884, ""zone_width_ratio"": 0.005482908563206489}, ""touch_count"": 23, ""upper_boundary"": 86377.44, ""width"": 899.6300000000047, ""width_ratio"": 0.010469624873258218}","{""low_strength"": false, ""range_trend_conflict"": false, ""structure"": ""SIDEWAYS_STRUCTURE""}","{""summary"": ""no unresolved directional MTF conflict detected""}","{""adx"": null, ""bearish_votes"": 0, ""bullish_votes"": 0, ""direction"": ""NEUTRAL"", ""reason"": """", ""strength"": ""UNAVAILABLE""}","{""nearest_resistance"": null, ""nearest_support"": null, ""observable"": false}",,False,False,False,"[""RESEARCH_INDICATOR_CAUSAL_LINK"", ""RESEARCH_MTF_CONTEXT_FIELDS"", ""RESEARCH_RANGE_TREND_RESOLUTION"", ""RESEARCH_ZONE_PROXIMITY_FIELDS""]"
ethusdt_15m_up_003,ETHUSDT,2025-03-02T23:45:00+00:00,15m,reports/engine_trend/hypothesis_replay/json/ethusdt_15m_up_003.json,UNKNOWN,UNKNOWN,,"{""CANCELLED"": 0, ""CONFIRMED"": 0, ""CONFLICTED"": 1, ""INVALIDATED"": 0, ""PENDING"": 1}",True,True,"[""CONFIRMED_RANGE_CONTEXT"", ""NO_ACTION"", ""NO_CAUSAL_HYPOTHESIS"", ""WAIT_FOR_CONFIRMATION""]","[""NO_CONFIRMED_CAUSAL_HYPOTHESIS"", ""PENDING_AND_CONFLICTED_ONLY"", ""CONFIRMED_RANGE_CONTEXT"", ""PRICE_CONTEXT_NOT_OBSERVABLE"", ""ZONE_PROXIMITY_NOT_OBSERVABLE"", ""INDICATOR_CONTEXT_NOT_OBSERVABLE"", ""MTF_CONTEXT_NOT_OBSERVABLE"", ""SETUP_BLOCKED_BY_NO_ACTION"", ""WAITING_FOR_CONFIRMATION""]","[""HYPOTHESIS"", ""NOT_OBSERVABLE"", ""NO_ACTION"", ""RANGE_TREND""]","[""breakout"", ""hypotheses"", ""range"", ""zones""]","[""indicator_pressure"", ""multi_timeframe"", ""price_context"", ""zone_proximity""]",NOT_OBSERVABLE_SEPARATE_FROM_FALSE,"{""boundary_alternation_count"": 11, ""duration_candles"": 60, ""first_touch_index"": 5, ""formed_at_index"": 64, ""inside_close_ratio"": 0.6166666666666667, ""is_detected"": true, ""lower_boundary"": 2212.35, ""midline"": 2223.975, ""resistance_zone"": {""current_zone_type"": ""RESISTANCE"", ""first_touch_index"": 5, ""formed_at_index"": 51, ""is_significant_single_extreme"": false, ""last_touch_index"": 51, ""lower_price"": 2225.98, ""mid_price"": 2231.07875, ""original_zone_type"": ""RESISTANCE"", ""positional_zone_type"": ""SUPPORT"", ""role_changed_at_index"": null, ""source_indexes"": [5, 8, 15, 18, 22, 26, 31, 51], ""source_point_types"": [""HIGH"", ""HIGH"", ""HIGH"", ""HIGH"", ""HIGH"", ""HIGH"", ""HIGH"", ""HIGH""], ""touch_count"": 8, ""upper_price"": 2235.6, ""zone_type"": ""RESISTANCE"", ""zone_width"": 9.61999999999989, ""zone_width_ratio"": 0.004311815528698792}, ""support_zone"": {""current_zone_type"": ""SUPPORT"", ""first_touch_index"": 17, ""formed_at_index"": 64, ""is_significant_single_extreme"": false, ""last_touch_index"": 64, ""lower_price"": 2212.35, ""mid_price"": 2219.2066666666665, ""original_zone_type"": ""SUPPORT"", ""positional_zone_type"": ""SUPPORT"", ""role_changed_at_index"": null, ""source_indexes"": [17, 21, 25, 28, 49, 64], ""source_point_types"": [""LOW"", ""LOW"", ""LOW"", ""LOW"", ""LOW"", ""LOW""], ""touch_count"": 6, ""upper_price"": 2224.0, ""zone_type"": ""SUPPORT"", ""zone_width"": 11.650000000000091, ""zone_width_ratio"": 0.0052496237394144265}, ""touch_count"": 14, ""upper_boundary"": 2235.6, ""width"": 23.25, ""width_ratio"": 0.010454254206994234}","{""low_strength"": false, ""range_trend_conflict"": false, ""structure"": ""SIDEWAYS_STRUCTURE""}","{""summary"": ""no unresolved directional MTF conflict detected""}","{""adx"": null, ""bearish_votes"": 0, ""bullish_votes"": 0, ""direction"": ""NEUTRAL"", ""reason"": """", ""strength"": ""UNAVAILABLE""}","{""nearest_resistance"": null, ""nearest_support"": null, ""observable"": false}",,False,False,False,"[""RESEARCH_CAUSAL_CONFIRMATION_RULE"", ""RESEARCH_INDICATOR_CAUSAL_LINK"", ""RESEARCH_MTF_CONTEXT_FIELDS"", ""RESEARCH_RANGE_TREND_RESOLUTION"", ""RESEARCH_ZONE_PROXIMITY_FIELDS""]"
sol_15m_expected_up_001,SOLUSDT,2025-03-02T23:45:00+00:00,15m,reports/engine_trend/hypothesis_replay/json/sol_15m_expected_up_001.json,UNKNOWN,UNKNOWN,,"{""CANCELLED"": 0, ""CONFIRMED"": 0, ""CONFLICTED"": 1, ""INVALIDATED"": 0, ""PENDING"": 1}",True,True,"[""CONFIRMED_RANGE_CONTEXT"", ""NO_ACTION"", ""NO_CAUSAL_HYPOTHESIS"", ""WAIT_FOR_CONFIRMATION""]","[""NO_CONFIRMED_CAUSAL_HYPOTHESIS"", ""PENDING_AND_CONFLICTED_ONLY"", ""CONFIRMED_RANGE_CONTEXT"", ""PRICE_CONTEXT_NOT_OBSERVABLE"", ""ZONE_PROXIMITY_NOT_OBSERVABLE"", ""INDICATOR_CONTEXT_NOT_OBSERVABLE"", ""MTF_CONTEXT_NOT_OBSERVABLE"", ""SETUP_BLOCKED_BY_NO_ACTION"", ""WAITING_FOR_CONFIRMATION""]","[""HYPOTHESIS"", ""NOT_OBSERVABLE"", ""NO_ACTION"", ""RANGE_TREND""]","[""breakout"", ""hypotheses"", ""range"", ""zones""]","[""indicator_pressure"", ""multi_timeframe"", ""price_context"", ""zone_proximity""]",NOT_OBSERVABLE_SEPARATE_FROM_FALSE,"{""boundary_alternation_count"": 8, ""duration_candles"": 51, ""first_touch_index"": 1, ""formed_at_index"": 51, ""inside_close_ratio"": 0.803921568627451, ""is_detected"": true, ""lower_boundary"": 142.96, ""midline"": 143.92000000000002, ""resistance_zone"": {""current_zone_type"": ""RESISTANCE"", ""first_touch_index"": 13, ""formed_at_index"": 43, ""is_significant_single_extreme"": false, ""last_touch_index"": 43, ""lower_price"": 144.61, ""mid_price"": 144.69, ""original_zone_type"": ""RESISTANCE"", ""positional_zone_type"": ""SUPPORT"", ""role_changed_at_index"": null, ""source_indexes"": [13, 15, 39, 43], ""source_point_types"": [""HIGH"", ""HIGH"", ""HIGH"", ""HIGH""], ""touch_count"": 4, ""upper_price"": 144.88, ""zone_type"": ""RESISTANCE"", ""zone_width"": 0.2699999999999818, ""zone_width_ratio"": 0.001866058469831929}, ""support_zone"": {""current_zone_type"": ""SUPPORT"", ""first_touch_index"": 1, ""formed_at_index"": 51, ""is_significant_single_extreme"": false, ""last_touch_index"": 51, ""lower_price"": 142.96, ""mid_price"": 143.35666666666668, ""original_zone_type"": ""SUPPORT"", ""positional_zone_type"": ""SUPPORT"", ""role_changed_at_index"": null, ""source_indexes"": [1, 7, 14, 18, 24, 35, 41, 45, 51], ""source_point_types"": [""LOW"", ""LOW"", ""LOW"", ""LOW"", ""HIGH"", ""HIGH"", ""LOW"", ""LOW"", ""HIGH""], ""touch_count"": 9, ""upper_price"": 143.68, ""zone_type"": ""SUPPORT"", ""zone_width"": 0.7199999999999989, ""zone_width_ratio"": 0.0050224382077336165}, ""touch_count"": 13, ""upper_boundary"": 144.88, ""width"": 1.9199999999999875, ""width_ratio"": 0.013340744858254497}","{""low_strength"": false, ""range_trend_conflict"": false, ""structure"": ""SIDEWAYS_STRUCTURE""}","{""summary"": ""no unresolved directional MTF conflict detected""}","{""adx"": null, ""bearish_votes"": 0, ""bullish_votes"": 0, ""direction"": ""NEUTRAL"", ""reason"": """", ""strength"": ""UNAVAILABLE""}","{""nearest_resistance"": null, ""nearest_support"": null, ""observable"": false}",,False,False,False,"[""RESEARCH_CAUSAL_CONFIRMATION_RULE"", ""RESEARCH_INDICATOR_CAUSAL_LINK"", ""RESEARCH_MTF_CONTEXT_FIELDS"", ""RESEARCH_RANGE_TREND_RESOLUTION"", ""RESEARCH_ZONE_PROXIMITY_FIELDS""]"
solusdt_15m_up_001,SOLUSDT,2025-03-02T23:45:00+00:00,15m,reports/engine_trend/hypothesis_replay/json/solusdt_15m_up_001.json,UNKNOWN,UNKNOWN,,"{""CANCELLED"": 0, ""CONFIRMED"": 0, ""CONFLICTED"": 1, ""INVALIDATED"": 0, ""PENDING"": 1}",True,True,"[""CONFIRMED_RANGE_CONTEXT"", ""NO_ACTION"", ""NO_CAUSAL_HYPOTHESIS"", ""WAIT_FOR_CONFIRMATION""]","[""NO_CONFIRMED_CAUSAL_HYPOTHESIS"", ""PENDING_AND_CONFLICTED_ONLY"", ""CONFIRMED_RANGE_CONTEXT"", ""PRICE_CONTEXT_NOT_OBSERVABLE"", ""ZONE_PROXIMITY_NOT_OBSERVABLE"", ""INDICATOR_CONTEXT_NOT_OBSERVABLE"", ""MTF_CONTEXT_NOT_OBSERVABLE"", ""SETUP_BLOCKED_BY_NO_ACTION"", ""WAITING_FOR_CONFIRMATION""]","[""HYPOTHESIS"", ""NOT_OBSERVABLE"", ""NO_ACTION"", ""RANGE_TREND""]","[""breakout"", ""hypotheses"", ""range"", ""zones""]","[""indicator_pressure"", ""multi_timeframe"", ""price_context"", ""zone_proximity""]",NOT_OBSERVABLE_SEPARATE_FROM_FALSE,"{""boundary_alternation_count"": 8, ""duration_candles"": 51, ""first_touch_index"": 1, ""formed_at_index"": 51, ""inside_close_ratio"": 0.803921568627451, ""is_detected"": true, ""lower_boundary"": 142.96, ""midline"": 143.92000000000002, ""resistance_zone"": {""current_zone_type"": ""RESISTANCE"", ""first_touch_index"": 13, ""formed_at_index"": 43, ""is_significant_single_extreme"": false, ""last_touch_index"": 43, ""lower_price"": 144.61, ""mid_price"": 144.69, ""original_zone_type"": ""RESISTANCE"", ""positional_zone_type"": ""SUPPORT"", ""role_changed_at_index"": null, ""source_indexes"": [13, 15, 39, 43], ""source_point_types"": [""HIGH"", ""HIGH"", ""HIGH"", ""HIGH""], ""touch_count"": 4, ""upper_price"": 144.88, ""zone_type"": ""RESISTANCE"", ""zone_width"": 0.2699999999999818, ""zone_width_ratio"": 0.001866058469831929}, ""support_zone"": {""current_zone_type"": ""SUPPORT"", ""first_touch_index"": 1, ""formed_at_index"": 51, ""is_significant_single_extreme"": false, ""last_touch_index"": 51, ""lower_price"": 142.96, ""mid_price"": 143.35666666666668, ""original_zone_type"": ""SUPPORT"", ""positional_zone_type"": ""SUPPORT"", ""role_changed_at_index"": null, ""source_indexes"": [1, 7, 14, 18, 24, 35, 41, 45, 51], ""source_point_types"": [""LOW"", ""LOW"", ""LOW"", ""LOW"", ""HIGH"", ""HIGH"", ""LOW"", ""LOW"", ""HIGH""], ""touch_count"": 9, ""upper_price"": 143.68, ""zone_type"": ""SUPPORT"", ""zone_width"": 0.7199999999999989, ""zone_width_ratio"": 0.0050224382077336165}, ""touch_count"": 13, ""upper_boundary"": 144.88, ""width"": 1.9199999999999875, ""width_ratio"": 0.013340744858254497}","{""low_strength"": false, ""range_trend_conflict"": false, ""structure"": ""SIDEWAYS_STRUCTURE""}","{""summary"": ""no unresolved directional MTF conflict detected""}","{""adx"": null, ""bearish_votes"": 0, ""bullish_votes"": 0, ""direction"": ""NEUTRAL"", ""reason"": """", ""strength"": ""UNAVAILABLE""}","{""nearest_resistance"": null, ""nearest_support"": null, ""observable"": false}",,False,False,False,"[""RESEARCH_CAUSAL_CONFIRMATION_RULE"", ""RESEARCH_INDICATOR_CAUSAL_LINK"", ""RESEARCH_MTF_CONTEXT_FIELDS"", ""RESEARCH_RANGE_TREND_RESOLUTION"", ""RESEARCH_ZONE_PROXIMITY_FIELDS""]"
btcusdt_15m_down_002,BTCUSDT,2025-03-03T23:45:00+00:00,15m,reports/engine_trend/hypothesis_replay/json/btcusdt_15m_down_002.json,FLAT,FLAT,"{""confirmation_index"": 57, ""direction"": ""FLAT"", ""hypothesis_id"": ""hypothesis:confirmed_range"", ""hypothesis_type"": ""CONFIRMED_RANGE"", ""reason_codes"": [""HYPOTHESIS_RANGE_STRUCTURE_CONFIRMED"", ""HYPOTHESIS_SECONDARY_FLAT_CONTEXT_CONFIRMED"", ""HYPOTHESIS_RANGE_BREAKOUT_RETURNED""], ""score"": 0.7114583333333334, ""status"": ""CONFIRMED"", ""supporting_event_ids"": [], ""trigger_index"": 52}","{""CANCELLED"": 0, ""CONFIRMED"": 2, ""CONFLICTED"": 0, ""INVALIDATED"": 0, ""PENDING"": 0}",True,False,"[""CONFIRMED_RANGE_CONTEXT""]","[""CONFIRMED_RANGE_CONTEXT"", ""PRICE_CONTEXT_NOT_OBSERVABLE"", ""ZONE_PROXIMITY_NOT_OBSERVABLE"", ""INDICATOR_CONTEXT_NOT_OBSERVABLE"", ""MTF_CONTEXT_NOT_OBSERVABLE"", ""SETUP_BLOCKED_BY_NO_ACTION""]","[""NOT_OBSERVABLE"", ""NO_ACTION"", ""RANGE_TREND""]","[""breakout"", ""hypotheses"", ""range"", ""zones""]","[""indicator_pressure"", ""multi_timeframe"", ""price_context"", ""zone_proximity""]",NOT_OBSERVABLE_SEPARATE_FROM_FALSE,"{""boundary_alternation_count"": 9, ""duration_candles"": 48, ""first_touch_index"": 5, ""formed_at_index"": 52, ""inside_close_ratio"": 0.6458333333333334, ""is_detected"": true, ""lower_boundary"": 92433.5, ""midline"": 92938.16500000001, ""resistance_zone"": {""current_zone_type"": ""RESISTANCE"", ""first_touch_index"": 7, ""formed_at_index"": 52, ""is_significant_single_extreme"": false, ""last_touch_index"": 52, ""lower_price"": 93212.96, ""mid_price"": 93312.16600000001, ""original_zone_type"": ""RESISTANCE"", ""positional_zone_type"": ""RESISTANCE"", ""role_changed_at_index"": null, ""source_indexes"": [7, 11, 23, 48, 52], ""source_point_types"": [""HIGH"", ""HIGH"", ""HIGH"", ""HIGH"", ""HIGH""], ""touch_count"": 5, ""upper_price"": 93442.83, ""zone_type"": ""RESISTANCE"", ""zone_width"": 229.86999999999534, ""zone_width_ratio"": 0.002463451550358346}, ""support_zone"": {""current_zone_type"": ""SUPPORT"", ""first_touch_index"": 5, ""formed_at_index"": 50, ""is_significant_single_extreme"": false, ""last_touch_index"": 50, ""lower_price"": 92433.5, ""mid_price"": 92542.99571428572, ""original_zone_type"": ""SUPPORT"", ""positional_zone_type"": ""RESISTANCE"", ""role_changed_at_index"": null, ""source_indexes"": [5, 9, 13, 17, 31, 46, 50], ""source_point_types"": [""LOW"", ""LOW"", ""LOW"", ""LOW"", ""HIGH"", ""LOW"", ""LOW""], ""touch_count"": 7, ""upper_price"": 92663.19, ""zone_type"": ""SUPPORT"", ""zone_width"": 229.69000000000233, ""zone_width_ratio"": 0.00248198146415251}, ""touch_count"": 12, ""upper_boundary"": 93442.83, ""width"": 1009.3300000000017, ""width_ratio"": 0.010860231638961257}","{""low_strength"": false, ""range_trend_conflict"": false, ""structure"": ""SIDEWAYS_STRUCTURE""}","{""summary"": ""no unresolved directional MTF conflict detected""}","{""adx"": null, ""bearish_votes"": 0, ""bullish_votes"": 0, ""direction"": ""NEUTRAL"", ""reason"": """", ""strength"": ""UNAVAILABLE""}","{""nearest_resistance"": null, ""nearest_support"": null, ""observable"": false}",,False,False,False,"[""RESEARCH_INDICATOR_CAUSAL_LINK"", ""RESEARCH_MTF_CONTEXT_FIELDS"", ""RESEARCH_RANGE_TREND_RESOLUTION"", ""RESEARCH_ZONE_PROXIMITY_FIELDS""]"
ethusdt_15m_down_002,ETHUSDT,2025-03-03T23:45:00+00:00,15m,reports/engine_trend/hypothesis_replay/json/ethusdt_15m_down_002.json,UNKNOWN,UNKNOWN,,"{""CANCELLED"": 0, ""CONFIRMED"": 0, ""CONFLICTED"": 0, ""INVALIDATED"": 0, ""PENDING"": 0}",True,True,"[""LOCAL_RANGE_UNCONFIRMED"", ""NO_ACTION"", ""NO_CAUSAL_HYPOTHESIS"", ""WAIT_FOR_CONFIRMATION""]","[""NO_CONFIRMED_CAUSAL_HYPOTHESIS"", ""LOCAL_RANGE_UNCONFIRMED"", ""PRICE_CONTEXT_NOT_OBSERVABLE"", ""ZONE_PROXIMITY_NOT_OBSERVABLE"", ""INDICATOR_CONTEXT_NOT_OBSERVABLE"", ""MTF_CONTEXT_NOT_OBSERVABLE"", ""SETUP_BLOCKED_BY_NO_ACTION"", ""WAITING_FOR_CONFIRMATION""]","[""HYPOTHESIS"", ""NOT_OBSERVABLE"", ""NO_ACTION"", ""RANGE_TREND""]","[""breakout"", ""hypotheses"", ""range"", ""zones""]","[""indicator_pressure"", ""multi_timeframe"", ""price_context"", ""zone_proximity""]",NOT_OBSERVABLE_SEPARATE_FROM_FALSE,"{""boundary_alternation_count"": 1, ""duration_candles"": 82, ""first_touch_index"": 12, ""formed_at_index"": 93, ""inside_close_ratio"": 0.8658536585365854, ""is_detected"": false, ""lower_boundary"": 2140.4, ""midline"": 2298.825, ""resistance_zone"": {""current_zone_type"": ""RESISTANCE"", ""first_touch_index"": 12, ""formed_at_index"": 23, ""is_significant_single_extreme"": false, ""last_touch_index"": 23, ""lower_price"": 2451.0, ""mid_price"": 2454.65, ""original_zone_type"": ""RESISTANCE"", ""positional_zone_type"": ""RESISTANCE"", ""role_changed_at_index"": null, ""source_indexes"": [12, 20, 23], ""source_point_types"": [""HIGH"", ""HIGH"", ""HIGH""], ""touch_count"": 3, ""upper_price"": 2457.25, ""zone_type"": ""RESISTANCE"", ""zone_width"": 6.25, ""zone_width_ratio"": 0.002546187847554641}, ""support_zone"": {""current_zone_type"": ""SUPPORT"", ""first_touch_index"": 77, ""formed_at_index"": 93, ""is_significant_single_extreme"": false, ""last_touch_index"": 93, ""lower_price"": 2140.4, ""mid_price"": 2145.82, ""original_zone_type"": ""SUPPORT"", ""positional_zone_type"": ""SUPPORT"", ""role_changed_at_index"": null, ""source_indexes"": [77, 81, 86, 93], ""source_point_types"": [""LOW"", ""HIGH"", ""HIGH"", ""LOW""], ""touch_count"": 4, ""upper_price"": 2150.0, ""zone_type"": ""SUPPORT"", ""zone_width"": 9.599999999999909, ""zone_width_ratio"": 0.004473814206224151}, ""touch_count"": 7, ""upper_boundary"": 2457.25, ""width"": 316.8499999999999, ""width_ratio"": 0.1378312833730275}","{""low_strength"": false, ""range_trend_conflict"": false, ""structure"": ""SIDEWAYS_STRUCTURE""}","{""summary"": ""no unresolved directional MTF conflict detected""}","{""adx"": null, ""bearish_votes"": 0, ""bullish_votes"": 0, ""direction"": ""NEUTRAL"", ""reason"": """", ""strength"": ""UNAVAILABLE""}","{""nearest_resistance"": null, ""nearest_support"": null, ""observable"": false}",,False,False,False,"[""RESEARCH_CAUSAL_CONFIRMATION_RULE"", ""RESEARCH_INDICATOR_CAUSAL_LINK"", ""RESEARCH_MTF_CONTEXT_FIELDS"", ""RESEARCH_RANGE_TREND_RESOLUTION"", ""RESEARCH_ZONE_PROXIMITY_FIELDS""]"
sol_15m_expected_down_001,SOLUSDT,2025-03-03T23:45:00+00:00,15m,reports/engine_trend/hypothesis_replay/json/sol_15m_expected_down_001.json,UNKNOWN,UNKNOWN,,"{""CANCELLED"": 0, ""CONFIRMED"": 0, ""CONFLICTED"": 0, ""INVALIDATED"": 0, ""PENDING"": 1}",True,True,"[""LOCAL_RANGE_UNCONFIRMED"", ""NO_ACTION"", ""NO_CAUSAL_HYPOTHESIS"", ""WAIT_FOR_CONFIRMATION""]","[""NO_CONFIRMED_CAUSAL_HYPOTHESIS"", ""ONLY_PENDING_HYPOTHESES"", ""LOCAL_RANGE_UNCONFIRMED"", ""PRICE_CONTEXT_NOT_OBSERVABLE"", ""ZONE_PROXIMITY_NOT_OBSERVABLE"", ""INDICATOR_CONTEXT_NOT_OBSERVABLE"", ""MTF_CONTEXT_NOT_OBSERVABLE"", ""SETUP_BLOCKED_BY_NO_ACTION"", ""WAITING_FOR_CONFIRMATION""]","[""HYPOTHESIS"", ""NOT_OBSERVABLE"", ""NO_ACTION"", ""RANGE_TREND""]","[""breakout"", ""hypotheses"", ""range"", ""zones""]","[""indicator_pressure"", ""multi_timeframe"", ""price_context"", ""zone_proximity""]",NOT_OBSERVABLE_SEPARATE_FROM_FALSE,"{""boundary_alternation_count"": 1, ""duration_candles"": 65, ""first_touch_index"": 28, ""formed_at_index"": 92, ""inside_close_ratio"": 0.5230769230769231, ""is_detected"": false, ""lower_boundary"": 141.57, ""midline"": 150.685, ""resistance_zone"": {""current_zone_type"": ""RESISTANCE"", ""first_touch_index"": 28, ""formed_at_index"": 65, ""is_significant_single_extreme"": false, ""last_touch_index"": 65, ""lower_price"": 159.29, ""mid_price"": 159.57666666666665, ""original_zone_type"": ""RESISTANCE"", ""positional_zone_type"": ""RESISTANCE"", ""role_changed_at_index"": null, ""source_indexes"": [28, 62, 65], ""source_point_types"": [""LOW"", ""HIGH"", ""HIGH""], ""touch_count"": 3, ""upper_price"": 159.8, ""zone_type"": ""RESISTANCE"", ""zone_width"": 0.5100000000000193, ""zone_width_ratio"": 0.003195955966829023}, ""support_zone"": {""current_zone_type"": ""SUPPORT"", ""first_touch_index"": 82, ""formed_at_index"": 92, ""is_significant_single_extreme"": false, ""last_touch_index"": 92, ""lower_price"": 141.57, ""mid_price"": 141.76, ""original_zone_type"": ""SUPPORT"", ""positional_zone_type"": ""SUPPORT"", ""role_changed_at_index"": null, ""source_indexes"": [82, 92], ""source_point_types"": [""LOW"", ""LOW""], ""touch_count"": 2, ""upper_price"": 141.95, ""zone_type"": ""SUPPORT"", ""zone_width"": 0.37999999999999545, ""zone_width_ratio"": 0.002680586907449178}, ""touch_count"": 5, ""upper_boundary"": 159.8, ""width"": 18.230000000000018, ""width_ratio"": 0.12098085409961189}","{""low_strength"": false, ""range_trend_conflict"": false, ""structure"": ""SIDEWAYS_STRUCTURE""}","{""summary"": ""no unresolved directional MTF conflict detected""}","{""adx"": null, ""bearish_votes"": 0, ""bullish_votes"": 0, ""direction"": ""NEUTRAL"", ""reason"": """", ""strength"": ""UNAVAILABLE""}","{""nearest_resistance"": null, ""nearest_support"": null, ""observable"": false}",,False,False,False,"[""RESEARCH_CAUSAL_CONFIRMATION_RULE"", ""RESEARCH_INDICATOR_CAUSAL_LINK"", ""RESEARCH_MTF_CONTEXT_FIELDS"", ""RESEARCH_RANGE_TREND_RESOLUTION"", ""RESEARCH_ZONE_PROXIMITY_FIELDS""]"
solusdt_15m_down_001,SOLUSDT,2025-03-03T23:45:00+00:00,15m,reports/engine_trend/hypothesis_replay/json/solusdt_15m_down_001.json,UNKNOWN,UNKNOWN,,"{""CANCELLED"": 0, ""CONFIRMED"": 0, ""CONFLICTED"": 0, ""INVALIDATED"": 0, ""PENDING"": 1}",True,True,"[""LOCAL_RANGE_UNCONFIRMED"", ""NO_ACTION"", ""NO_CAUSAL_HYPOTHESIS"", ""WAIT_FOR_CONFIRMATION""]","[""NO_CONFIRMED_CAUSAL_HYPOTHESIS"", ""ONLY_PENDING_HYPOTHESES"", ""LOCAL_RANGE_UNCONFIRMED"", ""PRICE_CONTEXT_NOT_OBSERVABLE"", ""ZONE_PROXIMITY_NOT_OBSERVABLE"", ""INDICATOR_CONTEXT_NOT_OBSERVABLE"", ""MTF_CONTEXT_NOT_OBSERVABLE"", ""SETUP_BLOCKED_BY_NO_ACTION"", ""WAITING_FOR_CONFIRMATION""]","[""HYPOTHESIS"", ""NOT_OBSERVABLE"", ""NO_ACTION"", ""RANGE_TREND""]","[""breakout"", ""hypotheses"", ""range"", ""zones""]","[""indicator_pressure"", ""multi_timeframe"", ""price_context"", ""zone_proximity""]",NOT_OBSERVABLE_SEPARATE_FROM_FALSE,"{""boundary_alternation_count"": 1, ""duration_candles"": 65, ""first_touch_index"": 28, ""formed_at_index"": 92, ""inside_close_ratio"": 0.5230769230769231, ""is_detected"": false, ""lower_boundary"": 141.57, ""midline"": 150.685, ""resistance_zone"": {""current_zone_type"": ""RESISTANCE"", ""first_touch_index"": 28, ""formed_at_index"": 65, ""is_significant_single_extreme"": false, ""last_touch_index"": 65, ""lower_price"": 159.29, ""mid_price"": 159.57666666666665, ""original_zone_type"": ""RESISTANCE"", ""positional_zone_type"": ""RESISTANCE"", ""role_changed_at_index"": null, ""source_indexes"": [28, 62, 65], ""source_point_types"": [""LOW"", ""HIGH"", ""HIGH""], ""touch_count"": 3, ""upper_price"": 159.8, ""zone_type"": ""RESISTANCE"", ""zone_width"": 0.5100000000000193, ""zone_width_ratio"": 0.003195955966829023}, ""support_zone"": {""current_zone_type"": ""SUPPORT"", ""first_touch_index"": 82, ""formed_at_index"": 92, ""is_significant_single_extreme"": false, ""last_touch_index"": 92, ""lower_price"": 141.57, ""mid_price"": 141.76, ""original_zone_type"": ""SUPPORT"", ""positional_zone_type"": ""SUPPORT"", ""role_changed_at_index"": null, ""source_indexes"": [82, 92], ""source_point_types"": [""LOW"", ""LOW""], ""touch_count"": 2, ""upper_price"": 141.95, ""zone_type"": ""SUPPORT"", ""zone_width"": 0.37999999999999545, ""zone_width_ratio"": 0.002680586907449178}, ""touch_count"": 5, ""upper_boundary"": 159.8, ""width"": 18.230000000000018, ""width_ratio"": 0.12098085409961189}","{""low_strength"": false, ""range_trend_conflict"": false, ""structure"": ""SIDEWAYS_STRUCTURE""}","{""summary"": ""no unresolved directional MTF conflict detected""}","{""adx"": null, ""bearish_votes"": 0, ""bullish_votes"": 0, ""direction"": ""NEUTRAL"", ""reason"": """", ""strength"": ""UNAVAILABLE""}","{""nearest_resistance"": null, ""nearest_support"": null, ""observable"": false}",,False,False,False,"[""RESEARCH_CAUSAL_CONFIRMATION_RULE"", ""RESEARCH_INDICATOR_CAUSAL_LINK"", ""RESEARCH_MTF_CONTEXT_FIELDS"", ""RESEARCH_RANGE_TREND_RESOLUTION"", ""RESEARCH_ZONE_PROXIMITY_FIELDS""]"
ethusdt_15m_down_003,ETHUSDT,2025-04-06T23:45:00+00:00,15m,reports/engine_trend/hypothesis_replay/json/ethusdt_15m_down_003.json,UNKNOWN,UNKNOWN,,"{""CANCELLED"": 0, ""CONFIRMED"": 0, ""CONFLICTED"": 1, ""INVALIDATED"": 0, ""PENDING"": 1}",True,True,"[""CONFIRMED_RANGE_CONTEXT"", ""NO_ACTION"", ""NO_CAUSAL_HYPOTHESIS"", ""WAIT_FOR_CONFIRMATION""]","[""NO_CONFIRMED_CAUSAL_HYPOTHESIS"", ""PENDING_AND_CONFLICTED_ONLY"", ""CONFIRMED_RANGE_CONTEXT"", ""PRICE_CONTEXT_NOT_OBSERVABLE"", ""ZONE_PROXIMITY_NOT_OBSERVABLE"", ""INDICATOR_CONTEXT_NOT_OBSERVABLE"", ""MTF_CONTEXT_NOT_OBSERVABLE"", ""SETUP_BLOCKED_BY_NO_ACTION"", ""WAITING_FOR_CONFIRMATION""]","[""HYPOTHESIS"", ""NOT_OBSERVABLE"", ""NO_ACTION"", ""RANGE_TREND""]","[""breakout"", ""hypotheses"", ""range"", ""zones""]","[""indicator_pressure"", ""multi_timeframe"", ""price_context"", ""zone_proximity""]",NOT_OBSERVABLE_SEPARATE_FROM_FALSE,"{""boundary_alternation_count"": 11, ""duration_candles"": 30, ""first_touch_index"": 2, ""formed_at_index"": 31, ""inside_close_ratio"": 0.8333333333333334, ""is_detected"": true, ""lower_boundary"": 1801.59, ""midline"": 1809.295, ""resistance_zone"": {""current_zone_type"": ""RESISTANCE"", ""first_touch_index"": 2, ""formed_at_index"": 23, ""is_significant_single_extreme"": false, ""last_touch_index"": 23, ""lower_price"": 1811.21, ""mid_price"": 1813.5833333333333, ""original_zone_type"": ""RESISTANCE"", ""positional_zone_type"": ""RESISTANCE"", ""role_changed_at_index"": null, ""source_indexes"": [2, 6, 8, 16, 20, 23], ""source_point_types"": [""HIGH"", ""HIGH"", ""HIGH"", ""HIGH"", ""HIGH"", ""HIGH""], ""touch_count"": 6, ""upper_price"": 1817.0, ""zone_type"": ""RESISTANCE"", ""zone_width"": 5.789999999999964, ""zone_width_ratio"": 0.0031925745531406315}, ""support_zone"": {""current_zone_type"": ""SUPPORT"", ""first_touch_index"": 4, ""formed_at_index"": 31, ""is_significant_single_extreme"": false, ""last_touch_index"": 31, ""lower_price"": 1801.59, ""mid_price"": 1805.21875, ""original_zone_type"": ""SUPPORT"", ""positional_zone_type"": ""RESISTANCE"", ""role_changed_at_index"": null, ""source_indexes"": [4, 7, 12, 13, 14, 19, 22, 31], ""source_point_types"": [""LOW"", ""LOW"", ""LOW"", ""HIGH"", ""LOW"", ""LOW"", ""LOW"", ""HIGH""], ""touch_count"": 8, ""upper_price"": 1807.79, ""zone_type"": ""SUPPORT"", ""zone_width"": 6.2000000000000455, ""zone_width_ratio"": 0.003434486817733333}, ""touch_count"": 14, ""upper_boundary"": 1817.0, ""width"": 15.410000000000082, ""width_ratio"": 0.008517129600203439}","{""low_strength"": false, ""range_trend_conflict"": false, ""structure"": ""SIDEWAYS_STRUCTURE""}","{""summary"": ""no unresolved directional MTF conflict detected""}","{""adx"": null, ""bearish_votes"": 0, ""bullish_votes"": 0, ""direction"": ""NEUTRAL"", ""reason"": """", ""strength"": ""UNAVAILABLE""}","{""nearest_resistance"": null, ""nearest_support"": null, ""observable"": false}",,False,False,False,"[""RESEARCH_CAUSAL_CONFIRMATION_RULE"", ""RESEARCH_INDICATOR_CAUSAL_LINK"", ""RESEARCH_MTF_CONTEXT_FIELDS"", ""RESEARCH_RANGE_TREND_RESOLUTION"", ""RESEARCH_ZONE_PROXIMITY_FIELDS""]"
btcusdt_15m_mixed_002,BTCUSDT,2025-04-07T23:45:00+00:00,15m,reports/engine_trend/hypothesis_replay/json/btcusdt_15m_mixed_002.json,UNKNOWN,UNKNOWN,,"{""CANCELLED"": 0, ""CONFIRMED"": 0, ""CONFLICTED"": 0, ""INVALIDATED"": 0, ""PENDING"": 0}",True,True,"[""LOCAL_RANGE_UNCONFIRMED"", ""NO_ACTION"", ""NO_CAUSAL_HYPOTHESIS"", ""WAIT_FOR_CONFIRMATION""]","[""NO_CONFIRMED_CAUSAL_HYPOTHESIS"", ""LOCAL_RANGE_UNCONFIRMED"", ""PRICE_CONTEXT_NOT_OBSERVABLE"", ""ZONE_PROXIMITY_NOT_OBSERVABLE"", ""INDICATOR_CONTEXT_NOT_OBSERVABLE"", ""MTF_CONTEXT_NOT_OBSERVABLE"", ""SETUP_BLOCKED_BY_NO_ACTION"", ""WAITING_FOR_CONFIRMATION""]","[""HYPOTHESIS"", ""NOT_OBSERVABLE"", ""NO_ACTION"", ""RANGE_TREND""]","[""breakout"", ""hypotheses"", ""range"", ""zones""]","[""indicator_pressure"", ""multi_timeframe"", ""price_context"", ""zone_proximity""]",NOT_OBSERVABLE_SEPARATE_FROM_FALSE,"{""boundary_alternation_count"": 5, ""duration_candles"": 81, ""first_touch_index"": 3, ""formed_at_index"": 83, ""inside_close_ratio"": 0.5679012345679012, ""is_detected"": false, ""lower_boundary"": 77299.99, ""midline"": 78332.725, ""resistance_zone"": {""current_zone_type"": ""RESISTANCE"", ""first_touch_index"": 5, ""formed_at_index"": 83, ""is_significant_single_extreme"": false, ""last_touch_index"": 83, ""lower_price"": 79081.34, ""mid_price"": 79230.43800000001, ""original_zone_type"": ""RESISTANCE"", ""positional_zone_type"": ""RESISTANCE"", ""role_changed_at_index"": null, ""source_indexes"": [5, 7, 62, 73, 83], ""source_point_types"": [""HIGH"", ""HIGH"", ""HIGH"", ""HIGH"", ""HIGH""], ""touch_count"": 5, ""upper_price"": 79365.46, ""zone_type"": ""RESISTANCE"", ""zone_width"": 284.1200000000099, ""zone_width_ratio"": 0.0035859955740748252}, ""support_zone"": {""current_zone_type"": ""SUPPORT"", ""first_touch_index"": 3, ""formed_at_index"": 67, ""is_significant_single_extreme"": false, ""last_touch_index"": 67, ""lower_price"": 77299.99, ""mid_price"": 77517.06, ""original_zone_type"": ""SUPPORT"", ""positional_zone_type"": ""SUPPORT"", ""role_changed_at_index"": null, ""source_indexes"": [3, 21, 24, 41, 50, 61, 65, 67], ""source_point_types"": [""LOW"", ""HIGH"", ""HIGH"", ""HIGH"", ""HIGH"", ""LOW"", ""LOW"", ""LOW""], ""touch_count"": 8, ""upper_price"": 77666.0, ""zone_type"": ""SUPPORT"", ""zone_width"": 366.00999999999476, ""zone_width_ratio"": 0.004721670300705351}, ""touch_count"": 13, ""upper_boundary"": 79365.46, ""width"": 2065.470000000001, ""width_ratio"": 0.02636790689970253}","{""low_strength"": false, ""range_trend_conflict"": false, ""structure"": ""SIDEWAYS_STRUCTURE""}","{""summary"": ""no unresolved directional MTF conflict detected""}","{""adx"": null, ""bearish_votes"": 0, ""bullish_votes"": 0, ""direction"": ""NEUTRAL"", ""reason"": """", ""strength"": ""UNAVAILABLE""}","{""nearest_resistance"": null, ""nearest_support"": null, ""observable"": false}",,False,False,False,"[""RESEARCH_CAUSAL_CONFIRMATION_RULE"", ""RESEARCH_INDICATOR_CAUSAL_LINK"", ""RESEARCH_MTF_CONTEXT_FIELDS"", ""RESEARCH_RANGE_TREND_RESOLUTION"", ""RESEARCH_ZONE_PROXIMITY_FIELDS""]"
ethusdt_15m_high_volatility_chop_001,ETHUSDT,2025-04-07T23:45:00+00:00,15m,reports/engine_trend/hypothesis_replay/json/ethusdt_15m_high_volatility_chop_001.json,UNKNOWN,UNKNOWN,,"{""CANCELLED"": 0, ""CONFIRMED"": 0, ""CONFLICTED"": 0, ""INVALIDATED"": 0, ""PENDING"": 0}",True,True,"[""LOCAL_RANGE_UNCONFIRMED"", ""NO_ACTION"", ""NO_CAUSAL_HYPOTHESIS"", ""WAIT_FOR_CONFIRMATION""]","[""NO_CONFIRMED_CAUSAL_HYPOTHESIS"", ""LOCAL_RANGE_UNCONFIRMED"", ""PRICE_CONTEXT_NOT_OBSERVABLE"", ""ZONE_PROXIMITY_NOT_OBSERVABLE"", ""INDICATOR_CONTEXT_NOT_OBSERVABLE"", ""MTF_CONTEXT_NOT_OBSERVABLE"", ""SETUP_BLOCKED_BY_NO_ACTION"", ""WAITING_FOR_CONFIRMATION""]","[""HYPOTHESIS"", ""NOT_OBSERVABLE"", ""NO_ACTION"", ""RANGE_TREND""]","[""breakout"", ""hypotheses"", ""range"", ""zones""]","[""indicator_pressure"", ""multi_timeframe"", ""price_context"", ""zone_proximity""]",NOT_OBSERVABLE_SEPARATE_FROM_FALSE,"{""boundary_alternation_count"": 4, ""duration_candles"": 84, ""first_touch_index"": 3, ""formed_at_index"": 86, ""inside_close_ratio"": 0.30952380952380953, ""is_detected"": false, ""lower_boundary"": 1533.32, ""midline"": 1545.465, ""resistance_zone"": {""current_zone_type"": ""RESISTANCE"", ""first_touch_index"": 3, ""formed_at_index"": 86, ""is_significant_single_extreme"": false, ""last_touch_index"": 86, ""lower_price"": 1552.67, ""mid_price"": 1554.54, ""original_zone_type"": ""RESISTANCE"", ""positional_zone_type"": ""RESISTANCE"", ""role_changed_at_index"": null, ""source_indexes"": [3, 24, 66, 86], ""source_point_types"": [""LOW"", ""HIGH"", ""HIGH"", ""LOW""], ""touch_count"": 4, ""upper_price"": 1557.61, ""zone_type"": ""RESISTANCE"", ""zone_width"": 4.939999999999827, ""zone_width_ratio"": 0.003177788927914256}, ""support_zone"": {""current_zone_type"": ""SUPPORT"", ""first_touch_index"": 23, ""formed_at_index"": 65, ""is_significant_single_extreme"": false, ""last_touch_index"": 65, ""lower_price"": 1533.32, ""mid_price"": 1534.6266666666668, ""original_zone_type"": ""SUPPORT"", ""positional_zone_type"": ""SUPPORT"", ""role_changed_at_index"": null, ""source_indexes"": [23, 61, 65], ""source_point_types"": [""LOW"", ""LOW"", ""LOW""], ""touch_count"": 3, ""upper_price"": 1536.62, ""zone_type"": ""SUPPORT"", ""zone_width"": 3.2999999999999545, ""zone_width_ratio"": 0.0021503601310198924}, ""touch_count"": 7, ""upper_boundary"": 1557.61, ""width"": 24.289999999999964, ""width_ratio"": 0.01571695250296834}","{""low_strength"": false, ""range_trend_conflict"": false, ""structure"": ""SIDEWAYS_STRUCTURE""}","{""summary"": ""no unresolved directional MTF conflict detected""}","{""adx"": null, ""bearish_votes"": 0, ""bullish_votes"": 0, ""direction"": ""NEUTRAL"", ""reason"": """", ""strength"": ""UNAVAILABLE""}","{""nearest_resistance"": null, ""nearest_support"": null, ""observable"": false}",,False,False,False,"[""RESEARCH_CAUSAL_CONFIRMATION_RULE"", ""RESEARCH_INDICATOR_CAUSAL_LINK"", ""RESEARCH_MTF_CONTEXT_FIELDS"", ""RESEARCH_RANGE_TREND_RESOLUTION"", ""RESEARCH_ZONE_PROXIMITY_FIELDS""]"
btcusdt_15m_up_003,BTCUSDT,2025-04-09T23:45:00+00:00,15m,reports/engine_trend/hypothesis_replay/json/btcusdt_15m_up_003.json,UNKNOWN,UNKNOWN,,"{""CANCELLED"": 0, ""CONFIRMED"": 0, ""CONFLICTED"": 1, ""INVALIDATED"": 0, ""PENDING"": 1}",True,True,"[""CONFIRMED_RANGE_CONTEXT"", ""NO_ACTION"", ""NO_CAUSAL_HYPOTHESIS"", ""WAIT_FOR_CONFIRMATION""]","[""NO_CONFIRMED_CAUSAL_HYPOTHESIS"", ""PENDING_AND_CONFLICTED_ONLY"", ""CONFIRMED_RANGE_CONTEXT"", ""PRICE_CONTEXT_NOT_OBSERVABLE"", ""ZONE_PROXIMITY_NOT_OBSERVABLE"", ""INDICATOR_CONTEXT_NOT_OBSERVABLE"", ""MTF_CONTEXT_NOT_OBSERVABLE"", ""SETUP_BLOCKED_BY_NO_ACTION"", ""WAITING_FOR_CONFIRMATION""]","[""HYPOTHESIS"", ""NOT_OBSERVABLE"", ""NO_ACTION"", ""RANGE_TREND""]","[""breakout"", ""hypotheses"", ""range"", ""zones""]","[""indicator_pressure"", ""multi_timeframe"", ""price_context"", ""zone_proximity""]",NOT_OBSERVABLE_SEPARATE_FROM_FALSE,"{""boundary_alternation_count"": 5, ""duration_candles"": 65, ""first_touch_index"": 2, ""formed_at_index"": 66, ""inside_close_ratio"": 0.6307692307692307, ""is_detected"": true, ""lower_boundary"": 76419.9, ""midline"": 77035.42499999999, ""resistance_zone"": {""current_zone_type"": ""RESISTANCE"", ""first_touch_index"": 24, ""formed_at_index"": 66, ""is_significant_single_extreme"": false, ""last_touch_index"": 66, ""lower_price"": 77317.89, ""mid_price"": 77512.53666666667, ""original_zone_type"": ""RESISTANCE"", ""positional_zone_type"": ""SUPPORT"", ""role_changed_at_index"": null, ""source_indexes"": [24, 36, 41, 43, 61, 66], ""source_point_types"": [""HIGH"", ""HIGH"", ""HIGH"", ""HIGH"", ""HIGH"", ""LOW""], ""touch_count"": 6, ""upper_price"": 77650.95, ""zone_type"": ""RESISTANCE"", ""zone_width"": 333.0599999999977, ""zone_width_ratio"": 0.00429685331331991}, ""support_zone"": {""current_zone_type"": ""SUPPORT"", ""first_touch_index"": 2, ""formed_at_index"": 59, ""is_significant_single_extreme"": false, ""last_touch_index"": 59, ""lower_price"": 76419.9, ""mid_price"": 76680.98125, ""original_zone_type"": ""SUPPORT"", ""positional_zone_type"": ""SUPPORT"", ""role_changed_at_index"": null, ""source_indexes"": [2, 8, 21, 23, 27, 49, 53, 59], ""source_point_types"": [""HIGH"", ""HIGH"", ""HIGH"", ""LOW"", ""LOW"", ""HIGH"", ""LOW"", ""LOW""], ""touch_count"": 8, ""upper_price"": 76868.28, ""zone_type"": ""SUPPORT"", ""zone_width"": 448.38000000000466, ""zone_width_ratio"": 0.005847343013754205}, ""touch_count"": 14, ""upper_boundary"": 77650.95, ""width"": 1231.050000000003, ""width_ratio"": 0.015980310357215567}","{""low_strength"": false, ""range_trend_conflict"": false, ""structure"": ""SIDEWAYS_STRUCTURE""}","{""summary"": ""no unresolved directional MTF conflict detected""}","{""adx"": null, ""bearish_votes"": 0, ""bullish_votes"": 0, ""direction"": ""NEUTRAL"", ""reason"": """", ""strength"": ""UNAVAILABLE""}","{""nearest_resistance"": null, ""nearest_support"": null, ""observable"": false}",,False,False,False,"[""RESEARCH_CAUSAL_CONFIRMATION_RULE"", ""RESEARCH_INDICATOR_CAUSAL_LINK"", ""RESEARCH_MTF_CONTEXT_FIELDS"", ""RESEARCH_RANGE_TREND_RESOLUTION"", ""RESEARCH_ZONE_PROXIMITY_FIELDS""]"
ethusdt_15m_up_004,ETHUSDT,2025-04-09T23:45:00+00:00,15m,reports/engine_trend/hypothesis_replay/json/ethusdt_15m_up_004.json,UNKNOWN,UNKNOWN,,"{""CANCELLED"": 0, ""CONFIRMED"": 0, ""CONFLICTED"": 0, ""INVALIDATED"": 0, ""PENDING"": 0}",True,True,"[""LOCAL_RANGE_UNCONFIRMED"", ""NO_ACTION"", ""NO_CAUSAL_HYPOTHESIS"", ""WAIT_FOR_CONFIRMATION""]","[""NO_CONFIRMED_CAUSAL_HYPOTHESIS"", ""LOCAL_RANGE_UNCONFIRMED"", ""PRICE_CONTEXT_NOT_OBSERVABLE"", ""ZONE_PROXIMITY_NOT_OBSERVABLE"", ""INDICATOR_CONTEXT_NOT_OBSERVABLE"", ""MTF_CONTEXT_NOT_OBSERVABLE"", ""SETUP_BLOCKED_BY_NO_ACTION"", ""WAITING_FOR_CONFIRMATION""]","[""HYPOTHESIS"", ""NOT_OBSERVABLE"", ""NO_ACTION"", ""RANGE_TREND""]","[""breakout"", ""hypotheses"", ""range"", ""zones""]","[""indicator_pressure"", ""multi_timeframe"", ""price_context"", ""zone_proximity""]",NOT_OBSERVABLE_SEPARATE_FROM_FALSE,"{""boundary_alternation_count"": 7, ""duration_candles"": 38, ""first_touch_index"": 32, ""formed_at_index"": 69, ""inside_close_ratio"": 0.5526315789473685, ""is_detected"": false, ""lower_boundary"": 1465.65, ""midline"": 1477.065, ""resistance_zone"": {""current_zone_type"": ""RESISTANCE"", ""first_touch_index"": 33, ""formed_at_index"": 69, ""is_significant_single_extreme"": false, ""last_touch_index"": 69, ""lower_price"": 1485.74, ""mid_price"": 1487.02, ""original_zone_type"": ""RESISTANCE"", ""positional_zone_type"": ""SUPPORT"", ""role_changed_at_index"": null, ""source_indexes"": [33, 36, 41, 69], ""source_point_types"": [""HIGH"", ""HIGH"", ""HIGH"", ""LOW""], ""touch_count"": 4, ""upper_price"": 1488.48, ""zone_type"": ""RESISTANCE"", ""zone_width"": 2.740000000000009, ""zone_width_ratio"": 0.001842611397291233}, ""support_zone"": {""current_zone_type"": ""SUPPORT"", ""first_touch_index"": 32, ""formed_at_index"": 60, ""is_significant_single_extreme"": false, ""last_touch_index"": 60, ""lower_price"": 1465.65, ""mid_price"": 1470.3228571428572, ""original_zone_type"": ""SUPPORT"", ""positional_zone_type"": ""SUPPORT"", ""role_changed_at_index"": null, ""source_indexes"": [32, 34, 38, 42, 47, 52, 60], ""source_point_types"": [""LOW"", ""LOW"", ""LOW"", ""LOW"", ""HIGH"", ""HIGH"", ""LOW""], ""touch_count"": 7, ""upper_price"": 1472.9, ""zone_type"": ""SUPPORT"", ""zone_width"": 7.25, ""zone_width_ratio"": 0.0049308898142876294}, ""touch_count"": 11, ""upper_boundary"": 1488.48, ""width"": 22.829999999999927, ""width_ratio"": 0.01545632724355389}","{""low_strength"": false, ""range_trend_conflict"": false, ""structure"": ""SIDEWAYS_STRUCTURE""}","{""summary"": ""no unresolved directional MTF conflict detected""}","{""adx"": null, ""bearish_votes"": 0, ""bullish_votes"": 0, ""direction"": ""NEUTRAL"", ""reason"": """", ""strength"": ""UNAVAILABLE""}","{""nearest_resistance"": null, ""nearest_support"": null, ""observable"": false}",,False,False,False,"[""RESEARCH_CAUSAL_CONFIRMATION_RULE"", ""RESEARCH_INDICATOR_CAUSAL_LINK"", ""RESEARCH_MTF_CONTEXT_FIELDS"", ""RESEARCH_RANGE_TREND_RESOLUTION"", ""RESEARCH_ZONE_PROXIMITY_FIELDS""]"
btcusdt_15m_up_004,BTCUSDT,2025-04-22T23:45:00+00:00,15m,reports/engine_trend/hypothesis_replay/json/btcusdt_15m_up_004.json,UNKNOWN,UNKNOWN,,"{""CANCELLED"": 0, ""CONFIRMED"": 0, ""CONFLICTED"": 1, ""INVALIDATED"": 0, ""PENDING"": 1}",True,True,"[""CONFIRMED_RANGE_CONTEXT"", ""NO_ACTION"", ""NO_CAUSAL_HYPOTHESIS"", ""WAIT_FOR_CONFIRMATION""]","[""NO_CONFIRMED_CAUSAL_HYPOTHESIS"", ""PENDING_AND_CONFLICTED_ONLY"", ""CONFIRMED_RANGE_CONTEXT"", ""PRICE_CONTEXT_NOT_OBSERVABLE"", ""ZONE_PROXIMITY_NOT_OBSERVABLE"", ""INDICATOR_CONTEXT_NOT_OBSERVABLE"", ""MTF_CONTEXT_NOT_OBSERVABLE"", ""SETUP_BLOCKED_BY_NO_ACTION"", ""WAITING_FOR_CONFIRMATION""]","[""HYPOTHESIS"", ""NOT_OBSERVABLE"", ""NO_ACTION"", ""RANGE_TREND""]","[""breakout"", ""hypotheses"", ""range"", ""zones""]","[""indicator_pressure"", ""multi_timeframe"", ""price_context"", ""zone_proximity""]",NOT_OBSERVABLE_SEPARATE_FROM_FALSE,"{""boundary_alternation_count"": 7, ""duration_candles"": 26, ""first_touch_index"": 61, ""formed_at_index"": 86, ""inside_close_ratio"": 0.7692307692307693, ""is_detected"": true, ""lower_boundary"": 90905.0, ""midline"": 91300.0, ""resistance_zone"": {""current_zone_type"": ""RESISTANCE"", ""first_touch_index"": 61, ""formed_at_index"": 80, ""is_significant_single_extreme"": false, ""last_touch_index"": 80, ""lower_price"": 91439.46, ""mid_price"": 91577.5525, ""original_zone_type"": ""RESISTANCE"", ""positional_zone_type"": ""SUPPORT"", ""role_changed_at_index"": null, ""source_indexes"": [61, 72, 76, 80], ""source_point_types"": [""HIGH"", ""HIGH"", ""HIGH"", ""HIGH""], ""touch_count"": 4, ""upper_price"": 91695.0, ""zone_type"": ""RESISTANCE"", ""zone_width"": 255.5399999999936, ""zone_width_ratio"": 0.0027904218121574454}, ""support_zone"": {""current_zone_type"": ""SUPPORT"", ""first_touch_index"": 64, ""formed_at_index"": 86, ""is_significant_single_extreme"": false, ""last_touch_index"": 86, ""lower_price"": 90905.0, ""mid_price"": 91050.92833333334, ""original_zone_type"": ""SUPPORT"", ""positional_zone_type"": ""SUPPORT"", ""role_changed_at_index"": null, ""source_indexes"": [64, 68, 73, 78, 84, 86], ""source_point_types"": [""HIGH"", ""HIGH"", ""LOW"", ""LOW"", ""LOW"", ""LOW""], ""touch_count"": 6, ""upper_price"": 91140.15, ""zone_type"": ""SUPPORT"", ""zone_width"": 235.14999999999418, ""zone_width_ratio"": 0.0025826205652634384}, ""touch_count"": 10, ""upper_boundary"": 91695.0, ""width"": 790.0, ""width_ratio"": 0.008652792990142388}","{""low_strength"": false, ""range_trend_conflict"": false, ""structure"": ""SIDEWAYS_STRUCTURE""}","{""summary"": ""no unresolved directional MTF conflict detected""}","{""adx"": null, ""bearish_votes"": 0, ""bullish_votes"": 0, ""direction"": ""NEUTRAL"", ""reason"": """", ""strength"": ""UNAVAILABLE""}","{""nearest_resistance"": null, ""nearest_support"": null, ""observable"": false}",,False,False,False,"[""RESEARCH_CAUSAL_CONFIRMATION_RULE"", ""RESEARCH_INDICATOR_CAUSAL_LINK"", ""RESEARCH_MTF_CONTEXT_FIELDS"", ""RESEARCH_RANGE_TREND_RESOLUTION"", ""RESEARCH_ZONE_PROXIMITY_FIELDS""]"
btcusdt_15m_flat_003,BTCUSDT,2025-04-26T23:45:00+00:00,15m,reports/engine_trend/hypothesis_replay/json/btcusdt_15m_flat_003.json,FLAT,FLAT,"{""confirmation_index"": null, ""direction"": ""FLAT"", ""hypothesis_id"": ""hypothesis:confirmed_range"", ""hypothesis_type"": ""CONFIRMED_RANGE"", ""reason_codes"": [""HYPOTHESIS_RANGE_STRUCTURE_CONFIRMED"", ""HYPOTHESIS_SECONDARY_FLAT_CONTEXT_CONFIRMED"", ""HYPOTHESIS_RANGE_BOUNDARIES_HELD""], ""score"": 0.6340425531914894, ""status"": ""CONFIRMED"", ""supporting_event_ids"": [], ""trigger_index"": 94}","{""CANCELLED"": 0, ""CONFIRMED"": 1, ""CONFLICTED"": 0, ""INVALIDATED"": 0, ""PENDING"": 0}",True,False,"[""CONFIRMED_RANGE_CONTEXT""]","[""CONFIRMED_RANGE_CONTEXT"", ""PRICE_CONTEXT_NOT_OBSERVABLE"", ""ZONE_PROXIMITY_NOT_OBSERVABLE"", ""INDICATOR_CONTEXT_NOT_OBSERVABLE"", ""MTF_CONTEXT_NOT_OBSERVABLE"", ""SETUP_BLOCKED_BY_NO_ACTION""]","[""NOT_OBSERVABLE"", ""NO_ACTION"", ""RANGE_TREND""]","[""breakout"", ""hypotheses"", ""range"", ""zones""]","[""indicator_pressure"", ""multi_timeframe"", ""price_context"", ""zone_proximity""]",NOT_OBSERVABLE_SEPARATE_FROM_FALSE,"{""boundary_alternation_count"": 6, ""duration_candles"": 94, ""first_touch_index"": 1, ""formed_at_index"": 94, ""inside_close_ratio"": 0.9361702127659575, ""is_detected"": true, ""lower_boundary"": 93870.69, ""midline"": 94379.345, ""resistance_zone"": {""current_zone_type"": ""RESISTANCE"", ""first_touch_index"": 1, ""formed_at_index"": 94, ""is_significant_single_extreme"": false, ""last_touch_index"": 94, ""lower_price"": 94527.84, ""mid_price"": 94699.79666666668, ""original_zone_type"": ""RESISTANCE"", ""positional_zone_type"": ""RESISTANCE"", ""role_changed_at_index"": null, ""source_indexes"": [1, 3, 9, 23, 24, 30, 33, 92, 94], ""source_point_types"": [""HIGH"", ""LOW"", ""LOW"", ""HIGH"", ""LOW"", ""HIGH"", ""HIGH"", ""HIGH"", ""LOW""], ""touch_count"": 9, ""upper_price"": 94888.0, ""zone_type"": ""RESISTANCE"", ""zone_width"": 360.1600000000035, ""zone_width_ratio"": 0.003803176064545617}, ""support_zone"": {""current_zone_type"": ""SUPPORT"", ""first_touch_index"": 21, ""formed_at_index"": 76, ""is_significant_single_extreme"": false, ""last_touch_index"": 76, ""lower_price"": 93870.69, ""mid_price"": 94233.20105263156, ""original_zone_type"": ""SUPPORT"", ""positional_zone_type"": ""SUPPORT"", ""role_changed_at_index"": null, ""source_indexes"": [21, 32, 36, 37, 38, 43, 47, 49, 51, 52, 55, 56, 61, 63, 66, 67, 69, 72, 76], ""source_point_types"": [""LOW"", ""LOW"", ""LOW"", ""HIGH"", ""LOW"", ""HIGH"", ""LOW"", ""HIGH"", ""LOW"", ""HIGH"", ""LOW"", ""HIGH"", ""LOW"", ""HIGH"", ""LOW"", ""HIGH"", ""LOW"", ""HIGH"", ""LOW""], ""touch_count"": 19, ""upper_price"": 94423.77, ""zone_type"": ""SUPPORT"", ""zone_width"": 553.0800000000017, ""zone_width_ratio"": 0.005869268939416512}, ""touch_count"": 28, ""upper_boundary"": 94888.0, ""width"": 1017.3099999999977, ""width_ratio"": 0.010778947448724058}","{""low_strength"": false, ""range_trend_conflict"": false, ""structure"": ""SIDEWAYS_STRUCTURE""}","{""summary"": ""no unresolved directional MTF conflict detected""}","{""adx"": null, ""bearish_votes"": 0, ""bullish_votes"": 0, ""direction"": ""NEUTRAL"", ""reason"": """", ""strength"": ""UNAVAILABLE""}","{""nearest_resistance"": null, ""nearest_support"": null, ""observable"": false}",,False,False,False,"[""RESEARCH_INDICATOR_CAUSAL_LINK"", ""RESEARCH_MTF_CONTEXT_FIELDS"", ""RESEARCH_RANGE_TREND_RESOLUTION"", ""RESEARCH_ZONE_PROXIMITY_FIELDS""]"
eth_15m_expected_up_001,ETHUSDT,2025-05-08T23:45:00+00:00,15m,reports/engine_trend/hypothesis_replay/json/eth_15m_expected_up_001.json,UNKNOWN,UNKNOWN,,"{""CANCELLED"": 0, ""CONFIRMED"": 0, ""CONFLICTED"": 0, ""INVALIDATED"": 0, ""PENDING"": 0}",True,True,"[""LOCAL_RANGE_UNCONFIRMED"", ""NO_ACTION"", ""NO_CAUSAL_HYPOTHESIS"", ""WAIT_FOR_CONFIRMATION""]","[""NO_CONFIRMED_CAUSAL_HYPOTHESIS"", ""LOCAL_RANGE_UNCONFIRMED"", ""PRICE_CONTEXT_NOT_OBSERVABLE"", ""ZONE_PROXIMITY_NOT_OBSERVABLE"", ""INDICATOR_CONTEXT_NOT_OBSERVABLE"", ""MTF_CONTEXT_NOT_OBSERVABLE"", ""SETUP_BLOCKED_BY_NO_ACTION"", ""WAITING_FOR_CONFIRMATION""]","[""HYPOTHESIS"", ""NOT_OBSERVABLE"", ""NO_ACTION"", ""RANGE_TREND""]","[""breakout"", ""hypotheses"", ""range"", ""zones""]","[""indicator_pressure"", ""multi_timeframe"", ""price_context"", ""zone_proximity""]",NOT_OBSERVABLE_SEPARATE_FROM_FALSE,"{""boundary_alternation_count"": 1, ""duration_candles"": 58, ""first_touch_index"": 19, ""formed_at_index"": 76, ""inside_close_ratio"": 0.9482758620689655, ""is_detected"": false, ""lower_boundary"": 1892.2, ""midline"": 1976.7400000000002, ""resistance_zone"": {""current_zone_type"": ""RESISTANCE"", ""first_touch_index"": 67, ""formed_at_index"": 76, ""is_significant_single_extreme"": false, ""last_touch_index"": 76, ""lower_price"": 2054.87, ""mid_price"": 2057.846666666667, ""original_zone_type"": ""RESISTANCE"", ""positional_zone_type"": ""SUPPORT"", ""role_changed_at_index"": null, ""source_indexes"": [67, 69, 76], ""source_point_types"": [""HIGH"", ""HIGH"", ""LOW""], ""touch_count"": 3, ""upper_price"": 2061.28, ""zone_type"": ""RESISTANCE"", ""zone_width"": 6.410000000000309, ""zone_width_ratio"": 0.003114906520408214}, ""support_zone"": {""current_zone_type"": ""SUPPORT"", ""first_touch_index"": 19, ""formed_at_index"": 24, ""is_significant_single_extreme"": false, ""last_touch_index"": 24, ""lower_price"": 1892.2, ""mid_price"": 1893.7033333333336, ""original_zone_type"": ""SUPPORT"", ""positional_zone_type"": ""SUPPORT"", ""role_changed_at_index"": null, ""source_indexes"": [19, 21, 24], ""source_point_types"": [""LOW"", ""LOW"", ""LOW""], ""touch_count"": 3, ""upper_price"": 1896.0, ""zone_type"": ""SUPPORT"", ""zone_width"": 3.7999999999999545, ""zone_width_ratio"": 0.0020066501088695453}, ""touch_count"": 6, ""upper_boundary"": 2061.28, ""width"": 169.08000000000015, ""width_ratio"": 0.08553476936774697}","{""low_strength"": false, ""range_trend_conflict"": false, ""structure"": ""SIDEWAYS_STRUCTURE""}","{""summary"": ""no unresolved directional MTF conflict detected""}","{""adx"": null, ""bearish_votes"": 0, ""bullish_votes"": 0, ""direction"": ""NEUTRAL"", ""reason"": """", ""strength"": ""UNAVAILABLE""}","{""nearest_resistance"": null, ""nearest_support"": null, ""observable"": false}",,False,False,False,"[""RESEARCH_CAUSAL_CONFIRMATION_RULE"", ""RESEARCH_INDICATOR_CAUSAL_LINK"", ""RESEARCH_MTF_CONTEXT_FIELDS"", ""RESEARCH_RANGE_TREND_RESOLUTION"", ""RESEARCH_ZONE_PROXIMITY_FIELDS""]"
ethusdt_15m_up_001,ETHUSDT,2025-05-08T23:45:00+00:00,15m,reports/engine_trend/hypothesis_replay/json/ethusdt_15m_up_001.json,UNKNOWN,UNKNOWN,,"{""CANCELLED"": 0, ""CONFIRMED"": 0, ""CONFLICTED"": 0, ""INVALIDATED"": 0, ""PENDING"": 0}",True,True,"[""LOCAL_RANGE_UNCONFIRMED"", ""NO_ACTION"", ""NO_CAUSAL_HYPOTHESIS"", ""WAIT_FOR_CONFIRMATION""]","[""NO_CONFIRMED_CAUSAL_HYPOTHESIS"", ""LOCAL_RANGE_UNCONFIRMED"", ""PRICE_CONTEXT_NOT_OBSERVABLE"", ""ZONE_PROXIMITY_NOT_OBSERVABLE"", ""INDICATOR_CONTEXT_NOT_OBSERVABLE"", ""MTF_CONTEXT_NOT_OBSERVABLE"", ""SETUP_BLOCKED_BY_NO_ACTION"", ""WAITING_FOR_CONFIRMATION""]","[""HYPOTHESIS"", ""NOT_OBSERVABLE"", ""NO_ACTION"", ""RANGE_TREND""]","[""breakout"", ""hypotheses"", ""range"", ""zones""]","[""indicator_pressure"", ""multi_timeframe"", ""price_context"", ""zone_proximity""]",NOT_OBSERVABLE_SEPARATE_FROM_FALSE,"{""boundary_alternation_count"": 1, ""duration_candles"": 58, ""first_touch_index"": 19, ""formed_at_index"": 76, ""inside_close_ratio"": 0.9482758620689655, ""is_detected"": false, ""lower_boundary"": 1892.2, ""midline"": 1976.7400000000002, ""resistance_zone"": {""current_zone_type"": ""RESISTANCE"", ""first_touch_index"": 67, ""formed_at_index"": 76, ""is_significant_single_extreme"": false, ""last_touch_index"": 76, ""lower_price"": 2054.87, ""mid_price"": 2057.846666666667, ""original_zone_type"": ""RESISTANCE"", ""positional_zone_type"": ""SUPPORT"", ""role_changed_at_index"": null, ""source_indexes"": [67, 69, 76], ""source_point_types"": [""HIGH"", ""HIGH"", ""LOW""], ""touch_count"": 3, ""upper_price"": 2061.28, ""zone_type"": ""RESISTANCE"", ""zone_width"": 6.410000000000309, ""zone_width_ratio"": 0.003114906520408214}, ""support_zone"": {""current_zone_type"": ""SUPPORT"", ""first_touch_index"": 19, ""formed_at_index"": 24, ""is_significant_single_extreme"": false, ""last_touch_index"": 24, ""lower_price"": 1892.2, ""mid_price"": 1893.7033333333336, ""original_zone_type"": ""SUPPORT"", ""positional_zone_type"": ""SUPPORT"", ""role_changed_at_index"": null, ""source_indexes"": [19, 21, 24], ""source_point_types"": [""LOW"", ""LOW"", ""LOW""], ""touch_count"": 3, ""upper_price"": 1896.0, ""zone_type"": ""SUPPORT"", ""zone_width"": 3.7999999999999545, ""zone_width_ratio"": 0.0020066501088695453}, ""touch_count"": 6, ""upper_boundary"": 2061.28, ""width"": 169.08000000000015, ""width_ratio"": 0.08553476936774697}","{""low_strength"": false, ""range_trend_conflict"": false, ""structure"": ""SIDEWAYS_STRUCTURE""}","{""summary"": ""no unresolved directional MTF conflict detected""}","{""adx"": null, ""bearish_votes"": 0, ""bullish_votes"": 0, ""direction"": ""NEUTRAL"", ""reason"": """", ""strength"": ""UNAVAILABLE""}","{""nearest_resistance"": null, ""nearest_support"": null, ""observable"": false}",,False,False,False,"[""RESEARCH_CAUSAL_CONFIRMATION_RULE"", ""RESEARCH_INDICATOR_CAUSAL_LINK"", ""RESEARCH_MTF_CONTEXT_FIELDS"", ""RESEARCH_RANGE_TREND_RESOLUTION"", ""RESEARCH_ZONE_PROXIMITY_FIELDS""]"
solusdt_15m_up_004,SOLUSDT,2025-05-08T23:45:00+00:00,15m,reports/engine_trend/hypothesis_replay/json/solusdt_15m_up_004.json,UNKNOWN,UNKNOWN,,"{""CANCELLED"": 0, ""CONFIRMED"": 0, ""CONFLICTED"": 1, ""INVALIDATED"": 0, ""PENDING"": 1}",True,True,"[""CONFIRMED_RANGE_CONTEXT"", ""NO_ACTION"", ""NO_CAUSAL_HYPOTHESIS"", ""WAIT_FOR_CONFIRMATION""]","[""NO_CONFIRMED_CAUSAL_HYPOTHESIS"", ""PENDING_AND_CONFLICTED_ONLY"", ""CONFIRMED_RANGE_CONTEXT"", ""PRICE_CONTEXT_NOT_OBSERVABLE"", ""ZONE_PROXIMITY_NOT_OBSERVABLE"", ""INDICATOR_CONTEXT_NOT_OBSERVABLE"", ""MTF_CONTEXT_NOT_OBSERVABLE"", ""SETUP_BLOCKED_BY_NO_ACTION"", ""WAITING_FOR_CONFIRMATION""]","[""HYPOTHESIS"", ""NOT_OBSERVABLE"", ""NO_ACTION"", ""RANGE_TREND""]","[""breakout"", ""hypotheses"", ""range"", ""zones""]","[""indicator_pressure"", ""multi_timeframe"", ""price_context"", ""zone_proximity""]",NOT_OBSERVABLE_SEPARATE_FROM_FALSE,"{""boundary_alternation_count"": 5, ""duration_candles"": 24, ""first_touch_index"": 64, ""formed_at_index"": 87, ""inside_close_ratio"": 0.625, ""is_detected"": true, ""lower_boundary"": 159.33, ""midline"": 160.04000000000002, ""resistance_zone"": {""current_zone_type"": ""RESISTANCE"", ""first_touch_index"": 69, ""formed_at_index"": 87, ""is_significant_single_extreme"": false, ""last_touch_index"": 87, ""lower_price"": 160.18, ""mid_price"": 160.39249999999998, ""original_zone_type"": ""RESISTANCE"", ""positional_zone_type"": ""SUPPORT"", ""role_changed_at_index"": null, ""source_indexes"": [69, 74, 77, 87], ""source_point_types"": [""HIGH"", ""HIGH"", ""HIGH"", ""LOW""], ""touch_count"": 4, ""upper_price"": 160.75, ""zone_type"": ""RESISTANCE"", ""zone_width"": 0.5699999999999932, ""zone_width_ratio"": 0.003553782128216676}, ""support_zone"": {""current_zone_type"": ""SUPPORT"", ""first_touch_index"": 64, ""formed_at_index"": 81, ""is_significant_single_extreme"": false, ""last_touch_index"": 81, ""lower_price"": 159.33, ""mid_price"": 159.596, ""original_zone_type"": ""SUPPORT"", ""positional_zone_type"": ""SUPPORT"", ""role_changed_at_index"": null, ""source_indexes"": [64, 68, 75, 78, 81], ""source_point_types"": [""LOW"", ""LOW"", ""LOW"", ""LOW"", ""LOW""], ""touch_count"": 5, ""upper_price"": 159.76, ""zone_type"": ""SUPPORT"", ""zone_width"": 0.4299999999999784, ""zone_width_ratio"": 0.0026943031153661644}, ""touch_count"": 9, ""upper_boundary"": 160.75, ""width"": 1.4199999999999875, ""width_ratio"": 0.008872781804548783}","{""low_strength"": false, ""range_trend_conflict"": false, ""structure"": ""SIDEWAYS_STRUCTURE""}","{""summary"": ""no unresolved directional MTF conflict detected""}","{""adx"": null, ""bearish_votes"": 0, ""bullish_votes"": 0, ""direction"": ""NEUTRAL"", ""reason"": """", ""strength"": ""UNAVAILABLE""}","{""nearest_resistance"": null, ""nearest_support"": null, ""observable"": false}",,False,False,False,"[""RESEARCH_CAUSAL_CONFIRMATION_RULE"", ""RESEARCH_INDICATOR_CAUSAL_LINK"", ""RESEARCH_MTF_CONTEXT_FIELDS"", ""RESEARCH_RANGE_TREND_RESOLUTION"", ""RESEARCH_ZONE_PROXIMITY_FIELDS""]"
ethusdt_15m_mixed_002,ETHUSDT,2025-05-18T23:45:00+00:00,15m,reports/engine_trend/hypothesis_replay/json/ethusdt_15m_mixed_002.json,UNKNOWN,UNKNOWN,,"{""CANCELLED"": 0, ""CONFIRMED"": 0, ""CONFLICTED"": 1, ""INVALIDATED"": 0, ""PENDING"": 1}",True,True,"[""CONFIRMED_RANGE_CONTEXT"", ""NO_ACTION"", ""NO_CAUSAL_HYPOTHESIS"", ""WAIT_FOR_CONFIRMATION""]","[""NO_CONFIRMED_CAUSAL_HYPOTHESIS"", ""PENDING_AND_CONFLICTED_ONLY"", ""CONFIRMED_RANGE_CONTEXT"", ""PRICE_CONTEXT_NOT_OBSERVABLE"", ""ZONE_PROXIMITY_NOT_OBSERVABLE"", ""INDICATOR_CONTEXT_NOT_OBSERVABLE"", ""MTF_CONTEXT_NOT_OBSERVABLE"", ""SETUP_BLOCKED_BY_NO_ACTION"", ""WAITING_FOR_CONFIRMATION""]","[""HYPOTHESIS"", ""NOT_OBSERVABLE"", ""NO_ACTION"", ""RANGE_TREND""]","[""breakout"", ""hypotheses"", ""range"", ""zones""]","[""indicator_pressure"", ""multi_timeframe"", ""price_context"", ""zone_proximity""]",NOT_OBSERVABLE_SEPARATE_FROM_FALSE,"{""boundary_alternation_count"": 2, ""duration_candles"": 75, ""first_touch_index"": 3, ""formed_at_index"": 77, ""inside_close_ratio"": 0.6533333333333333, ""is_detected"": true, ""lower_boundary"": 2467.75, ""midline"": 2491.5950000000003, ""resistance_zone"": {""current_zone_type"": ""RESISTANCE"", ""first_touch_index"": 23, ""formed_at_index"": 45, ""is_significant_single_extreme"": false, ""last_touch_index"": 45, ""lower_price"": 2513.32, ""mid_price"": 2514.355, ""original_zone_type"": ""RESISTANCE"", ""positional_zone_type"": ""RESISTANCE"", ""role_changed_at_index"": null, ""source_indexes"": [23, 35, 41, 45], ""source_point_types"": [""HIGH"", ""LOW"", ""HIGH"", ""HIGH""], ""touch_count"": 4, ""upper_price"": 2515.44, ""zone_type"": ""RESISTANCE"", ""zone_width"": 2.119999999999891, ""zone_width_ratio"": 0.0008431585834139932}, ""support_zone"": {""current_zone_type"": ""SUPPORT"", ""first_touch_index"": 3, ""formed_at_index"": 77, ""is_significant_single_extreme"": false, ""last_touch_index"": 77, ""lower_price"": 2467.75, ""mid_price"": 2471.8375, ""original_zone_type"": ""SUPPORT"", ""positional_zone_type"": ""SUPPORT"", ""role_changed_at_index"": null, ""source_indexes"": [3, 10, 13, 77], ""source_point_types"": [""LOW"", ""LOW"", ""LOW"", ""HIGH""], ""touch_count"": 4, ""upper_price"": 2476.1, ""zone_type"": ""SUPPORT"", ""zone_width"": 8.349999999999909, ""zone_width_ratio"": 0.0033780537757841724}, ""touch_count"": 8, ""upper_boundary"": 2515.44, ""width"": 47.690000000000055, ""width_ratio"": 0.01914034985621662}","{""low_strength"": false, ""range_trend_conflict"": false, ""structure"": ""SIDEWAYS_STRUCTURE""}","{""summary"": ""no unresolved directional MTF conflict detected""}","{""adx"": null, ""bearish_votes"": 0, ""bullish_votes"": 0, ""direction"": ""NEUTRAL"", ""reason"": """", ""strength"": ""UNAVAILABLE""}","{""nearest_resistance"": null, ""nearest_support"": null, ""observable"": false}",,False,False,False,"[""RESEARCH_CAUSAL_CONFIRMATION_RULE"", ""RESEARCH_INDICATOR_CAUSAL_LINK"", ""RESEARCH_MTF_CONTEXT_FIELDS"", ""RESEARCH_RANGE_TREND_RESOLUTION"", ""RESEARCH_ZONE_PROXIMITY_FIELDS""]"
btcusdt_15m_flat_002,BTCUSDT,2025-06-10T23:45:00+00:00,15m,reports/engine_trend/hypothesis_replay/json/btcusdt_15m_flat_002.json,UNKNOWN,UNKNOWN,,"{""CANCELLED"": 0, ""CONFIRMED"": 0, ""CONFLICTED"": 0, ""INVALIDATED"": 0, ""PENDING"": 1}",True,True,"[""CONFIRMED_RANGE_CONTEXT"", ""NO_ACTION"", ""NO_CAUSAL_HYPOTHESIS"", ""WAIT_FOR_CONFIRMATION""]","[""NO_CONFIRMED_CAUSAL_HYPOTHESIS"", ""ONLY_PENDING_HYPOTHESES"", ""CONFIRMED_RANGE_CONTEXT"", ""PRICE_CONTEXT_NOT_OBSERVABLE"", ""ZONE_PROXIMITY_NOT_OBSERVABLE"", ""INDICATOR_CONTEXT_NOT_OBSERVABLE"", ""MTF_CONTEXT_NOT_OBSERVABLE"", ""SETUP_BLOCKED_BY_NO_ACTION"", ""WAITING_FOR_CONFIRMATION""]","[""HYPOTHESIS"", ""NOT_OBSERVABLE"", ""NO_ACTION"", ""RANGE_TREND""]","[""breakout"", ""hypotheses"", ""range"", ""zones""]","[""indicator_pressure"", ""multi_timeframe"", ""price_context"", ""zone_proximity""]",NOT_OBSERVABLE_SEPARATE_FROM_FALSE,"{""boundary_alternation_count"": 18, ""duration_candles"": 89, ""first_touch_index"": 4, ""formed_at_index"": 92, ""inside_close_ratio"": 0.8876404494382022, ""is_detected"": true, ""lower_boundary"": 108888.88, ""midline"": 109453.475, ""resistance_zone"": {""current_zone_type"": ""RESISTANCE"", ""first_touch_index"": 4, ""formed_at_index"": 92, ""is_significant_single_extreme"": false, ""last_touch_index"": 92, ""lower_price"": 109573.3, ""mid_price"": 109768.60461538463, ""original_zone_type"": ""RESISTANCE"", ""positional_zone_type"": ""SUPPORT"", ""role_changed_at_index"": null, ""source_indexes"": [4, 7, 11, 16, 21, 26, 41, 46, 53, 83, 86, 87, 92], ""source_point_types"": [""LOW"", ""HIGH"", ""HIGH"", ""HIGH"", ""HIGH"", ""HIGH"", ""HIGH"", ""HIGH"", ""HIGH"", ""HIGH"", ""HIGH"", ""LOW"", ""LOW""], ""touch_count"": 13, ""upper_price"": 110018.07, ""zone_type"": ""RESISTANCE"", ""zone_width"": 444.7700000000041, ""zone_width_ratio"": 0.004051887163532981}, ""support_zone"": {""current_zone_type"": ""SUPPORT"", ""first_touch_index"": 8, ""formed_at_index"": 85, ""is_significant_single_extreme"": false, ""last_touch_index"": 85, ""lower_price"": 108888.88, ""mid_price"": 109241.88687500003, ""original_zone_type"": ""SUPPORT"", ""positional_zone_type"": ""SUPPORT"", ""role_changed_at_index"": null, ""source_indexes"": [8, 14, 17, 24, 31, 32, 35, 44, 48, 55, 56, 61, 64, 69, 81, 85], ""source_point_types"": [""LOW"", ""LOW"", ""LOW"", ""LOW"", ""LOW"", ""HIGH"", ""LOW"", ""LOW"", ""LOW"", ""LOW"", ""HIGH"", ""HIGH"", ""HIGH"", ""HIGH"", ""LOW"", ""LOW""], ""touch_count"": 16, ""upper_price"": 109420.0, ""zone_type"": ""SUPPORT"", ""zone_width"": 531.1199999999953, ""zone_width_ratio"": 0.004861871349839729}, ""touch_count"": 29, ""upper_boundary"": 110018.07, ""width"": 1129.1900000000023, ""width_ratio"": 0.010316620829078312}","{""low_strength"": false, ""range_trend_conflict"": false, ""structure"": ""SIDEWAYS_STRUCTURE""}","{""summary"": ""no unresolved directional MTF conflict detected""}","{""adx"": null, ""bearish_votes"": 0, ""bullish_votes"": 0, ""direction"": ""NEUTRAL"", ""reason"": """", ""strength"": ""UNAVAILABLE""}","{""nearest_resistance"": null, ""nearest_support"": null, ""observable"": false}",,False,False,False,"[""RESEARCH_CAUSAL_CONFIRMATION_RULE"", ""RESEARCH_INDICATOR_CAUSAL_LINK"", ""RESEARCH_MTF_CONTEXT_FIELDS"", ""RESEARCH_RANGE_TREND_RESOLUTION"", ""RESEARCH_ZONE_PROXIMITY_FIELDS""]"
ethusdt_15m_up_002,ETHUSDT,2025-08-22T23:45:00+00:00,15m,reports/engine_trend/hypothesis_replay/json/ethusdt_15m_up_002.json,FLAT,FLAT,"{""confirmation_index"": 53, ""direction"": ""FLAT"", ""hypothesis_id"": ""hypothesis:confirmed_range"", ""hypothesis_type"": ""CONFIRMED_RANGE"", ""reason_codes"": [""HYPOTHESIS_RANGE_STRUCTURE_CONFIRMED"", ""HYPOTHESIS_SECONDARY_FLAT_CONTEXT_CONFIRMED"", ""HYPOTHESIS_RANGE_BREAKOUT_RETURNED""], ""score"": 0.7150000000000001, ""status"": ""CONFIRMED"", ""supporting_event_ids"": [], ""trigger_index"": 51}","{""CANCELLED"": 0, ""CONFIRMED"": 2, ""CONFLICTED"": 0, ""INVALIDATED"": 0, ""PENDING"": 0}",True,False,"[""CONFIRMED_RANGE_CONTEXT""]","[""CONFIRMED_RANGE_CONTEXT"", ""PRICE_CONTEXT_NOT_OBSERVABLE"", ""ZONE_PROXIMITY_NOT_OBSERVABLE"", ""INDICATOR_CONTEXT_NOT_OBSERVABLE"", ""MTF_CONTEXT_NOT_OBSERVABLE"", ""SETUP_BLOCKED_BY_NO_ACTION""]","[""NOT_OBSERVABLE"", ""NO_ACTION"", ""RANGE_TREND""]","[""breakout"", ""hypotheses"", ""range"", ""zones""]","[""indicator_pressure"", ""multi_timeframe"", ""price_context"", ""zone_proximity""]",NOT_OBSERVABLE_SEPARATE_FROM_FALSE,"{""boundary_alternation_count"": 6, ""duration_candles"": 50, ""first_touch_index"": 2, ""formed_at_index"": 51, ""inside_close_ratio"": 0.66, ""is_detected"": true, ""lower_boundary"": 4256.3, ""midline"": 4287.75, ""resistance_zone"": {""current_zone_type"": ""RESISTANCE"", ""first_touch_index"": 9, ""formed_at_index"": 37, ""is_significant_single_extreme"": false, ""last_touch_index"": 37, ""lower_price"": 4305.82, ""mid_price"": 4311.935, ""original_zone_type"": ""RESISTANCE"", ""positional_zone_type"": ""SUPPORT"", ""role_changed_at_index"": null, ""source_indexes"": [9, 17, 25, 37], ""source_point_types"": [""HIGH"", ""HIGH"", ""HIGH"", ""LOW""], ""touch_count"": 4, ""upper_price"": 4319.2, ""zone_type"": ""RESISTANCE"", ""zone_width"": 13.38000000000011, ""zone_width_ratio"": 0.0031030152356193003}, ""support_zone"": {""current_zone_type"": ""SUPPORT"", ""first_touch_index"": 2, ""formed_at_index"": 51, ""is_significant_single_extreme"": false, ""last_touch_index"": 51, ""lower_price"": 4256.3, ""mid_price"": 4266.874000000001, ""original_zone_type"": ""SUPPORT"", ""positional_zone_type"": ""SUPPORT"", ""role_changed_at_index"": null, ""source_indexes"": [2, 15, 22, 44, 51], ""source_point_types"": [""HIGH"", ""LOW"", ""LOW"", ""LOW"", ""HIGH""], ""touch_count"": 5, ""upper_price"": 4276.47, ""zone_type"": ""SUPPORT"", ""zone_width"": 20.170000000000073, ""zone_width_ratio"": 0.004727114041802047}, ""touch_count"": 9, ""upper_boundary"": 4319.2, ""width"": 62.899999999999636, ""width_ratio"": 0.014669698559850652}","{""low_strength"": false, ""range_trend_conflict"": false, ""structure"": ""SIDEWAYS_STRUCTURE""}","{""summary"": ""no unresolved directional MTF conflict detected""}","{""adx"": null, ""bearish_votes"": 0, ""bullish_votes"": 0, ""direction"": ""NEUTRAL"", ""reason"": """", ""strength"": ""UNAVAILABLE""}","{""nearest_resistance"": null, ""nearest_support"": null, ""observable"": false}",,False,False,False,"[""RESEARCH_INDICATOR_CAUSAL_LINK"", ""RESEARCH_MTF_CONTEXT_FIELDS"", ""RESEARCH_RANGE_TREND_RESOLUTION"", ""RESEARCH_ZONE_PROXIMITY_FIELDS""]"
eth_15m_expected_flat_001,ETHUSDT,2025-09-08T23:45:00+00:00,15m,reports/engine_trend/hypothesis_replay/json/eth_15m_expected_flat_001.json,FLAT,FLAT,"{""confirmation_index"": null, ""direction"": ""FLAT"", ""hypothesis_id"": ""hypothesis:confirmed_range"", ""hypothesis_type"": ""CONFIRMED_RANGE"", ""reason_codes"": [""HYPOTHESIS_RANGE_STRUCTURE_CONFIRMED"", ""HYPOTHESIS_SECONDARY_FLAT_CONTEXT_CONFIRMED"", ""HYPOTHESIS_RANGE_BOUNDARIES_HELD""], ""score"": 0.6204301075268818, ""status"": ""CONFIRMED"", ""supporting_event_ids"": [], ""trigger_index"": 93}","{""CANCELLED"": 0, ""CONFIRMED"": 1, ""CONFLICTED"": 0, ""INVALIDATED"": 0, ""PENDING"": 0}",True,False,"[""CONFIRMED_RANGE_CONTEXT""]","[""CONFIRMED_RANGE_CONTEXT"", ""PRICE_CONTEXT_NOT_OBSERVABLE"", ""ZONE_PROXIMITY_NOT_OBSERVABLE"", ""INDICATOR_CONTEXT_NOT_OBSERVABLE"", ""MTF_CONTEXT_NOT_OBSERVABLE"", ""SETUP_BLOCKED_BY_NO_ACTION""]","[""NOT_OBSERVABLE"", ""NO_ACTION"", ""RANGE_TREND""]","[""breakout"", ""hypotheses"", ""range"", ""zones""]","[""indicator_pressure"", ""multi_timeframe"", ""price_context"", ""zone_proximity""]",NOT_OBSERVABLE_SEPARATE_FROM_FALSE,"{""boundary_alternation_count"": 10, ""duration_candles"": 93, ""first_touch_index"": 1, ""formed_at_index"": 93, ""inside_close_ratio"": 0.8817204301075269, ""is_detected"": true, ""lower_boundary"": 4279.0, ""midline"": 4311.145, ""resistance_zone"": {""current_zone_type"": ""RESISTANCE"", ""first_touch_index"": 14, ""formed_at_index"": 88, ""is_significant_single_extreme"": false, ""last_touch_index"": 88, ""lower_price"": 4328.29, ""mid_price"": 4334.851428571428, ""original_zone_type"": ""RESISTANCE"", ""positional_zone_type"": ""RESISTANCE"", ""role_changed_at_index"": null, ""source_indexes"": [14, 37, 43, 68, 69, 75, 88], ""source_point_types"": [""HIGH"", ""HIGH"", ""HIGH"", ""LOW"", ""HIGH"", ""HIGH"", ""HIGH""], ""touch_count"": 7, ""upper_price"": 4343.29, ""zone_type"": ""RESISTANCE"", ""zone_width"": 15.0, ""zone_width_ratio"": 0.003460326206599271}, ""support_zone"": {""current_zone_type"": ""SUPPORT"", ""first_touch_index"": 1, ""formed_at_index"": 93, ""is_significant_single_extreme"": false, ""last_touch_index"": 93, ""lower_price"": 4279.0, ""mid_price"": 4292.450769230769, ""original_zone_type"": ""SUPPORT"", ""positional_zone_type"": ""SUPPORT"", ""role_changed_at_index"": null, ""source_indexes"": [1, 5, 6, 9, 16, 24, 26, 28, 31, 46, 71, 81, 93], ""source_point_types"": [""LOW"", ""LOW"", ""HIGH"", ""LOW"", ""LOW"", ""LOW"", ""HIGH"", ""LOW"", ""LOW"", ""LOW"", ""LOW"", ""LOW"", ""LOW""], ""touch_count"": 13, ""upper_price"": 4303.19, ""zone_type"": ""SUPPORT"", ""zone_width"": 24.1899999999996, ""zone_width_ratio"": 0.005635475233262741}, ""touch_count"": 20, ""upper_boundary"": 4343.29, ""width"": 64.28999999999996, ""width_ratio"": 0.014912511641338892}","{""low_strength"": false, ""range_trend_conflict"": false, ""structure"": ""SIDEWAYS_STRUCTURE""}","{""summary"": ""no unresolved directional MTF conflict detected""}","{""adx"": null, ""bearish_votes"": 0, ""bullish_votes"": 0, ""direction"": ""NEUTRAL"", ""reason"": """", ""strength"": ""UNAVAILABLE""}","{""nearest_resistance"": null, ""nearest_support"": null, ""observable"": false}",,False,False,False,"[""RESEARCH_INDICATOR_CAUSAL_LINK"", ""RESEARCH_MTF_CONTEXT_FIELDS"", ""RESEARCH_RANGE_TREND_RESOLUTION"", ""RESEARCH_ZONE_PROXIMITY_FIELDS""]"
ethusdt_15m_flat_001,ETHUSDT,2025-09-08T23:45:00+00:00,15m,reports/engine_trend/hypothesis_replay/json/ethusdt_15m_flat_001.json,FLAT,FLAT,"{""confirmation_index"": null, ""direction"": ""FLAT"", ""hypothesis_id"": ""hypothesis:confirmed_range"", ""hypothesis_type"": ""CONFIRMED_RANGE"", ""reason_codes"": [""HYPOTHESIS_RANGE_STRUCTURE_CONFIRMED"", ""HYPOTHESIS_SECONDARY_FLAT_CONTEXT_CONFIRMED"", ""HYPOTHESIS_RANGE_BOUNDARIES_HELD""], ""score"": 0.6204301075268818, ""status"": ""CONFIRMED"", ""supporting_event_ids"": [], ""trigger_index"": 93}","{""CANCELLED"": 0, ""CONFIRMED"": 1, ""CONFLICTED"": 0, ""INVALIDATED"": 0, ""PENDING"": 0}",True,False,"[""CONFIRMED_RANGE_CONTEXT""]","[""CONFIRMED_RANGE_CONTEXT"", ""PRICE_CONTEXT_NOT_OBSERVABLE"", ""ZONE_PROXIMITY_NOT_OBSERVABLE"", ""INDICATOR_CONTEXT_NOT_OBSERVABLE"", ""MTF_CONTEXT_NOT_OBSERVABLE"", ""SETUP_BLOCKED_BY_NO_ACTION""]","[""NOT_OBSERVABLE"", ""NO_ACTION"", ""RANGE_TREND""]","[""breakout"", ""hypotheses"", ""range"", ""zones""]","[""indicator_pressure"", ""multi_timeframe"", ""price_context"", ""zone_proximity""]",NOT_OBSERVABLE_SEPARATE_FROM_FALSE,"{""boundary_alternation_count"": 10, ""duration_candles"": 93, ""first_touch_index"": 1, ""formed_at_index"": 93, ""inside_close_ratio"": 0.8817204301075269, ""is_detected"": true, ""lower_boundary"": 4279.0, ""midline"": 4311.145, ""resistance_zone"": {""current_zone_type"": ""RESISTANCE"", ""first_touch_index"": 14, ""formed_at_index"": 88, ""is_significant_single_extreme"": false, ""last_touch_index"": 88, ""lower_price"": 4328.29, ""mid_price"": 4334.851428571428, ""original_zone_type"": ""RESISTANCE"", ""positional_zone_type"": ""RESISTANCE"", ""role_changed_at_index"": null, ""source_indexes"": [14, 37, 43, 68, 69, 75, 88], ""source_point_types"": [""HIGH"", ""HIGH"", ""HIGH"", ""LOW"", ""HIGH"", ""HIGH"", ""HIGH""], ""touch_count"": 7, ""upper_price"": 4343.29, ""zone_type"": ""RESISTANCE"", ""zone_width"": 15.0, ""zone_width_ratio"": 0.003460326206599271}, ""support_zone"": {""current_zone_type"": ""SUPPORT"", ""first_touch_index"": 1, ""formed_at_index"": 93, ""is_significant_single_extreme"": false, ""last_touch_index"": 93, ""lower_price"": 4279.0, ""mid_price"": 4292.450769230769, ""original_zone_type"": ""SUPPORT"", ""positional_zone_type"": ""SUPPORT"", ""role_changed_at_index"": null, ""source_indexes"": [1, 5, 6, 9, 16, 24, 26, 28, 31, 46, 71, 81, 93], ""source_point_types"": [""LOW"", ""LOW"", ""HIGH"", ""LOW"", ""LOW"", ""LOW"", ""HIGH"", ""LOW"", ""LOW"", ""LOW"", ""LOW"", ""LOW"", ""LOW""], ""touch_count"": 13, ""upper_price"": 4303.19, ""zone_type"": ""SUPPORT"", ""zone_width"": 24.1899999999996, ""zone_width_ratio"": 0.005635475233262741}, ""touch_count"": 20, ""upper_boundary"": 4343.29, ""width"": 64.28999999999996, ""width_ratio"": 0.014912511641338892}","{""low_strength"": false, ""range_trend_conflict"": false, ""structure"": ""SIDEWAYS_STRUCTURE""}","{""summary"": ""no unresolved directional MTF conflict detected""}","{""adx"": null, ""bearish_votes"": 0, ""bullish_votes"": 0, ""direction"": ""NEUTRAL"", ""reason"": """", ""strength"": ""UNAVAILABLE""}","{""nearest_resistance"": null, ""nearest_support"": null, ""observable"": false}",,False,False,False,"[""RESEARCH_INDICATOR_CAUSAL_LINK"", ""RESEARCH_MTF_CONTEXT_FIELDS"", ""RESEARCH_RANGE_TREND_RESOLUTION"", ""RESEARCH_ZONE_PROXIMITY_FIELDS""]"
btc_15m_expected_flat_001,BTCUSDT,2025-09-27T23:45:00+00:00,15m,reports/engine_trend/hypothesis_replay/json/btc_15m_expected_flat_001.json,UNKNOWN,UNKNOWN,,"{""CANCELLED"": 0, ""CONFIRMED"": 0, ""CONFLICTED"": 0, ""INVALIDATED"": 0, ""PENDING"": 0}",True,True,"[""NO_ACTION"", ""NO_CAUSAL_HYPOTHESIS"", ""WAIT_FOR_CONFIRMATION""]","[""NO_CONFIRMED_CAUSAL_HYPOTHESIS"", ""PRICE_CONTEXT_NOT_OBSERVABLE"", ""ZONE_PROXIMITY_NOT_OBSERVABLE"", ""INDICATOR_CONTEXT_NOT_OBSERVABLE"", ""MTF_CONTEXT_NOT_OBSERVABLE"", ""SETUP_BLOCKED_BY_NO_ACTION"", ""WAITING_FOR_CONFIRMATION""]","[""HYPOTHESIS"", ""NOT_OBSERVABLE"", ""NO_ACTION""]","[""breakout"", ""hypotheses"", ""range"", ""zones""]","[""indicator_pressure"", ""multi_timeframe"", ""price_context"", ""zone_proximity""]",NOT_OBSERVABLE_SEPARATE_FROM_FALSE,"{""boundary_alternation_count"": 0, ""duration_candles"": 0, ""first_touch_index"": 0, ""formed_at_index"": 0, ""inside_close_ratio"": 0.0, ""is_detected"": false, ""lower_boundary"": null, ""midline"": null, ""resistance_zone"": null, ""support_zone"": {""current_zone_type"": ""SUPPORT"", ""first_touch_index"": 1, ""formed_at_index"": 93, ""is_significant_single_extreme"": false, ""last_touch_index"": 93, ""lower_price"": 109064.4, ""mid_price"": 109453.56066666666, ""original_zone_type"": ""SUPPORT"", ""positional_zone_type"": ""SUPPORT"", ""role_changed_at_index"": null, ""source_indexes"": [1, 2, 4, 9, 14, 17, 18, 20, 22, 27, 29, 37, 39, 41, 42, 50, 51, 60, 63, 65, 66, 69, 77, 78, 80, 81, 86, 91, 92, 93], ""source_point_types"": [""HIGH"", ""LOW"", ""HIGH"", ""LOW"", ""HIGH"", ""LOW"", ""HIGH"", ""LOW"", ""HIGH"", ""LOW"", ""HIGH"", ""LOW"", ""HIGH"", ""LOW"", ""HIGH"", ""LOW"", ""HIGH"", ""LOW"", ""HIGH"", ""LOW"", ""HIGH"", ""LOW"", ""HIGH"", ""LOW"", ""HIGH"", ""LOW"", ""HIGH"", ""LOW"", ""HIGH"", ""LOW""], ""touch_count"": 30, ""upper_price"": 109743.91, ""zone_type"": ""SUPPORT"", ""zone_width"": 679.5100000000093, ""zone_width_ratio"": 0.006208203697177204}, ""touch_count"": 30, ""upper_boundary"": null, ""width"": 0.0, ""width_ratio"": 0.0}","{""low_strength"": false, ""range_trend_conflict"": false, ""structure"": ""SIDEWAYS_STRUCTURE""}","{""summary"": ""no unresolved directional MTF conflict detected""}","{""adx"": null, ""bearish_votes"": 0, ""bullish_votes"": 0, ""direction"": ""NEUTRAL"", ""reason"": """", ""strength"": ""UNAVAILABLE""}","{""nearest_resistance"": null, ""nearest_support"": null, ""observable"": false}",,False,False,False,"[""RESEARCH_CAUSAL_CONFIRMATION_RULE"", ""RESEARCH_INDICATOR_CAUSAL_LINK"", ""RESEARCH_MTF_CONTEXT_FIELDS"", ""RESEARCH_ZONE_PROXIMITY_FIELDS""]"
btcusdt_15m_flat_001,BTCUSDT,2025-09-27T23:45:00+00:00,15m,reports/engine_trend/hypothesis_replay/json/btcusdt_15m_flat_001.json,UNKNOWN,UNKNOWN,,"{""CANCELLED"": 0, ""CONFIRMED"": 0, ""CONFLICTED"": 0, ""INVALIDATED"": 0, ""PENDING"": 0}",True,True,"[""NO_ACTION"", ""NO_CAUSAL_HYPOTHESIS"", ""WAIT_FOR_CONFIRMATION""]","[""NO_CONFIRMED_CAUSAL_HYPOTHESIS"", ""PRICE_CONTEXT_NOT_OBSERVABLE"", ""ZONE_PROXIMITY_NOT_OBSERVABLE"", ""INDICATOR_CONTEXT_NOT_OBSERVABLE"", ""MTF_CONTEXT_NOT_OBSERVABLE"", ""SETUP_BLOCKED_BY_NO_ACTION"", ""WAITING_FOR_CONFIRMATION""]","[""HYPOTHESIS"", ""NOT_OBSERVABLE"", ""NO_ACTION""]","[""breakout"", ""hypotheses"", ""range"", ""zones""]","[""indicator_pressure"", ""multi_timeframe"", ""price_context"", ""zone_proximity""]",NOT_OBSERVABLE_SEPARATE_FROM_FALSE,"{""boundary_alternation_count"": 0, ""duration_candles"": 0, ""first_touch_index"": 0, ""formed_at_index"": 0, ""inside_close_ratio"": 0.0, ""is_detected"": false, ""lower_boundary"": null, ""midline"": null, ""resistance_zone"": null, ""support_zone"": {""current_zone_type"": ""SUPPORT"", ""first_touch_index"": 1, ""formed_at_index"": 93, ""is_significant_single_extreme"": false, ""last_touch_index"": 93, ""lower_price"": 109064.4, ""mid_price"": 109453.56066666666, ""original_zone_type"": ""SUPPORT"", ""positional_zone_type"": ""SUPPORT"", ""role_changed_at_index"": null, ""source_indexes"": [1, 2, 4, 9, 14, 17, 18, 20, 22, 27, 29, 37, 39, 41, 42, 50, 51, 60, 63, 65, 66, 69, 77, 78, 80, 81, 86, 91, 92, 93], ""source_point_types"": [""HIGH"", ""LOW"", ""HIGH"", ""LOW"", ""HIGH"", ""LOW"", ""HIGH"", ""LOW"", ""HIGH"", ""LOW"", ""HIGH"", ""LOW"", ""HIGH"", ""LOW"", ""HIGH"", ""LOW"", ""HIGH"", ""LOW"", ""HIGH"", ""LOW"", ""HIGH"", ""LOW"", ""HIGH"", ""LOW"", ""HIGH"", ""LOW"", ""HIGH"", ""LOW"", ""HIGH"", ""LOW""], ""touch_count"": 30, ""upper_price"": 109743.91, ""zone_type"": ""SUPPORT"", ""zone_width"": 679.5100000000093, ""zone_width_ratio"": 0.006208203697177204}, ""touch_count"": 30, ""upper_boundary"": null, ""width"": 0.0, ""width_ratio"": 0.0}","{""low_strength"": false, ""range_trend_conflict"": false, ""structure"": ""SIDEWAYS_STRUCTURE""}","{""summary"": ""no unresolved directional MTF conflict detected""}","{""adx"": null, ""bearish_votes"": 0, ""bullish_votes"": 0, ""direction"": ""NEUTRAL"", ""reason"": """", ""strength"": ""UNAVAILABLE""}","{""nearest_resistance"": null, ""nearest_support"": null, ""observable"": false}",,False,False,False,"[""RESEARCH_CAUSAL_CONFIRMATION_RULE"", ""RESEARCH_INDICATOR_CAUSAL_LINK"", ""RESEARCH_MTF_CONTEXT_FIELDS"", ""RESEARCH_ZONE_PROXIMITY_FIELDS""]"
ethusdt_15m_flat_002,ETHUSDT,2025-12-20T23:45:00+00:00,15m,reports/engine_trend/hypothesis_replay/json/ethusdt_15m_flat_002.json,FLAT,FLAT,"{""confirmation_index"": null, ""direction"": ""FLAT"", ""hypothesis_id"": ""hypothesis:confirmed_range"", ""hypothesis_type"": ""CONFIRMED_RANGE"", ""reason_codes"": [""HYPOTHESIS_RANGE_STRUCTURE_CONFIRMED"", ""HYPOTHESIS_SECONDARY_FLAT_CONTEXT_CONFIRMED"", ""HYPOTHESIS_RANGE_BOUNDARIES_HELD""], ""score"": 0.65, ""status"": ""CONFIRMED"", ""supporting_event_ids"": [], ""trigger_index"": 94}","{""CANCELLED"": 0, ""CONFIRMED"": 1, ""CONFLICTED"": 0, ""INVALIDATED"": 0, ""PENDING"": 0}",True,False,"[""CONFIRMED_RANGE_CONTEXT""]","[""CONFIRMED_RANGE_CONTEXT"", ""PRICE_CONTEXT_NOT_OBSERVABLE"", ""ZONE_PROXIMITY_NOT_OBSERVABLE"", ""INDICATOR_CONTEXT_NOT_OBSERVABLE"", ""MTF_CONTEXT_NOT_OBSERVABLE"", ""SETUP_BLOCKED_BY_NO_ACTION""]","[""NOT_OBSERVABLE"", ""NO_ACTION"", ""RANGE_TREND""]","[""breakout"", ""hypotheses"", ""range"", ""zones""]","[""indicator_pressure"", ""multi_timeframe"", ""price_context"", ""zone_proximity""]",NOT_OBSERVABLE_SEPARATE_FROM_FALSE,"{""boundary_alternation_count"": 16, ""duration_candles"": 94, ""first_touch_index"": 1, ""formed_at_index"": 94, ""inside_close_ratio"": 1.0, ""is_detected"": true, ""lower_boundary"": 2964.17, ""midline"": 2979.29, ""resistance_zone"": {""current_zone_type"": ""RESISTANCE"", ""first_touch_index"": 14, ""formed_at_index"": 82, ""is_significant_single_extreme"": false, ""last_touch_index"": 82, ""lower_price"": 2985.39, ""mid_price"": 2989.3039999999996, ""original_zone_type"": ""RESISTANCE"", ""positional_zone_type"": ""RESISTANCE"", ""role_changed_at_index"": null, ""source_indexes"": [14, 18, 22, 25, 33, 38, 48, 50, 52, 82], ""source_point_types"": [""HIGH"", ""HIGH"", ""HIGH"", ""HIGH"", ""HIGH"", ""HIGH"", ""HIGH"", ""LOW"", ""HIGH"", ""HIGH""], ""touch_count"": 10, ""upper_price"": 2994.41, ""zone_type"": ""RESISTANCE"", ""zone_width"": 9.019999999999982, ""zone_width_ratio"": 0.003017424791857898}, ""support_zone"": {""current_zone_type"": ""SUPPORT"", ""first_touch_index"": 1, ""formed_at_index"": 94, ""is_significant_single_extreme"": false, ""last_touch_index"": 94, ""lower_price"": 2964.17, ""mid_price"": 2976.3854166666665, ""original_zone_type"": ""SUPPORT"", ""positional_zone_type"": ""SUPPORT"", ""role_changed_at_index"": null, ""source_indexes"": [1, 3, 5, 8, 16, 20, 23, 29, 35, 42, 53, 55, 56, 59, 61, 65, 66, 69, 74, 76, 79, 89, 91, 94], ""source_point_types"": [""HIGH"", ""LOW"", ""HIGH"", ""LOW"", ""LOW"", ""LOW"", ""LOW"", ""LOW"", ""LOW"", ""LOW"", ""LOW"", ""HIGH"", ""LOW"", ""HIGH"", ""LOW"", ""HIGH"", ""LOW"", ""HIGH"", ""LOW"", ""HIGH"", ""LOW"", ""LOW"", ""HIGH"", ""LOW""], ""touch_count"": 24, ""upper_price"": 2982.89, ""zone_type"": ""SUPPORT"", ""zone_width"": 18.7199999999998, ""zone_width_ratio"": 0.006289508037223495}, ""touch_count"": 34, ""upper_boundary"": 2994.41, ""width"": 30.23999999999978, ""width_ratio"": 0.01015006931181583}","{""low_strength"": false, ""range_trend_conflict"": false, ""structure"": ""SIDEWAYS_STRUCTURE""}","{""summary"": ""no unresolved directional MTF conflict detected""}","{""adx"": null, ""bearish_votes"": 0, ""bullish_votes"": 0, ""direction"": ""NEUTRAL"", ""reason"": """", ""strength"": ""UNAVAILABLE""}","{""nearest_resistance"": null, ""nearest_support"": null, ""observable"": false}",,False,False,False,"[""RESEARCH_INDICATOR_CAUSAL_LINK"", ""RESEARCH_MTF_CONTEXT_FIELDS"", ""RESEARCH_RANGE_TREND_RESOLUTION"", ""RESEARCH_ZONE_PROXIMITY_FIELDS""]"
solusdt_15m_mixed_003,SOLUSDT,2025-12-31T23:45:00+00:00,15m,reports/engine_trend/hypothesis_replay/json/solusdt_15m_mixed_003.json,UNKNOWN,UNKNOWN,,"{""CANCELLED"": 0, ""CONFIRMED"": 0, ""CONFLICTED"": 0, ""INVALIDATED"": 0, ""PENDING"": 1}",True,True,"[""CONFIRMED_RANGE_CONTEXT"", ""NO_ACTION"", ""NO_CAUSAL_HYPOTHESIS"", ""WAIT_FOR_CONFIRMATION""]","[""NO_CONFIRMED_CAUSAL_HYPOTHESIS"", ""ONLY_PENDING_HYPOTHESES"", ""CONFIRMED_RANGE_CONTEXT"", ""PRICE_CONTEXT_NOT_OBSERVABLE"", ""ZONE_PROXIMITY_NOT_OBSERVABLE"", ""INDICATOR_CONTEXT_NOT_OBSERVABLE"", ""MTF_CONTEXT_NOT_OBSERVABLE"", ""SETUP_BLOCKED_BY_NO_ACTION"", ""WAITING_FOR_CONFIRMATION""]","[""HYPOTHESIS"", ""NOT_OBSERVABLE"", ""NO_ACTION"", ""RANGE_TREND""]","[""breakout"", ""hypotheses"", ""range"", ""zones""]","[""indicator_pressure"", ""multi_timeframe"", ""price_context"", ""zone_proximity""]",NOT_OBSERVABLE_SEPARATE_FROM_FALSE,"{""boundary_alternation_count"": 11, ""duration_candles"": 88, ""first_touch_index"": 6, ""formed_at_index"": 93, ""inside_close_ratio"": 0.6363636363636364, ""is_detected"": true, ""lower_boundary"": 125.01, ""midline"": 125.655, ""resistance_zone"": {""current_zone_type"": ""RESISTANCE"", ""first_touch_index"": 6, ""formed_at_index"": 63, ""is_significant_single_extreme"": false, ""last_touch_index"": 63, ""lower_price"": 125.65, ""mid_price"": 125.971, ""original_zone_type"": ""RESISTANCE"", ""positional_zone_type"": ""RESISTANCE"", ""role_changed_at_index"": null, ""source_indexes"": [6, 9, 16, 27, 29, 32, 41, 52, 54, 63], ""source_point_types"": [""HIGH"", ""HIGH"", ""HIGH"", ""HIGH"", ""LOW"", ""HIGH"", ""LOW"", ""LOW"", ""LOW"", ""HIGH""], ""touch_count"": 10, ""upper_price"": 126.3, ""zone_type"": ""RESISTANCE"", ""zone_width"": 0.6499999999999915, ""zone_width_ratio"": 0.005159917758849191}, ""support_zone"": {""current_zone_type"": ""SUPPORT"", ""first_touch_index"": 8, ""formed_at_index"": 93, ""is_significant_single_extreme"": false, ""last_touch_index"": 93, ""lower_price"": 125.01, ""mid_price"": 125.26124999999999, ""original_zone_type"": ""SUPPORT"", ""positional_zone_type"": ""RESISTANCE"", ""role_changed_at_index"": null, ""source_indexes"": [8, 14, 20, 35, 62, 73, 89, 93], ""source_point_types"": [""LOW"", ""LOW"", ""LOW"", ""LOW"", ""LOW"", ""HIGH"", ""HIGH"", ""HIGH""], ""touch_count"": 8, ""upper_price"": 125.53, ""zone_type"": ""SUPPORT"", ""zone_width"": 0.519999999999996, ""zone_width_ratio"": 0.004151323733397169}, ""touch_count"": 18, ""upper_boundary"": 126.3, ""width"": 1.289999999999992, ""width_ratio"": 0.010266205085352689}","{""low_strength"": false, ""range_trend_conflict"": false, ""structure"": ""SIDEWAYS_STRUCTURE""}","{""summary"": ""no unresolved directional MTF conflict detected""}","{""adx"": null, ""bearish_votes"": 0, ""bullish_votes"": 0, ""direction"": ""NEUTRAL"", ""reason"": """", ""strength"": ""UNAVAILABLE""}","{""nearest_resistance"": null, ""nearest_support"": null, ""observable"": false}",,False,False,False,"[""RESEARCH_CAUSAL_CONFIRMATION_RULE"", ""RESEARCH_INDICATOR_CAUSAL_LINK"", ""RESEARCH_MTF_CONTEXT_FIELDS"", ""RESEARCH_RANGE_TREND_RESOLUTION"", ""RESEARCH_ZONE_PROXIMITY_FIELDS""]"
ethusdt_15m_flat_003,ETHUSDT,2026-01-03T23:45:00+00:00,15m,reports/engine_trend/hypothesis_replay/json/ethusdt_15m_flat_003.json,FLAT,FLAT,"{""confirmation_index"": null, ""direction"": ""FLAT"", ""hypothesis_id"": ""hypothesis:confirmed_range"", ""hypothesis_type"": ""CONFIRMED_RANGE"", ""reason_codes"": [""HYPOTHESIS_RANGE_STRUCTURE_CONFIRMED"", ""HYPOTHESIS_SECONDARY_FLAT_CONTEXT_CONFIRMED"", ""HYPOTHESIS_RANGE_BOUNDARIES_HELD""], ""score"": 0.6410714285714286, ""status"": ""CONFIRMED"", ""supporting_event_ids"": [], ""trigger_index"": 86}","{""CANCELLED"": 0, ""CONFIRMED"": 1, ""CONFLICTED"": 0, ""INVALIDATED"": 0, ""PENDING"": 0}",True,False,"[""CONFIRMED_RANGE_CONTEXT""]","[""CONFIRMED_RANGE_CONTEXT"", ""PRICE_CONTEXT_NOT_OBSERVABLE"", ""ZONE_PROXIMITY_NOT_OBSERVABLE"", ""INDICATOR_CONTEXT_NOT_OBSERVABLE"", ""MTF_CONTEXT_NOT_OBSERVABLE"", ""SETUP_BLOCKED_BY_NO_ACTION""]","[""NOT_OBSERVABLE"", ""NO_ACTION"", ""RANGE_TREND""]","[""breakout"", ""hypotheses"", ""range"", ""zones""]","[""indicator_pressure"", ""multi_timeframe"", ""price_context"", ""zone_proximity""]",NOT_OBSERVABLE_SEPARATE_FROM_FALSE,"{""boundary_alternation_count"": 2, ""duration_candles"": 84, ""first_touch_index"": 3, ""formed_at_index"": 86, ""inside_close_ratio"": 0.9642857142857143, ""is_detected"": true, ""lower_boundary"": 3091.96, ""midline"": 3114.335, ""resistance_zone"": {""current_zone_type"": ""RESISTANCE"", ""first_touch_index"": 3, ""formed_at_index"": 86, ""is_significant_single_extreme"": false, ""last_touch_index"": 86, ""lower_price"": 3127.79, ""mid_price"": 3130.968, ""original_zone_type"": ""RESISTANCE"", ""positional_zone_type"": ""RESISTANCE"", ""role_changed_at_index"": null, ""source_indexes"": [3, 7, 11, 16, 86], ""source_point_types"": [""HIGH"", ""HIGH"", ""HIGH"", ""HIGH"", ""HIGH""], ""touch_count"": 5, ""upper_price"": 3136.71, ""zone_type"": ""RESISTANCE"", ""zone_width"": 8.920000000000073, ""zone_width_ratio"": 0.002848959171732216}, ""support_zone"": {""current_zone_type"": ""SUPPORT"", ""first_touch_index"": 22, ""formed_at_index"": 80, ""is_significant_single_extreme"": false, ""last_touch_index"": 80, ""lower_price"": 3091.96, ""mid_price"": 3102.781764705882, ""original_zone_type"": ""SUPPORT"", ""positional_zone_type"": ""SUPPORT"", ""role_changed_at_index"": null, ""source_indexes"": [22, 33, 37, 38, 40, 42, 46, 47, 48, 60, 62, 65, 68, 70, 72, 77, 80], ""source_point_types"": [""LOW"", ""HIGH"", ""LOW"", ""HIGH"", ""LOW"", ""HIGH"", ""LOW"", ""HIGH"", ""LOW"", ""LOW"", ""HIGH"", ""LOW"", ""LOW"", ""HIGH"", ""LOW"", ""LOW"", ""LOW""], ""touch_count"": 17, ""upper_price"": 3110.56, ""zone_type"": ""SUPPORT"", ""zone_width"": 18.59999999999991, ""zone_width_ratio"": 0.0059946207662990554}, ""touch_count"": 22, ""upper_boundary"": 3136.71, ""width"": 44.75, ""width_ratio"": 0.0143690386551222}","{""low_strength"": false, ""range_trend_conflict"": false, ""structure"": ""SIDEWAYS_STRUCTURE""}","{""summary"": ""no unresolved directional MTF conflict detected""}","{""adx"": null, ""bearish_votes"": 0, ""bullish_votes"": 0, ""direction"": ""NEUTRAL"", ""reason"": """", ""strength"": ""UNAVAILABLE""}","{""nearest_resistance"": null, ""nearest_support"": null, ""observable"": false}",,False,False,False,"[""RESEARCH_INDICATOR_CAUSAL_LINK"", ""RESEARCH_MTF_CONTEXT_FIELDS"", ""RESEARCH_RANGE_TREND_RESOLUTION"", ""RESEARCH_ZONE_PROXIMITY_FIELDS""]"
btcusdt_15m_down_003,BTCUSDT,2026-01-31T23:45:00+00:00,15m,reports/engine_trend/hypothesis_replay/json/btcusdt_15m_down_003.json,UNKNOWN,UNKNOWN,,"{""CANCELLED"": 0, ""CONFIRMED"": 0, ""CONFLICTED"": 1, ""INVALIDATED"": 0, ""PENDING"": 1}",True,True,"[""CONFIRMED_RANGE_CONTEXT"", ""NO_ACTION"", ""NO_CAUSAL_HYPOTHESIS"", ""WAIT_FOR_CONFIRMATION""]","[""NO_CONFIRMED_CAUSAL_HYPOTHESIS"", ""PENDING_AND_CONFLICTED_ONLY"", ""CONFIRMED_RANGE_CONTEXT"", ""PRICE_CONTEXT_NOT_OBSERVABLE"", ""ZONE_PROXIMITY_NOT_OBSERVABLE"", ""INDICATOR_CONTEXT_NOT_OBSERVABLE"", ""MTF_CONTEXT_NOT_OBSERVABLE"", ""SETUP_BLOCKED_BY_NO_ACTION"", ""WAITING_FOR_CONFIRMATION""]","[""HYPOTHESIS"", ""NOT_OBSERVABLE"", ""NO_ACTION"", ""RANGE_TREND""]","[""breakout"", ""hypotheses"", ""range"", ""zones""]","[""indicator_pressure"", ""multi_timeframe"", ""price_context"", ""zone_proximity""]",NOT_OBSERVABLE_SEPARATE_FROM_FALSE,"{""boundary_alternation_count"": 7, ""duration_candles"": 31, ""first_touch_index"": 2, ""formed_at_index"": 32, ""inside_close_ratio"": 0.9032258064516129, ""is_detected"": true, ""lower_boundary"": 83629.08, ""midline"": 83949.55, ""resistance_zone"": {""current_zone_type"": ""RESISTANCE"", ""first_touch_index"": 2, ""formed_at_index"": 22, ""is_significant_single_extreme"": false, ""last_touch_index"": 22, ""lower_price"": 84097.37, ""mid_price"": 84216.4025, ""original_zone_type"": ""RESISTANCE"", ""positional_zone_type"": ""RESISTANCE"", ""role_changed_at_index"": null, ""source_indexes"": [2, 4, 13, 22], ""source_point_types"": [""HIGH"", ""HIGH"", ""HIGH"", ""HIGH""], ""touch_count"": 4, ""upper_price"": 84270.02, ""zone_type"": ""RESISTANCE"", ""zone_width"": 172.65000000000873, ""zone_width_ratio"": 0.0020500756963586606}, ""support_zone"": {""current_zone_type"": ""SUPPORT"", ""first_touch_index"": 3, ""formed_at_index"": 32, ""is_significant_single_extreme"": false, ""last_touch_index"": 32, ""lower_price"": 83629.08, ""mid_price"": 83808.1, ""original_zone_type"": ""SUPPORT"", ""positional_zone_type"": ""RESISTANCE"", ""role_changed_at_index"": null, ""source_indexes"": [3, 10, 21, 25, 27, 32], ""source_point_types"": [""LOW"", ""LOW"", ""LOW"", ""LOW"", ""HIGH"", ""HIGH""], ""touch_count"": 6, ""upper_price"": 84014.01, ""zone_type"": ""SUPPORT"", ""zone_width"": 384.929999999993, ""zone_width_ratio"": 0.004592992801411713}, ""touch_count"": 10, ""upper_boundary"": 84270.02, ""width"": 640.9400000000023, ""width_ratio"": 0.0076348235338962785}","{""low_strength"": false, ""range_trend_conflict"": false, ""structure"": ""SIDEWAYS_STRUCTURE""}","{""summary"": ""no unresolved directional MTF conflict detected""}","{""adx"": null, ""bearish_votes"": 0, ""bullish_votes"": 0, ""direction"": ""NEUTRAL"", ""reason"": """", ""strength"": ""UNAVAILABLE""}","{""nearest_resistance"": null, ""nearest_support"": null, ""observable"": false}",,False,False,False,"[""RESEARCH_CAUSAL_CONFIRMATION_RULE"", ""RESEARCH_INDICATOR_CAUSAL_LINK"", ""RESEARCH_MTF_CONTEXT_FIELDS"", ""RESEARCH_RANGE_TREND_RESOLUTION"", ""RESEARCH_ZONE_PROXIMITY_FIELDS""]"
btc_15m_expected_down_001,BTCUSDT,2026-02-05T23:45:00+00:00,15m,reports/engine_trend/hypothesis_replay/json/btc_15m_expected_down_001.json,UNKNOWN,UNKNOWN,,"{""CANCELLED"": 0, ""CONFIRMED"": 0, ""CONFLICTED"": 1, ""INVALIDATED"": 0, ""PENDING"": 1}",True,True,"[""CONFIRMED_RANGE_CONTEXT"", ""NO_ACTION"", ""NO_CAUSAL_HYPOTHESIS"", ""WAIT_FOR_CONFIRMATION""]","[""NO_CONFIRMED_CAUSAL_HYPOTHESIS"", ""PENDING_AND_CONFLICTED_ONLY"", ""CONFIRMED_RANGE_CONTEXT"", ""PRICE_CONTEXT_NOT_OBSERVABLE"", ""ZONE_PROXIMITY_NOT_OBSERVABLE"", ""INDICATOR_CONTEXT_NOT_OBSERVABLE"", ""MTF_CONTEXT_NOT_OBSERVABLE"", ""SETUP_BLOCKED_BY_NO_ACTION"", ""WAITING_FOR_CONFIRMATION""]","[""HYPOTHESIS"", ""NOT_OBSERVABLE"", ""NO_ACTION"", ""RANGE_TREND""]","[""breakout"", ""hypotheses"", ""range"", ""zones""]","[""indicator_pressure"", ""multi_timeframe"", ""price_context"", ""zone_proximity""]",NOT_OBSERVABLE_SEPARATE_FROM_FALSE,"{""boundary_alternation_count"": 3, ""duration_candles"": 48, ""first_touch_index"": 9, ""formed_at_index"": 56, ""inside_close_ratio"": 0.7083333333333334, ""is_detected"": true, ""lower_boundary"": 70140.0, ""midline"": 70933.39499999999, ""resistance_zone"": {""current_zone_type"": ""RESISTANCE"", ""first_touch_index"": 9, ""formed_at_index"": 42, ""is_significant_single_extreme"": false, ""last_touch_index"": 42, ""lower_price"": 71311.44, ""mid_price"": 71548.50833333333, ""original_zone_type"": ""RESISTANCE"", ""positional_zone_type"": ""RESISTANCE"", ""role_changed_at_index"": null, ""source_indexes"": [9, 18, 28, 34, 40, 42], ""source_point_types"": [""LOW"", ""HIGH"", ""HIGH"", ""HIGH"", ""LOW"", ""HIGH""], ""touch_count"": 6, ""upper_price"": 71726.79, ""zone_type"": ""RESISTANCE"", ""zone_width"": 415.34999999999127, ""zone_width_ratio"": 0.005805152471732051}, ""support_zone"": {""current_zone_type"": ""SUPPORT"", ""first_touch_index"": 21, ""formed_at_index"": 56, ""is_significant_single_extreme"": false, ""last_touch_index"": 56, ""lower_price"": 70140.0, ""mid_price"": 70295.55666666666, ""original_zone_type"": ""SUPPORT"", ""positional_zone_type"": ""RESISTANCE"", ""role_changed_at_index"": null, ""source_indexes"": [21, 25, 56], ""source_point_types"": [""LOW"", ""LOW"", ""HIGH""], ""touch_count"": 3, ""upper_price"": 70434.05, ""zone_type"": ""SUPPORT"", ""zone_width"": 294.0500000000029, ""zone_width_ratio"": 0.00418305244233791}, ""touch_count"": 9, ""upper_boundary"": 71726.79, ""width"": 1586.7899999999936, ""width_ratio"": 0.022370140326710624}","{""low_strength"": false, ""range_trend_conflict"": false, ""structure"": ""SIDEWAYS_STRUCTURE""}","{""summary"": ""no unresolved directional MTF conflict detected""}","{""adx"": null, ""bearish_votes"": 0, ""bullish_votes"": 0, ""direction"": ""NEUTRAL"", ""reason"": """", ""strength"": ""UNAVAILABLE""}","{""nearest_resistance"": null, ""nearest_support"": null, ""observable"": false}",,False,False,False,"[""RESEARCH_CAUSAL_CONFIRMATION_RULE"", ""RESEARCH_INDICATOR_CAUSAL_LINK"", ""RESEARCH_MTF_CONTEXT_FIELDS"", ""RESEARCH_RANGE_TREND_RESOLUTION"", ""RESEARCH_ZONE_PROXIMITY_FIELDS""]"
btcusdt_15m_down_001,BTCUSDT,2026-02-05T23:45:00+00:00,15m,reports/engine_trend/hypothesis_replay/json/btcusdt_15m_down_001.json,UNKNOWN,UNKNOWN,,"{""CANCELLED"": 0, ""CONFIRMED"": 0, ""CONFLICTED"": 1, ""INVALIDATED"": 0, ""PENDING"": 1}",True,True,"[""CONFIRMED_RANGE_CONTEXT"", ""NO_ACTION"", ""NO_CAUSAL_HYPOTHESIS"", ""WAIT_FOR_CONFIRMATION""]","[""NO_CONFIRMED_CAUSAL_HYPOTHESIS"", ""PENDING_AND_CONFLICTED_ONLY"", ""CONFIRMED_RANGE_CONTEXT"", ""PRICE_CONTEXT_NOT_OBSERVABLE"", ""ZONE_PROXIMITY_NOT_OBSERVABLE"", ""INDICATOR_CONTEXT_NOT_OBSERVABLE"", ""MTF_CONTEXT_NOT_OBSERVABLE"", ""SETUP_BLOCKED_BY_NO_ACTION"", ""WAITING_FOR_CONFIRMATION""]","[""HYPOTHESIS"", ""NOT_OBSERVABLE"", ""NO_ACTION"", ""RANGE_TREND""]","[""breakout"", ""hypotheses"", ""range"", ""zones""]","[""indicator_pressure"", ""multi_timeframe"", ""price_context"", ""zone_proximity""]",NOT_OBSERVABLE_SEPARATE_FROM_FALSE,"{""boundary_alternation_count"": 3, ""duration_candles"": 48, ""first_touch_index"": 9, ""formed_at_index"": 56, ""inside_close_ratio"": 0.7083333333333334, ""is_detected"": true, ""lower_boundary"": 70140.0, ""midline"": 70933.39499999999, ""resistance_zone"": {""current_zone_type"": ""RESISTANCE"", ""first_touch_index"": 9, ""formed_at_index"": 42, ""is_significant_single_extreme"": false, ""last_touch_index"": 42, ""lower_price"": 71311.44, ""mid_price"": 71548.50833333333, ""original_zone_type"": ""RESISTANCE"", ""positional_zone_type"": ""RESISTANCE"", ""role_changed_at_index"": null, ""source_indexes"": [9, 18, 28, 34, 40, 42], ""source_point_types"": [""LOW"", ""HIGH"", ""HIGH"", ""HIGH"", ""LOW"", ""HIGH""], ""touch_count"": 6, ""upper_price"": 71726.79, ""zone_type"": ""RESISTANCE"", ""zone_width"": 415.34999999999127, ""zone_width_ratio"": 0.005805152471732051}, ""support_zone"": {""current_zone_type"": ""SUPPORT"", ""first_touch_index"": 21, ""formed_at_index"": 56, ""is_significant_single_extreme"": false, ""last_touch_index"": 56, ""lower_price"": 70140.0, ""mid_price"": 70295.55666666666, ""original_zone_type"": ""SUPPORT"", ""positional_zone_type"": ""RESISTANCE"", ""role_changed_at_index"": null, ""source_indexes"": [21, 25, 56], ""source_point_types"": [""LOW"", ""LOW"", ""HIGH""], ""touch_count"": 3, ""upper_price"": 70434.05, ""zone_type"": ""SUPPORT"", ""zone_width"": 294.0500000000029, ""zone_width_ratio"": 0.00418305244233791}, ""touch_count"": 9, ""upper_boundary"": 71726.79, ""width"": 1586.7899999999936, ""width_ratio"": 0.022370140326710624}","{""low_strength"": false, ""range_trend_conflict"": false, ""structure"": ""SIDEWAYS_STRUCTURE""}","{""summary"": ""no unresolved directional MTF conflict detected""}","{""adx"": null, ""bearish_votes"": 0, ""bullish_votes"": 0, ""direction"": ""NEUTRAL"", ""reason"": """", ""strength"": ""UNAVAILABLE""}","{""nearest_resistance"": null, ""nearest_support"": null, ""observable"": false}",,False,False,False,"[""RESEARCH_CAUSAL_CONFIRMATION_RULE"", ""RESEARCH_INDICATOR_CAUSAL_LINK"", ""RESEARCH_MTF_CONTEXT_FIELDS"", ""RESEARCH_RANGE_TREND_RESOLUTION"", ""RESEARCH_ZONE_PROXIMITY_FIELDS""]"
eth_15m_expected_down_001,ETHUSDT,2026-02-05T23:45:00+00:00,15m,reports/engine_trend/hypothesis_replay/json/eth_15m_expected_down_001.json,UNKNOWN,UNKNOWN,,"{""CANCELLED"": 0, ""CONFIRMED"": 0, ""CONFLICTED"": 0, ""INVALIDATED"": 0, ""PENDING"": 0}",True,True,"[""LOCAL_RANGE_UNCONFIRMED"", ""NO_ACTION"", ""NO_CAUSAL_HYPOTHESIS"", ""WAIT_FOR_CONFIRMATION""]","[""NO_CONFIRMED_CAUSAL_HYPOTHESIS"", ""LOCAL_RANGE_UNCONFIRMED"", ""PRICE_CONTEXT_NOT_OBSERVABLE"", ""ZONE_PROXIMITY_NOT_OBSERVABLE"", ""INDICATOR_CONTEXT_NOT_OBSERVABLE"", ""MTF_CONTEXT_NOT_OBSERVABLE"", ""SETUP_BLOCKED_BY_NO_ACTION"", ""WAITING_FOR_CONFIRMATION""]","[""HYPOTHESIS"", ""NOT_OBSERVABLE"", ""NO_ACTION"", ""RANGE_TREND""]","[""breakout"", ""hypotheses"", ""range"", ""zones""]","[""indicator_pressure"", ""multi_timeframe"", ""price_context"", ""zone_proximity""]",NOT_OBSERVABLE_SEPARATE_FROM_FALSE,"{""boundary_alternation_count"": 5, ""duration_candles"": 54, ""first_touch_index"": 5, ""formed_at_index"": 58, ""inside_close_ratio"": 0.24074074074074073, ""is_detected"": false, ""lower_boundary"": 2106.51, ""midline"": 2115.885, ""resistance_zone"": {""current_zone_type"": ""RESISTANCE"", ""first_touch_index"": 5, ""formed_at_index"": 40, ""is_significant_single_extreme"": false, ""last_touch_index"": 40, ""lower_price"": 2121.27, ""mid_price"": 2123.336666666667, ""original_zone_type"": ""RESISTANCE"", ""positional_zone_type"": ""RESISTANCE"", ""role_changed_at_index"": null, ""source_indexes"": [5, 18, 22, 29, 34, 40], ""source_point_types"": [""LOW"", ""HIGH"", ""HIGH"", ""HIGH"", ""HIGH"", ""LOW""], ""touch_count"": 6, ""upper_price"": 2125.26, ""zone_type"": ""RESISTANCE"", ""zone_width"": 3.9900000000002365, ""zone_width_ratio"": 0.001879117929171337}, ""support_zone"": {""current_zone_type"": ""SUPPORT"", ""first_touch_index"": 9, ""formed_at_index"": 58, ""is_significant_single_extreme"": false, ""last_touch_index"": 58, ""lower_price"": 2106.51, ""mid_price"": 2109.6066666666666, ""original_zone_type"": ""SUPPORT"", ""positional_zone_type"": ""RESISTANCE"", ""role_changed_at_index"": null, ""source_indexes"": [9, 35, 58], ""source_point_types"": [""LOW"", ""LOW"", ""HIGH""], ""touch_count"": 3, ""upper_price"": 2113.32, ""zone_type"": ""SUPPORT"", ""zone_width"": 6.809999999999945, ""zone_width_ratio"": 0.0032280899124955105}, ""touch_count"": 9, ""upper_boundary"": 2125.26, ""width"": 18.75, ""width_ratio"": 0.008861540206580224}","{""low_strength"": false, ""range_trend_conflict"": false, ""structure"": ""SIDEWAYS_STRUCTURE""}","{""summary"": ""no unresolved directional MTF conflict detected""}","{""adx"": null, ""bearish_votes"": 0, ""bullish_votes"": 0, ""direction"": ""NEUTRAL"", ""reason"": """", ""strength"": ""UNAVAILABLE""}","{""nearest_resistance"": null, ""nearest_support"": null, ""observable"": false}",,False,False,False,"[""RESEARCH_CAUSAL_CONFIRMATION_RULE"", ""RESEARCH_INDICATOR_CAUSAL_LINK"", ""RESEARCH_MTF_CONTEXT_FIELDS"", ""RESEARCH_RANGE_TREND_RESOLUTION"", ""RESEARCH_ZONE_PROXIMITY_FIELDS""]"
ethusdt_15m_down_001,ETHUSDT,2026-02-05T23:45:00+00:00,15m,reports/engine_trend/hypothesis_replay/json/ethusdt_15m_down_001.json,UNKNOWN,UNKNOWN,,"{""CANCELLED"": 0, ""CONFIRMED"": 0, ""CONFLICTED"": 0, ""INVALIDATED"": 0, ""PENDING"": 0}",True,True,"[""LOCAL_RANGE_UNCONFIRMED"", ""NO_ACTION"", ""NO_CAUSAL_HYPOTHESIS"", ""WAIT_FOR_CONFIRMATION""]","[""NO_CONFIRMED_CAUSAL_HYPOTHESIS"", ""LOCAL_RANGE_UNCONFIRMED"", ""PRICE_CONTEXT_NOT_OBSERVABLE"", ""ZONE_PROXIMITY_NOT_OBSERVABLE"", ""INDICATOR_CONTEXT_NOT_OBSERVABLE"", ""MTF_CONTEXT_NOT_OBSERVABLE"", ""SETUP_BLOCKED_BY_NO_ACTION"", ""WAITING_FOR_CONFIRMATION""]","[""HYPOTHESIS"", ""NOT_OBSERVABLE"", ""NO_ACTION"", ""RANGE_TREND""]","[""breakout"", ""hypotheses"", ""range"", ""zones""]","[""indicator_pressure"", ""multi_timeframe"", ""price_context"", ""zone_proximity""]",NOT_OBSERVABLE_SEPARATE_FROM_FALSE,"{""boundary_alternation_count"": 5, ""duration_candles"": 54, ""first_touch_index"": 5, ""formed_at_index"": 58, ""inside_close_ratio"": 0.24074074074074073, ""is_detected"": false, ""lower_boundary"": 2106.51, ""midline"": 2115.885, ""resistance_zone"": {""current_zone_type"": ""RESISTANCE"", ""first_touch_index"": 5, ""formed_at_index"": 40, ""is_significant_single_extreme"": false, ""last_touch_index"": 40, ""lower_price"": 2121.27, ""mid_price"": 2123.336666666667, ""original_zone_type"": ""RESISTANCE"", ""positional_zone_type"": ""RESISTANCE"", ""role_changed_at_index"": null, ""source_indexes"": [5, 18, 22, 29, 34, 40], ""source_point_types"": [""LOW"", ""HIGH"", ""HIGH"", ""HIGH"", ""HIGH"", ""LOW""], ""touch_count"": 6, ""upper_price"": 2125.26, ""zone_type"": ""RESISTANCE"", ""zone_width"": 3.9900000000002365, ""zone_width_ratio"": 0.001879117929171337}, ""support_zone"": {""current_zone_type"": ""SUPPORT"", ""first_touch_index"": 9, ""formed_at_index"": 58, ""is_significant_single_extreme"": false, ""last_touch_index"": 58, ""lower_price"": 2106.51, ""mid_price"": 2109.6066666666666, ""original_zone_type"": ""SUPPORT"", ""positional_zone_type"": ""RESISTANCE"", ""role_changed_at_index"": null, ""source_indexes"": [9, 35, 58], ""source_point_types"": [""LOW"", ""LOW"", ""HIGH""], ""touch_count"": 3, ""upper_price"": 2113.32, ""zone_type"": ""SUPPORT"", ""zone_width"": 6.809999999999945, ""zone_width_ratio"": 0.0032280899124955105}, ""touch_count"": 9, ""upper_boundary"": 2125.26, ""width"": 18.75, ""width_ratio"": 0.008861540206580224}","{""low_strength"": false, ""range_trend_conflict"": false, ""structure"": ""SIDEWAYS_STRUCTURE""}","{""summary"": ""no unresolved directional MTF conflict detected""}","{""adx"": null, ""bearish_votes"": 0, ""bullish_votes"": 0, ""direction"": ""NEUTRAL"", ""reason"": """", ""strength"": ""UNAVAILABLE""}","{""nearest_resistance"": null, ""nearest_support"": null, ""observable"": false}",,False,False,False,"[""RESEARCH_CAUSAL_CONFIRMATION_RULE"", ""RESEARCH_INDICATOR_CAUSAL_LINK"", ""RESEARCH_MTF_CONTEXT_FIELDS"", ""RESEARCH_RANGE_TREND_RESOLUTION"", ""RESEARCH_ZONE_PROXIMITY_FIELDS""]"
solusdt_15m_down_003,SOLUSDT,2026-02-05T23:45:00+00:00,15m,reports/engine_trend/hypothesis_replay/json/solusdt_15m_down_003.json,UNKNOWN,UNKNOWN,,"{""CANCELLED"": 0, ""CONFIRMED"": 0, ""CONFLICTED"": 1, ""INVALIDATED"": 0, ""PENDING"": 1}",True,True,"[""CONFIRMED_RANGE_CONTEXT"", ""NO_ACTION"", ""NO_CAUSAL_HYPOTHESIS"", ""WAIT_FOR_CONFIRMATION""]","[""NO_CONFIRMED_CAUSAL_HYPOTHESIS"", ""PENDING_AND_CONFLICTED_ONLY"", ""CONFIRMED_RANGE_CONTEXT"", ""PRICE_CONTEXT_NOT_OBSERVABLE"", ""ZONE_PROXIMITY_NOT_OBSERVABLE"", ""INDICATOR_CONTEXT_NOT_OBSERVABLE"", ""MTF_CONTEXT_NOT_OBSERVABLE"", ""SETUP_BLOCKED_BY_NO_ACTION"", ""WAITING_FOR_CONFIRMATION""]","[""HYPOTHESIS"", ""NOT_OBSERVABLE"", ""NO_ACTION"", ""RANGE_TREND""]","[""breakout"", ""hypotheses"", ""range"", ""zones""]","[""indicator_pressure"", ""multi_timeframe"", ""price_context"", ""zone_proximity""]",NOT_OBSERVABLE_SEPARATE_FROM_FALSE,"{""boundary_alternation_count"": 3, ""duration_candles"": 52, ""first_touch_index"": 1, ""formed_at_index"": 52, ""inside_close_ratio"": 0.8076923076923077, ""is_detected"": true, ""lower_boundary"": 90.06, ""midline"": 91.475, ""resistance_zone"": {""current_zone_type"": ""RESISTANCE"", ""first_touch_index"": 1, ""formed_at_index"": 41, ""is_significant_single_extreme"": false, ""last_touch_index"": 41, ""lower_price"": 92.46, ""mid_price"": 92.69800000000001, ""original_zone_type"": ""RESISTANCE"", ""positional_zone_type"": ""RESISTANCE"", ""role_changed_at_index"": null, ""source_indexes"": [1, 6, 10, 34, 41], ""source_point_types"": [""HIGH"", ""HIGH"", ""HIGH"", ""HIGH"", ""HIGH""], ""touch_count"": 5, ""upper_price"": 92.89, ""zone_type"": ""RESISTANCE"", ""zone_width"": 0.4300000000000068, ""zone_width_ratio"": 0.004638719281969479}, ""support_zone"": {""current_zone_type"": ""SUPPORT"", ""first_touch_index"": 13, ""formed_at_index"": 52, ""is_significant_single_extreme"": false, ""last_touch_index"": 52, ""lower_price"": 90.06, ""mid_price"": 90.2475, ""original_zone_type"": ""SUPPORT"", ""positional_zone_type"": ""RESISTANCE"", ""role_changed_at_index"": null, ""source_indexes"": [13, 17, 31, 52], ""source_point_types"": [""LOW"", ""LOW"", ""LOW"", ""HIGH""], ""touch_count"": 4, ""upper_price"": 90.37, ""zone_type"": ""SUPPORT"", ""zone_width"": 0.3100000000000023, ""zone_width_ratio"": 0.00343499819939613}, ""touch_count"": 9, ""upper_boundary"": 92.89, ""width"": 2.8299999999999983, ""width_ratio"": 0.03093741459415139}","{""low_strength"": false, ""range_trend_conflict"": false, ""structure"": ""SIDEWAYS_STRUCTURE""}","{""summary"": ""no unresolved directional MTF conflict detected""}","{""adx"": null, ""bearish_votes"": 0, ""bullish_votes"": 0, ""direction"": ""NEUTRAL"", ""reason"": """", ""strength"": ""UNAVAILABLE""}","{""nearest_resistance"": null, ""nearest_support"": null, ""observable"": false}",,False,False,False,"[""RESEARCH_CAUSAL_CONFIRMATION_RULE"", ""RESEARCH_INDICATOR_CAUSAL_LINK"", ""RESEARCH_MTF_CONTEXT_FIELDS"", ""RESEARCH_RANGE_TREND_RESOLUTION"", ""RESEARCH_ZONE_PROXIMITY_FIELDS""]"
btc_15m_expected_up_001,BTCUSDT,2026-02-06T23:45:00+00:00,15m,reports/engine_trend/hypothesis_replay/json/btc_15m_expected_up_001.json,UNKNOWN,UNKNOWN,,"{""CANCELLED"": 0, ""CONFIRMED"": 0, ""CONFLICTED"": 0, ""INVALIDATED"": 0, ""PENDING"": 0}",True,True,"[""LOCAL_RANGE_UNCONFIRMED"", ""NO_ACTION"", ""NO_CAUSAL_HYPOTHESIS"", ""WAIT_FOR_CONFIRMATION""]","[""NO_CONFIRMED_CAUSAL_HYPOTHESIS"", ""LOCAL_RANGE_UNCONFIRMED"", ""PRICE_CONTEXT_NOT_OBSERVABLE"", ""ZONE_PROXIMITY_NOT_OBSERVABLE"", ""INDICATOR_CONTEXT_NOT_OBSERVABLE"", ""MTF_CONTEXT_NOT_OBSERVABLE"", ""SETUP_BLOCKED_BY_NO_ACTION"", ""WAITING_FOR_CONFIRMATION""]","[""HYPOTHESIS"", ""NOT_OBSERVABLE"", ""NO_ACTION"", ""RANGE_TREND""]","[""breakout"", ""hypotheses"", ""range"", ""zones""]","[""indicator_pressure"", ""multi_timeframe"", ""price_context"", ""zone_proximity""]",NOT_OBSERVABLE_SEPARATE_FROM_FALSE,"{""boundary_alternation_count"": 5, ""duration_candles"": 38, ""first_touch_index"": 23, ""formed_at_index"": 60, ""inside_close_ratio"": 0.18421052631578946, ""is_detected"": false, ""lower_boundary"": 66629.36, ""midline"": 67200.68, ""resistance_zone"": {""current_zone_type"": ""RESISTANCE"", ""first_touch_index"": 53, ""formed_at_index"": 60, ""is_significant_single_extreme"": false, ""last_touch_index"": 60, ""lower_price"": 67499.97, ""mid_price"": 67654.22333333333, ""original_zone_type"": ""RESISTANCE"", ""positional_zone_type"": ""SUPPORT"", ""role_changed_at_index"": null, ""source_indexes"": [53, 55, 60], ""source_point_types"": [""HIGH"", ""HIGH"", ""LOW""], ""touch_count"": 3, ""upper_price"": 67772.0, ""zone_type"": ""RESISTANCE"", ""zone_width"": 272.02999999999884, ""zone_width_ratio"": 0.004020887190733136}, ""support_zone"": {""current_zone_type"": ""SUPPORT"", ""first_touch_index"": 23, ""formed_at_index"": 57, ""is_significant_single_extreme"": false, ""last_touch_index"": 57, ""lower_price"": 66629.36, ""mid_price"": 66753.7775, ""original_zone_type"": ""SUPPORT"", ""positional_zone_type"": ""SUPPORT"", ""role_changed_at_index"": null, ""source_indexes"": [23, 47, 54, 57], ""source_point_types"": [""HIGH"", ""HIGH"", ""LOW"", ""LOW""], ""touch_count"": 4, ""upper_price"": 66826.5, ""zone_type"": ""SUPPORT"", ""zone_width"": 197.13999999999942, ""zone_width_ratio"": 0.0029532411105873285}, ""touch_count"": 7, ""upper_boundary"": 67772.0, ""width"": 1142.6399999999994, ""width_ratio"": 0.017003399370363506}","{""low_strength"": false, ""range_trend_conflict"": false, ""structure"": ""SIDEWAYS_STRUCTURE""}","{""summary"": ""no unresolved directional MTF conflict detected""}","{""adx"": null, ""bearish_votes"": 0, ""bullish_votes"": 0, ""direction"": ""NEUTRAL"", ""reason"": """", ""strength"": ""UNAVAILABLE""}","{""nearest_resistance"": null, ""nearest_support"": null, ""observable"": false}",,False,False,False,"[""RESEARCH_CAUSAL_CONFIRMATION_RULE"", ""RESEARCH_INDICATOR_CAUSAL_LINK"", ""RESEARCH_MTF_CONTEXT_FIELDS"", ""RESEARCH_RANGE_TREND_RESOLUTION"", ""RESEARCH_ZONE_PROXIMITY_FIELDS""]"
btcusdt_15m_up_001,BTCUSDT,2026-02-06T23:45:00+00:00,15m,reports/engine_trend/hypothesis_replay/json/btcusdt_15m_up_001.json,UNKNOWN,UNKNOWN,,"{""CANCELLED"": 0, ""CONFIRMED"": 0, ""CONFLICTED"": 0, ""INVALIDATED"": 0, ""PENDING"": 0}",True,True,"[""LOCAL_RANGE_UNCONFIRMED"", ""NO_ACTION"", ""NO_CAUSAL_HYPOTHESIS"", ""WAIT_FOR_CONFIRMATION""]","[""NO_CONFIRMED_CAUSAL_HYPOTHESIS"", ""LOCAL_RANGE_UNCONFIRMED"", ""PRICE_CONTEXT_NOT_OBSERVABLE"", ""ZONE_PROXIMITY_NOT_OBSERVABLE"", ""INDICATOR_CONTEXT_NOT_OBSERVABLE"", ""MTF_CONTEXT_NOT_OBSERVABLE"", ""SETUP_BLOCKED_BY_NO_ACTION"", ""WAITING_FOR_CONFIRMATION""]","[""HYPOTHESIS"", ""NOT_OBSERVABLE"", ""NO_ACTION"", ""RANGE_TREND""]","[""breakout"", ""hypotheses"", ""range"", ""zones""]","[""indicator_pressure"", ""multi_timeframe"", ""price_context"", ""zone_proximity""]",NOT_OBSERVABLE_SEPARATE_FROM_FALSE,"{""boundary_alternation_count"": 5, ""duration_candles"": 38, ""first_touch_index"": 23, ""formed_at_index"": 60, ""inside_close_ratio"": 0.18421052631578946, ""is_detected"": false, ""lower_boundary"": 66629.36, ""midline"": 67200.68, ""resistance_zone"": {""current_zone_type"": ""RESISTANCE"", ""first_touch_index"": 53, ""formed_at_index"": 60, ""is_significant_single_extreme"": false, ""last_touch_index"": 60, ""lower_price"": 67499.97, ""mid_price"": 67654.22333333333, ""original_zone_type"": ""RESISTANCE"", ""positional_zone_type"": ""SUPPORT"", ""role_changed_at_index"": null, ""source_indexes"": [53, 55, 60], ""source_point_types"": [""HIGH"", ""HIGH"", ""LOW""], ""touch_count"": 3, ""upper_price"": 67772.0, ""zone_type"": ""RESISTANCE"", ""zone_width"": 272.02999999999884, ""zone_width_ratio"": 0.004020887190733136}, ""support_zone"": {""current_zone_type"": ""SUPPORT"", ""first_touch_index"": 23, ""formed_at_index"": 57, ""is_significant_single_extreme"": false, ""last_touch_index"": 57, ""lower_price"": 66629.36, ""mid_price"": 66753.7775, ""original_zone_type"": ""SUPPORT"", ""positional_zone_type"": ""SUPPORT"", ""role_changed_at_index"": null, ""source_indexes"": [23, 47, 54, 57], ""source_point_types"": [""HIGH"", ""HIGH"", ""LOW"", ""LOW""], ""touch_count"": 4, ""upper_price"": 66826.5, ""zone_type"": ""SUPPORT"", ""zone_width"": 197.13999999999942, ""zone_width_ratio"": 0.0029532411105873285}, ""touch_count"": 7, ""upper_boundary"": 67772.0, ""width"": 1142.6399999999994, ""width_ratio"": 0.017003399370363506}","{""low_strength"": false, ""range_trend_conflict"": false, ""structure"": ""SIDEWAYS_STRUCTURE""}","{""summary"": ""no unresolved directional MTF conflict detected""}","{""adx"": null, ""bearish_votes"": 0, ""bullish_votes"": 0, ""direction"": ""NEUTRAL"", ""reason"": """", ""strength"": ""UNAVAILABLE""}","{""nearest_resistance"": null, ""nearest_support"": null, ""observable"": false}",,False,False,False,"[""RESEARCH_CAUSAL_CONFIRMATION_RULE"", ""RESEARCH_INDICATOR_CAUSAL_LINK"", ""RESEARCH_MTF_CONTEXT_FIELDS"", ""RESEARCH_RANGE_TREND_RESOLUTION"", ""RESEARCH_ZONE_PROXIMITY_FIELDS""]"
solusdt_15m_mixed_002,SOLUSDT,2026-03-01T23:45:00+00:00,15m,reports/engine_trend/hypothesis_replay/json/solusdt_15m_mixed_002.json,UNKNOWN,UNKNOWN,,"{""CANCELLED"": 0, ""CONFIRMED"": 0, ""CONFLICTED"": 0, ""INVALIDATED"": 0, ""PENDING"": 0}",True,True,"[""LOCAL_RANGE_UNCONFIRMED"", ""NO_ACTION"", ""NO_CAUSAL_HYPOTHESIS"", ""WAIT_FOR_CONFIRMATION""]","[""NO_CONFIRMED_CAUSAL_HYPOTHESIS"", ""LOCAL_RANGE_UNCONFIRMED"", ""PRICE_CONTEXT_NOT_OBSERVABLE"", ""ZONE_PROXIMITY_NOT_OBSERVABLE"", ""INDICATOR_CONTEXT_NOT_OBSERVABLE"", ""MTF_CONTEXT_NOT_OBSERVABLE"", ""SETUP_BLOCKED_BY_NO_ACTION"", ""WAITING_FOR_CONFIRMATION""]","[""HYPOTHESIS"", ""NOT_OBSERVABLE"", ""NO_ACTION"", ""RANGE_TREND""]","[""breakout"", ""hypotheses"", ""range"", ""zones""]","[""indicator_pressure"", ""multi_timeframe"", ""price_context"", ""zone_proximity""]",NOT_OBSERVABLE_SEPARATE_FROM_FALSE,"{""boundary_alternation_count"": 3, ""duration_candles"": 94, ""first_touch_index"": 1, ""formed_at_index"": 94, ""inside_close_ratio"": 0.2978723404255319, ""is_detected"": false, ""lower_boundary"": 83.18, ""midline"": 84.095, ""resistance_zone"": {""current_zone_type"": ""RESISTANCE"", ""first_touch_index"": 1, ""formed_at_index"": 72, ""is_significant_single_extreme"": false, ""last_touch_index"": 72, ""lower_price"": 84.87, ""mid_price"": 84.96166666666666, ""original_zone_type"": ""RESISTANCE"", ""positional_zone_type"": ""RESISTANCE"", ""role_changed_at_index"": null, ""source_indexes"": [1, 3, 36, 43, 46, 72], ""source_point_types"": [""HIGH"", ""HIGH"", ""LOW"", ""LOW"", ""LOW"", ""HIGH""], ""touch_count"": 6, ""upper_price"": 85.01, ""zone_type"": ""RESISTANCE"", ""zone_width"": 0.14000000000000057, ""zone_width_ratio"": 0.0016478019498989808}, ""support_zone"": {""current_zone_type"": ""SUPPORT"", ""first_touch_index"": 69, ""formed_at_index"": 94, ""is_significant_single_extreme"": false, ""last_touch_index"": 94, ""lower_price"": 83.18, ""mid_price"": 83.27000000000001, ""original_zone_type"": ""SUPPORT"", ""positional_zone_type"": ""SUPPORT"", ""role_changed_at_index"": null, ""source_indexes"": [69, 94], ""source_point_types"": [""LOW"", ""LOW""], ""touch_count"": 2, ""upper_price"": 83.36, ""zone_type"": ""SUPPORT"", ""zone_width"": 0.1799999999999926, ""zone_width_ratio"": 0.0021616428485648205}, ""touch_count"": 8, ""upper_boundary"": 85.01, ""width"": 1.8299999999999983, ""width_ratio"": 0.02176110351388309}","{""low_strength"": false, ""range_trend_conflict"": false, ""structure"": ""SIDEWAYS_STRUCTURE""}","{""summary"": ""no unresolved directional MTF conflict detected""}","{""adx"": null, ""bearish_votes"": 0, ""bullish_votes"": 0, ""direction"": ""NEUTRAL"", ""reason"": """", ""strength"": ""UNAVAILABLE""}","{""nearest_resistance"": null, ""nearest_support"": null, ""observable"": false}",,False,False,False,"[""RESEARCH_CAUSAL_CONFIRMATION_RULE"", ""RESEARCH_INDICATOR_CAUSAL_LINK"", ""RESEARCH_MTF_CONTEXT_FIELDS"", ""RESEARCH_RANGE_TREND_RESOLUTION"", ""RESEARCH_ZONE_PROXIMITY_FIELDS""]"
solusdt_15m_flat_003,SOLUSDT,2026-04-24T23:45:00+00:00,15m,reports/engine_trend/hypothesis_replay/json/solusdt_15m_flat_003.json,FLAT,FLAT,"{""confirmation_index"": null, ""direction"": ""FLAT"", ""hypothesis_id"": ""hypothesis:confirmed_range"", ""hypothesis_type"": ""CONFIRMED_RANGE"", ""reason_codes"": [""HYPOTHESIS_RANGE_STRUCTURE_CONFIRMED"", ""HYPOTHESIS_SECONDARY_FLAT_CONTEXT_CONFIRMED"", ""HYPOTHESIS_RANGE_BOUNDARIES_HELD""], ""score"": 0.5595744680851065, ""status"": ""CONFIRMED"", ""supporting_event_ids"": [], ""trigger_index"": 94}","{""CANCELLED"": 0, ""CONFIRMED"": 1, ""CONFLICTED"": 0, ""INVALIDATED"": 0, ""PENDING"": 0}",True,False,"[""CONFIRMED_RANGE_CONTEXT""]","[""CONFIRMED_RANGE_CONTEXT"", ""PRICE_CONTEXT_NOT_OBSERVABLE"", ""ZONE_PROXIMITY_NOT_OBSERVABLE"", ""INDICATOR_CONTEXT_NOT_OBSERVABLE"", ""MTF_CONTEXT_NOT_OBSERVABLE"", ""SETUP_BLOCKED_BY_NO_ACTION""]","[""NOT_OBSERVABLE"", ""NO_ACTION"", ""RANGE_TREND""]","[""breakout"", ""hypotheses"", ""range"", ""zones""]","[""indicator_pressure"", ""multi_timeframe"", ""price_context"", ""zone_proximity""]",NOT_OBSERVABLE_SEPARATE_FROM_FALSE,"{""boundary_alternation_count"": 14, ""duration_candles"": 94, ""first_touch_index"": 1, ""formed_at_index"": 94, ""inside_close_ratio"": 0.6382978723404256, ""is_detected"": true, ""lower_boundary"": 85.82, ""midline"": 86.305, ""resistance_zone"": {""current_zone_type"": ""RESISTANCE"", ""first_touch_index"": 49, ""formed_at_index"": 80, ""is_significant_single_extreme"": false, ""last_touch_index"": 80, ""lower_price"": 86.46, ""mid_price"": 86.5842857142857, ""original_zone_type"": ""RESISTANCE"", ""positional_zone_type"": ""RESISTANCE"", ""role_changed_at_index"": null, ""source_indexes"": [49, 52, 64, 68, 71, 74, 80], ""source_point_types"": [""HIGH"", ""HIGH"", ""HIGH"", ""HIGH"", ""HIGH"", ""HIGH"", ""HIGH""], ""touch_count"": 7, ""upper_price"": 86.79, ""zone_type"": ""RESISTANCE"", ""zone_width"": 0.3300000000000125, ""zone_width_ratio"": 0.003811315151215311}, ""support_zone"": {""current_zone_type"": ""SUPPORT"", ""first_touch_index"": 1, ""formed_at_index"": 94, ""is_significant_single_extreme"": false, ""last_touch_index"": 94, ""lower_price"": 85.82, ""mid_price"": 86.13666666666664, ""original_zone_type"": ""SUPPORT"", ""positional_zone_type"": ""SUPPORT"", ""role_changed_at_index"": null, ""source_indexes"": [1, 6, 8, 23, 46, 47, 51, 58, 66, 70, 73, 78, 81, 93, 94], ""source_point_types"": [""HIGH"", ""LOW"", ""HIGH"", ""HIGH"", ""HIGH"", ""LOW"", ""LOW"", ""HIGH"", ""LOW"", ""LOW"", ""LOW"", ""LOW"", ""LOW"", ""LOW"", ""HIGH""], ""touch_count"": 15, ""upper_price"": 86.36, ""zone_type"": ""SUPPORT"", ""zone_width"": 0.5400000000000063, ""zone_width_ratio"": 0.006269107232692308}, ""touch_count"": 22, ""upper_boundary"": 86.79, ""width"": 0.9700000000000131, ""width_ratio"": 0.01123920977927134}","{""low_strength"": false, ""range_trend_conflict"": false, ""structure"": ""SIDEWAYS_STRUCTURE""}","{""summary"": ""no unresolved directional MTF conflict detected""}","{""adx"": null, ""bearish_votes"": 0, ""bullish_votes"": 0, ""direction"": ""NEUTRAL"", ""reason"": """", ""strength"": ""UNAVAILABLE""}","{""nearest_resistance"": null, ""nearest_support"": null, ""observable"": false}",,False,False,False,"[""RESEARCH_INDICATOR_CAUSAL_LINK"", ""RESEARCH_MTF_CONTEXT_FIELDS"", ""RESEARCH_RANGE_TREND_RESOLUTION"", ""RESEARCH_ZONE_PROXIMITY_FIELDS""]"
sol_15m_expected_flat_001,SOLUSDT,2026-04-25T23:45:00+00:00,15m,reports/engine_trend/hypothesis_replay/json/sol_15m_expected_flat_001.json,FLAT,FLAT,"{""confirmation_index"": null, ""direction"": ""FLAT"", ""hypothesis_id"": ""hypothesis:confirmed_range"", ""hypothesis_type"": ""CONFIRMED_RANGE"", ""reason_codes"": [""HYPOTHESIS_RANGE_STRUCTURE_CONFIRMED"", ""HYPOTHESIS_SECONDARY_FLAT_CONTEXT_CONFIRMED"", ""HYPOTHESIS_RANGE_BOUNDARIES_HELD""], ""score"": 0.5888888888888889, ""status"": ""CONFIRMED"", ""supporting_event_ids"": [], ""trigger_index"": 94}","{""CANCELLED"": 0, ""CONFIRMED"": 1, ""CONFLICTED"": 0, ""INVALIDATED"": 0, ""PENDING"": 0}",True,False,"[""CONFIRMED_RANGE_CONTEXT""]","[""CONFIRMED_RANGE_CONTEXT"", ""PRICE_CONTEXT_NOT_OBSERVABLE"", ""ZONE_PROXIMITY_NOT_OBSERVABLE"", ""INDICATOR_CONTEXT_NOT_OBSERVABLE"", ""MTF_CONTEXT_NOT_OBSERVABLE"", ""SETUP_BLOCKED_BY_NO_ACTION""]","[""NOT_OBSERVABLE"", ""NO_ACTION"", ""RANGE_TREND""]","[""breakout"", ""hypotheses"", ""range"", ""zones""]","[""indicator_pressure"", ""multi_timeframe"", ""price_context"", ""zone_proximity""]",NOT_OBSERVABLE_SEPARATE_FROM_FALSE,"{""boundary_alternation_count"": 12, ""duration_candles"": 90, ""first_touch_index"": 5, ""formed_at_index"": 94, ""inside_close_ratio"": 0.7555555555555555, ""is_detected"": true, ""lower_boundary"": 86.04, ""midline"": 86.42, ""resistance_zone"": {""current_zone_type"": ""RESISTANCE"", ""first_touch_index"": 16, ""formed_at_index"": 61, ""is_significant_single_extreme"": false, ""last_touch_index"": 61, ""lower_price"": 86.51, ""mid_price"": 86.63166666666667, ""original_zone_type"": ""RESISTANCE"", ""positional_zone_type"": ""RESISTANCE"", ""role_changed_at_index"": null, ""source_indexes"": [16, 27, 30, 34, 55, 61], ""source_point_types"": [""HIGH"", ""HIGH"", ""HIGH"", ""HIGH"", ""HIGH"", ""HIGH""], ""touch_count"": 6, ""upper_price"": 86.8, ""zone_type"": ""RESISTANCE"", ""zone_width"": 0.28999999999999204, ""zone_width_ratio"": 0.0033475057234651534}, ""support_zone"": {""current_zone_type"": ""SUPPORT"", ""first_touch_index"": 5, ""formed_at_index"": 94, ""is_significant_single_extreme"": false, ""last_touch_index"": 94, ""lower_price"": 86.04, ""mid_price"": 86.21083333333333, ""original_zone_type"": ""SUPPORT"", ""positional_zone_type"": ""RESISTANCE"", ""role_changed_at_index"": null, ""source_indexes"": [5, 8, 9, 22, 29, 32, 48, 60, 85, 90, 93, 94], ""source_point_types"": [""LOW"", ""HIGH"", ""LOW"", ""LOW"", ""LOW"", ""LOW"", ""LOW"", ""LOW"", ""HIGH"", ""HIGH"", ""LOW"", ""HIGH""], ""touch_count"": 12, ""upper_price"": 86.42, ""zone_type"": ""SUPPORT"", ""zone_width"": 0.37999999999999545, ""zone_width_ratio"": 0.0044077987105255005}, ""touch_count"": 18, ""upper_boundary"": 86.8, ""width"": 0.7599999999999909, ""width_ratio"": 0.008794260587826787}","{""low_strength"": false, ""range_trend_conflict"": false, ""structure"": ""SIDEWAYS_STRUCTURE""}","{""summary"": ""no unresolved directional MTF conflict detected""}","{""adx"": null, ""bearish_votes"": 0, ""bullish_votes"": 0, ""direction"": ""NEUTRAL"", ""reason"": """", ""strength"": ""UNAVAILABLE""}","{""nearest_resistance"": null, ""nearest_support"": null, ""observable"": false}",,False,False,False,"[""RESEARCH_INDICATOR_CAUSAL_LINK"", ""RESEARCH_MTF_CONTEXT_FIELDS"", ""RESEARCH_RANGE_TREND_RESOLUTION"", ""RESEARCH_ZONE_PROXIMITY_FIELDS""]"
solusdt_15m_flat_001,SOLUSDT,2026-04-25T23:45:00+00:00,15m,reports/engine_trend/hypothesis_replay/json/solusdt_15m_flat_001.json,FLAT,FLAT,"{""confirmation_index"": null, ""direction"": ""FLAT"", ""hypothesis_id"": ""hypothesis:confirmed_range"", ""hypothesis_type"": ""CONFIRMED_RANGE"", ""reason_codes"": [""HYPOTHESIS_RANGE_STRUCTURE_CONFIRMED"", ""HYPOTHESIS_SECONDARY_FLAT_CONTEXT_CONFIRMED"", ""HYPOTHESIS_RANGE_BOUNDARIES_HELD""], ""score"": 0.5888888888888889, ""status"": ""CONFIRMED"", ""supporting_event_ids"": [], ""trigger_index"": 94}","{""CANCELLED"": 0, ""CONFIRMED"": 1, ""CONFLICTED"": 0, ""INVALIDATED"": 0, ""PENDING"": 0}",True,False,"[""CONFIRMED_RANGE_CONTEXT""]","[""CONFIRMED_RANGE_CONTEXT"", ""PRICE_CONTEXT_NOT_OBSERVABLE"", ""ZONE_PROXIMITY_NOT_OBSERVABLE"", ""INDICATOR_CONTEXT_NOT_OBSERVABLE"", ""MTF_CONTEXT_NOT_OBSERVABLE"", ""SETUP_BLOCKED_BY_NO_ACTION""]","[""NOT_OBSERVABLE"", ""NO_ACTION"", ""RANGE_TREND""]","[""breakout"", ""hypotheses"", ""range"", ""zones""]","[""indicator_pressure"", ""multi_timeframe"", ""price_context"", ""zone_proximity""]",NOT_OBSERVABLE_SEPARATE_FROM_FALSE,"{""boundary_alternation_count"": 12, ""duration_candles"": 90, ""first_touch_index"": 5, ""formed_at_index"": 94, ""inside_close_ratio"": 0.7555555555555555, ""is_detected"": true, ""lower_boundary"": 86.04, ""midline"": 86.42, ""resistance_zone"": {""current_zone_type"": ""RESISTANCE"", ""first_touch_index"": 16, ""formed_at_index"": 61, ""is_significant_single_extreme"": false, ""last_touch_index"": 61, ""lower_price"": 86.51, ""mid_price"": 86.63166666666667, ""original_zone_type"": ""RESISTANCE"", ""positional_zone_type"": ""RESISTANCE"", ""role_changed_at_index"": null, ""source_indexes"": [16, 27, 30, 34, 55, 61], ""source_point_types"": [""HIGH"", ""HIGH"", ""HIGH"", ""HIGH"", ""HIGH"", ""HIGH""], ""touch_count"": 6, ""upper_price"": 86.8, ""zone_type"": ""RESISTANCE"", ""zone_width"": 0.28999999999999204, ""zone_width_ratio"": 0.0033475057234651534}, ""support_zone"": {""current_zone_type"": ""SUPPORT"", ""first_touch_index"": 5, ""formed_at_index"": 94, ""is_significant_single_extreme"": false, ""last_touch_index"": 94, ""lower_price"": 86.04, ""mid_price"": 86.21083333333333, ""original_zone_type"": ""SUPPORT"", ""positional_zone_type"": ""RESISTANCE"", ""role_changed_at_index"": null, ""source_indexes"": [5, 8, 9, 22, 29, 32, 48, 60, 85, 90, 93, 94], ""source_point_types"": [""LOW"", ""HIGH"", ""LOW"", ""LOW"", ""LOW"", ""LOW"", ""LOW"", ""LOW"", ""HIGH"", ""HIGH"", ""LOW"", ""HIGH""], ""touch_count"": 12, ""upper_price"": 86.42, ""zone_type"": ""SUPPORT"", ""zone_width"": 0.37999999999999545, ""zone_width_ratio"": 0.0044077987105255005}, ""touch_count"": 18, ""upper_boundary"": 86.8, ""width"": 0.7599999999999909, ""width_ratio"": 0.008794260587826787}","{""low_strength"": false, ""range_trend_conflict"": false, ""structure"": ""SIDEWAYS_STRUCTURE""}","{""summary"": ""no unresolved directional MTF conflict detected""}","{""adx"": null, ""bearish_votes"": 0, ""bullish_votes"": 0, ""direction"": ""NEUTRAL"", ""reason"": """", ""strength"": ""UNAVAILABLE""}","{""nearest_resistance"": null, ""nearest_support"": null, ""observable"": false}",,False,False,False,"[""RESEARCH_INDICATOR_CAUSAL_LINK"", ""RESEARCH_MTF_CONTEXT_FIELDS"", ""RESEARCH_RANGE_TREND_RESOLUTION"", ""RESEARCH_ZONE_PROXIMITY_FIELDS""]"
solusdt_15m_flat_002,SOLUSDT,2026-04-30T23:45:00+00:00,15m,reports/engine_trend/hypothesis_replay/json/solusdt_15m_flat_002.json,FLAT,FLAT,"{""confirmation_index"": null, ""direction"": ""FLAT"", ""hypothesis_id"": ""hypothesis:confirmed_range"", ""hypothesis_type"": ""CONFIRMED_RANGE"", ""reason_codes"": [""HYPOTHESIS_RANGE_STRUCTURE_CONFIRMED"", ""HYPOTHESIS_SECONDARY_FLAT_CONTEXT_CONFIRMED"", ""HYPOTHESIS_RANGE_BOUNDARIES_HELD""], ""score"": 0.6378048780487805, ""status"": ""CONFIRMED"", ""supporting_event_ids"": [], ""trigger_index"": 91}","{""CANCELLED"": 0, ""CONFIRMED"": 1, ""CONFLICTED"": 0, ""INVALIDATED"": 0, ""PENDING"": 0}",True,False,"[""CONFIRMED_RANGE_CONTEXT""]","[""CONFIRMED_RANGE_CONTEXT"", ""PRICE_CONTEXT_NOT_OBSERVABLE"", ""ZONE_PROXIMITY_NOT_OBSERVABLE"", ""INDICATOR_CONTEXT_NOT_OBSERVABLE"", ""MTF_CONTEXT_NOT_OBSERVABLE"", ""SETUP_BLOCKED_BY_NO_ACTION""]","[""NOT_OBSERVABLE"", ""NO_ACTION"", ""RANGE_TREND""]","[""breakout"", ""hypotheses"", ""range"", ""zones""]","[""indicator_pressure"", ""multi_timeframe"", ""price_context"", ""zone_proximity""]",NOT_OBSERVABLE_SEPARATE_FROM_FALSE,"{""boundary_alternation_count"": 20, ""duration_candles"": 82, ""first_touch_index"": 10, ""formed_at_index"": 91, ""inside_close_ratio"": 0.9512195121951219, ""is_detected"": true, ""lower_boundary"": 82.53, ""midline"": 83.045, ""resistance_zone"": {""current_zone_type"": ""RESISTANCE"", ""first_touch_index"": 14, ""formed_at_index"": 82, ""is_significant_single_extreme"": false, ""last_touch_index"": 82, ""lower_price"": 83.19, ""mid_price"": 83.38199999999999, ""original_zone_type"": ""RESISTANCE"", ""positional_zone_type"": ""RESISTANCE"", ""role_changed_at_index"": null, ""source_indexes"": [14, 32, 38, 44, 49, 55, 59, 72, 78, 82], ""source_point_types"": [""HIGH"", ""HIGH"", ""HIGH"", ""HIGH"", ""HIGH"", ""HIGH"", ""HIGH"", ""HIGH"", ""HIGH"", ""HIGH""], ""touch_count"": 10, ""upper_price"": 83.56, ""zone_type"": ""RESISTANCE"", ""zone_width"": 0.37000000000000455, ""zone_width_ratio"": 0.0044374085534048665}, ""support_zone"": {""current_zone_type"": ""SUPPORT"", ""first_touch_index"": 10, ""formed_at_index"": 91, ""is_significant_single_extreme"": false, ""last_touch_index"": 91, ""lower_price"": 82.53, ""mid_price"": 82.85466666666666, ""original_zone_type"": ""SUPPORT"", ""positional_zone_type"": ""SUPPORT"", ""role_changed_at_index"": null, ""source_indexes"": [10, 22, 24, 37, 41, 47, 54, 57, 60, 69, 74, 80, 88, 90, 91], ""source_point_types"": [""LOW"", ""HIGH"", ""LOW"", ""LOW"", ""LOW"", ""LOW"", ""LOW"", ""LOW"", ""LOW"", ""LOW"", ""LOW"", ""LOW"", ""LOW"", ""HIGH"", ""LOW""], ""touch_count"": 15, ""upper_price"": 83.06, ""zone_type"": ""SUPPORT"", ""zone_width"": 0.5300000000000011, ""zone_width_ratio"": 0.006396742891166877}, ""touch_count"": 25, ""upper_boundary"": 83.56, ""width"": 1.0300000000000011, ""width_ratio"": 0.012402914082726247}","{""low_strength"": false, ""range_trend_conflict"": false, ""structure"": ""SIDEWAYS_STRUCTURE""}","{""summary"": ""no unresolved directional MTF conflict detected""}","{""adx"": null, ""bearish_votes"": 0, ""bullish_votes"": 0, ""direction"": ""NEUTRAL"", ""reason"": """", ""strength"": ""UNAVAILABLE""}","{""nearest_resistance"": null, ""nearest_support"": null, ""observable"": false}",,False,False,False,"[""RESEARCH_INDICATOR_CAUSAL_LINK"", ""RESEARCH_MTF_CONTEXT_FIELDS"", ""RESEARCH_RANGE_TREND_RESOLUTION"", ""RESEARCH_ZONE_PROXIMITY_FIELDS""]"
btc_15m_recent_baseline_001,BTCUSDT,2026-06-15T20:00:00+00:00,15m,reports/engine_trend/hypothesis_replay/json/btc_15m_recent_baseline_001.json,UNKNOWN,UNKNOWN,,"{""CANCELLED"": 0, ""CONFIRMED"": 0, ""CONFLICTED"": 1, ""INVALIDATED"": 0, ""PENDING"": 1}",True,True,"[""CONFIRMED_RANGE_CONTEXT"", ""NO_ACTION"", ""NO_CAUSAL_HYPOTHESIS"", ""WAIT_FOR_CONFIRMATION""]","[""NO_CONFIRMED_CAUSAL_HYPOTHESIS"", ""PENDING_AND_CONFLICTED_ONLY"", ""CONFIRMED_RANGE_CONTEXT"", ""PRICE_CONTEXT_NOT_OBSERVABLE"", ""ZONE_PROXIMITY_NOT_OBSERVABLE"", ""INDICATOR_CONTEXT_NOT_OBSERVABLE"", ""MTF_CONTEXT_NOT_OBSERVABLE"", ""SETUP_BLOCKED_BY_NO_ACTION"", ""WAITING_FOR_CONFIRMATION""]","[""HYPOTHESIS"", ""NOT_OBSERVABLE"", ""NO_ACTION"", ""RANGE_TREND""]","[""breakout"", ""hypotheses"", ""range"", ""zones""]","[""indicator_pressure"", ""multi_timeframe"", ""price_context"", ""zone_proximity""]",NOT_OBSERVABLE_SEPARATE_FROM_FALSE,"{""boundary_alternation_count"": 14, ""duration_candles"": 48, ""first_touch_index"": 6, ""formed_at_index"": 53, ""inside_close_ratio"": 0.9583333333333334, ""is_detected"": true, ""lower_boundary"": 65256.21, ""midline"": 65628.105, ""resistance_zone"": {""current_zone_type"": ""RESISTANCE"", ""first_touch_index"": 15, ""formed_at_index"": 50, ""is_significant_single_extreme"": false, ""last_touch_index"": 50, ""lower_price"": 65734.87, ""mid_price"": 65885.04142857144, ""original_zone_type"": ""RESISTANCE"", ""positional_zone_type"": ""SUPPORT"", ""role_changed_at_index"": null, ""source_indexes"": [15, 21, 24, 30, 40, 44, 50], ""source_point_types"": [""HIGH"", ""HIGH"", ""HIGH"", ""HIGH"", ""HIGH"", ""HIGH"", ""HIGH""], ""touch_count"": 7, ""upper_price"": 66000.0, ""zone_type"": ""RESISTANCE"", ""zone_width"": 265.13000000000466, ""zone_width_ratio"": 0.004024130428565375}, ""support_zone"": {""current_zone_type"": ""SUPPORT"", ""first_touch_index"": 6, ""formed_at_index"": 53, ""is_significant_single_extreme"": false, ""last_touch_index"": 53, ""lower_price"": 65256.21, ""mid_price"": 65514.824, ""original_zone_type"": ""SUPPORT"", ""positional_zone_type"": ""SUPPORT"", ""role_changed_at_index"": null, ""source_indexes"": [6, 9, 11, 19, 23, 26, 35, 43, 48, 53], ""source_point_types"": [""HIGH"", ""HIGH"", ""LOW"", ""LOW"", ""LOW"", ""LOW"", ""LOW"", ""LOW"", ""LOW"", ""LOW""], ""touch_count"": 10, ""upper_price"": 65688.0, ""zone_type"": ""SUPPORT"", ""zone_width"": 431.7900000000009, ""zone_width_ratio"": 0.006590722124202011}, ""touch_count"": 17, ""upper_boundary"": 66000.0, ""width"": 743.7900000000009, ""width_ratio"": 0.011333406625103695}","{""low_strength"": false, ""range_trend_conflict"": false, ""structure"": ""SIDEWAYS_STRUCTURE""}","{""summary"": ""no unresolved directional MTF conflict detected""}","{""adx"": null, ""bearish_votes"": 0, ""bullish_votes"": 0, ""direction"": ""NEUTRAL"", ""reason"": """", ""strength"": ""UNAVAILABLE""}","{""nearest_resistance"": null, ""nearest_support"": null, ""observable"": false}",,False,False,False,"[""RESEARCH_CAUSAL_CONFIRMATION_RULE"", ""RESEARCH_INDICATOR_CAUSAL_LINK"", ""RESEARCH_MTF_CONTEXT_FIELDS"", ""RESEARCH_RANGE_TREND_RESOLUTION"", ""RESEARCH_ZONE_PROXIMITY_FIELDS""]"
btcusdt_15m_recent_baseline_001,BTCUSDT,2026-06-15T20:00:00+00:00,15m,reports/engine_trend/hypothesis_replay/json/btcusdt_15m_recent_baseline_001.json,UNKNOWN,UNKNOWN,,"{""CANCELLED"": 0, ""CONFIRMED"": 0, ""CONFLICTED"": 1, ""INVALIDATED"": 0, ""PENDING"": 1}",True,True,"[""CONFIRMED_RANGE_CONTEXT"", ""NO_ACTION"", ""NO_CAUSAL_HYPOTHESIS"", ""WAIT_FOR_CONFIRMATION""]","[""NO_CONFIRMED_CAUSAL_HYPOTHESIS"", ""PENDING_AND_CONFLICTED_ONLY"", ""CONFIRMED_RANGE_CONTEXT"", ""PRICE_CONTEXT_NOT_OBSERVABLE"", ""ZONE_PROXIMITY_NOT_OBSERVABLE"", ""INDICATOR_CONTEXT_NOT_OBSERVABLE"", ""MTF_CONTEXT_NOT_OBSERVABLE"", ""SETUP_BLOCKED_BY_NO_ACTION"", ""WAITING_FOR_CONFIRMATION""]","[""HYPOTHESIS"", ""NOT_OBSERVABLE"", ""NO_ACTION"", ""RANGE_TREND""]","[""breakout"", ""hypotheses"", ""range"", ""zones""]","[""indicator_pressure"", ""multi_timeframe"", ""price_context"", ""zone_proximity""]",NOT_OBSERVABLE_SEPARATE_FROM_FALSE,"{""boundary_alternation_count"": 14, ""duration_candles"": 48, ""first_touch_index"": 6, ""formed_at_index"": 53, ""inside_close_ratio"": 0.9583333333333334, ""is_detected"": true, ""lower_boundary"": 65256.21, ""midline"": 65628.105, ""resistance_zone"": {""current_zone_type"": ""RESISTANCE"", ""first_touch_index"": 15, ""formed_at_index"": 50, ""is_significant_single_extreme"": false, ""last_touch_index"": 50, ""lower_price"": 65734.87, ""mid_price"": 65885.04142857144, ""original_zone_type"": ""RESISTANCE"", ""positional_zone_type"": ""SUPPORT"", ""role_changed_at_index"": null, ""source_indexes"": [15, 21, 24, 30, 40, 44, 50], ""source_point_types"": [""HIGH"", ""HIGH"", ""HIGH"", ""HIGH"", ""HIGH"", ""HIGH"", ""HIGH""], ""touch_count"": 7, ""upper_price"": 66000.0, ""zone_type"": ""RESISTANCE"", ""zone_width"": 265.13000000000466, ""zone_width_ratio"": 0.004024130428565375}, ""support_zone"": {""current_zone_type"": ""SUPPORT"", ""first_touch_index"": 6, ""formed_at_index"": 53, ""is_significant_single_extreme"": false, ""last_touch_index"": 53, ""lower_price"": 65256.21, ""mid_price"": 65514.824, ""original_zone_type"": ""SUPPORT"", ""positional_zone_type"": ""SUPPORT"", ""role_changed_at_index"": null, ""source_indexes"": [6, 9, 11, 19, 23, 26, 35, 43, 48, 53], ""source_point_types"": [""HIGH"", ""HIGH"", ""LOW"", ""LOW"", ""LOW"", ""LOW"", ""LOW"", ""LOW"", ""LOW"", ""LOW""], ""touch_count"": 10, ""upper_price"": 65688.0, ""zone_type"": ""SUPPORT"", ""zone_width"": 431.7900000000009, ""zone_width_ratio"": 0.006590722124202011}, ""touch_count"": 17, ""upper_boundary"": 66000.0, ""width"": 743.7900000000009, ""width_ratio"": 0.011333406625103695}","{""low_strength"": false, ""range_trend_conflict"": false, ""structure"": ""SIDEWAYS_STRUCTURE""}","{""summary"": ""no unresolved directional MTF conflict detected""}","{""adx"": null, ""bearish_votes"": 0, ""bullish_votes"": 0, ""direction"": ""NEUTRAL"", ""reason"": """", ""strength"": ""UNAVAILABLE""}","{""nearest_resistance"": null, ""nearest_support"": null, ""observable"": false}",,False,False,False,"[""RESEARCH_CAUSAL_CONFIRMATION_RULE"", ""RESEARCH_INDICATOR_CAUSAL_LINK"", ""RESEARCH_MTF_CONTEXT_FIELDS"", ""RESEARCH_RANGE_TREND_RESOLUTION"", ""RESEARCH_ZONE_PROXIMITY_FIELDS""]"
eth_15m_recent_baseline_001,ETHUSDT,2026-06-15T20:15:00+00:00,15m,reports/engine_trend/hypothesis_replay/json/eth_15m_recent_baseline_001.json,UNKNOWN,UNKNOWN,,"{""CANCELLED"": 0, ""CONFIRMED"": 0, ""CONFLICTED"": 1, ""INVALIDATED"": 0, ""PENDING"": 1}",True,True,"[""CONFIRMED_RANGE_CONTEXT"", ""NO_ACTION"", ""NO_CAUSAL_HYPOTHESIS"", ""WAIT_FOR_CONFIRMATION""]","[""NO_CONFIRMED_CAUSAL_HYPOTHESIS"", ""PENDING_AND_CONFLICTED_ONLY"", ""CONFIRMED_RANGE_CONTEXT"", ""PRICE_CONTEXT_NOT_OBSERVABLE"", ""ZONE_PROXIMITY_NOT_OBSERVABLE"", ""INDICATOR_CONTEXT_NOT_OBSERVABLE"", ""MTF_CONTEXT_NOT_OBSERVABLE"", ""SETUP_BLOCKED_BY_NO_ACTION"", ""WAITING_FOR_CONFIRMATION""]","[""HYPOTHESIS"", ""NOT_OBSERVABLE"", ""NO_ACTION"", ""RANGE_TREND""]","[""breakout"", ""hypotheses"", ""range"", ""zones""]","[""indicator_pressure"", ""multi_timeframe"", ""price_context"", ""zone_proximity""]",NOT_OBSERVABLE_SEPARATE_FROM_FALSE,"{""boundary_alternation_count"": 18, ""duration_candles"": 47, ""first_touch_index"": 6, ""formed_at_index"": 52, ""inside_close_ratio"": 0.9787234042553191, ""is_detected"": true, ""lower_boundary"": 1709.66, ""midline"": 1719.23, ""resistance_zone"": {""current_zone_type"": ""RESISTANCE"", ""first_touch_index"": 8, ""formed_at_index"": 51, ""is_significant_single_extreme"": false, ""last_touch_index"": 51, ""lower_price"": 1721.91, ""mid_price"": 1724.9922222222222, ""original_zone_type"": ""RESISTANCE"", ""positional_zone_type"": ""SUPPORT"", ""role_changed_at_index"": null, ""source_indexes"": [8, 11, 20, 23, 29, 35, 39, 43, 51], ""source_point_types"": [""HIGH"", ""HIGH"", ""HIGH"", ""HIGH"", ""HIGH"", ""HIGH"", ""HIGH"", ""HIGH"", ""HIGH""], ""touch_count"": 9, ""upper_price"": 1728.8, ""zone_type"": ""RESISTANCE"", ""zone_width"": 6.889999999999873, ""zone_width_ratio"": 0.003994220907920284}, ""support_zone"": {""current_zone_type"": ""SUPPORT"", ""first_touch_index"": 6, ""formed_at_index"": 52, ""is_significant_single_extreme"": false, ""last_touch_index"": 52, ""lower_price"": 1709.66, ""mid_price"": 1715.469230769231, ""original_zone_type"": ""SUPPORT"", ""positional_zone_type"": ""SUPPORT"", ""role_changed_at_index"": null, ""source_indexes"": [6, 10, 13, 19, 22, 26, 32, 33, 34, 36, 42, 46, 52], ""source_point_types"": [""LOW"", ""LOW"", ""LOW"", ""LOW"", ""LOW"", ""LOW"", ""LOW"", ""HIGH"", ""LOW"", ""LOW"", ""LOW"", ""LOW"", ""LOW""], ""touch_count"": 13, ""upper_price"": 1719.61, ""zone_type"": ""SUPPORT"", ""zone_width"": 9.949999999999818, ""zone_width_ratio"": 0.005800162323831453}, ""touch_count"": 22, ""upper_boundary"": 1728.8, ""width"": 19.139999999999873, ""width_ratio"": 0.011132890887199428}","{""low_strength"": false, ""range_trend_conflict"": false, ""structure"": ""SIDEWAYS_STRUCTURE""}","{""summary"": ""no unresolved directional MTF conflict detected""}","{""adx"": null, ""bearish_votes"": 0, ""bullish_votes"": 0, ""direction"": ""NEUTRAL"", ""reason"": """", ""strength"": ""UNAVAILABLE""}","{""nearest_resistance"": null, ""nearest_support"": null, ""observable"": false}",,False,False,False,"[""RESEARCH_CAUSAL_CONFIRMATION_RULE"", ""RESEARCH_INDICATOR_CAUSAL_LINK"", ""RESEARCH_MTF_CONTEXT_FIELDS"", ""RESEARCH_RANGE_TREND_RESOLUTION"", ""RESEARCH_ZONE_PROXIMITY_FIELDS""]"
ethusdt_15m_recent_baseline_001,ETHUSDT,2026-06-15T20:15:00+00:00,15m,reports/engine_trend/hypothesis_replay/json/ethusdt_15m_recent_baseline_001.json,UNKNOWN,UNKNOWN,,"{""CANCELLED"": 0, ""CONFIRMED"": 0, ""CONFLICTED"": 1, ""INVALIDATED"": 0, ""PENDING"": 1}",True,True,"[""CONFIRMED_RANGE_CONTEXT"", ""NO_ACTION"", ""NO_CAUSAL_HYPOTHESIS"", ""WAIT_FOR_CONFIRMATION""]","[""NO_CONFIRMED_CAUSAL_HYPOTHESIS"", ""PENDING_AND_CONFLICTED_ONLY"", ""CONFIRMED_RANGE_CONTEXT"", ""PRICE_CONTEXT_NOT_OBSERVABLE"", ""ZONE_PROXIMITY_NOT_OBSERVABLE"", ""INDICATOR_CONTEXT_NOT_OBSERVABLE"", ""MTF_CONTEXT_NOT_OBSERVABLE"", ""SETUP_BLOCKED_BY_NO_ACTION"", ""WAITING_FOR_CONFIRMATION""]","[""HYPOTHESIS"", ""NOT_OBSERVABLE"", ""NO_ACTION"", ""RANGE_TREND""]","[""breakout"", ""hypotheses"", ""range"", ""zones""]","[""indicator_pressure"", ""multi_timeframe"", ""price_context"", ""zone_proximity""]",NOT_OBSERVABLE_SEPARATE_FROM_FALSE,"{""boundary_alternation_count"": 18, ""duration_candles"": 47, ""first_touch_index"": 6, ""formed_at_index"": 52, ""inside_close_ratio"": 0.9787234042553191, ""is_detected"": true, ""lower_boundary"": 1709.66, ""midline"": 1719.23, ""resistance_zone"": {""current_zone_type"": ""RESISTANCE"", ""first_touch_index"": 8, ""formed_at_index"": 51, ""is_significant_single_extreme"": false, ""last_touch_index"": 51, ""lower_price"": 1721.91, ""mid_price"": 1724.9922222222222, ""original_zone_type"": ""RESISTANCE"", ""positional_zone_type"": ""SUPPORT"", ""role_changed_at_index"": null, ""source_indexes"": [8, 11, 20, 23, 29, 35, 39, 43, 51], ""source_point_types"": [""HIGH"", ""HIGH"", ""HIGH"", ""HIGH"", ""HIGH"", ""HIGH"", ""HIGH"", ""HIGH"", ""HIGH""], ""touch_count"": 9, ""upper_price"": 1728.8, ""zone_type"": ""RESISTANCE"", ""zone_width"": 6.889999999999873, ""zone_width_ratio"": 0.003994220907920284}, ""support_zone"": {""current_zone_type"": ""SUPPORT"", ""first_touch_index"": 6, ""formed_at_index"": 52, ""is_significant_single_extreme"": false, ""last_touch_index"": 52, ""lower_price"": 1709.66, ""mid_price"": 1715.469230769231, ""original_zone_type"": ""SUPPORT"", ""positional_zone_type"": ""SUPPORT"", ""role_changed_at_index"": null, ""source_indexes"": [6, 10, 13, 19, 22, 26, 32, 33, 34, 36, 42, 46, 52], ""source_point_types"": [""LOW"", ""LOW"", ""LOW"", ""LOW"", ""LOW"", ""LOW"", ""LOW"", ""HIGH"", ""LOW"", ""LOW"", ""LOW"", ""LOW"", ""LOW""], ""touch_count"": 13, ""upper_price"": 1719.61, ""zone_type"": ""SUPPORT"", ""zone_width"": 9.949999999999818, ""zone_width_ratio"": 0.005800162323831453}, ""touch_count"": 22, ""upper_boundary"": 1728.8, ""width"": 19.139999999999873, ""width_ratio"": 0.011132890887199428}","{""low_strength"": false, ""range_trend_conflict"": false, ""structure"": ""SIDEWAYS_STRUCTURE""}","{""summary"": ""no unresolved directional MTF conflict detected""}","{""adx"": null, ""bearish_votes"": 0, ""bullish_votes"": 0, ""direction"": ""NEUTRAL"", ""reason"": """", ""strength"": ""UNAVAILABLE""}","{""nearest_resistance"": null, ""nearest_support"": null, ""observable"": false}",,False,False,False,"[""RESEARCH_CAUSAL_CONFIRMATION_RULE"", ""RESEARCH_INDICATOR_CAUSAL_LINK"", ""RESEARCH_MTF_CONTEXT_FIELDS"", ""RESEARCH_RANGE_TREND_RESOLUTION"", ""RESEARCH_ZONE_PROXIMITY_FIELDS""]"
sol_15m_recent_baseline_001,SOLUSDT,2026-06-15T20:15:00+00:00,15m,reports/engine_trend/hypothesis_replay/json/sol_15m_recent_baseline_001.json,UNKNOWN,UNKNOWN,,"{""CANCELLED"": 0, ""CONFIRMED"": 0, ""CONFLICTED"": 1, ""INVALIDATED"": 0, ""PENDING"": 1}",True,True,"[""CONFIRMED_RANGE_CONTEXT"", ""NO_ACTION"", ""NO_CAUSAL_HYPOTHESIS"", ""WAIT_FOR_CONFIRMATION""]","[""NO_CONFIRMED_CAUSAL_HYPOTHESIS"", ""PENDING_AND_CONFLICTED_ONLY"", ""CONFIRMED_RANGE_CONTEXT"", ""PRICE_CONTEXT_NOT_OBSERVABLE"", ""ZONE_PROXIMITY_NOT_OBSERVABLE"", ""INDICATOR_CONTEXT_NOT_OBSERVABLE"", ""MTF_CONTEXT_NOT_OBSERVABLE"", ""SETUP_BLOCKED_BY_NO_ACTION"", ""WAITING_FOR_CONFIRMATION""]","[""HYPOTHESIS"", ""NOT_OBSERVABLE"", ""NO_ACTION"", ""RANGE_TREND""]","[""breakout"", ""hypotheses"", ""range"", ""zones""]","[""indicator_pressure"", ""multi_timeframe"", ""price_context"", ""zone_proximity""]",NOT_OBSERVABLE_SEPARATE_FROM_FALSE,"{""boundary_alternation_count"": 8, ""duration_candles"": 48, ""first_touch_index"": 5, ""formed_at_index"": 52, ""inside_close_ratio"": 0.9166666666666666, ""is_detected"": true, ""lower_boundary"": 70.55, ""midline"": 71.14, ""resistance_zone"": {""current_zone_type"": ""RESISTANCE"", ""first_touch_index"": 14, ""formed_at_index"": 47, ""is_significant_single_extreme"": false, ""last_touch_index"": 47, ""lower_price"": 71.37, ""mid_price"": 71.55166666666668, ""original_zone_type"": ""RESISTANCE"", ""positional_zone_type"": ""SUPPORT"", ""role_changed_at_index"": null, ""source_indexes"": [14, 23, 29, 41, 43, 47], ""source_point_types"": [""HIGH"", ""HIGH"", ""HIGH"", ""HIGH"", ""HIGH"", ""HIGH""], ""touch_count"": 6, ""upper_price"": 71.73, ""zone_type"": ""RESISTANCE"", ""zone_width"": 0.35999999999999943, ""zone_width_ratio"": 0.005031329342433198}, ""support_zone"": {""current_zone_type"": ""SUPPORT"", ""first_touch_index"": 5, ""formed_at_index"": 52, ""is_significant_single_extreme"": false, ""last_touch_index"": 52, ""lower_price"": 70.55, ""mid_price"": 70.74166666666667, ""original_zone_type"": ""SUPPORT"", ""positional_zone_type"": ""SUPPORT"", ""role_changed_at_index"": null, ""source_indexes"": [5, 8, 18, 25, 34, 52], ""source_point_types"": [""HIGH"", ""HIGH"", ""LOW"", ""LOW"", ""LOW"", ""LOW""], ""touch_count"": 6, ""upper_price"": 70.9, ""zone_type"": ""SUPPORT"", ""zone_width"": 0.3500000000000085, ""zone_width_ratio"": 0.004947579220167395}, ""touch_count"": 12, ""upper_boundary"": 71.73, ""width"": 1.1800000000000068, ""width_ratio"": 0.016587011526567427}","{""low_strength"": false, ""range_trend_conflict"": false, ""structure"": ""SIDEWAYS_STRUCTURE""}","{""summary"": ""no unresolved directional MTF conflict detected""}","{""adx"": null, ""bearish_votes"": 0, ""bullish_votes"": 0, ""direction"": ""NEUTRAL"", ""reason"": """", ""strength"": ""UNAVAILABLE""}","{""nearest_resistance"": null, ""nearest_support"": null, ""observable"": false}",,False,False,False,"[""RESEARCH_CAUSAL_CONFIRMATION_RULE"", ""RESEARCH_INDICATOR_CAUSAL_LINK"", ""RESEARCH_MTF_CONTEXT_FIELDS"", ""RESEARCH_RANGE_TREND_RESOLUTION"", ""RESEARCH_ZONE_PROXIMITY_FIELDS""]"
solusdt_15m_recent_baseline_001,SOLUSDT,2026-06-15T20:15:00+00:00,15m,reports/engine_trend/hypothesis_replay/json/solusdt_15m_recent_baseline_001.json,UNKNOWN,UNKNOWN,,"{""CANCELLED"": 0, ""CONFIRMED"": 0, ""CONFLICTED"": 1, ""INVALIDATED"": 0, ""PENDING"": 1}",True,True,"[""CONFIRMED_RANGE_CONTEXT"", ""NO_ACTION"", ""NO_CAUSAL_HYPOTHESIS"", ""WAIT_FOR_CONFIRMATION""]","[""NO_CONFIRMED_CAUSAL_HYPOTHESIS"", ""PENDING_AND_CONFLICTED_ONLY"", ""CONFIRMED_RANGE_CONTEXT"", ""PRICE_CONTEXT_NOT_OBSERVABLE"", ""ZONE_PROXIMITY_NOT_OBSERVABLE"", ""INDICATOR_CONTEXT_NOT_OBSERVABLE"", ""MTF_CONTEXT_NOT_OBSERVABLE"", ""SETUP_BLOCKED_BY_NO_ACTION"", ""WAITING_FOR_CONFIRMATION""]","[""HYPOTHESIS"", ""NOT_OBSERVABLE"", ""NO_ACTION"", ""RANGE_TREND""]","[""breakout"", ""hypotheses"", ""range"", ""zones""]","[""indicator_pressure"", ""multi_timeframe"", ""price_context"", ""zone_proximity""]",NOT_OBSERVABLE_SEPARATE_FROM_FALSE,"{""boundary_alternation_count"": 8, ""duration_candles"": 48, ""first_touch_index"": 5, ""formed_at_index"": 52, ""inside_close_ratio"": 0.9166666666666666, ""is_detected"": true, ""lower_boundary"": 70.55, ""midline"": 71.14, ""resistance_zone"": {""current_zone_type"": ""RESISTANCE"", ""first_touch_index"": 14, ""formed_at_index"": 47, ""is_significant_single_extreme"": false, ""last_touch_index"": 47, ""lower_price"": 71.37, ""mid_price"": 71.55166666666668, ""original_zone_type"": ""RESISTANCE"", ""positional_zone_type"": ""SUPPORT"", ""role_changed_at_index"": null, ""source_indexes"": [14, 23, 29, 41, 43, 47], ""source_point_types"": [""HIGH"", ""HIGH"", ""HIGH"", ""HIGH"", ""HIGH"", ""HIGH""], ""touch_count"": 6, ""upper_price"": 71.73, ""zone_type"": ""RESISTANCE"", ""zone_width"": 0.35999999999999943, ""zone_width_ratio"": 0.005031329342433198}, ""support_zone"": {""current_zone_type"": ""SUPPORT"", ""first_touch_index"": 5, ""formed_at_index"": 52, ""is_significant_single_extreme"": false, ""last_touch_index"": 52, ""lower_price"": 70.55, ""mid_price"": 70.74166666666667, ""original_zone_type"": ""SUPPORT"", ""positional_zone_type"": ""SUPPORT"", ""role_changed_at_index"": null, ""source_indexes"": [5, 8, 18, 25, 34, 52], ""source_point_types"": [""HIGH"", ""HIGH"", ""LOW"", ""LOW"", ""LOW"", ""LOW""], ""touch_count"": 6, ""upper_price"": 70.9, ""zone_type"": ""SUPPORT"", ""zone_width"": 0.3500000000000085, ""zone_width_ratio"": 0.004947579220167395}, ""touch_count"": 12, ""upper_boundary"": 71.73, ""width"": 1.1800000000000068, ""width_ratio"": 0.016587011526567427}","{""low_strength"": false, ""range_trend_conflict"": false, ""structure"": ""SIDEWAYS_STRUCTURE""}","{""summary"": ""no unresolved directional MTF conflict detected""}","{""adx"": null, ""bearish_votes"": 0, ""bullish_votes"": 0, ""direction"": ""NEUTRAL"", ""reason"": """", ""strength"": ""UNAVAILABLE""}","{""nearest_resistance"": null, ""nearest_support"": null, ""observable"": false}",,False,False,False,"[""RESEARCH_CAUSAL_CONFIRMATION_RULE"", ""RESEARCH_INDICATOR_CAUSAL_LINK"", ""RESEARCH_MTF_CONTEXT_FIELDS"", ""RESEARCH_RANGE_TREND_RESOLUTION"", ""RESEARCH_ZONE_PROXIMITY_FIELDS""]"
SOLUSDT:2026-07-08T18:30:00Z:UNKNOWN,SOLUSDT,2026-07-08T18:30:00Z,UNKNOWN,reports/engine_trend/engine_trend_29_unified_contextual_diagnostics_audit/ENGINE_TREND_29_KNOWN_CASES_AUDIT.json#cases[2],UNKNOWN,UNKNOWN,,"{""CANCELLED"": 0, ""CONFIRMED"": 0, ""CONFLICTED"": 0, ""INVALIDATED"": 0, ""PENDING"": 0}",True,True,"[""CONFIRMED_RANGE_CONTEXT"", ""NO_ACTION"", ""RANGE_TREND_CONFLICT"", ""UNRESOLVED_HYPOTHESIS_CONFLICT"", ""WAIT_FOR_CONFIRMATION""]","[""NO_CONFIRMED_CAUSAL_HYPOTHESIS"", ""RANGE_TREND_CONFLICT"", ""CONFIRMED_RANGE_CONTEXT"", ""PRICE_CONTEXT_NOT_OBSERVABLE"", ""ZONE_PROXIMITY_NOT_OBSERVABLE"", ""INDICATOR_CONTEXT_NOT_OBSERVABLE"", ""MTF_CONTEXT_NOT_OBSERVABLE"", ""SETUP_BLOCKED_BY_NO_ACTION"", ""WAITING_FOR_CONFIRMATION""]","[""HYPOTHESIS"", ""NOT_OBSERVABLE"", ""NO_ACTION"", ""RANGE_TREND""]",[],"[""indicator_pressure"", ""multi_timeframe"", ""price_context"", ""zone_proximity""]",NOT_OBSERVABLE_SEPARATE_FROM_FALSE,"{""confirmed"": true, ""local_unconfirmed"": false}","{""low_strength"": false, ""range_trend_conflict"": true, ""structure"": null}",{},{},"{""nearest_resistance"": null, ""nearest_support"": null, ""observable"": false}",,False,False,False,"[""RESEARCH_CAUSAL_CONFIRMATION_RULE"", ""RESEARCH_INDICATOR_CAUSAL_LINK"", ""RESEARCH_MTF_CONTEXT_FIELDS"", ""RESEARCH_RANGE_TREND_RESOLUTION"", ""RESEARCH_ZONE_PROXIMITY_FIELDS""]"
SOLUSDT:2026-07-08T23:45:00Z:FLAT,SOLUSDT,2026-07-08T23:45:00Z,UNKNOWN,reports/engine_trend/engine_trend_29_unified_contextual_diagnostics_audit/ENGINE_TREND_29_KNOWN_CASES_AUDIT.json#cases[3],FLAT,FLAT,,"{""CANCELLED"": 0, ""CONFIRMED"": 0, ""CONFLICTED"": 0, ""INVALIDATED"": 0, ""PENDING"": 0}",True,False,"[""CONFIRMED_RANGE_CONTEXT""]","[""CONFIRMED_RANGE_CONTEXT"", ""PRICE_CONTEXT_NOT_OBSERVABLE"", ""ZONE_PROXIMITY_NOT_OBSERVABLE"", ""INDICATOR_CONTEXT_NOT_OBSERVABLE"", ""MTF_CONTEXT_NOT_OBSERVABLE"", ""SETUP_BLOCKED_BY_NO_ACTION""]","[""NOT_OBSERVABLE"", ""NO_ACTION"", ""RANGE_TREND""]",[],"[""indicator_pressure"", ""multi_timeframe"", ""price_context"", ""zone_proximity""]",NOT_OBSERVABLE_SEPARATE_FROM_FALSE,"{""confirmed"": true, ""local_unconfirmed"": false}","{""low_strength"": false, ""range_trend_conflict"": false, ""structure"": null}",{},{},"{""nearest_resistance"": null, ""nearest_support"": null, ""observable"": false}",,False,False,False,"[""RESEARCH_INDICATOR_CAUSAL_LINK"", ""RESEARCH_MTF_CONTEXT_FIELDS"", ""RESEARCH_RANGE_TREND_RESOLUTION"", ""RESEARCH_ZONE_PROXIMITY_FIELDS""]"
BTCUSDT:2026-07-13T16:00:00Z:UNKNOWN,BTCUSDT,2026-07-13T16:00:00Z,UNKNOWN,reports/engine_trend/engine_trend_29_unified_contextual_diagnostics_audit/ENGINE_TREND_29_KNOWN_CASES_AUDIT.json#cases[1],UNKNOWN,UNKNOWN,,"{""CANCELLED"": 0, ""CONFIRMED"": 0, ""CONFLICTED"": 0, ""INVALIDATED"": 0, ""PENDING"": 0}",True,True,"[""BEARISH_STRUCTURE_WITHOUT_CONFIRMED_HYPOTHESIS"", ""INDICATOR_PRESSURE_WITHOUT_CAUSAL_TRIGGER"", ""NO_ACTION"", ""NO_CAUSAL_HYPOTHESIS"", ""WAIT_FOR_CONFIRMATION""]","[""NO_CONFIRMED_CAUSAL_HYPOTHESIS"", ""INDICATOR_PRESSURE_WITHOUT_CAUSAL_TRIGGER"", ""PRICE_CONTEXT_NOT_OBSERVABLE"", ""ZONE_PROXIMITY_NOT_OBSERVABLE"", ""INDICATOR_CONTEXT_NOT_OBSERVABLE"", ""MTF_CONTEXT_NOT_OBSERVABLE"", ""SETUP_BLOCKED_BY_NO_ACTION"", ""WAITING_FOR_CONFIRMATION""]","[""HYPOTHESIS"", ""INDICATOR"", ""NOT_OBSERVABLE"", ""NO_ACTION""]",[],"[""indicator_pressure"", ""multi_timeframe"", ""price_context"", ""zone_proximity""]",NOT_OBSERVABLE_SEPARATE_FROM_FALSE,"{""confirmed"": false, ""local_unconfirmed"": false}","{""low_strength"": false, ""range_trend_conflict"": false, ""structure"": null}",{},{},"{""nearest_resistance"": null, ""nearest_support"": null, ""observable"": false}",,False,False,False,"[""RESEARCH_CAUSAL_CONFIRMATION_RULE"", ""RESEARCH_INDICATOR_CAUSAL_LINK"", ""RESEARCH_MTF_CONTEXT_FIELDS"", ""RESEARCH_ZONE_PROXIMITY_FIELDS""]"
ETHUSDT:2026-07-14T10:00:00Z:UNKNOWN,ETHUSDT,2026-07-14T10:00:00Z,UNKNOWN,reports/engine_trend/engine_trend_29_unified_contextual_diagnostics_audit/ENGINE_TREND_29_KNOWN_CASES_AUDIT.json#cases[0],UNKNOWN,UNKNOWN,,"{""CANCELLED"": 0, ""CONFIRMED"": 0, ""CONFLICTED"": 0, ""INVALIDATED"": 0, ""PENDING"": 0}",True,True,"[""BREAKOUT_NOT_CONFIRMED"", ""HIGHER_TF_BEARISH_RISK"", ""INDICATOR_PRESSURE_WITHOUT_CAUSAL_TRIGGER"", ""LOCAL_RANGE_UNCONFIRMED"", ""NEAR_RESISTANCE"", ""NO_ACTION"", ""WAIT_FOR_CONFIRMATION""]","[""NO_CONFIRMED_CAUSAL_HYPOTHESIS"", ""LOCAL_RANGE_UNCONFIRMED"", ""BREAKOUT_NOT_CONFIRMED"", ""NEAR_RESISTANCE_WITHOUT_BREAKOUT"", ""INDICATOR_PRESSURE_WITHOUT_CAUSAL_TRIGGER"", ""HIGHER_TF_BEARISH_RISK"", ""SETUP_BLOCKED_BY_NO_ACTION"", ""WAITING_FOR_CONFIRMATION""]","[""CONFIRMATION"", ""HYPOTHESIS"", ""INDICATOR"", ""MULTI_TIMEFRAME"", ""NO_ACTION"", ""RANGE_TREND"", ""ZONE_CONFIRMATION""]",[],[],NOT_OBSERVABLE_SEPARATE_FROM_FALSE,"{""confirmed"": false, ""local_unconfirmed"": true}","{""low_strength"": false, ""range_trend_conflict"": false, ""structure"": null}",{},{},"{""nearest_resistance"": null, ""nearest_support"": null, ""observable"": true}",,False,False,False,"[""RESEARCH_BREAKOUT_CONFIRMATION"", ""RESEARCH_CAUSAL_CONFIRMATION_RULE"", ""RESEARCH_INDICATOR_CAUSAL_LINK"", ""RESEARCH_MTF_CONTEXT_FIELDS"", ""RESEARCH_RANGE_TREND_RESOLUTION""]"
