file,line/symbol,literal,semantic_name,current_role,runtime/research/ui/test,classification,target_yaml_file,target_yaml_key,migration_required
app/__init__.py,1:__version__,'0.2.0',__version__,module_or_model_default,runtime,IDENTITY_OR_PROTOCOL_LITERAL,,,False
app/config/settings.py,25:service_name,'traders-ml',service_name,module_or_model_default,runtime,ALGORITHM_STRUCTURE_LITERAL,,,False
app/config/settings.py,26:service_version,'0.2.0',service_version,module_or_model_default,runtime,IDENTITY_OR_PROTOCOL_LITERAL,,,False
app/config/settings.py,27:app_env,'dev',app_env,module_or_model_default,runtime,ALGORITHM_STRUCTURE_LITERAL,,,False
app/config/trade_parameters.py,389:deep,False,deep,function_default,runtime,ALGORITHM_STRUCTURE_LITERAL,,,False
app/config/trade_parameters.py,235:SET_2_OVERRIDE,'SET_2_OVERRIDE',SET_2_OVERRIDE,module_or_model_default,runtime,IDENTITY_OR_PROTOCOL_LITERAL,,,False
app/config/trade_parameters.py,236:SET_1_INHERITED,'SET_1_INHERITED',SET_1_INHERITED,module_or_model_default,runtime,ALGORITHM_STRUCTURE_LITERAL,,,False
app/config/trade_parameters.py,237:SET_1_BASELINE,'SET_1_BASELINE',SET_1_BASELINE,module_or_model_default,runtime,ALGORITHM_STRUCTURE_LITERAL,,,False
app/config/trade_parameters.py,238:NAMED_SET_OVERRIDE,'NAMED_SET_OVERRIDE',NAMED_SET_OVERRIDE,module_or_model_default,runtime,IDENTITY_OR_PROTOCOL_LITERAL,,,False
app/config/trade_parameters.py,239:DYNAMIC_BINANCE_COMMISSION,'DYNAMIC_BINANCE_COMMISSION',DYNAMIC_BINANCE_COMMISSION,module_or_model_default,runtime,ALGORITHM_STRUCTURE_LITERAL,,,False
app/config/trade_parameters.py,240:RUNTIME_DYNAMIC,'RUNTIME_DYNAMIC',RUNTIME_DYNAMIC,module_or_model_default,runtime,ALGORITHM_STRUCTURE_LITERAL,,,False
app/config/trade_parameters.py,241:SHADOW_POLICY,'SHADOW_POLICY',SHADOW_POLICY,module_or_model_default,runtime,ALGORITHM_STRUCTURE_LITERAL,,,False
app/config/trade_parameters.py,242:LEGACY_UNAVAILABLE,'LEGACY_UNAVAILABLE',LEGACY_UNAVAILABLE,module_or_model_default,runtime,ALGORITHM_STRUCTURE_LITERAL,,,False
app/config/trade_parameters.py,248:prefix,'',prefix,function_default,runtime,ALGORITHM_STRUCTURE_LITERAL,,,False
app/config/yaml_authority.py,227:deep,False,deep,function_default,runtime,ALGORITHM_STRUCTURE_LITERAL,,,False
app/db/connection_failure.py,19:INVALID_PASSWORD_SQLSTATE,'28P01',INVALID_PASSWORD_SQLSTATE,module_or_model_default,runtime,IDENTITY_OR_PROTOCOL_LITERAL,,,False
app/db/connection_failure.py,24:CONNECTED,'CONNECTED',CONNECTED,module_or_model_default,runtime,ALGORITHM_STRUCTURE_LITERAL,,,False
app/db/connection_failure.py,25:AUTHENTICATION_FAILED,'AUTHENTICATION_FAILED',AUTHENTICATION_FAILED,module_or_model_default,runtime,ALGORITHM_STRUCTURE_LITERAL,,,False
app/db/connection_failure.py,26:TIMEOUT,'TIMEOUT',TIMEOUT,module_or_model_default,runtime,POLICY_VALUE_MUST_MOVE_TO_YAML,RESOLVED_BY_CANONICAL_REGISTRY,SEE_CANONICAL_REGISTRY,False
app/db/connection_failure.py,27:CONNECTION_UNAVAILABLE,'CONNECTION_UNAVAILABLE',CONNECTION_UNAVAILABLE,module_or_model_default,runtime,ALGORITHM_STRUCTURE_LITERAL,,,False
app/db/connection_failure.py,28:CONNECTION_SECURITY_ERROR,'CONNECTION_SECURITY_ERROR',CONNECTION_SECURITY_ERROR,module_or_model_default,runtime,ALGORITHM_STRUCTURE_LITERAL,,,False
app/db/connection_failure.py,29:DATABASE_ERROR,'DATABASE_ERROR',DATABASE_ERROR,module_or_model_default,runtime,ALGORITHM_STRUCTURE_LITERAL,,,False
app/db/connection_failure.py,30:UNKNOWN_CONNECTION_FAILURE,'UNKNOWN_CONNECTION_FAILURE',UNKNOWN_CONNECTION_FAILURE,module_or_model_default,runtime,ALGORITHM_STRUCTURE_LITERAL,,,False
app/db/models.py,10:__tablename__,'market_candles',__tablename__,module_or_model_default,runtime,ALGORITHM_STRUCTURE_LITERAL,,,False
app/db/models.py,35:__tablename__,'ml_features',__tablename__,module_or_model_default,runtime,ALGORITHM_STRUCTURE_LITERAL,,,False
app/db/models.py,58:__tablename__,'ml_labels',__tablename__,module_or_model_default,runtime,ALGORITHM_STRUCTURE_LITERAL,,,False
app/db/models.py,103:__tablename__,'ml_training_runs',__tablename__,module_or_model_default,runtime,ALGORITHM_STRUCTURE_LITERAL,,,False
app/db/models.py,122:__tablename__,'ml_model_versions',__tablename__,module_or_model_default,runtime,ALGORITHM_STRUCTURE_LITERAL,,,False
app/db/models.py,163:__tablename__,'ml_predictions',__tablename__,module_or_model_default,runtime,ALGORITHM_STRUCTURE_LITERAL,,,False
app/db/models.py,189:__tablename__,'ml_replay_sessions',__tablename__,module_or_model_default,runtime,ALGORITHM_STRUCTURE_LITERAL,,,False
app/db/models.py,207:__tablename__,'ml_replay_results',__tablename__,module_or_model_default,runtime,ALGORITHM_STRUCTURE_LITERAL,,,False
app/db/paper_models.py,41:IDENTITY_LENGTH,128,IDENTITY_LENGTH,module_or_model_default,runtime,IDENTITY_OR_PROTOCOL_LITERAL,,,False
app/db/paper_models.py,42:SYMBOL_LENGTH,32,SYMBOL_LENGTH,module_or_model_default,runtime,ALGORITHM_STRUCTURE_LITERAL,,,False
app/db/paper_models.py,43:REASON_CODE_LENGTH,80,REASON_CODE_LENGTH,module_or_model_default,runtime,ALGORITHM_STRUCTURE_LITERAL,,,False
app/db/paper_models.py,44:PRICE_PRECISION,38,PRICE_PRECISION,module_or_model_default,runtime,ALGORITHM_STRUCTURE_LITERAL,,,False
app/db/paper_models.py,45:PRICE_SCALE,18,PRICE_SCALE,module_or_model_default,runtime,ALGORITHM_STRUCTURE_LITERAL,,,False
app/db/paper_models.py,46:QUANTITY_PRECISION,38,QUANTITY_PRECISION,module_or_model_default,runtime,ALGORITHM_STRUCTURE_LITERAL,,,False
app/db/paper_models.py,47:QUANTITY_SCALE,18,QUANTITY_SCALE,module_or_model_default,runtime,ALGORITHM_STRUCTURE_LITERAL,,,False
app/db/paper_models.py,48:MONEY_PRECISION,38,MONEY_PRECISION,module_or_model_default,runtime,ALGORITHM_STRUCTURE_LITERAL,,,False
app/db/paper_models.py,49:MONEY_SCALE,18,MONEY_SCALE,module_or_model_default,runtime,ALGORITHM_STRUCTURE_LITERAL,,,False
app/db/paper_models.py,50:RATIO_PRECISION,20,RATIO_PRECISION,module_or_model_default,runtime,ALGORITHM_STRUCTURE_LITERAL,,,False
app/db/paper_models.py,51:RATIO_SCALE,10,RATIO_SCALE,module_or_model_default,runtime,ALGORITHM_STRUCTURE_LITERAL,,,False
app/db/paper_models.py,128:__tablename__,'paper_account_baselines',__tablename__,module_or_model_default,runtime,ALGORITHM_STRUCTURE_LITERAL,,,False
app/db/paper_models.py,173:__tablename__,'paper_first_canary_sessions',__tablename__,module_or_model_default,runtime,ALGORITHM_STRUCTURE_LITERAL,,,False
app/db/paper_models.py,264:__tablename__,'paper_continuous_control',__tablename__,module_or_model_default,runtime,ALGORITHM_STRUCTURE_LITERAL,,,False
app/db/paper_models.py,325:__tablename__,'paper_continuous_control_events',__tablename__,module_or_model_default,runtime,ALGORITHM_STRUCTURE_LITERAL,,,False
app/db/paper_models.py,345:__tablename__,'trading_universe_runtime_state',__tablename__,module_or_model_default,runtime,ALGORITHM_STRUCTURE_LITERAL,,,False
app/db/paper_models.py,380:__tablename__,'paper_simulation_policies',__tablename__,module_or_model_default,runtime,ALGORITHM_STRUCTURE_LITERAL,,,False
app/db/paper_models.py,437:__tablename__,'paper_execution_commands',__tablename__,module_or_model_default,runtime,ALGORITHM_STRUCTURE_LITERAL,,,False
app/db/paper_models.py,554:__tablename__,'paper_plan_execution_outcomes',__tablename__,module_or_model_default,runtime,ALGORITHM_STRUCTURE_LITERAL,,,False
app/db/paper_models.py,632:__tablename__,'scalping_opportunities',__tablename__,module_or_model_default,runtime,ALGORITHM_STRUCTURE_LITERAL,,,False
app/db/paper_models.py,661:__tablename__,'scalping_outcome_diagnostics',__tablename__,module_or_model_default,runtime,ALGORITHM_STRUCTURE_LITERAL,,,False
app/db/paper_models.py,682:__tablename__,'scalping_stale_position_shadow_diagnostics',__tablename__,module_or_model_default,runtime,ALGORITHM_STRUCTURE_LITERAL,,,False
app/db/paper_models.py,748:__tablename__,'paper_orders',__tablename__,module_or_model_default,runtime,ALGORITHM_STRUCTURE_LITERAL,,,False
app/db/paper_models.py,826:__tablename__,'paper_order_events',__tablename__,module_or_model_default,runtime,ALGORITHM_STRUCTURE_LITERAL,,,False
app/db/paper_models.py,877:__tablename__,'paper_fills',__tablename__,module_or_model_default,runtime,ALGORITHM_STRUCTURE_LITERAL,,,False
app/db/paper_models.py,932:__tablename__,'paper_positions',__tablename__,module_or_model_default,runtime,ALGORITHM_STRUCTURE_LITERAL,,,False
app/db/paper_models.py,1050:__tablename__,'paper_exit_evaluation_cursors',__tablename__,module_or_model_default,runtime,ALGORITHM_STRUCTURE_LITERAL,,,False
app/db/paper_models.py,1137:__tablename__,'paper_exit_decisions',__tablename__,module_or_model_default,runtime,ALGORITHM_STRUCTURE_LITERAL,,,False
app/db/paper_models.py,1186:__tablename__,'paper_journal_entries',__tablename__,module_or_model_default,runtime,ALGORITHM_STRUCTURE_LITERAL,,,False
app/db/paper_models.py,1253:__tablename__,'control_mobile_devices',__tablename__,module_or_model_default,runtime,ALGORITHM_STRUCTURE_LITERAL,,,False
app/db/paper_models.py,1279:__tablename__,'control_mobile_replay_nonces',__tablename__,module_or_model_default,runtime,ALGORITHM_STRUCTURE_LITERAL,,,False
app/db/postgres_auth_probe.py,18:_PROTOCOL_VERSION_3,196608,_PROTOCOL_VERSION_3,module_or_model_default,runtime,IDENTITY_OR_PROTOCOL_LITERAL,,,False
app/db/postgres_auth_probe.py,19:_AUTHENTICATION_OK,0,_AUTHENTICATION_OK,module_or_model_default,runtime,ALGORITHM_STRUCTURE_LITERAL,,,False
app/db/postgres_auth_probe.py,20:_AUTHENTICATION_CLEARTEXT_PASSWORD,3,_AUTHENTICATION_CLEARTEXT_PASSWORD,module_or_model_default,runtime,ALGORITHM_STRUCTURE_LITERAL,,,False
app/db/postgres_auth_probe.py,21:_AUTHENTICATION_MD5_PASSWORD,5,_AUTHENTICATION_MD5_PASSWORD,module_or_model_default,runtime,ALGORITHM_STRUCTURE_LITERAL,,,False
app/db/postgres_auth_probe.py,22:_AUTHENTICATION_SASL,10,_AUTHENTICATION_SASL,module_or_model_default,runtime,ALGORITHM_STRUCTURE_LITERAL,,,False
app/db/postgres_auth_probe.py,23:_AUTHENTICATION_SASL_CONTINUE,11,_AUTHENTICATION_SASL_CONTINUE,module_or_model_default,runtime,ALGORITHM_STRUCTURE_LITERAL,,,False
app/db/postgres_auth_probe.py,24:_AUTHENTICATION_SASL_FINAL,12,_AUTHENTICATION_SASL_FINAL,module_or_model_default,runtime,ALGORITHM_STRUCTURE_LITERAL,,,False
app/db/postgres_auth_probe.py,32:pool_disabled,True,pool_disabled,module_or_model_default,runtime,ALGORITHM_STRUCTURE_LITERAL,,,False
app/db/postgres_auth_probe.py,33:retries,0,retries,module_or_model_default,runtime,ALGORITHM_STRUCTURE_LITERAL,,,False
app/db/postgres_auth_probe.py,63:offset,0,offset,module_or_model_default,runtime,ALGORITHM_STRUCTURE_LITERAL,,,False
app/db/repositories/candle_repository.py,13:UPSERT_BATCH_SIZE,500,UPSERT_BATCH_SIZE,module_or_model_default,runtime,POLICY_VALUE_MUST_MOVE_TO_YAML,RESOLVED_BY_CANONICAL_REGISTRY,SEE_CANONICAL_REGISTRY,False
app/db/repositories/feature_repository.py,15:UPSERT_BATCH_SIZE,500,UPSERT_BATCH_SIZE,module_or_model_default,runtime,POLICY_VALUE_MUST_MOVE_TO_YAML,RESOLVED_BY_CANONICAL_REGISTRY,SEE_CANONICAL_REGISTRY,False
app/db/repositories/label_repository.py,15:UPSERT_BATCH_SIZE,500,UPSERT_BATCH_SIZE,module_or_model_default,runtime,POLICY_VALUE_MUST_MOVE_TO_YAML,RESOLVED_BY_CANONICAL_REGISTRY,SEE_CANONICAL_REGISTRY,False
app/db/repositories/prediction_repository.py,22:limit,100,limit,function_default,runtime,POLICY_VALUE_MUST_MOVE_TO_YAML,RESOLVED_BY_CANONICAL_REGISTRY,SEE_CANONICAL_REGISTRY,False
app/desktop_automation/win32_fallback.py,22:TRADERS_PROCESS_NOT_FOUND,'TRADERS_PROCESS_NOT_FOUND',TRADERS_PROCESS_NOT_FOUND,module_or_model_default,runtime,ALGORITHM_STRUCTURE_LITERAL,,,False
app/desktop_automation/win32_fallback.py,23:NO_VALID_TOP_LEVEL_HWND,'NO_VALID_TOP_LEVEL_HWND',NO_VALID_TOP_LEVEL_HWND,module_or_model_default,runtime,IDENTITY_OR_PROTOCOL_LITERAL,,,False
app/desktop_automation/win32_fallback.py,24:WRONG_WINDOWS_SESSION,'WRONG_WINDOWS_SESSION',WRONG_WINDOWS_SESSION,module_or_model_default,runtime,POLICY_VALUE_MUST_MOVE_TO_YAML,RESOLVED_BY_CANONICAL_REGISTRY,SEE_CANONICAL_REGISTRY,False
app/desktop_automation/win32_fallback.py,25:WRONG_INPUT_DESKTOP,'WRONG_INPUT_DESKTOP',WRONG_INPUT_DESKTOP,module_or_model_default,runtime,ALGORITHM_STRUCTURE_LITERAL,,,False
app/desktop_automation/win32_fallback.py,26:INTEGRITY_MISMATCH_PREVENTS_INPUT,'INTEGRITY_MISMATCH_PREVENTS_INPUT',INTEGRITY_MISMATCH_PREVENTS_INPUT,module_or_model_default,runtime,ALGORITHM_STRUCTURE_LITERAL,,,False
app/desktop_automation/win32_fallback.py,27:WINDOW_NOT_VISIBLE_AFTER_RESTORE,'WINDOW_NOT_VISIBLE_AFTER_RESTORE',WINDOW_NOT_VISIBLE_AFTER_RESTORE,module_or_model_default,runtime,POLICY_VALUE_MUST_MOVE_TO_YAML,RESOLVED_BY_CANONICAL_REGISTRY,SEE_CANONICAL_REGISTRY,False
app/desktop_automation/win32_fallback.py,28:FULL_DESKTOP_CAPTURE_FAILED,'FULL_DESKTOP_CAPTURE_FAILED',FULL_DESKTOP_CAPTURE_FAILED,module_or_model_default,runtime,ALGORITHM_STRUCTURE_LITERAL,,,False
app/desktop_automation/win32_fallback.py,29:FOREGROUND_ACTIVATION_FAILED,'FOREGROUND_ACTIVATION_FAILED',FOREGROUND_ACTIVATION_FAILED,module_or_model_default,runtime,ALGORITHM_STRUCTURE_LITERAL,,,False
app/desktop_automation/win32_fallback.py,30:WINDOW_HUNG,'WINDOW_HUNG',WINDOW_HUNG,module_or_model_default,runtime,POLICY_VALUE_MUST_MOVE_TO_YAML,RESOLVED_BY_CANONICAL_REGISTRY,SEE_CANONICAL_REGISTRY,False
app/desktop_automation/win32_fallback.py,106:capture_mode,'FULL_DESKTOP_CROPPED_BY_HWND',capture_mode,module_or_model_default,runtime,IDENTITY_OR_PROTOCOL_LITERAL,,,False
app/desktop_automation/win32_fallback.py,258:PROCESS_QUERY_LIMITED_INFORMATION,4096,PROCESS_QUERY_LIMITED_INFORMATION,module_or_model_default,runtime,POLICY_VALUE_MUST_MOVE_TO_YAML,RESOLVED_BY_CANONICAL_REGISTRY,SEE_CANONICAL_REGISTRY,False
app/desktop_automation/win32_fallback.py,259:TOKEN_QUERY,8,TOKEN_QUERY,module_or_model_default,runtime,ALGORITHM_STRUCTURE_LITERAL,,,False
app/desktop_automation/win32_fallback.py,260:TH32CS_SNAPPROCESS,2,TH32CS_SNAPPROCESS,module_or_model_default,runtime,ALGORITHM_STRUCTURE_LITERAL,,,False
app/desktop_automation/win32_fallback.py,454:timeout_seconds,2.0,timeout_seconds,function_default,runtime,POLICY_VALUE_MUST_MOVE_TO_YAML,RESOLVED_BY_CANONICAL_REGISTRY,SEE_CANONICAL_REGISTRY,False
app/desktop_automation/win32_fallback.py,277:UOI_NAME,2,UOI_NAME,module_or_model_default,runtime,ALGORITHM_STRUCTURE_LITERAL,,,False
app/engine_analysis/altunina_trend_context.py,18:STRUCTURE_TOLERANCE_RATIO,0.001,STRUCTURE_TOLERANCE_RATIO,module_or_model_default,runtime,ALGORITHM_STRUCTURE_LITERAL,,,False
app/engine_analysis/altunina_trend_context.py,20:ALTUNINA_CORRECTION_LIMIT,0.62,ALTUNINA_CORRECTION_LIMIT,module_or_model_default,runtime,POLICY_VALUE_MUST_MOVE_TO_YAML,RESOLVED_BY_CANONICAL_REGISTRY,SEE_CANONICAL_REGISTRY,False
app/engine_analysis/altunina_trend_context.py,22:BOOK_RULE,'ALTUNINA_BOOK_RULE',BOOK_RULE,module_or_model_default,runtime,ALGORITHM_STRUCTURE_LITERAL,,,False
app/engine_analysis/altunina_trend_context.py,23:DERIVED_HEURISTIC,'ENGINE_ANALYSIS_DERIVED_HEURISTIC',DERIVED_HEURISTIC,module_or_model_default,runtime,ALGORITHM_STRUCTURE_LITERAL,,,False
app/engine_analysis/altunina_trend_context.py,229:lower,0.0,lower,function_default,runtime,ALGORITHM_STRUCTURE_LITERAL,,,False
app/engine_analysis/altunina_trend_context.py,229:upper,1.0,upper,function_default,runtime,ALGORITHM_STRUCTURE_LITERAL,,,False
app/engine_analysis/altunina_trend_context.py,233:direction_sign,1,direction_sign,function_default,runtime,ALGORITHM_STRUCTURE_LITERAL,,,False
app/engine_analysis/altunina_trend_context.py,256:lookback,1,lookback,function_default,runtime,POLICY_VALUE_MUST_MOVE_TO_YAML,RESOLVED_BY_CANONICAL_REGISTRY,SEE_CANONICAL_REGISTRY,False
app/engine_analysis/altunina_trend_context.py,27:HIGH,'HIGH',HIGH,module_or_model_default,runtime,ALGORITHM_STRUCTURE_LITERAL,,,False
app/engine_analysis/altunina_trend_context.py,28:LOW,'LOW',LOW,module_or_model_default,runtime,ALGORITHM_STRUCTURE_LITERAL,,,False
app/engine_analysis/altunina_trend_context.py,32:UP,'UP',UP,module_or_model_default,runtime,ALGORITHM_STRUCTURE_LITERAL,,,False
app/engine_analysis/altunina_trend_context.py,33:DOWN,'DOWN',DOWN,module_or_model_default,runtime,ALGORITHM_STRUCTURE_LITERAL,,,False
app/engine_analysis/altunina_trend_context.py,34:FLAT,'FLAT',FLAT,module_or_model_default,runtime,ALGORITHM_STRUCTURE_LITERAL,,,False
app/engine_analysis/altunina_trend_context.py,38:BULLISH_STRUCTURE,'BULLISH_STRUCTURE',BULLISH_STRUCTURE,module_or_model_default,runtime,ALGORITHM_STRUCTURE_LITERAL,,,False
app/engine_analysis/altunina_trend_context.py,39:BEARISH_STRUCTURE,'BEARISH_STRUCTURE',BEARISH_STRUCTURE,module_or_model_default,runtime,ALGORITHM_STRUCTURE_LITERAL,,,False
app/engine_analysis/altunina_trend_context.py,40:SIDEWAYS_STRUCTURE,'SIDEWAYS_STRUCTURE',SIDEWAYS_STRUCTURE,module_or_model_default,runtime,IDENTITY_OR_PROTOCOL_LITERAL,,,False
app/engine_analysis/altunina_trend_context.py,41:UNCLEAR_STRUCTURE,'UNCLEAR_STRUCTURE',UNCLEAR_STRUCTURE,module_or_model_default,runtime,ALGORITHM_STRUCTURE_LITERAL,,,False
app/engine_analysis/altunina_trend_context.py,45:MULTI_YEAR,'MULTI_YEAR',MULTI_YEAR,module_or_model_default,runtime,ALGORITHM_STRUCTURE_LITERAL,,,False
app/engine_analysis/altunina_trend_context.py,46:MONTHLY_SCALE,'MONTHLY_SCALE',MONTHLY_SCALE,module_or_model_default,runtime,ALGORITHM_STRUCTURE_LITERAL,,,False
app/engine_analysis/altunina_trend_context.py,47:SUB_MONTH_SCALE,'SUB_MONTH_SCALE',SUB_MONTH_SCALE,module_or_model_default,runtime,ALGORITHM_STRUCTURE_LITERAL,,,False
app/engine_analysis/altunina_trend_context.py,48:UNKNOWN,'UNKNOWN',UNKNOWN,module_or_model_default,runtime,ALGORITHM_STRUCTURE_LITERAL,,,False
app/engine_analysis/altunina_trend_context.py,52:PRIMARY,'PRIMARY',PRIMARY,module_or_model_default,runtime,ALGORITHM_STRUCTURE_LITERAL,,,False
app/engine_analysis/altunina_trend_context.py,53:INTERMEDIATE,'INTERMEDIATE',INTERMEDIATE,module_or_model_default,runtime,ALGORITHM_STRUCTURE_LITERAL,,,False
app/engine_analysis/altunina_trend_context.py,54:MINOR,'MINOR',MINOR,module_or_model_default,runtime,POLICY_VALUE_MUST_MOVE_TO_YAML,RESOLVED_BY_CANONICAL_REGISTRY,SEE_CANONICAL_REGISTRY,False
app/engine_analysis/altunina_trend_context.py,55:UNKNOWN,'UNKNOWN',UNKNOWN,module_or_model_default,runtime,ALGORITHM_STRUCTURE_LITERAL,,,False
app/engine_analysis/altunina_trend_context.py,490:bullish_impulse,0.0,bullish_impulse,module_or_model_default,runtime,ALGORITHM_STRUCTURE_LITERAL,,,False
app/engine_analysis/altunina_trend_context.py,492:previous_impulse,0.0,previous_impulse,module_or_model_default,runtime,ALGORITHM_STRUCTURE_LITERAL,,,False
app/engine_analysis/altunina_trend_context.py,494:pivot_breached,False,pivot_breached,module_or_model_default,runtime,ALGORITHM_STRUCTURE_LITERAL,,,False
app/engine_analysis/altunina_trend_context.py,503:pivot_breached,False,pivot_breached,module_or_model_default,runtime,ALGORITHM_STRUCTURE_LITERAL,,,False
app/engine_analysis/altunina_trend_context.py,517:pivot_breached,False,pivot_breached,module_or_model_default,runtime,ALGORITHM_STRUCTURE_LITERAL,,,False
app/engine_analysis/altunina_trend_context.py,509:pivot_breached,True,pivot_breached,module_or_model_default,runtime,ALGORITHM_STRUCTURE_LITERAL,,,False
app/engine_analysis/altunina_trend_context.py,523:pivot_breached,True,pivot_breached,module_or_model_default,runtime,ALGORITHM_STRUCTURE_LITERAL,,,False
app/engine_analysis/analysis_contract.py,11:MIN_FULL_ANALYSIS_CANDLES,64,MIN_FULL_ANALYSIS_CANDLES,module_or_model_default,runtime,POLICY_VALUE_MUST_MOVE_TO_YAML,RESOLVED_BY_CANONICAL_REGISTRY,SEE_CANONICAL_REGISTRY,False
app/engine_analysis/analysis_contract.py,12:RECOMMENDED_CONTEXT_CANDLES,96,RECOMMENDED_CONTEXT_CANDLES,module_or_model_default,runtime,ALGORITHM_STRUCTURE_LITERAL,,,False
app/engine_analysis/analysis_contract.py,16:INVALID,'INVALID',INVALID,module_or_model_default,runtime,IDENTITY_OR_PROTOCOL_LITERAL,,,False
app/engine_analysis/analysis_contract.py,17:PARTIAL,'PARTIAL',PARTIAL,module_or_model_default,runtime,ALGORITHM_STRUCTURE_LITERAL,,,False
app/engine_analysis/analysis_contract.py,18:FULL,'FULL',FULL,module_or_model_default,runtime,ALGORITHM_STRUCTURE_LITERAL,,,False
app/engine_analysis/analysis_contract.py,27:decision_candles,24,decision_candles,module_or_model_default,runtime,ALGORITHM_STRUCTURE_LITERAL,,,False
app/engine_analysis/analysis_contract.py,28:confirmation_candles,3,confirmation_candles,module_or_model_default,runtime,ALGORITHM_STRUCTURE_LITERAL,,,False
app/engine_analysis/analysis_contract.py,29:atr_lookback_candles,14,atr_lookback_candles,module_or_model_default,runtime,POLICY_VALUE_MUST_MOVE_TO_YAML,RESOLVED_BY_CANONICAL_REGISTRY,SEE_CANONICAL_REGISTRY,False
app/engine_analysis/analysis_contract.py,31:impulse_absolute_threshold_pct,3.0,impulse_absolute_threshold_pct,module_or_model_default,runtime,POLICY_VALUE_MUST_MOVE_TO_YAML,RESOLVED_BY_CANONICAL_REGISTRY,SEE_CANONICAL_REGISTRY,False
app/engine_analysis/analysis_contract.py,32:impulse_atr_multiplier,2.5,impulse_atr_multiplier,module_or_model_default,runtime,POLICY_VALUE_MUST_MOVE_TO_YAML,RESOLVED_BY_CANONICAL_REGISTRY,SEE_CANONICAL_REGISTRY,False
app/engine_analysis/analysis_contract.py,35:breakout_volume_baseline_candles,20,breakout_volume_baseline_candles,module_or_model_default,runtime,ALGORITHM_STRUCTURE_LITERAL,,,False
app/engine_analysis/analysis_snapshot.py,12:ANALYZED,'ANALYZED',ANALYZED,module_or_model_default,runtime,ALGORITHM_STRUCTURE_LITERAL,,,False
app/engine_analysis/analysis_snapshot.py,13:SKIPPED_NOT_ENOUGH_DATA,'SKIPPED_NOT_ENOUGH_DATA',SKIPPED_NOT_ENOUGH_DATA,module_or_model_default,runtime,ALGORITHM_STRUCTURE_LITERAL,,,False
app/engine_analysis/analysis_snapshot.py,14:SKIPPED_DEGRADED_MARKET_DATA,'SKIPPED_DEGRADED_MARKET_DATA',SKIPPED_DEGRADED_MARKET_DATA,module_or_model_default,runtime,ALGORITHM_STRUCTURE_LITERAL,,,False
app/engine_analysis/analysis_snapshot.py,15:SKIPPED_DUPLICATE_WINDOW,'SKIPPED_DUPLICATE_WINDOW',SKIPPED_DUPLICATE_WINDOW,module_or_model_default,runtime,POLICY_VALUE_MUST_MOVE_TO_YAML,RESOLVED_BY_CANONICAL_REGISTRY,SEE_CANONICAL_REGISTRY,False
app/engine_analysis/analysis_snapshot.py,16:SKIPPED_INVALID_SNAPSHOT,'SKIPPED_INVALID_SNAPSHOT',SKIPPED_INVALID_SNAPSHOT,module_or_model_default,runtime,IDENTITY_OR_PROTOCOL_LITERAL,,,False
app/engine_analysis/analysis_snapshot.py,17:ERROR,'ERROR',ERROR,module_or_model_default,runtime,ALGORITHM_STRUCTURE_LITERAL,,,False
app/engine_analysis/analysis_snapshot.py,36:future_bars_used,False,future_bars_used,module_or_model_default,runtime,ALGORITHM_STRUCTURE_LITERAL,,,False
app/engine_analysis/analysis_snapshot_store.py,34:limit,100,limit,function_default,runtime,POLICY_VALUE_MUST_MOVE_TO_YAML,RESOLVED_BY_CANONICAL_REGISTRY,SEE_CANONICAL_REGISTRY,False
app/engine_analysis/book_evidence_matrix.py,33:DIRECTION_MATERIALITY_THRESHOLD,0.05,DIRECTION_MATERIALITY_THRESHOLD,module_or_model_default,runtime,POLICY_VALUE_MUST_MOVE_TO_YAML,RESOLVED_BY_CANONICAL_REGISTRY,SEE_CANONICAL_REGISTRY,False
app/engine_analysis/book_evidence_matrix.py,34:DIRECTION_BALANCE_TOLERANCE,0.03,DIRECTION_BALANCE_TOLERANCE,module_or_model_default,runtime,ALGORITHM_STRUCTURE_LITERAL,,,False
app/engine_analysis/book_evidence_matrix.py,39:BULLISH,'BULLISH',BULLISH,module_or_model_default,runtime,ALGORITHM_STRUCTURE_LITERAL,,,False
app/engine_analysis/book_evidence_matrix.py,40:BEARISH,'BEARISH',BEARISH,module_or_model_default,runtime,ALGORITHM_STRUCTURE_LITERAL,,,False
app/engine_analysis/book_evidence_matrix.py,41:NEUTRAL,'NEUTRAL',NEUTRAL,module_or_model_default,runtime,ALGORITHM_STRUCTURE_LITERAL,,,False
app/engine_analysis/book_evidence_matrix.py,42:MIXED,'MIXED',MIXED,module_or_model_default,runtime,ALGORITHM_STRUCTURE_LITERAL,,,False
app/engine_analysis/book_evidence_matrix.py,46:NONE,'NONE',NONE,module_or_model_default,runtime,ALGORITHM_STRUCTURE_LITERAL,,,False
app/engine_analysis/book_evidence_matrix.py,47:LOW,'LOW',LOW,module_or_model_default,runtime,ALGORITHM_STRUCTURE_LITERAL,,,False
app/engine_analysis/book_evidence_matrix.py,48:MEDIUM,'MEDIUM',MEDIUM,module_or_model_default,runtime,ALGORITHM_STRUCTURE_LITERAL,,,False
app/engine_analysis/book_evidence_matrix.py,49:HIGH,'HIGH',HIGH,module_or_model_default,runtime,ALGORITHM_STRUCTURE_LITERAL,,,False
app/engine_analysis/book_evidence_matrix.py,53:EMPTY,'EMPTY',EMPTY,module_or_model_default,runtime,ALGORITHM_STRUCTURE_LITERAL,,,False
app/engine_analysis/book_evidence_matrix.py,54:LOW,'LOW',LOW,module_or_model_default,runtime,ALGORITHM_STRUCTURE_LITERAL,,,False
app/engine_analysis/book_evidence_matrix.py,55:MEDIUM,'MEDIUM',MEDIUM,module_or_model_default,runtime,ALGORITHM_STRUCTURE_LITERAL,,,False
app/engine_analysis/book_evidence_matrix.py,56:HIGH,'HIGH',HIGH,module_or_model_default,runtime,ALGORITHM_STRUCTURE_LITERAL,,,False
app/engine_analysis/book_evidence_matrix.py,60:NO_EVIDENCE,'NO_EVIDENCE',NO_EVIDENCE,module_or_model_default,runtime,IDENTITY_OR_PROTOCOL_LITERAL,,,False
app/engine_analysis/book_evidence_matrix.py,61:ALIGNED_BULLISH,'ALIGNED_BULLISH',ALIGNED_BULLISH,module_or_model_default,runtime,ALGORITHM_STRUCTURE_LITERAL,,,False
app/engine_analysis/book_evidence_matrix.py,62:ALIGNED_BEARISH,'ALIGNED_BEARISH',ALIGNED_BEARISH,module_or_model_default,runtime,ALGORITHM_STRUCTURE_LITERAL,,,False
app/engine_analysis/book_evidence_matrix.py,63:ALIGNED_NEUTRAL,'ALIGNED_NEUTRAL',ALIGNED_NEUTRAL,module_or_model_default,runtime,ALGORITHM_STRUCTURE_LITERAL,,,False
app/engine_analysis/book_evidence_matrix.py,64:MIXED_WITH_CONFLICT,'MIXED_WITH_CONFLICT',MIXED_WITH_CONFLICT,module_or_model_default,runtime,ALGORITHM_STRUCTURE_LITERAL,,,False
app/engine_analysis/book_evidence_matrix.py,65:MIXED_LOW_CONFLICT,'MIXED_LOW_CONFLICT',MIXED_LOW_CONFLICT,module_or_model_default,runtime,ALGORITHM_STRUCTURE_LITERAL,,,False
app/engine_analysis/candle_morphology.py,12:DOJI_BODY_TO_RANGE_MAX,0.1,DOJI_BODY_TO_RANGE_MAX,module_or_model_default,runtime,POLICY_VALUE_MUST_MOVE_TO_YAML,RESOLVED_BY_CANONICAL_REGISTRY,SEE_CANONICAL_REGISTRY,False
app/engine_analysis/candle_morphology.py,13:SPINNING_TOP_BODY_TO_RANGE_MAX,0.25,SPINNING_TOP_BODY_TO_RANGE_MAX,module_or_model_default,runtime,POLICY_VALUE_MUST_MOVE_TO_YAML,RESOLVED_BY_CANONICAL_REGISTRY,SEE_CANONICAL_REGISTRY,False
app/engine_analysis/candle_morphology.py,14:SMALL_BODY_TO_RANGE_MAX,0.3,SMALL_BODY_TO_RANGE_MAX,module_or_model_default,runtime,POLICY_VALUE_MUST_MOVE_TO_YAML,RESOLVED_BY_CANONICAL_REGISTRY,SEE_CANONICAL_REGISTRY,False
app/engine_analysis/candle_morphology.py,15:LARGE_BODY_TO_RANGE_MIN,0.6,LARGE_BODY_TO_RANGE_MIN,module_or_model_default,runtime,POLICY_VALUE_MUST_MOVE_TO_YAML,RESOLVED_BY_CANONICAL_REGISTRY,SEE_CANONICAL_REGISTRY,False
app/engine_analysis/candle_morphology.py,16:STRONG_BODY_TO_RANGE_MIN,0.7,STRONG_BODY_TO_RANGE_MIN,module_or_model_default,runtime,POLICY_VALUE_MUST_MOVE_TO_YAML,RESOLVED_BY_CANONICAL_REGISTRY,SEE_CANONICAL_REGISTRY,False
app/engine_analysis/candle_morphology.py,17:EXTENDED_SHADOW_TO_RANGE_MIN,0.55,EXTENDED_SHADOW_TO_RANGE_MIN,module_or_model_default,runtime,POLICY_VALUE_MUST_MOVE_TO_YAML,RESOLVED_BY_CANONICAL_REGISTRY,SEE_CANONICAL_REGISTRY,False
app/engine_analysis/candle_morphology.py,18:NEAR_HIGH_THRESHOLD,0.75,NEAR_HIGH_THRESHOLD,module_or_model_default,runtime,POLICY_VALUE_MUST_MOVE_TO_YAML,RESOLVED_BY_CANONICAL_REGISTRY,SEE_CANONICAL_REGISTRY,False
app/engine_analysis/candle_morphology.py,19:NEAR_LOW_THRESHOLD,0.25,NEAR_LOW_THRESHOLD,module_or_model_default,runtime,POLICY_VALUE_MUST_MOVE_TO_YAML,RESOLVED_BY_CANONICAL_REGISTRY,SEE_CANONICAL_REGISTRY,False
app/engine_analysis/candle_morphology.py,25:BULLISH,'BULLISH',BULLISH,module_or_model_default,runtime,ALGORITHM_STRUCTURE_LITERAL,,,False
app/engine_analysis/candle_morphology.py,26:BEARISH,'BEARISH',BEARISH,module_or_model_default,runtime,ALGORITHM_STRUCTURE_LITERAL,,,False
app/engine_analysis/candle_morphology.py,27:NEUTRAL,'NEUTRAL',NEUTRAL,module_or_model_default,runtime,ALGORITHM_STRUCTURE_LITERAL,,,False
app/engine_analysis/candle_morphology.py,88:close_position,0.5,close_position,module_or_model_default,runtime,ALGORITHM_STRUCTURE_LITERAL,,,False
app/engine_analysis/contextual_diagnostics.py,17:DIAGNOSTIC_NEAR_ZONE_PCT,0.5,DIAGNOSTIC_NEAR_ZONE_PCT,module_or_model_default,runtime,POLICY_VALUE_MUST_MOVE_TO_YAML,RESOLVED_BY_CANONICAL_REGISTRY,SEE_CANONICAL_REGISTRY,False
app/engine_analysis/contextual_diagnostics.py,18:DIAGNOSTIC_NEAR_ZONE_ATR,1.0,DIAGNOSTIC_NEAR_ZONE_ATR,module_or_model_default,runtime,ALGORITHM_STRUCTURE_LITERAL,,,False
app/engine_analysis/contextual_diagnostics.py,19:DIAGNOSTIC_VERSION,'2.0.0',DIAGNOSTIC_VERSION,module_or_model_default,runtime,IDENTITY_OR_PROTOCOL_LITERAL,,,False
app/engine_analysis/contextual_diagnostics.py,20:DIAGNOSTIC_STAGE,'ENGINE-ANALYSIS-29',DIAGNOSTIC_STAGE,module_or_model_default,runtime,ALGORITHM_STRUCTURE_LITERAL,,,False
app/engine_analysis/contextual_diagnostics.py,24:LOCAL_RANGE_UNCONFIRMED,'LOCAL_RANGE_UNCONFIRMED',LOCAL_RANGE_UNCONFIRMED,module_or_model_default,runtime,ALGORITHM_STRUCTURE_LITERAL,,,False
app/engine_analysis/contextual_diagnostics.py,25:CONFIRMED_RANGE_CONTEXT,'CONFIRMED_RANGE_CONTEXT',CONFIRMED_RANGE_CONTEXT,module_or_model_default,runtime,ALGORITHM_STRUCTURE_LITERAL,,,False
app/engine_analysis/contextual_diagnostics.py,26:NEAR_RESISTANCE,'NEAR_RESISTANCE',NEAR_RESISTANCE,module_or_model_default,runtime,ALGORITHM_STRUCTURE_LITERAL,,,False
app/engine_analysis/contextual_diagnostics.py,27:NEAR_SUPPORT,'NEAR_SUPPORT',NEAR_SUPPORT,module_or_model_default,runtime,ALGORITHM_STRUCTURE_LITERAL,,,False
app/engine_analysis/contextual_diagnostics.py,28:BREAKOUT_NOT_CONFIRMED,'BREAKOUT_NOT_CONFIRMED',BREAKOUT_NOT_CONFIRMED,module_or_model_default,runtime,ALGORITHM_STRUCTURE_LITERAL,,,False
app/engine_analysis/contextual_diagnostics.py,29:BREAKDOWN_NOT_CONFIRMED,'BREAKDOWN_NOT_CONFIRMED',BREAKDOWN_NOT_CONFIRMED,module_or_model_default,runtime,ALGORITHM_STRUCTURE_LITERAL,,,False
app/engine_analysis/contextual_diagnostics.py,30:NEAR_UPPER_RANGE_BOUNDARY,'NEAR_UPPER_RANGE_BOUNDARY',NEAR_UPPER_RANGE_BOUNDARY,module_or_model_default,runtime,ALGORITHM_STRUCTURE_LITERAL,,,False
app/engine_analysis/contextual_diagnostics.py,31:NEAR_LOWER_RANGE_BOUNDARY,'NEAR_LOWER_RANGE_BOUNDARY',NEAR_LOWER_RANGE_BOUNDARY,module_or_model_default,runtime,ALGORITHM_STRUCTURE_LITERAL,,,False
app/engine_analysis/contextual_diagnostics.py,32:INSIDE_RANGE,'INSIDE_RANGE',INSIDE_RANGE,module_or_model_default,runtime,IDENTITY_OR_PROTOCOL_LITERAL,,,False
app/engine_analysis/contextual_diagnostics.py,33:INDICATOR_PRESSURE_WITHOUT_CAUSAL_TRIGGER,'INDICATOR_PRESSURE_WITHOUT_CAUSAL_TRIGGER',INDICATOR_PRESSURE_WITHOUT_CAUSAL_TRIGGER,module_or_model_default,runtime,ALGORITHM_STRUCTURE_LITERAL,,,False
app/engine_analysis/contextual_diagnostics.py,36:LOW_TREND_STRENGTH,'LOW_TREND_STRENGTH',LOW_TREND_STRENGTH,module_or_model_default,runtime,ALGORITHM_STRUCTURE_LITERAL,,,False
app/engine_analysis/contextual_diagnostics.py,37:MTF_CONFLICT,'MTF_CONFLICT',MTF_CONFLICT,module_or_model_default,runtime,ALGORITHM_STRUCTURE_LITERAL,,,False
app/engine_analysis/contextual_diagnostics.py,38:HIGHER_TF_BEARISH_RISK,'HIGHER_TF_BEARISH_RISK',HIGHER_TF_BEARISH_RISK,module_or_model_default,runtime,POLICY_VALUE_MUST_MOVE_TO_YAML,RESOLVED_BY_CANONICAL_REGISTRY,SEE_CANONICAL_REGISTRY,False
app/engine_analysis/contextual_diagnostics.py,39:HIGHER_TF_BULLISH_RISK,'HIGHER_TF_BULLISH_RISK',HIGHER_TF_BULLISH_RISK,module_or_model_default,runtime,POLICY_VALUE_MUST_MOVE_TO_YAML,RESOLVED_BY_CANONICAL_REGISTRY,SEE_CANONICAL_REGISTRY,False
app/engine_analysis/contextual_diagnostics.py,40:BEARISH_STRUCTURE_WITHOUT_CONFIRMED_HYPOTHESIS,'BEARISH_STRUCTURE_WITHOUT_CONFIRMED_HYPOTHESIS',BEARISH_STRUCTURE_WITHOUT_CONFIRMED_HYPOTHESIS,module_or_model_default,runtime,ALGORITHM_STRUCTURE_LITERAL,,,False
app/engine_analysis/contextual_diagnostics.py,43:BULLISH_STRUCTURE_WITHOUT_CONFIRMED_HYPOTHESIS,'BULLISH_STRUCTURE_WITHOUT_CONFIRMED_HYPOTHESIS',BULLISH_STRUCTURE_WITHOUT_CONFIRMED_HYPOTHESIS,module_or_model_default,runtime,ALGORITHM_STRUCTURE_LITERAL,,,False
app/engine_analysis/contextual_diagnostics.py,46:UNRESOLVED_HYPOTHESIS_CONFLICT,'UNRESOLVED_HYPOTHESIS_CONFLICT',UNRESOLVED_HYPOTHESIS_CONFLICT,module_or_model_default,runtime,ALGORITHM_STRUCTURE_LITERAL,,,False
app/engine_analysis/contextual_diagnostics.py,47:RANGE_TREND_CONFLICT,'RANGE_TREND_CONFLICT',RANGE_TREND_CONFLICT,module_or_model_default,runtime,ALGORITHM_STRUCTURE_LITERAL,,,False
app/engine_analysis/contextual_diagnostics.py,48:NO_CAUSAL_HYPOTHESIS,'NO_CAUSAL_HYPOTHESIS',NO_CAUSAL_HYPOTHESIS,module_or_model_default,runtime,ALGORITHM_STRUCTURE_LITERAL,,,False
app/engine_analysis/contextual_diagnostics.py,49:WAIT_FOR_CONFIRMATION,'WAIT_FOR_CONFIRMATION',WAIT_FOR_CONFIRMATION,module_or_model_default,runtime,ALGORITHM_STRUCTURE_LITERAL,,,False
app/engine_analysis/contextual_diagnostics.py,50:NO_ACTION,'NO_ACTION',NO_ACTION,module_or_model_default,runtime,ALGORITHM_STRUCTURE_LITERAL,,,False
app/engine_analysis/contextual_diagnostics.py,83:range_confirmed,False,range_confirmed,module_or_model_default,runtime,ALGORITHM_STRUCTURE_LITERAL,,,False
app/engine_analysis/contextual_diagnostics.py,86:breakout_status,'NO_BREAKOUT',breakout_status,module_or_model_default,runtime,IDENTITY_OR_PROTOCOL_LITERAL,,,False
app/engine_analysis/contextual_diagnostics.py,87:breakout_direction,'NONE',breakout_direction,module_or_model_default,runtime,ALGORITHM_STRUCTURE_LITERAL,,,False
app/engine_analysis/contextual_diagnostics.py,89:indicator_direction,'NEUTRAL',indicator_direction,module_or_model_default,runtime,ALGORITHM_STRUCTURE_LITERAL,,,False
app/engine_analysis/contextual_diagnostics.py,90:indicator_strength,'NONE',indicator_strength,module_or_model_default,runtime,ALGORITHM_STRUCTURE_LITERAL,,,False
app/engine_analysis/contextual_diagnostics.py,91:indicator_reason,'',indicator_reason,module_or_model_default,runtime,ALGORITHM_STRUCTURE_LITERAL,,,False
app/engine_analysis/contextual_diagnostics.py,92:bullish_votes,0,bullish_votes,module_or_model_default,runtime,ALGORITHM_STRUCTURE_LITERAL,,,False
app/engine_analysis/contextual_diagnostics.py,93:bearish_votes,0,bearish_votes,module_or_model_default,runtime,ALGORITHM_STRUCTURE_LITERAL,,,False
app/engine_analysis/data_source_boundary.py,23:READY,'READY',READY,module_or_model_default,runtime,ALGORITHM_STRUCTURE_LITERAL,,,False
app/engine_analysis/data_source_boundary.py,24:EMPTY,'EMPTY',EMPTY,module_or_model_default,runtime,ALGORITHM_STRUCTURE_LITERAL,,,False
app/engine_analysis/data_source_boundary.py,25:INVALID_REQUEST,'INVALID_REQUEST',INVALID_REQUEST,module_or_model_default,runtime,IDENTITY_OR_PROTOCOL_LITERAL,,,False
app/engine_analysis/data_source_boundary.py,26:PROVIDER_ERROR,'PROVIDER_ERROR',PROVIDER_ERROR,module_or_model_default,runtime,IDENTITY_OR_PROTOCOL_LITERAL,,,False
app/engine_analysis/data_source_boundary.py,27:VALIDATION_FAILED,'VALIDATION_FAILED',VALIDATION_FAILED,module_or_model_default,runtime,IDENTITY_OR_PROTOCOL_LITERAL,,,False
app/engine_analysis/data_source_boundary.py,31:EMPTY_BATCH,'EMPTY_BATCH',EMPTY_BATCH,module_or_model_default,runtime,POLICY_VALUE_MUST_MOVE_TO_YAML,RESOLVED_BY_CANONICAL_REGISTRY,SEE_CANONICAL_REGISTRY,False
app/engine_analysis/data_source_boundary.py,32:SYMBOL_MISMATCH,'SYMBOL_MISMATCH',SYMBOL_MISMATCH,module_or_model_default,runtime,ALGORITHM_STRUCTURE_LITERAL,,,False
app/engine_analysis/data_source_boundary.py,33:INTERVAL_MISMATCH,'INTERVAL_MISMATCH',INTERVAL_MISMATCH,module_or_model_default,runtime,ALGORITHM_STRUCTURE_LITERAL,,,False
app/engine_analysis/data_source_boundary.py,34:UNSORTED_TIMESTAMPS,'UNSORTED_TIMESTAMPS',UNSORTED_TIMESTAMPS,module_or_model_default,runtime,ALGORITHM_STRUCTURE_LITERAL,,,False
app/engine_analysis/data_source_boundary.py,35:DUPLICATE_TIMESTAMPS,'DUPLICATE_TIMESTAMPS',DUPLICATE_TIMESTAMPS,module_or_model_default,runtime,ALGORITHM_STRUCTURE_LITERAL,,,False
app/engine_analysis/data_source_boundary.py,36:CANDLE_NORMALIZATION_FAILED,'CANDLE_NORMALIZATION_FAILED',CANDLE_NORMALIZATION_FAILED,module_or_model_default,runtime,ALGORITHM_STRUCTURE_LITERAL,,,False
app/engine_analysis/data_source_boundary.py,37:MIN_CANDLE_COUNT_NOT_MET,'MIN_CANDLE_COUNT_NOT_MET',MIN_CANDLE_COUNT_NOT_MET,module_or_model_default,runtime,POLICY_VALUE_MUST_MOVE_TO_YAML,RESOLVED_BY_CANONICAL_REGISTRY,SEE_CANONICAL_REGISTRY,False
app/engine_analysis/data_source_boundary.py,38:INVALID_TIMESTAMP,'INVALID_TIMESTAMP',INVALID_TIMESTAMP,module_or_model_default,runtime,IDENTITY_OR_PROTOCOL_LITERAL,,,False
app/engine_analysis/data_source_boundary.py,39:IRREGULAR_CADENCE,'IRREGULAR_CADENCE',IRREGULAR_CADENCE,module_or_model_default,runtime,POLICY_VALUE_MUST_MOVE_TO_YAML,RESOLVED_BY_CANONICAL_REGISTRY,SEE_CANONICAL_REGISTRY,False
app/engine_analysis/data_source_boundary.py,40:MISSING_CANDLES,'MISSING_CANDLES',MISSING_CANDLES,module_or_model_default,runtime,ALGORITHM_STRUCTURE_LITERAL,,,False
app/engine_analysis/data_source_boundary.py,41:NON_FINITE_VALUE,'NON_FINITE_VALUE',NON_FINITE_VALUE,module_or_model_default,runtime,ALGORITHM_STRUCTURE_LITERAL,,,False
app/engine_analysis/data_source_boundary.py,42:NON_POSITIVE_PRICE,'NON_POSITIVE_PRICE',NON_POSITIVE_PRICE,module_or_model_default,runtime,ALGORITHM_STRUCTURE_LITERAL,,,False
app/engine_analysis/data_source_boundary.py,52:source_name,'external_provider',source_name,module_or_model_default,runtime,ALGORITHM_STRUCTURE_LITERAL,,,False
app/engine_analysis/db_cli_preview.py,25:STAGE,'ENGINE-ANALYSIS-12',STAGE,module_or_model_default,runtime,ALGORITHM_STRUCTURE_LITERAL,,,False
app/engine_analysis/db_cli_preview.py,27:CONFIRMED_INTERVAL,'15m',CONFIRMED_INTERVAL,module_or_model_default,runtime,ALGORITHM_STRUCTURE_LITERAL,,,False
app/engine_analysis/db_cli_preview.py,34:MAX_CANDLES_HARD_CAP,500,MAX_CANDLES_HARD_CAP,module_or_model_default,runtime,POLICY_VALUE_MUST_MOVE_TO_YAML,RESOLVED_BY_CANONICAL_REGISTRY,SEE_CANONICAL_REGISTRY,False
app/engine_analysis/impulse_phase_conflict_resolver.py,70:phase,'IMPULSE_DETECTED',phase,module_or_model_default,runtime,ALGORITHM_STRUCTURE_LITERAL,,,False
app/engine_analysis/impulse_phase_conflict_resolver.py,72:quality,'ACCEPTABLE',quality,module_or_model_default,runtime,ALGORITHM_STRUCTURE_LITERAL,,,False
app/engine_analysis/impulse_phase_diagnostics.py,21:STAGE,'ENGINE-ANALYSIS-32',STAGE,module_or_model_default,runtime,ALGORITHM_STRUCTURE_LITERAL,,,False
app/engine_analysis/impulse_phase_diagnostics.py,22:SCHEMA_VERSION,'1.0.0',SCHEMA_VERSION,module_or_model_default,runtime,IDENTITY_OR_PROTOCOL_LITERAL,,,False
app/engine_analysis/impulse_phase_diagnostics.py,23:RESEARCH_ONLY,True,RESEARCH_ONLY,module_or_model_default,runtime,ALGORITHM_STRUCTURE_LITERAL,,,False
app/engine_analysis/impulse_phase_diagnostics.py,24:MIN_BARS,20,MIN_BARS,module_or_model_default,runtime,POLICY_VALUE_MUST_MOVE_TO_YAML,RESOLVED_BY_CANONICAL_REGISTRY,SEE_CANONICAL_REGISTRY,False
app/engine_analysis/impulse_phase_diagnostics.py,202:period,14,period,function_default,runtime,ALGORITHM_STRUCTURE_LITERAL,,,False
app/engine_analysis/impulse_phase_diagnostics.py,28:NO_IMPULSE,'NO_IMPULSE',NO_IMPULSE,module_or_model_default,runtime,ALGORITHM_STRUCTURE_LITERAL,,,False
app/engine_analysis/impulse_phase_diagnostics.py,29:EARLY_IMPULSE,'EARLY_IMPULSE',EARLY_IMPULSE,module_or_model_default,runtime,ALGORITHM_STRUCTURE_LITERAL,,,False
app/engine_analysis/impulse_phase_diagnostics.py,30:IMPULSE_DETECTED,'IMPULSE_DETECTED',IMPULSE_DETECTED,module_or_model_default,runtime,ALGORITHM_STRUCTURE_LITERAL,,,False
app/engine_analysis/impulse_phase_diagnostics.py,31:IMPULSE_EXTENSION,'IMPULSE_EXTENSION',IMPULSE_EXTENSION,module_or_model_default,runtime,ALGORITHM_STRUCTURE_LITERAL,,,False
app/engine_analysis/impulse_phase_diagnostics.py,32:IMPULSE_EXHAUSTION_RISK,'IMPULSE_EXHAUSTION_RISK',IMPULSE_EXHAUSTION_RISK,module_or_model_default,runtime,POLICY_VALUE_MUST_MOVE_TO_YAML,RESOLVED_BY_CANONICAL_REGISTRY,SEE_CANONICAL_REGISTRY,False
app/engine_analysis/impulse_phase_diagnostics.py,33:POST_SPIKE_PULLBACK,'POST_SPIKE_PULLBACK',POST_SPIKE_PULLBACK,module_or_model_default,runtime,ALGORITHM_STRUCTURE_LITERAL,,,False
app/engine_analysis/impulse_phase_diagnostics.py,34:RANGE_REENTRY,'RANGE_REENTRY',RANGE_REENTRY,module_or_model_default,runtime,ALGORITHM_STRUCTURE_LITERAL,,,False
app/engine_analysis/impulse_phase_diagnostics.py,35:LATE_CONFIRMATION_RISK,'LATE_CONFIRMATION_RISK',LATE_CONFIRMATION_RISK,module_or_model_default,runtime,POLICY_VALUE_MUST_MOVE_TO_YAML,RESOLVED_BY_CANONICAL_REGISTRY,SEE_CANONICAL_REGISTRY,False
app/engine_analysis/impulse_phase_diagnostics.py,36:CONFLICTED_IMPULSE,'CONFLICTED_IMPULSE',CONFLICTED_IMPULSE,module_or_model_default,runtime,ALGORITHM_STRUCTURE_LITERAL,,,False
app/engine_analysis/impulse_phase_diagnostics.py,37:UNKNOWN_IMPULSE_PHASE,'UNKNOWN_IMPULSE_PHASE',UNKNOWN_IMPULSE_PHASE,module_or_model_default,runtime,ALGORITHM_STRUCTURE_LITERAL,,,False
app/engine_analysis/impulse_phase_diagnostics.py,41:GOOD,'GOOD',GOOD,module_or_model_default,runtime,ALGORITHM_STRUCTURE_LITERAL,,,False
app/engine_analysis/impulse_phase_diagnostics.py,42:ACCEPTABLE,'ACCEPTABLE',ACCEPTABLE,module_or_model_default,runtime,ALGORITHM_STRUCTURE_LITERAL,,,False
app/engine_analysis/impulse_phase_diagnostics.py,43:POOR,'POOR',POOR,module_or_model_default,runtime,ALGORITHM_STRUCTURE_LITERAL,,,False
app/engine_analysis/impulse_phase_diagnostics.py,44:INVALID,'INVALID',INVALID,module_or_model_default,runtime,IDENTITY_OR_PROTOCOL_LITERAL,,,False
app/engine_analysis/impulse_phase_diagnostics.py,45:NOT_EVALUATED,'NOT_EVALUATED',NOT_EVALUATED,module_or_model_default,runtime,ALGORITHM_STRUCTURE_LITERAL,,,False
app/engine_analysis/impulse_phase_diagnostics.py,49:ENTRY_DIRECTLY_INTO_RESISTANCE,'ENTRY_DIRECTLY_INTO_RESISTANCE',ENTRY_DIRECTLY_INTO_RESISTANCE,module_or_model_default,runtime,ALGORITHM_STRUCTURE_LITERAL,,,False
app/engine_analysis/impulse_phase_diagnostics.py,50:ENTRY_DIRECTLY_INTO_SUPPORT,'ENTRY_DIRECTLY_INTO_SUPPORT',ENTRY_DIRECTLY_INTO_SUPPORT,module_or_model_default,runtime,ALGORITHM_STRUCTURE_LITERAL,,,False
app/engine_analysis/impulse_phase_diagnostics.py,51:LATE_AFTER_LARGE_INTRADAY_MOVE,'LATE_AFTER_LARGE_INTRADAY_MOVE',LATE_AFTER_LARGE_INTRADAY_MOVE,module_or_model_default,runtime,ALGORITHM_STRUCTURE_LITERAL,,,False
app/engine_analysis/impulse_phase_diagnostics.py,52:WEAK_FRESH_VOLUME,'WEAK_FRESH_VOLUME',WEAK_FRESH_VOLUME,module_or_model_default,runtime,ALGORITHM_STRUCTURE_LITERAL,,,False
app/engine_analysis/impulse_phase_diagnostics.py,53:POST_SPIKE_PULLBACK_ACTIVE,'POST_SPIKE_PULLBACK_ACTIVE',POST_SPIKE_PULLBACK_ACTIVE,module_or_model_default,runtime,ALGORITHM_STRUCTURE_LITERAL,,,False
app/engine_analysis/impulse_phase_diagnostics.py,54:RANGE_REENTRY_ACTIVE,'RANGE_REENTRY_ACTIVE',RANGE_REENTRY_ACTIVE,module_or_model_default,runtime,ALGORITHM_STRUCTURE_LITERAL,,,False
app/engine_analysis/impulse_phase_diagnostics.py,55:NO_CONFIRMED_BREAKOUT,'NO_CONFIRMED_BREAKOUT',NO_CONFIRMED_BREAKOUT,module_or_model_default,runtime,ALGORITHM_STRUCTURE_LITERAL,,,False
app/engine_analysis/impulse_phase_diagnostics.py,56:NO_SUCCESSFUL_RETEST,'NO_SUCCESSFUL_RETEST',NO_SUCCESSFUL_RETEST,module_or_model_default,runtime,ALGORITHM_STRUCTURE_LITERAL,,,False
app/engine_analysis/impulse_phase_diagnostics.py,57:CONFLICTING_EVIDENCE_MATRIX,'CONFLICTING_EVIDENCE_MATRIX',CONFLICTING_EVIDENCE_MATRIX,module_or_model_default,runtime,IDENTITY_OR_PROTOCOL_LITERAL,,,False
app/engine_analysis/impulse_phase_diagnostics.py,58:CONFIRMED_HYPOTHESIS_ABSENT,'CONFIRMED_HYPOTHESIS_ABSENT',CONFIRMED_HYPOTHESIS_ABSENT,module_or_model_default,runtime,ALGORITHM_STRUCTURE_LITERAL,,,False
app/engine_analysis/impulse_phase_diagnostics.py,59:CONFIRMED_HYPOTHESIS_LATE,'CONFIRMED_HYPOTHESIS_LATE',CONFIRMED_HYPOTHESIS_LATE,module_or_model_default,runtime,ALGORITHM_STRUCTURE_LITERAL,,,False
app/engine_analysis/impulse_phase_diagnostics.py,60:RANGE_STRUCTURE_DOMINATES_INDICATORS,'RANGE_STRUCTURE_DOMINATES_INDICATORS',RANGE_STRUCTURE_DOMINATES_INDICATORS,module_or_model_default,runtime,POLICY_VALUE_MUST_MOVE_TO_YAML,RESOLVED_BY_CANONICAL_REGISTRY,SEE_CANONICAL_REGISTRY,False
app/engine_analysis/impulse_phase_diagnostics.py,61:WEAK_DIRECTIONAL_FOLLOW_THROUGH,'WEAK_DIRECTIONAL_FOLLOW_THROUGH',WEAK_DIRECTIONAL_FOLLOW_THROUGH,module_or_model_default,runtime,ALGORITHM_STRUCTURE_LITERAL,,,False
app/engine_analysis/impulse_phase_diagnostics.py,62:HIGH_OVERLAP_CHOP,'HIGH_OVERLAP_CHOP',HIGH_OVERLAP_CHOP,module_or_model_default,runtime,ALGORITHM_STRUCTURE_LITERAL,,,False
app/engine_analysis/impulse_phase_diagnostics.py,63:MID_RANGE_RETURN,'MID_RANGE_RETURN',MID_RANGE_RETURN,module_or_model_default,runtime,IDENTITY_OR_PROTOCOL_LITERAL,,,False
app/engine_analysis/impulse_phase_diagnostics.py,64:BOUNDARY_REJECTION_WITHOUT_BREAKOUT,'BOUNDARY_REJECTION_WITHOUT_BREAKOUT',BOUNDARY_REJECTION_WITHOUT_BREAKOUT,module_or_model_default,runtime,ALGORITHM_STRUCTURE_LITERAL,,,False
app/engine_analysis/impulse_phase_diagnostics.py,65:DISTRIBUTION_REJECTION_CLUSTER,'DISTRIBUTION_REJECTION_CLUSTER',DISTRIBUTION_REJECTION_CLUSTER,module_or_model_default,runtime,ALGORITHM_STRUCTURE_LITERAL,,,False
app/engine_analysis/impulse_phase_diagnostics.py,66:UPPER_WICK_SUPPLY_PRESSURE,'UPPER_WICK_SUPPLY_PRESSURE',UPPER_WICK_SUPPLY_PRESSURE,module_or_model_default,runtime,ALGORITHM_STRUCTURE_LITERAL,,,False
app/engine_analysis/impulse_phase_diagnostics.py,67:FAILED_HIGH_CONTINUATION,'FAILED_HIGH_CONTINUATION',FAILED_HIGH_CONTINUATION,module_or_model_default,runtime,ALGORITHM_STRUCTURE_LITERAL,,,False
app/engine_analysis/impulse_phase_diagnostics.py,68:BEARISH_VOLUME_REJECTION,'BEARISH_VOLUME_REJECTION',BEARISH_VOLUME_REJECTION,module_or_model_default,runtime,ALGORITHM_STRUCTURE_LITERAL,,,False
app/engine_analysis/impulse_phase_diagnostics.py,69:MOMENTUM_DIVERGENCE_AT_HIGH,'MOMENTUM_DIVERGENCE_AT_HIGH',MOMENTUM_DIVERGENCE_AT_HIGH,module_or_model_default,runtime,ALGORITHM_STRUCTURE_LITERAL,,,False
app/engine_analysis/impulse_phase_diagnostics.py,70:POST_SPIKE_COUNTER_CANDLE,'POST_SPIKE_COUNTER_CANDLE',POST_SPIKE_COUNTER_CANDLE,module_or_model_default,runtime,ALGORITHM_STRUCTURE_LITERAL,,,False
app/engine_analysis/impulse_phase_diagnostics.py,71:IMPULSE_HIGH_REJECTION,'IMPULSE_HIGH_REJECTION',IMPULSE_HIGH_REJECTION,module_or_model_default,runtime,ALGORITHM_STRUCTURE_LITERAL,,,False
app/engine_analysis/impulse_phase_diagnostics.py,72:PULLBACK_AFTER_VERTICAL_MOVE,'PULLBACK_AFTER_VERTICAL_MOVE',PULLBACK_AFTER_VERTICAL_MOVE,module_or_model_default,runtime,ALGORITHM_STRUCTURE_LITERAL,,,False
app/engine_analysis/impulse_phase_diagnostics.py,73:NO_CONTINUATION_AFTER_SPIKE,'NO_CONTINUATION_AFTER_SPIKE',NO_CONTINUATION_AFTER_SPIKE,module_or_model_default,runtime,ALGORITHM_STRUCTURE_LITERAL,,,False
app/engine_analysis/impulse_phase_diagnostics.py,74:MICRO_STRUCTURE_BROKEN_AFTER_SPIKE,'MICRO_STRUCTURE_BROKEN_AFTER_SPIKE',MICRO_STRUCTURE_BROKEN_AFTER_SPIKE,module_or_model_default,runtime,ALGORITHM_STRUCTURE_LITERAL,,,False
app/engine_analysis/impulse_phase_diagnostics.py,75:FAILED_BREAKOUT_RANGE_REENTRY,'FAILED_BREAKOUT_RANGE_REENTRY',FAILED_BREAKOUT_RANGE_REENTRY,module_or_model_default,runtime,ALGORITHM_STRUCTURE_LITERAL,,,False
app/engine_analysis/impulse_phase_diagnostics.py,76:BREAKOUT_HOLD_FAILED,'BREAKOUT_HOLD_FAILED',BREAKOUT_HOLD_FAILED,module_or_model_default,runtime,ALGORITHM_STRUCTURE_LITERAL,,,False
app/engine_analysis/impulse_phase_diagnostics.py,77:RETURNED_INSIDE_CONFIRMED_RANGE,'RETURNED_INSIDE_CONFIRMED_RANGE',RETURNED_INSIDE_CONFIRMED_RANGE,module_or_model_default,runtime,IDENTITY_OR_PROTOCOL_LITERAL,,,False
app/engine_analysis/impulse_phase_diagnostics.py,78:DIRECTIONAL_BREAKOUT_INVALIDATED,'DIRECTIONAL_BREAKOUT_INVALIDATED',DIRECTIONAL_BREAKOUT_INVALIDATED,module_or_model_default,runtime,IDENTITY_OR_PROTOCOL_LITERAL,,,False
app/engine_analysis/impulse_phase_diagnostics.py,79:LATE_DIRECTIONAL_CONFIRMATION,'LATE_DIRECTIONAL_CONFIRMATION',LATE_DIRECTIONAL_CONFIRMATION,module_or_model_default,runtime,ALGORITHM_STRUCTURE_LITERAL,,,False
app/engine_analysis/impulse_phase_diagnostics.py,80:MOVE_ALREADY_EXTENDED,'MOVE_ALREADY_EXTENDED',MOVE_ALREADY_EXTENDED,module_or_model_default,runtime,ALGORITHM_STRUCTURE_LITERAL,,,False
app/engine_analysis/impulse_phase_diagnostics.py,81:POOR_REWARD_SPACE_AFTER_CONFIRMATION,'POOR_REWARD_SPACE_AFTER_CONFIRMATION',POOR_REWARD_SPACE_AFTER_CONFIRMATION,module_or_model_default,runtime,ALGORITHM_STRUCTURE_LITERAL,,,False
app/engine_analysis/impulse_phase_diagnostics.py,82:CONFIRMATION_NEAR_LOCAL_EXTREME,'CONFIRMATION_NEAR_LOCAL_EXTREME',CONFIRMATION_NEAR_LOCAL_EXTREME,module_or_model_default,runtime,ALGORITHM_STRUCTURE_LITERAL,,,False
app/engine_analysis/impulse_phase_diagnostics.py,83:EXHAUSTION_SIGNS_AFTER_CONFIRMATION,'EXHAUSTION_SIGNS_AFTER_CONFIRMATION',EXHAUSTION_SIGNS_AFTER_CONFIRMATION,module_or_model_default,runtime,ALGORITHM_STRUCTURE_LITERAL,,,False
app/engine_analysis/impulse_phase_diagnostics.py,84:CONTROLLED_PULLBACK_CONTINUATION,'CONTROLLED_PULLBACK_CONTINUATION',CONTROLLED_PULLBACK_CONTINUATION,module_or_model_default,runtime,ALGORITHM_STRUCTURE_LITERAL,,,False
app/engine_analysis/impulse_phase_diagnostics.py,85:BREAKOUT_HELD_WITH_FOLLOW_THROUGH,'BREAKOUT_HELD_WITH_FOLLOW_THROUGH',BREAKOUT_HELD_WITH_FOLLOW_THROUGH,module_or_model_default,runtime,ALGORITHM_STRUCTURE_LITERAL,,,False
app/engine_analysis/impulse_phase_diagnostics.py,86:EXTENDED_MOVE_EXHAUSTION_RISK,'EXTENDED_MOVE_EXHAUSTION_RISK',EXTENDED_MOVE_EXHAUSTION_RISK,module_or_model_default,runtime,POLICY_VALUE_MUST_MOVE_TO_YAML,RESOLVED_BY_CANONICAL_REGISTRY,SEE_CANONICAL_REGISTRY,False
app/engine_analysis/impulse_phase_diagnostics.py,87:CLIMAX_VOLUME_WITHOUT_FOLLOW_THROUGH,'CLIMAX_VOLUME_WITHOUT_FOLLOW_THROUGH',CLIMAX_VOLUME_WITHOUT_FOLLOW_THROUGH,module_or_model_default,runtime,POLICY_VALUE_MUST_MOVE_TO_YAML,RESOLVED_BY_CANONICAL_REGISTRY,SEE_CANONICAL_REGISTRY,False
app/engine_analysis/impulse_phase_diagnostics.py,88:WICK_REJECTION_AFTER_EXTENSION,'WICK_REJECTION_AFTER_EXTENSION',WICK_REJECTION_AFTER_EXTENSION,module_or_model_default,runtime,ALGORITHM_STRUCTURE_LITERAL,,,False
app/engine_analysis/impulse_phase_diagnostics.py,89:PHASE_CONFLICT_RESOLVED_TO_RANGE,'PHASE_CONFLICT_RESOLVED_TO_RANGE',PHASE_CONFLICT_RESOLVED_TO_RANGE,module_or_model_default,runtime,ALGORITHM_STRUCTURE_LITERAL,,,False
app/engine_analysis/impulse_phase_diagnostics.py,90:PHASE_CONFLICT_RESOLVED_TO_PULLBACK,'PHASE_CONFLICT_RESOLVED_TO_PULLBACK',PHASE_CONFLICT_RESOLVED_TO_PULLBACK,module_or_model_default,runtime,ALGORITHM_STRUCTURE_LITERAL,,,False
app/engine_analysis/impulse_phase_diagnostics.py,91:PHASE_CONFLICT_RESOLVED_TO_DISTRIBUTION,'PHASE_CONFLICT_RESOLVED_TO_DISTRIBUTION',PHASE_CONFLICT_RESOLVED_TO_DISTRIBUTION,module_or_model_default,runtime,ALGORITHM_STRUCTURE_LITERAL,,,False
app/engine_analysis/impulse_phase_diagnostics.py,92:PHASE_CONFLICT_RESOLVED_TO_LATE_RISK,'PHASE_CONFLICT_RESOLVED_TO_LATE_RISK',PHASE_CONFLICT_RESOLVED_TO_LATE_RISK,module_or_model_default,runtime,POLICY_VALUE_MUST_MOVE_TO_YAML,RESOLVED_BY_CANONICAL_REGISTRY,SEE_CANONICAL_REGISTRY,False
app/engine_analysis/impulse_phase_diagnostics.py,93:INDICATOR_TREND_OVERRIDDEN_BY_STRUCTURE,'INDICATOR_TREND_OVERRIDDEN_BY_STRUCTURE',INDICATOR_TREND_OVERRIDDEN_BY_STRUCTURE,module_or_model_default,runtime,IDENTITY_OR_PROTOCOL_LITERAL,,,False
app/engine_analysis/impulse_phase_diagnostics.py,97:UPPER_RANGE,'UPPER_RANGE',UPPER_RANGE,module_or_model_default,runtime,ALGORITHM_STRUCTURE_LITERAL,,,False
app/engine_analysis/impulse_phase_diagnostics.py,98:MID_RANGE,'MID_RANGE',MID_RANGE,module_or_model_default,runtime,IDENTITY_OR_PROTOCOL_LITERAL,,,False
app/engine_analysis/impulse_phase_diagnostics.py,99:LOWER_RANGE,'LOWER_RANGE',LOWER_RANGE,module_or_model_default,runtime,ALGORITHM_STRUCTURE_LITERAL,,,False
app/engine_analysis/impulse_phase_diagnostics.py,100:ABOVE_RANGE,'ABOVE_RANGE',ABOVE_RANGE,module_or_model_default,runtime,ALGORITHM_STRUCTURE_LITERAL,,,False
app/engine_analysis/impulse_phase_diagnostics.py,101:BELOW_RANGE,'BELOW_RANGE',BELOW_RANGE,module_or_model_default,runtime,ALGORITHM_STRUCTURE_LITERAL,,,False
app/engine_analysis/impulse_phase_diagnostics.py,102:NOT_OBSERVABLE,'NOT_OBSERVABLE',NOT_OBSERVABLE,module_or_model_default,runtime,ALGORITHM_STRUCTURE_LITERAL,,,False
app/engine_analysis/impulse_phase_diagnostics.py,113:lookback_bars,96,lookback_bars,module_or_model_default,runtime,POLICY_VALUE_MUST_MOVE_TO_YAML,RESOLVED_BY_CANONICAL_REGISTRY,SEE_CANONICAL_REGISTRY,False
app/engine_analysis/impulse_phase_diagnostics.py,114:impulse_absolute_threshold_pct,3.0,impulse_absolute_threshold_pct,module_or_model_default,runtime,POLICY_VALUE_MUST_MOVE_TO_YAML,RESOLVED_BY_CANONICAL_REGISTRY,SEE_CANONICAL_REGISTRY,False
app/engine_analysis/impulse_phase_diagnostics.py,115:impulse_atr_multiplier,2.5,impulse_atr_multiplier,module_or_model_default,runtime,POLICY_VALUE_MUST_MOVE_TO_YAML,RESOLVED_BY_CANONICAL_REGISTRY,SEE_CANONICAL_REGISTRY,False
app/engine_analysis/impulse_phase_diagnostics.py,119:breakout_status,'NO_BREAKOUT',breakout_status,module_or_model_default,runtime,IDENTITY_OR_PROTOCOL_LITERAL,,,False
app/engine_analysis/impulse_phase_diagnostics.py,120:successful_retest,False,successful_retest,module_or_model_default,runtime,ALGORITHM_STRUCTURE_LITERAL,,,False
app/engine_analysis/impulse_phase_diagnostics.py,125:evidence_conflicted,False,evidence_conflicted,module_or_model_default,runtime,IDENTITY_OR_PROTOCOL_LITERAL,,,False
app/engine_analysis/impulse_phase_diagnostics.py,319:late_confirmation,False,late_confirmation,module_or_model_default,runtime,ALGORITHM_STRUCTURE_LITERAL,,,False
app/engine_analysis/impulse_phase_diagnostics.py,338:rejection,False,rejection,module_or_model_default,runtime,ALGORITHM_STRUCTURE_LITERAL,,,False
app/engine_analysis/impulse_phase_diagnostics.py,252:state,'после импульса вернулась в наблюдаемый диапазон',state,module_or_model_default,runtime,ALGORITHM_STRUCTURE_LITERAL,,,False
app/engine_analysis/impulse_phase_diagnostics.py,278:direction,'UNKNOWN',direction,module_or_model_default,runtime,ALGORITHM_STRUCTURE_LITERAL,,,False
app/engine_analysis/impulse_phase_diagnostics.py,254:state,'находится после сильного импульса и встречного отката',state,module_or_model_default,runtime,ALGORITHM_STRUCTURE_LITERAL,,,False
app/engine_analysis/impulse_phase_diagnostics.py,256:state,'получила направленное подтверждение только после значительной части движения',state,module_or_model_default,runtime,ALGORITHM_STRUCTURE_LITERAL,,,False
app/engine_analysis/impulse_phase_diagnostics.py,258:state,'находится в поздней фазе с риском исчерпания',state,module_or_model_default,runtime,ALGORITHM_STRUCTURE_LITERAL,,,False
app/engine_analysis/impulse_phase_diagnostics.py,260:state,'сохраняет диагностируемый импульс',state,module_or_model_default,runtime,ALGORITHM_STRUCTURE_LITERAL,,,False
app/engine_analysis/market_hypothesis.py,29:BULLISH,'BULLISH',BULLISH,module_or_model_default,runtime,ALGORITHM_STRUCTURE_LITERAL,,,False
app/engine_analysis/market_hypothesis.py,30:BEARISH,'BEARISH',BEARISH,module_or_model_default,runtime,ALGORITHM_STRUCTURE_LITERAL,,,False
app/engine_analysis/market_hypothesis.py,34:REVERSAL,'REVERSAL',REVERSAL,module_or_model_default,runtime,ALGORITHM_STRUCTURE_LITERAL,,,False
app/engine_analysis/market_hypothesis.py,35:CONTINUATION,'CONTINUATION',CONTINUATION,module_or_model_default,runtime,ALGORITHM_STRUCTURE_LITERAL,,,False
app/engine_analysis/market_hypothesis.py,39:CANDIDATE,'CANDIDATE',CANDIDATE,module_or_model_default,runtime,IDENTITY_OR_PROTOCOL_LITERAL,,,False
app/engine_analysis/market_hypothesis.py,40:AWAITING_CONFIRMATION,'AWAITING_CONFIRMATION',AWAITING_CONFIRMATION,module_or_model_default,runtime,ALGORITHM_STRUCTURE_LITERAL,,,False
app/engine_analysis/market_hypothesis.py,41:CONFIRMED,'CONFIRMED',CONFIRMED,module_or_model_default,runtime,ALGORITHM_STRUCTURE_LITERAL,,,False
app/engine_analysis/market_hypothesis.py,42:INVALIDATED,'INVALIDATED',INVALIDATED,module_or_model_default,runtime,IDENTITY_OR_PROTOCOL_LITERAL,,,False
app/engine_analysis/market_hypothesis.py,43:CONTEXT_REJECTED,'CONTEXT_REJECTED',CONTEXT_REJECTED,module_or_model_default,runtime,ALGORITHM_STRUCTURE_LITERAL,,,False
app/engine_analysis/market_hypothesis.py,47:PENDING,'PENDING',PENDING,module_or_model_default,runtime,ALGORITHM_STRUCTURE_LITERAL,,,False
app/engine_analysis/market_hypothesis.py,48:CONFIRMED,'CONFIRMED',CONFIRMED,module_or_model_default,runtime,ALGORITHM_STRUCTURE_LITERAL,,,False
app/engine_analysis/market_hypothesis.py,49:INVALIDATED,'INVALIDATED',INVALIDATED,module_or_model_default,runtime,IDENTITY_OR_PROTOCOL_LITERAL,,,False
app/engine_analysis/market_hypothesis.py,50:NOT_AVAILABLE,'NOT_AVAILABLE',NOT_AVAILABLE,module_or_model_default,runtime,ALGORITHM_STRUCTURE_LITERAL,,,False
app/engine_analysis/market_hypothesis.py,54:UP_CONTINUATION,'UP_CONTINUATION',UP_CONTINUATION,module_or_model_default,runtime,ALGORITHM_STRUCTURE_LITERAL,,,False
app/engine_analysis/market_hypothesis.py,55:DOWN_CONTINUATION,'DOWN_CONTINUATION',DOWN_CONTINUATION,module_or_model_default,runtime,ALGORITHM_STRUCTURE_LITERAL,,,False
app/engine_analysis/market_hypothesis.py,56:BULLISH_REVERSAL,'BULLISH_REVERSAL',BULLISH_REVERSAL,module_or_model_default,runtime,ALGORITHM_STRUCTURE_LITERAL,,,False
app/engine_analysis/market_hypothesis.py,57:BEARISH_REVERSAL,'BEARISH_REVERSAL',BEARISH_REVERSAL,module_or_model_default,runtime,ALGORITHM_STRUCTURE_LITERAL,,,False
app/engine_analysis/market_hypothesis.py,58:CONFIRMED_RANGE,'CONFIRMED_RANGE',CONFIRMED_RANGE,module_or_model_default,runtime,ALGORITHM_STRUCTURE_LITERAL,,,False
app/engine_analysis/market_hypothesis.py,59:BULL_TRAP,'BULL_TRAP',BULL_TRAP,module_or_model_default,runtime,ALGORITHM_STRUCTURE_LITERAL,,,False
app/engine_analysis/market_hypothesis.py,60:BEAR_TRAP,'BEAR_TRAP',BEAR_TRAP,module_or_model_default,runtime,ALGORITHM_STRUCTURE_LITERAL,,,False
app/engine_analysis/market_hypothesis.py,64:BULLISH,'BULLISH',BULLISH,module_or_model_default,runtime,ALGORITHM_STRUCTURE_LITERAL,,,False
app/engine_analysis/market_hypothesis.py,65:BEARISH,'BEARISH',BEARISH,module_or_model_default,runtime,ALGORITHM_STRUCTURE_LITERAL,,,False
app/engine_analysis/market_hypothesis.py,66:FLAT,'FLAT',FLAT,module_or_model_default,runtime,ALGORITHM_STRUCTURE_LITERAL,,,False
app/engine_analysis/market_hypothesis.py,70:PENDING,'PENDING',PENDING,module_or_model_default,runtime,ALGORITHM_STRUCTURE_LITERAL,,,False
app/engine_analysis/market_hypothesis.py,71:CONFIRMED,'CONFIRMED',CONFIRMED,module_or_model_default,runtime,ALGORITHM_STRUCTURE_LITERAL,,,False
app/engine_analysis/market_hypothesis.py,72:CONFLICTED,'CONFLICTED',CONFLICTED,module_or_model_default,runtime,ALGORITHM_STRUCTURE_LITERAL,,,False
app/engine_analysis/market_hypothesis.py,73:INVALIDATED,'INVALIDATED',INVALIDATED,module_or_model_default,runtime,IDENTITY_OR_PROTOCOL_LITERAL,,,False
app/engine_analysis/market_hypothesis.py,456:score,0.0,score,module_or_model_default,runtime,ALGORITHM_STRUCTURE_LITERAL,,,False
app/engine_analysis/market_hypothesis.py,725:contribution,0.0,contribution,module_or_model_default,runtime,ALGORITHM_STRUCTURE_LITERAL,,,False
app/engine_analysis/market_structure_diagnostics.py,16:STAGE,'ENGINE-ANALYSIS-34',STAGE,module_or_model_default,runtime,ALGORITHM_STRUCTURE_LITERAL,,,False
app/engine_analysis/market_structure_diagnostics.py,17:RESEARCH_ONLY,True,RESEARCH_ONLY,module_or_model_default,runtime,ALGORITHM_STRUCTURE_LITERAL,,,False
app/engine_analysis/multi_timeframe.py,19:ALIGNED,'ALIGNED',ALIGNED,module_or_model_default,runtime,ALGORITHM_STRUCTURE_LITERAL,,,False
app/engine_analysis/multi_timeframe.py,20:MIXED,'MIXED',MIXED,module_or_model_default,runtime,ALGORITHM_STRUCTURE_LITERAL,,,False
app/engine_analysis/multi_timeframe.py,21:CONFLICTED,'CONFLICTED',CONFLICTED,module_or_model_default,runtime,ALGORITHM_STRUCTURE_LITERAL,,,False
app/engine_analysis/multi_timeframe.py,22:INSUFFICIENT,'INSUFFICIENT',INSUFFICIENT,module_or_model_default,runtime,ALGORITHM_STRUCTURE_LITERAL,,,False
app/engine_analysis/nison_candlestick_context.py,23:_UPPER_SHADOW_CODE,'LONG_UPPER_SHADOW_REJECTION',_UPPER_SHADOW_CODE,module_or_model_default,runtime,ALGORITHM_STRUCTURE_LITERAL,,,False
app/engine_analysis/nison_candlestick_context.py,24:_LOWER_SHADOW_CODE,'LONG_LOWER_SHADOW_REJECTION',_LOWER_SHADOW_CODE,module_or_model_default,runtime,ALGORITHM_STRUCTURE_LITERAL,,,False
app/engine_analysis/nison_candlestick_context.py,25:SHADOW_TO_BODY_SHAPE_MIN,2.0,SHADOW_TO_BODY_SHAPE_MIN,module_or_model_default,runtime,POLICY_VALUE_MUST_MOVE_TO_YAML,RESOLVED_BY_CANONICAL_REGISTRY,SEE_CANONICAL_REGISTRY,False
app/engine_analysis/nison_candlestick_context.py,26:OPPOSITE_SHADOW_TO_RANGE_MAX,0.1,OPPOSITE_SHADOW_TO_RANGE_MAX,module_or_model_default,runtime,POLICY_VALUE_MUST_MOVE_TO_YAML,RESOLVED_BY_CANONICAL_REGISTRY,SEE_CANONICAL_REGISTRY,False
app/engine_analysis/nison_candlestick_context.py,27:HAMMER_BODY_POSITION_MIN,0.6,HAMMER_BODY_POSITION_MIN,module_or_model_default,runtime,POLICY_VALUE_MUST_MOVE_TO_YAML,RESOLVED_BY_CANONICAL_REGISTRY,SEE_CANONICAL_REGISTRY,False
app/engine_analysis/nison_candlestick_context.py,28:STAR_BODY_POSITION_MAX,0.4,STAR_BODY_POSITION_MAX,module_or_model_default,runtime,POLICY_VALUE_MUST_MOVE_TO_YAML,RESOLVED_BY_CANONICAL_REGISTRY,SEE_CANONICAL_REGISTRY,False
app/engine_analysis/nison_pattern_catalog.py,16:_DOJI_AFTER_LARGE_BODY_CODE,'DOJI_AFTER_LONG_BULLISH_BODY_CONTEXT',_DOJI_AFTER_LARGE_BODY_CODE,module_or_model_default,runtime,ALGORITHM_STRUCTURE_LITERAL,,,False
app/engine_analysis/nison_pattern_catalog.py,17:_EXTENDED_LEGGED_DOJI_CODE,'LONG_LEGGED_DOJI_CONTEXT',_EXTENDED_LEGGED_DOJI_CODE,module_or_model_default,runtime,ALGORITHM_STRUCTURE_LITERAL,,,False
app/engine_analysis/nison_pattern_catalog.py,87:ratio,0.05,ratio,function_default,runtime,ALGORITHM_STRUCTURE_LITERAL,,,False
app/engine_analysis/offline_causal_confirmation_candidates.py,19:STAGE,'ENGINE-ANALYSIS-31',STAGE,module_or_model_default,runtime,ALGORITHM_STRUCTURE_LITERAL,,,False
app/engine_analysis/offline_causal_confirmation_candidates.py,20:SOURCE_STAGE,'ENGINE-ANALYSIS-30',SOURCE_STAGE,module_or_model_default,runtime,ALGORITHM_STRUCTURE_LITERAL,,,False
app/engine_analysis/offline_causal_confirmation_candidates.py,21:SCHEMA_VERSION,'1.0.0',SCHEMA_VERSION,module_or_model_default,runtime,IDENTITY_OR_PROTOCOL_LITERAL,,,False
app/engine_analysis/offline_causal_confirmation_candidates.py,22:RESEARCH_ONLY,True,RESEARCH_ONLY,module_or_model_default,runtime,ALGORITHM_STRUCTURE_LITERAL,,,False
app/engine_analysis/offline_causal_confirmation_candidates.py,23:MISSING_DATA_POLICY,'NOT_OBSERVABLE_SEPARATE_FROM_FALSE',MISSING_DATA_POLICY,module_or_model_default,runtime,ALGORITHM_STRUCTURE_LITERAL,,,False
app/engine_analysis/offline_unknown_blocker_dataset.py,18:STAGE,'ENGINE-ANALYSIS-30',STAGE,module_or_model_default,runtime,ALGORITHM_STRUCTURE_LITERAL,,,False
app/engine_analysis/offline_unknown_blocker_dataset.py,19:DATASET_VERSION,'1.0.0',DATASET_VERSION,module_or_model_default,runtime,IDENTITY_OR_PROTOCOL_LITERAL,,,False
app/engine_analysis/offline_unknown_blocker_dataset.py,20:_DIAGNOSTICS_ATTACHMENT_KEY,'contextual_diagnostics',_DIAGNOSTICS_ATTACHMENT_KEY,module_or_model_default,runtime,IDENTITY_OR_PROTOCOL_LITERAL,,,False
app/engine_analysis/ohlc_integrity.py,27:missing_candle_count,0,missing_candle_count,module_or_model_default,runtime,ALGORITHM_STRUCTURE_LITERAL,,,False
app/engine_analysis/ohlc_integrity.py,125:missing_count,0,missing_count,module_or_model_default,runtime,ALGORITHM_STRUCTURE_LITERAL,,,False
app/engine_analysis/online_config.py,15:max_snapshot_age_ms,300000,max_snapshot_age_ms,module_or_model_default,runtime,POLICY_VALUE_MUST_MOVE_TO_YAML,RESOLVED_BY_CANONICAL_REGISTRY,SEE_CANONICAL_REGISTRY,False
app/engine_analysis/online_config.py,16:run_on_closed_candle_only,True,run_on_closed_candle_only,module_or_model_default,runtime,ALGORITHM_STRUCTURE_LITERAL,,,False
app/engine_analysis/online_config.py,17:allow_degraded_market_data,False,allow_degraded_market_data,module_or_model_default,runtime,ALGORITHM_STRUCTURE_LITERAL,,,False
app/engine_analysis/online_config.py,18:dedupe_by_closed_until,True,dedupe_by_closed_until,module_or_model_default,runtime,ALGORITHM_STRUCTURE_LITERAL,,,False
app/engine_analysis/online_config.py,19:store_snapshots,True,store_snapshots,module_or_model_default,runtime,ALGORITHM_STRUCTURE_LITERAL,,,False
app/engine_analysis/online_config.py,20:runtime_parameter_set_id,'legacy-analysis-defaults',runtime_parameter_set_id,module_or_model_default,runtime,IDENTITY_OR_PROTOCOL_LITERAL,,,False
app/engine_analysis/online_config.py,21:atr_lookback_candles,14,atr_lookback_candles,module_or_model_default,runtime,POLICY_VALUE_MUST_MOVE_TO_YAML,RESOLVED_BY_CANONICAL_REGISTRY,SEE_CANONICAL_REGISTRY,False
app/engine_analysis/online_config.py,22:impulse_lookback_candles,96,impulse_lookback_candles,module_or_model_default,runtime,POLICY_VALUE_MUST_MOVE_TO_YAML,RESOLVED_BY_CANONICAL_REGISTRY,SEE_CANONICAL_REGISTRY,False
app/engine_analysis/online_config.py,23:impulse_absolute_threshold_pct,3.0,impulse_absolute_threshold_pct,module_or_model_default,runtime,POLICY_VALUE_MUST_MOVE_TO_YAML,RESOLVED_BY_CANONICAL_REGISTRY,SEE_CANONICAL_REGISTRY,False
app/engine_analysis/online_config.py,24:impulse_atr_multiplier,2.5,impulse_atr_multiplier,module_or_model_default,runtime,POLICY_VALUE_MUST_MOVE_TO_YAML,RESOLVED_BY_CANONICAL_REGISTRY,SEE_CANONICAL_REGISTRY,False
app/engine_analysis/online_config.py,25:structure_lookback_candles,96,structure_lookback_candles,module_or_model_default,runtime,POLICY_VALUE_MUST_MOVE_TO_YAML,RESOLVED_BY_CANONICAL_REGISTRY,SEE_CANONICAL_REGISTRY,False
app/engine_analysis/online_config.py,26:analysis_decision_candles,24,analysis_decision_candles,module_or_model_default,runtime,ALGORITHM_STRUCTURE_LITERAL,,,False
app/engine_analysis/online_config.py,27:confirmation_window_candles,3,confirmation_window_candles,module_or_model_default,runtime,POLICY_VALUE_MUST_MOVE_TO_YAML,RESOLVED_BY_CANONICAL_REGISTRY,SEE_CANONICAL_REGISTRY,False
app/engine_analysis/online_config.py,28:volume_baseline_candles,93,volume_baseline_candles,module_or_model_default,runtime,ALGORITHM_STRUCTURE_LITERAL,,,False
app/engine_analysis/online_config.py,29:breakout_volume_baseline_candles,20,breakout_volume_baseline_candles,module_or_model_default,runtime,ALGORITHM_STRUCTURE_LITERAL,,,False
app/engine_analysis/online_config.py,30:regime_lookback_candles,96,regime_lookback_candles,module_or_model_default,runtime,POLICY_VALUE_MUST_MOVE_TO_YAML,RESOLVED_BY_CANONICAL_REGISTRY,SEE_CANONICAL_REGISTRY,False
app/engine_analysis/online_state.py,8:received_windows,0,received_windows,module_or_model_default,runtime,POLICY_VALUE_MUST_MOVE_TO_YAML,RESOLVED_BY_CANONICAL_REGISTRY,SEE_CANONICAL_REGISTRY,False
app/engine_analysis/online_state.py,9:analyzed_windows,0,analyzed_windows,module_or_model_default,runtime,POLICY_VALUE_MUST_MOVE_TO_YAML,RESOLVED_BY_CANONICAL_REGISTRY,SEE_CANONICAL_REGISTRY,False
app/engine_analysis/online_state.py,10:skipped_windows,0,skipped_windows,module_or_model_default,runtime,POLICY_VALUE_MUST_MOVE_TO_YAML,RESOLVED_BY_CANONICAL_REGISTRY,SEE_CANONICAL_REGISTRY,False
app/engine_analysis/online_state.py,11:error_windows,0,error_windows,module_or_model_default,runtime,POLICY_VALUE_MUST_MOVE_TO_YAML,RESOLVED_BY_CANONICAL_REGISTRY,SEE_CANONICAL_REGISTRY,False
app/engine_analysis/oos_validation.py,12:MANUAL,'MANUAL',MANUAL,module_or_model_default,runtime,ALGORITHM_STRUCTURE_LITERAL,,,False
app/engine_analysis/oos_validation.py,13:DETERMINISTIC_PROXY,'DETERMINISTIC_PROXY',DETERMINISTIC_PROXY,module_or_model_default,runtime,POLICY_VALUE_MUST_MOVE_TO_YAML,RESOLVED_BY_CANONICAL_REGISTRY,SEE_CANONICAL_REGISTRY,False
app/engine_analysis/oos_validation.py,14:DESCRIPTIVE,'DESCRIPTIVE',DESCRIPTIVE,module_or_model_default,runtime,ALGORITHM_STRUCTURE_LITERAL,,,False
app/engine_analysis/profitability_labels.py,18:TP_BEFORE_SL,'TP_BEFORE_SL',TP_BEFORE_SL,module_or_model_default,runtime,ALGORITHM_STRUCTURE_LITERAL,,,False
app/engine_analysis/profitability_labels.py,19:SL_BEFORE_TP,'SL_BEFORE_TP',SL_BEFORE_TP,module_or_model_default,runtime,ALGORITHM_STRUCTURE_LITERAL,,,False
app/engine_analysis/profitability_labels.py,20:NEITHER_EXPIRED,'NEITHER_EXPIRED',NEITHER_EXPIRED,module_or_model_default,runtime,ALGORITHM_STRUCTURE_LITERAL,,,False
app/engine_analysis/profitability_labels.py,21:AMBIGUOUS_INTRACANDLE,'AMBIGUOUS_INTRACANDLE',AMBIGUOUS_INTRACANDLE,module_or_model_default,runtime,ALGORITHM_STRUCTURE_LITERAL,,,False
app/engine_analysis/profitability_labels.py,22:INSUFFICIENT_FUTURE_DATA,'INSUFFICIENT_FUTURE_DATA',INSUFFICIENT_FUTURE_DATA,module_or_model_default,runtime,ALGORITHM_STRUCTURE_LITERAL,,,False
app/engine_analysis/profitability_labels.py,23:INVALID_SETUP_PLAN,'INVALID_SETUP_PLAN',INVALID_SETUP_PLAN,module_or_model_default,runtime,IDENTITY_OR_PROTOCOL_LITERAL,,,False
app/engine_analysis/profitability_labels.py,24:NO_TRADE_SKIPPED,'NO_TRADE_SKIPPED',NO_TRADE_SKIPPED,module_or_model_default,runtime,ALGORITHM_STRUCTURE_LITERAL,,,False
app/engine_analysis/profitability_labels.py,31:fee_bps_per_side,10.0,fee_bps_per_side,module_or_model_default,runtime,IDENTITY_OR_PROTOCOL_LITERAL,,,False
app/engine_analysis/profitability_labels.py,32:slippage_bps_per_side,2.0,slippage_bps_per_side,module_or_model_default,runtime,IDENTITY_OR_PROTOCOL_LITERAL,,,False
app/engine_analysis/profitability_labels.py,214:exit_reason,'NONE',exit_reason,module_or_model_default,runtime,ALGORITHM_STRUCTURE_LITERAL,,,False
app/engine_analysis/regime_composer.py,39:MIN_REGIME_SCORE,0.3,MIN_REGIME_SCORE,module_or_model_default,runtime,POLICY_VALUE_MUST_MOVE_TO_YAML,RESOLVED_BY_CANONICAL_REGISTRY,SEE_CANONICAL_REGISTRY,False
app/engine_analysis/regime_composer.py,40:MIN_SCORE_MARGIN,0.08,MIN_SCORE_MARGIN,module_or_model_default,runtime,POLICY_VALUE_MUST_MOVE_TO_YAML,RESOLVED_BY_CANONICAL_REGISTRY,SEE_CANONICAL_REGISTRY,False
app/engine_analysis/regime_composer.py,44:DATA_QUALITY,'DATA_QUALITY',DATA_QUALITY,module_or_model_default,runtime,ALGORITHM_STRUCTURE_LITERAL,,,False
app/engine_analysis/regime_composer.py,45:BOOK_MATRIX,'BOOK_MATRIX',BOOK_MATRIX,module_or_model_default,runtime,ALGORITHM_STRUCTURE_LITERAL,,,False
app/engine_analysis/regime_composer.py,46:CONFLUENCE,'CONFLUENCE',CONFLUENCE,module_or_model_default,runtime,ALGORITHM_STRUCTURE_LITERAL,,,False
app/engine_analysis/regime_composer.py,47:CONFLICT,'CONFLICT',CONFLICT,module_or_model_default,runtime,ALGORITHM_STRUCTURE_LITERAL,,,False
app/engine_analysis/regime_composer.py,48:RANGE_CONTEXT,'RANGE_CONTEXT',RANGE_CONTEXT,module_or_model_default,runtime,ALGORITHM_STRUCTURE_LITERAL,,,False
app/engine_analysis/regime_composer.py,49:DIRECTIONAL_CONTEXT,'DIRECTIONAL_CONTEXT',DIRECTIONAL_CONTEXT,module_or_model_default,runtime,ALGORITHM_STRUCTURE_LITERAL,,,False
app/engine_analysis/regime_composer.py,50:COMPOSER_SAFETY,'COMPOSER_SAFETY',COMPOSER_SAFETY,module_or_model_default,runtime,ALGORITHM_STRUCTURE_LITERAL,,,False
app/engine_analysis/regime_composer.py,54:NONE,'NONE',NONE,module_or_model_default,runtime,ALGORITHM_STRUCTURE_LITERAL,,,False
app/engine_analysis/regime_composer.py,55:LOW,'LOW',LOW,module_or_model_default,runtime,ALGORITHM_STRUCTURE_LITERAL,,,False
app/engine_analysis/regime_composer.py,56:MEDIUM,'MEDIUM',MEDIUM,module_or_model_default,runtime,ALGORITHM_STRUCTURE_LITERAL,,,False
app/engine_analysis/regime_composer.py,57:HIGH,'HIGH',HIGH,module_or_model_default,runtime,ALGORITHM_STRUCTURE_LITERAL,,,False
app/engine_analysis/regime_composer.py,61:COMPOSED,'COMPOSED',COMPOSED,module_or_model_default,runtime,ALGORITHM_STRUCTURE_LITERAL,,,False
app/engine_analysis/regime_composer.py,62:FALLBACK_UNKNOWN,'FALLBACK_UNKNOWN',FALLBACK_UNKNOWN,module_or_model_default,runtime,ALGORITHM_STRUCTURE_LITERAL,,,False
app/engine_analysis/regime_composer.py,63:INPUT_INVALID,'INPUT_INVALID',INPUT_INVALID,module_or_model_default,runtime,IDENTITY_OR_PROTOCOL_LITERAL,,,False
app/engine_analysis/regime_composer.py,64:INSUFFICIENT_EVIDENCE,'INSUFFICIENT_EVIDENCE',INSUFFICIENT_EVIDENCE,module_or_model_default,runtime,IDENTITY_OR_PROTOCOL_LITERAL,,,False
app/engine_analysis/regime_composer.py,65:HIGH_CONFLICT,'HIGH_CONFLICT',HIGH_CONFLICT,module_or_model_default,runtime,ALGORITHM_STRUCTURE_LITERAL,,,False
app/engine_analysis/regime_composer.py,96:fallback_triggered,False,fallback_triggered,module_or_model_default,runtime,ALGORITHM_STRUCTURE_LITERAL,,,False
app/engine_analysis/regime_composer.py,214:flat,0.0,flat,module_or_model_default,runtime,ALGORITHM_STRUCTURE_LITERAL,,,False
app/engine_analysis/regime_composer.py,215:unknown,0.0,unknown,module_or_model_default,runtime,ALGORITHM_STRUCTURE_LITERAL,,,False
app/engine_analysis/regime_composer.py,263:fallback_reason,'COMPOSER_OHLC_FAIL',fallback_reason,module_or_model_default,runtime,ALGORITHM_STRUCTURE_LITERAL,,,False
app/engine_analysis/regime_composer.py,270:fallback_reason,'COMPOSER_PARTIAL_ANALYSIS_UNKNOWN',fallback_reason,module_or_model_default,runtime,ALGORITHM_STRUCTURE_LITERAL,,,False
app/engine_analysis/regime_composer.py,274:fallback_reason,'COMPOSER_LOW_COVERAGE_UNKNOWN',fallback_reason,module_or_model_default,runtime,ALGORITHM_STRUCTURE_LITERAL,,,False
app/engine_analysis/regime_composer.py,278:fallback_reason,'COMPOSER_LOW_COVERAGE_UNKNOWN',fallback_reason,module_or_model_default,runtime,ALGORITHM_STRUCTURE_LITERAL,,,False
app/engine_analysis/regime_composer.py,282:fallback_reason,'COMPOSER_UNRESOLVED_CONFIRMED_HYPOTHESIS_CONFLICT',fallback_reason,module_or_model_default,runtime,ALGORITHM_STRUCTURE_LITERAL,,,False
app/engine_analysis/regime_composer.py,286:fallback_reason,'COMPOSER_HIGH_CONFLICT_UNKNOWN',fallback_reason,module_or_model_default,runtime,ALGORITHM_STRUCTURE_LITERAL,,,False
app/engine_analysis/regime_composer.py,290:fallback_reason,'COMPOSER_CONSERVATIVE_FALLBACK_UNKNOWN',fallback_reason,module_or_model_default,runtime,ALGORITHM_STRUCTURE_LITERAL,,,False
app/engine_analysis/scalping_semantics.py,12:UP,'UP',UP,module_or_model_default,runtime,ALGORITHM_STRUCTURE_LITERAL,,,False
app/engine_analysis/scalping_semantics.py,13:DOWN,'DOWN',DOWN,module_or_model_default,runtime,ALGORITHM_STRUCTURE_LITERAL,,,False
app/engine_analysis/scalping_semantics.py,14:RANGE,'RANGE',RANGE,module_or_model_default,runtime,ALGORITHM_STRUCTURE_LITERAL,,,False
app/engine_analysis/scalping_semantics.py,15:COMPRESSION,'COMPRESSION',COMPRESSION,module_or_model_default,runtime,ALGORITHM_STRUCTURE_LITERAL,,,False
app/engine_analysis/scalping_semantics.py,16:EXPANSION,'EXPANSION',EXPANSION,module_or_model_default,runtime,ALGORITHM_STRUCTURE_LITERAL,,,False
app/engine_analysis/scalping_semantics.py,17:UNKNOWN,'UNKNOWN',UNKNOWN,module_or_model_default,runtime,ALGORITHM_STRUCTURE_LITERAL,,,False
app/engine_analysis/scalping_semantics.py,21:STRONG,'STRONG',STRONG,module_or_model_default,runtime,ALGORITHM_STRUCTURE_LITERAL,,,False
app/engine_analysis/scalping_semantics.py,22:NORMAL,'NORMAL',NORMAL,module_or_model_default,runtime,ALGORITHM_STRUCTURE_LITERAL,,,False
app/engine_analysis/scalping_semantics.py,23:WEAK,'WEAK',WEAK,module_or_model_default,runtime,ALGORITHM_STRUCTURE_LITERAL,,,False
app/engine_analysis/scalping_semantics.py,24:UNKNOWN,'UNKNOWN',UNKNOWN,module_or_model_default,runtime,ALGORITHM_STRUCTURE_LITERAL,,,False
app/engine_analysis/scalping_semantics.py,25:NOT_EVALUATED,'NOT_EVALUATED',NOT_EVALUATED,module_or_model_default,runtime,ALGORITHM_STRUCTURE_LITERAL,,,False
app/engine_analysis/scalping_semantics.py,26:CONFLICTING,'CONFLICTING',CONFLICTING,module_or_model_default,runtime,ALGORITHM_STRUCTURE_LITERAL,,,False
app/engine_analysis/scalping_semantics.py,27:INVALID,'INVALID',INVALID,module_or_model_default,runtime,IDENTITY_OR_PROTOCOL_LITERAL,,,False
app/engine_analysis/scalping_semantics.py,90:provenance,'CLOSED_5M_IMPULSE_PHASE_DIAGNOSTIC',provenance,module_or_model_default,runtime,ALGORITHM_STRUCTURE_LITERAL,,,False
app/engine_analysis/scalping_semantics.py,93:provenance,'ANALYSIS_SOURCE_UNAVAILABLE',provenance,module_or_model_default,runtime,ALGORITHM_STRUCTURE_LITERAL,,,False
app/engine_analysis/scalping_semantics.py,96:provenance,'CLOSED_5M_ANALYSIS_EVIDENCE',provenance,module_or_model_default,runtime,ALGORITHM_STRUCTURE_LITERAL,,,False
app/engine_analysis/schemas.py,13:UP,'UP',UP,module_or_model_default,runtime,ALGORITHM_STRUCTURE_LITERAL,,,False
app/engine_analysis/schemas.py,14:DOWN,'DOWN',DOWN,module_or_model_default,runtime,ALGORITHM_STRUCTURE_LITERAL,,,False
app/engine_analysis/schemas.py,15:FLAT,'FLAT',FLAT,module_or_model_default,runtime,ALGORITHM_STRUCTURE_LITERAL,,,False
app/engine_analysis/schemas.py,16:UNKNOWN,'UNKNOWN',UNKNOWN,module_or_model_default,runtime,ALGORITHM_STRUCTURE_LITERAL,,,False
app/engine_analysis/schemas.py,25:NOT_EVALUATED,'NOT_EVALUATED',NOT_EVALUATED,module_or_model_default,runtime,ALGORITHM_STRUCTURE_LITERAL,,,False
app/engine_analysis/schemas.py,31:NISON,'NISON',NISON,module_or_model_default,runtime,ALGORITHM_STRUCTURE_LITERAL,,,False
app/engine_analysis/schemas.py,32:ALTUNINA,'ALTUNINA',ALTUNINA,module_or_model_default,runtime,ALGORITHM_STRUCTURE_LITERAL,,,False
app/engine_analysis/schemas.py,33:SCHWAGER,'SCHWAGER',SCHWAGER,module_or_model_default,runtime,ALGORITHM_STRUCTURE_LITERAL,,,False
app/engine_analysis/schemas.py,34:ENGINE_ANALYSIS,'ENGINE_ANALYSIS',ENGINE_ANALYSIS,module_or_model_default,runtime,ALGORITHM_STRUCTURE_LITERAL,,,False
app/engine_analysis/schemas.py,46:volume,0.0,volume,module_or_model_default,runtime,ALGORITHM_STRUCTURE_LITERAL,,,False
app/engine_analysis/schemas.py,87:contribution,0.0,contribution,module_or_model_default,runtime,ALGORITHM_STRUCTURE_LITERAL,,,False
app/engine_analysis/schemas.py,134:trend_score,0.0,trend_score,module_or_model_default,runtime,ALGORITHM_STRUCTURE_LITERAL,,,False
app/engine_analysis/schemas.py,135:range_score,0.0,range_score,module_or_model_default,runtime,ALGORITHM_STRUCTURE_LITERAL,,,False
app/engine_analysis/schemas.py,136:candlestick_score,0.0,candlestick_score,module_or_model_default,runtime,ALGORITHM_STRUCTURE_LITERAL,,,False
app/engine_analysis/schemas.py,137:level_score,0.0,level_score,module_or_model_default,runtime,ALGORITHM_STRUCTURE_LITERAL,,,False
app/engine_analysis/schemas.py,138:breakout_score,0.0,breakout_score,module_or_model_default,runtime,ALGORITHM_STRUCTURE_LITERAL,,,False
app/engine_analysis/schemas.py,139:false_breakout_penalty,0.0,false_breakout_penalty,module_or_model_default,runtime,ALGORITHM_STRUCTURE_LITERAL,,,False
app/engine_analysis/schemas.py,140:indicator_score,0.0,indicator_score,module_or_model_default,runtime,ALGORITHM_STRUCTURE_LITERAL,,,False
app/engine_analysis/schemas.py,141:confluence_score,0.0,confluence_score,module_or_model_default,runtime,ALGORITHM_STRUCTURE_LITERAL,,,False
app/engine_analysis/schemas.py,142:conflict_penalty,0.0,conflict_penalty,module_or_model_default,runtime,ALGORITHM_STRUCTURE_LITERAL,,,False
app/engine_analysis/schemas.py,143:data_quality_penalty,0.0,data_quality_penalty,module_or_model_default,runtime,ALGORITHM_STRUCTURE_LITERAL,,,False
app/engine_analysis/schemas.py,181:safe_for_runtime_trading,False,safe_for_runtime_trading,module_or_model_default,runtime,ALGORITHM_STRUCTURE_LITERAL,,,False
app/engine_analysis/schemas.py,182:live_trading_connected,False,live_trading_connected,module_or_model_default,runtime,ALGORITHM_STRUCTURE_LITERAL,,,False
app/engine_analysis/schwager_range_context.py,21:ZONE_CLUSTER_TOLERANCE_RATIO,0.003,ZONE_CLUSTER_TOLERANCE_RATIO,module_or_model_default,runtime,ALGORITHM_STRUCTURE_LITERAL,,,False
app/engine_analysis/schwager_range_context.py,22:MIN_ZONE_TOUCHES,2,MIN_ZONE_TOUCHES,module_or_model_default,runtime,POLICY_VALUE_MUST_MOVE_TO_YAML,RESOLVED_BY_CANONICAL_REGISTRY,SEE_CANONICAL_REGISTRY,False
app/engine_analysis/schwager_range_context.py,23:MIN_RANGE_TOUCHES,4,MIN_RANGE_TOUCHES,module_or_model_default,runtime,POLICY_VALUE_MUST_MOVE_TO_YAML,RESOLVED_BY_CANONICAL_REGISTRY,SEE_CANONICAL_REGISTRY,False
app/engine_analysis/schwager_range_context.py,24:MIN_INSIDE_CLOSE_RATIO,0.6,MIN_INSIDE_CLOSE_RATIO,module_or_model_default,runtime,IDENTITY_OR_PROTOCOL_LITERAL,,,False
app/engine_analysis/schwager_range_context.py,25:MIN_RANGE_WIDTH_RATIO,0.003,MIN_RANGE_WIDTH_RATIO,module_or_model_default,runtime,IDENTITY_OR_PROTOCOL_LITERAL,,,False
app/engine_analysis/schwager_range_context.py,26:MAX_RANGE_WIDTH_RATIO,0.2,MAX_RANGE_WIDTH_RATIO,module_or_model_default,runtime,IDENTITY_OR_PROTOCOL_LITERAL,,,False
app/engine_analysis/schwager_range_context.py,27:BREAKOUT_BUFFER_RATIO,0.001,BREAKOUT_BUFFER_RATIO,module_or_model_default,runtime,ALGORITHM_STRUCTURE_LITERAL,,,False
app/engine_analysis/schwager_range_context.py,28:FOLLOW_THROUGH_LOOKAHEAD,2,FOLLOW_THROUGH_LOOKAHEAD,module_or_model_default,runtime,ALGORITHM_STRUCTURE_LITERAL,,,False
app/engine_analysis/schwager_range_context.py,29:FALSE_BREAKOUT_LOOKAHEAD,3,FALSE_BREAKOUT_LOOKAHEAD,module_or_model_default,runtime,ALGORITHM_STRUCTURE_LITERAL,,,False
app/engine_analysis/schwager_range_context.py,30:RETEST_LOOKAHEAD,5,RETEST_LOOKAHEAD,module_or_model_default,runtime,ALGORITHM_STRUCTURE_LITERAL,,,False
app/engine_analysis/schwager_range_context.py,31:MIN_RANGE_DURATION,4,MIN_RANGE_DURATION,module_or_model_default,runtime,POLICY_VALUE_MUST_MOVE_TO_YAML,RESOLVED_BY_CANONICAL_REGISTRY,SEE_CANONICAL_REGISTRY,False
app/engine_analysis/schwager_range_context.py,32:MIN_BOUNDARY_ALTERNATIONS,2,MIN_BOUNDARY_ALTERNATIONS,module_or_model_default,runtime,POLICY_VALUE_MUST_MOVE_TO_YAML,RESOLVED_BY_CANONICAL_REGISTRY,SEE_CANONICAL_REGISTRY,False
app/engine_analysis/schwager_range_context.py,33:MIN_CONFIRMATION_CLOSES,3,MIN_CONFIRMATION_CLOSES,module_or_model_default,runtime,POLICY_VALUE_MUST_MOVE_TO_YAML,RESOLVED_BY_CANONICAL_REGISTRY,SEE_CANONICAL_REGISTRY,False
app/engine_analysis/schwager_range_context.py,34:BREAKOUT_CONFIRMATION_DISTANCE_RATIO,0.005,BREAKOUT_CONFIRMATION_DISTANCE_RATIO,module_or_model_default,runtime,ALGORITHM_STRUCTURE_LITERAL,,,False
app/engine_analysis/schwager_range_context.py,35:FALSE_BREAKOUT_TIME_LOOKAHEAD,4,FALSE_BREAKOUT_TIME_LOOKAHEAD,module_or_model_default,runtime,ALGORITHM_STRUCTURE_LITERAL,,,False
app/engine_analysis/schwager_range_context.py,36:RETEST_DEPARTURE_RATIO,0.003,RETEST_DEPARTURE_RATIO,module_or_model_default,runtime,ALGORITHM_STRUCTURE_LITERAL,,,False
app/engine_analysis/schwager_range_context.py,296:contribution_sign,1,contribution_sign,function_default,runtime,ALGORITHM_STRUCTURE_LITERAL,,,False
app/engine_analysis/schwager_range_context.py,40:SUPPORT,'SUPPORT',SUPPORT,module_or_model_default,runtime,ALGORITHM_STRUCTURE_LITERAL,,,False
app/engine_analysis/schwager_range_context.py,41:RESISTANCE,'RESISTANCE',RESISTANCE,module_or_model_default,runtime,ALGORITHM_STRUCTURE_LITERAL,,,False
app/engine_analysis/schwager_range_context.py,45:UPWARD,'UPWARD',UPWARD,module_or_model_default,runtime,ALGORITHM_STRUCTURE_LITERAL,,,False
app/engine_analysis/schwager_range_context.py,46:DOWNWARD,'DOWNWARD',DOWNWARD,module_or_model_default,runtime,ALGORITHM_STRUCTURE_LITERAL,,,False
app/engine_analysis/schwager_range_context.py,47:NONE,'NONE',NONE,module_or_model_default,runtime,ALGORITHM_STRUCTURE_LITERAL,,,False
app/engine_analysis/schwager_range_context.py,51:NO_BREAKOUT,'NO_BREAKOUT',NO_BREAKOUT,module_or_model_default,runtime,ALGORITHM_STRUCTURE_LITERAL,,,False
app/engine_analysis/schwager_range_context.py,52:ATTEMPT,'ATTEMPT',ATTEMPT,module_or_model_default,runtime,ALGORITHM_STRUCTURE_LITERAL,,,False
app/engine_analysis/schwager_range_context.py,53:CONFIRMED,'CONFIRMED',CONFIRMED,module_or_model_default,runtime,ALGORITHM_STRUCTURE_LITERAL,,,False
app/engine_analysis/schwager_range_context.py,54:NO_FOLLOW_THROUGH,'NO_FOLLOW_THROUGH',NO_FOLLOW_THROUGH,module_or_model_default,runtime,ALGORITHM_STRUCTURE_LITERAL,,,False
app/engine_analysis/schwager_range_context.py,55:FALSE_BREAKOUT,'FALSE_BREAKOUT',FALSE_BREAKOUT,module_or_model_default,runtime,ALGORITHM_STRUCTURE_LITERAL,,,False
app/engine_analysis/schwager_range_context.py,56:RETEST_HELD,'RETEST_HELD',RETEST_HELD,module_or_model_default,runtime,ALGORITHM_STRUCTURE_LITERAL,,,False
app/engine_analysis/schwager_range_context.py,57:RETEST_FAILED,'RETEST_FAILED',RETEST_FAILED,module_or_model_default,runtime,ALGORITHM_STRUCTURE_LITERAL,,,False
app/engine_analysis/schwager_range_context.py,58:RETURNED_TO_RANGE,'RETURNED_TO_RANGE',RETURNED_TO_RANGE,module_or_model_default,runtime,ALGORITHM_STRUCTURE_LITERAL,,,False
app/engine_analysis/schwager_range_context.py,62:NONE,'NONE',NONE,module_or_model_default,runtime,ALGORITHM_STRUCTURE_LITERAL,,,False
app/engine_analysis/schwager_range_context.py,63:CLOSE_COUNT,'CLOSE_COUNT',CLOSE_COUNT,module_or_model_default,runtime,ALGORITHM_STRUCTURE_LITERAL,,,False
app/engine_analysis/schwager_range_context.py,64:DISTANCE,'DISTANCE',DISTANCE,module_or_model_default,runtime,ALGORITHM_STRUCTURE_LITERAL,,,False
app/engine_analysis/schwager_range_context.py,65:CLOSE_COUNT_AND_DISTANCE,'CLOSE_COUNT_AND_DISTANCE',CLOSE_COUNT_AND_DISTANCE,module_or_model_default,runtime,ALGORITHM_STRUCTURE_LITERAL,,,False
app/engine_analysis/schwager_range_context.py,69:NONE,'NONE',NONE,module_or_model_default,runtime,ALGORITHM_STRUCTURE_LITERAL,,,False
app/engine_analysis/schwager_range_context.py,70:RETURNED_INSIDE,'RETURNED_INSIDE',RETURNED_INSIDE,module_or_model_default,runtime,IDENTITY_OR_PROTOCOL_LITERAL,,,False
app/engine_analysis/schwager_range_context.py,71:INITIAL_PRICE_CONFIRMATION,'INITIAL_PRICE_CONFIRMATION',INITIAL_PRICE_CONFIRMATION,module_or_model_default,runtime,ALGORITHM_STRUCTURE_LITERAL,,,False
app/engine_analysis/schwager_range_context.py,72:STRONG_PRICE_CONFIRMATION,'STRONG_PRICE_CONFIRMATION',STRONG_PRICE_CONFIRMATION,module_or_model_default,runtime,ALGORITHM_STRUCTURE_LITERAL,,,False
app/engine_analysis/schwager_range_context.py,73:TIME_CONFIRMATION,'TIME_CONFIRMATION',TIME_CONFIRMATION,module_or_model_default,runtime,ALGORITHM_STRUCTURE_LITERAL,,,False
app/engine_analysis/schwager_range_context.py,74:INVALIDATED,'INVALIDATED',INVALIDATED,module_or_model_default,runtime,IDENTITY_OR_PROTOCOL_LITERAL,,,False
app/engine_analysis/schwager_range_context.py,78:NONE,'NONE',NONE,module_or_model_default,runtime,ALGORITHM_STRUCTURE_LITERAL,,,False
app/engine_analysis/schwager_range_context.py,79:RESISTANCE_TO_SUPPORT,'RESISTANCE_TO_SUPPORT',RESISTANCE_TO_SUPPORT,module_or_model_default,runtime,ALGORITHM_STRUCTURE_LITERAL,,,False
app/engine_analysis/schwager_range_context.py,80:SUPPORT_TO_RESISTANCE,'SUPPORT_TO_RESISTANCE',SUPPORT_TO_RESISTANCE,module_or_model_default,runtime,ALGORITHM_STRUCTURE_LITERAL,,,False
app/engine_analysis/schwager_range_context.py,81:FAILED,'FAILED',FAILED,module_or_model_default,runtime,ALGORITHM_STRUCTURE_LITERAL,,,False
app/engine_analysis/schwager_range_context.py,94:formed_at_index,0,formed_at_index,module_or_model_default,runtime,ALGORITHM_STRUCTURE_LITERAL,,,False
app/engine_analysis/schwager_range_context.py,95:first_touch_index,0,first_touch_index,module_or_model_default,runtime,ALGORITHM_STRUCTURE_LITERAL,,,False
app/engine_analysis/schwager_range_context.py,96:last_touch_index,0,last_touch_index,module_or_model_default,runtime,ALGORITHM_STRUCTURE_LITERAL,,,False
app/engine_analysis/schwager_range_context.py,101:is_significant_single_extreme,False,is_significant_single_extreme,module_or_model_default,runtime,ALGORITHM_STRUCTURE_LITERAL,,,False
app/engine_analysis/schwager_range_context.py,138:formed_at_index,0,formed_at_index,module_or_model_default,runtime,ALGORITHM_STRUCTURE_LITERAL,,,False
app/engine_analysis/schwager_range_context.py,139:first_touch_index,0,first_touch_index,module_or_model_default,runtime,ALGORITHM_STRUCTURE_LITERAL,,,False
app/engine_analysis/schwager_range_context.py,140:duration_candles,0,duration_candles,module_or_model_default,runtime,ALGORITHM_STRUCTURE_LITERAL,,,False
app/engine_analysis/schwager_range_context.py,141:boundary_alternation_count,0,boundary_alternation_count,module_or_model_default,runtime,ALGORITHM_STRUCTURE_LITERAL,,,False
app/engine_analysis/schwager_range_context.py,173:analysis_start_index,0,analysis_start_index,module_or_model_default,runtime,ALGORITHM_STRUCTURE_LITERAL,,,False
app/engine_analysis/schwager_range_context.py,175:confirmation_close_count,0,confirmation_close_count,module_or_model_default,runtime,ALGORITHM_STRUCTURE_LITERAL,,,False
app/engine_analysis/schwager_range_context.py,178:maximum_distance_ratio,0.0,maximum_distance_ratio,module_or_model_default,runtime,POLICY_VALUE_MUST_MOVE_TO_YAML,RESOLVED_BY_CANONICAL_REGISTRY,SEE_CANONICAL_REGISTRY,False
app/engine_analysis/schwager_range_context.py,180:return_depth_ratio,0.0,return_depth_ratio,module_or_model_default,runtime,ALGORITHM_STRUCTURE_LITERAL,,,False
app/engine_analysis/schwager_range_context.py,181:reversal_candle_count,0,reversal_candle_count,module_or_model_default,runtime,ALGORITHM_STRUCTURE_LITERAL,,,False
app/engine_analysis/schwager_range_context.py,183:false_breakout_invalidated,False,false_breakout_invalidated,module_or_model_default,runtime,IDENTITY_OR_PROTOCOL_LITERAL,,,False
app/engine_analysis/schwager_range_context.py,483:return_depth,0.0,return_depth,module_or_model_default,runtime,ALGORITHM_STRUCTURE_LITERAL,,,False
app/engine_analysis/schwager_range_context.py,485:invalidated,False,invalidated,module_or_model_default,runtime,IDENTITY_OR_PROTOCOL_LITERAL,,,False
app/engine_analysis/schwager_range_context.py,501:invalidated,True,invalidated,module_or_model_default,runtime,IDENTITY_OR_PROTOCOL_LITERAL,,,False
app/engine_analysis/technical_indicator_context.py,35:period,14,period,function_default,runtime,ALGORITHM_STRUCTURE_LITERAL,,,False
app/engine_analysis/technical_indicator_context.py,69:period,14,period,function_default,runtime,ALGORITHM_STRUCTURE_LITERAL,,,False
app/engine_analysis/technical_indicator_context.py,13:BULLISH,'BULLISH',BULLISH,module_or_model_default,runtime,ALGORITHM_STRUCTURE_LITERAL,,,False
app/engine_analysis/technical_indicator_context.py,14:BEARISH,'BEARISH',BEARISH,module_or_model_default,runtime,ALGORITHM_STRUCTURE_LITERAL,,,False
app/engine_analysis/technical_indicator_context.py,15:NEUTRAL,'NEUTRAL',NEUTRAL,module_or_model_default,runtime,ALGORITHM_STRUCTURE_LITERAL,,,False
app/engine_analysis/technical_indicator_context.py,16:UNAVAILABLE,'UNAVAILABLE',UNAVAILABLE,module_or_model_default,runtime,ALGORITHM_STRUCTURE_LITERAL,,,False
app/engine_analysis/technical_indicator_context.py,178:bullish,0,bullish,module_or_model_default,runtime,ALGORITHM_STRUCTURE_LITERAL,,,False
app/engine_analysis/technical_indicator_context.py,220:minimum_votes,2,minimum_votes,module_or_model_default,runtime,POLICY_VALUE_MUST_MOVE_TO_YAML,RESOLVED_BY_CANONICAL_REGISTRY,SEE_CANONICAL_REGISTRY,False
app/engine_execution/approval_policy.py,12:PRODUCTION_APPROVED,'PRODUCTION_APPROVED',PRODUCTION_APPROVED,module_or_model_default,runtime,ALGORITHM_STRUCTURE_LITERAL,,,False
app/engine_execution/approval_policy.py,13:RESEARCH_ONLY,'RESEARCH_ONLY',RESEARCH_ONLY,module_or_model_default,runtime,ALGORITHM_STRUCTURE_LITERAL,,,False
app/engine_execution/enums.py,7:PAPER,'PAPER',PAPER,module_or_model_default,runtime,ALGORITHM_STRUCTURE_LITERAL,,,False
app/engine_execution/enums.py,8:DRY_RUN,'DRY_RUN',DRY_RUN,module_or_model_default,runtime,ALGORITHM_STRUCTURE_LITERAL,,,False
app/engine_execution/enums.py,9:LIVE,'LIVE',LIVE,module_or_model_default,runtime,ALGORITHM_STRUCTURE_LITERAL,,,False
app/engine_execution/enums.py,13:BUY,'BUY',BUY,module_or_model_default,runtime,ALGORITHM_STRUCTURE_LITERAL,,,False
app/engine_execution/enums.py,14:SELL,'SELL',SELL,module_or_model_default,runtime,ALGORITHM_STRUCTURE_LITERAL,,,False
app/engine_execution/enums.py,18:MARKET_INTENT,'MARKET_INTENT',MARKET_INTENT,module_or_model_default,runtime,ALGORITHM_STRUCTURE_LITERAL,,,False
app/engine_execution/enums.py,19:LIMIT_INTENT,'LIMIT_INTENT',LIMIT_INTENT,module_or_model_default,runtime,POLICY_VALUE_MUST_MOVE_TO_YAML,RESOLVED_BY_CANONICAL_REGISTRY,SEE_CANONICAL_REGISTRY,False
app/engine_execution/enums.py,23:READY,'READY',READY,module_or_model_default,runtime,ALGORITHM_STRUCTURE_LITERAL,,,False
app/engine_execution/enums.py,24:REJECTED,'REJECTED',REJECTED,module_or_model_default,runtime,ALGORITHM_STRUCTURE_LITERAL,,,False
app/engine_execution/enums.py,25:DUPLICATE,'DUPLICATE',DUPLICATE,module_or_model_default,runtime,ALGORITHM_STRUCTURE_LITERAL,,,False
app/engine_execution/enums.py,26:DISABLED,'DISABLED',DISABLED,module_or_model_default,runtime,ALGORITHM_STRUCTURE_LITERAL,,,False
app/engine_execution/enums.py,30:ACKNOWLEDGED,'ACKNOWLEDGED',ACKNOWLEDGED,module_or_model_default,runtime,ALGORITHM_STRUCTURE_LITERAL,,,False
app/engine_execution/enums.py,31:REJECTED,'REJECTED',REJECTED,module_or_model_default,runtime,ALGORITHM_STRUCTURE_LITERAL,,,False
app/engine_execution/enums.py,32:DUPLICATE,'DUPLICATE',DUPLICATE,module_or_model_default,runtime,ALGORITHM_STRUCTURE_LITERAL,,,False
app/engine_execution/enums.py,33:DISABLED,'DISABLED',DISABLED,module_or_model_default,runtime,ALGORITHM_STRUCTURE_LITERAL,,,False
app/engine_execution/enums.py,37:LIVE_EXECUTION_DISABLED,'LIVE_EXECUTION_DISABLED',LIVE_EXECUTION_DISABLED,module_or_model_default,runtime,ALGORITHM_STRUCTURE_LITERAL,,,False
app/engine_execution/enums.py,38:STRATEGY_NOT_APPROVED,'STRATEGY_NOT_APPROVED',STRATEGY_NOT_APPROVED,module_or_model_default,runtime,ALGORITHM_STRUCTURE_LITERAL,,,False
app/engine_execution/enums.py,39:RISK_NOT_APPROVED,'RISK_NOT_APPROVED',RISK_NOT_APPROVED,module_or_model_default,runtime,POLICY_VALUE_MUST_MOVE_TO_YAML,RESOLVED_BY_CANONICAL_REGISTRY,SEE_CANONICAL_REGISTRY,False
app/engine_execution/enums.py,40:INVALID_QUANTITY,'INVALID_QUANTITY',INVALID_QUANTITY,module_or_model_default,runtime,IDENTITY_OR_PROTOCOL_LITERAL,,,False
app/engine_execution/enums.py,41:INVALID_PRICE,'INVALID_PRICE',INVALID_PRICE,module_or_model_default,runtime,IDENTITY_OR_PROTOCOL_LITERAL,,,False
app/engine_execution/enums.py,42:INVALID_STOP_PLACEMENT,'INVALID_STOP_PLACEMENT',INVALID_STOP_PLACEMENT,module_or_model_default,runtime,IDENTITY_OR_PROTOCOL_LITERAL,,,False
app/engine_execution/enums.py,43:INVALID_TARGET_PLACEMENT,'INVALID_TARGET_PLACEMENT',INVALID_TARGET_PLACEMENT,module_or_model_default,runtime,IDENTITY_OR_PROTOCOL_LITERAL,,,False
app/engine_execution/enums.py,44:SYMBOL_MISMATCH,'SYMBOL_MISMATCH',SYMBOL_MISMATCH,module_or_model_default,runtime,ALGORITHM_STRUCTURE_LITERAL,,,False
app/engine_execution/enums.py,45:SIDE_MISMATCH,'SIDE_MISMATCH',SIDE_MISMATCH,module_or_model_default,runtime,IDENTITY_OR_PROTOCOL_LITERAL,,,False
app/engine_execution/enums.py,46:SOURCE_WINDOW_NOT_CLOSED,'SOURCE_WINDOW_NOT_CLOSED',SOURCE_WINDOW_NOT_CLOSED,module_or_model_default,runtime,POLICY_VALUE_MUST_MOVE_TO_YAML,RESOLVED_BY_CANONICAL_REGISTRY,SEE_CANONICAL_REGISTRY,False
app/engine_execution/enums.py,47:MISSING_SOURCE_WINDOW,'MISSING_SOURCE_WINDOW',MISSING_SOURCE_WINDOW,module_or_model_default,runtime,POLICY_VALUE_MUST_MOVE_TO_YAML,RESOLVED_BY_CANONICAL_REGISTRY,SEE_CANONICAL_REGISTRY,False
app/engine_execution/enums.py,48:MISSING_IDEMPOTENCY_KEY,'MISSING_IDEMPOTENCY_KEY',MISSING_IDEMPOTENCY_KEY,module_or_model_default,runtime,IDENTITY_OR_PROTOCOL_LITERAL,,,False
app/engine_execution/enums.py,49:DUPLICATE_EXECUTION_INTENT,'DUPLICATE_EXECUTION_INTENT',DUPLICATE_EXECUTION_INTENT,module_or_model_default,runtime,ALGORITHM_STRUCTURE_LITERAL,,,False
app/engine_execution/enums.py,50:UNSUPPORTED_ORDER_TYPE,'UNSUPPORTED_ORDER_TYPE',UNSUPPORTED_ORDER_TYPE,module_or_model_default,runtime,ALGORITHM_STRUCTURE_LITERAL,,,False
app/engine_execution/enums.py,51:CONTRACT_MISMATCH,'CONTRACT_MISMATCH',CONTRACT_MISMATCH,module_or_model_default,runtime,ALGORITHM_STRUCTURE_LITERAL,,,False
app/engine_execution/enums.py,52:EXECUTION_INTENT_READY,'EXECUTION_INTENT_READY',EXECUTION_INTENT_READY,module_or_model_default,runtime,ALGORITHM_STRUCTURE_LITERAL,,,False
app/engine_execution/exceptions.py,15:reason_code,'LIVE_EXECUTION_DISABLED',reason_code,module_or_model_default,runtime,ALGORITHM_STRUCTURE_LITERAL,,,False
app/engine_execution/paper_idempotency.py,20:PAPER_IDEMPOTENCY_VERSION,'v1',PAPER_IDEMPOTENCY_VERSION,module_or_model_default,runtime,IDENTITY_OR_PROTOCOL_LITERAL,,,False
app/engine_execution/paper_idempotency.py,21:PAPER_CLOSE_FILL_IDEMPOTENCY_VERSION,'v2',PAPER_CLOSE_FILL_IDEMPOTENCY_VERSION,module_or_model_default,runtime,IDENTITY_OR_PROTOCOL_LITERAL,,,False
app/engine_execution/paper_models.py,303:future_bars_used,False,future_bars_used,module_or_model_default,runtime,ALGORITHM_STRUCTURE_LITERAL,,,False
app/engine_execution/serialization.py,13:execution_schema_version,1,execution_schema_version,module_or_model_default,runtime,IDENTITY_OR_PROTOCOL_LITERAL,,,False
app/engine_exit/paper_exit.py,26:PAPER_INTRABAR_CONFLICT_POLICY,'STOP_FIRST_CONSERVATIVE',PAPER_INTRABAR_CONFLICT_POLICY,module_or_model_default,runtime,ALGORITHM_STRUCTURE_LITERAL,,,False
app/engine_exit/scalping_exit_policy.py,10:NONE,'NONE',NONE,module_or_model_default,runtime,ALGORITHM_STRUCTURE_LITERAL,,,False
app/engine_exit/scalping_exit_policy.py,11:TAKE_PROFIT,'TAKE_PROFIT',TAKE_PROFIT,module_or_model_default,runtime,ALGORITHM_STRUCTURE_LITERAL,,,False
app/engine_exit/scalping_exit_policy.py,12:CAUSAL_STOP,'CAUSAL_STOP',CAUSAL_STOP,module_or_model_default,runtime,ALGORITHM_STRUCTURE_LITERAL,,,False
app/engine_exit/scalping_exit_policy.py,13:TIME_STOP,'TIME_STOP',TIME_STOP,module_or_model_default,runtime,ALGORITHM_STRUCTURE_LITERAL,,,False
app/engine_exit/scalping_exit_policy.py,14:MOMENTUM_FAILURE,'MOMENTUM_FAILURE',MOMENTUM_FAILURE,module_or_model_default,runtime,ALGORITHM_STRUCTURE_LITERAL,,,False
app/engine_exit/scalping_exit_policy.py,15:STRUCTURE_FAILURE,'STRUCTURE_FAILURE',STRUCTURE_FAILURE,module_or_model_default,runtime,ALGORITHM_STRUCTURE_LITERAL,,,False
app/engine_exit/scalping_exit_policy.py,16:ENTRY_INVALIDATED_BEFORE_FILL,'ENTRY_INVALIDATED_BEFORE_FILL',ENTRY_INVALIDATED_BEFORE_FILL,module_or_model_default,runtime,IDENTITY_OR_PROTOCOL_LITERAL,,,False
app/engine_exit/scalping_exit_policy.py,24:shadow_only,True,shadow_only,module_or_model_default,runtime,ALGORITHM_STRUCTURE_LITERAL,,,False
app/engine_market_data/binance_kline_ws.py,20:initial_delay_seconds,0.25,initial_delay_seconds,module_or_model_default,runtime,ALGORITHM_STRUCTURE_LITERAL,,,False
app/engine_market_data/binance_kline_ws.py,21:maximum_delay_seconds,10.0,maximum_delay_seconds,module_or_model_default,runtime,POLICY_VALUE_MUST_MOVE_TO_YAML,RESOLVED_BY_CANONICAL_REGISTRY,SEE_CANONICAL_REGISTRY,False
app/engine_market_data/binance_kline_ws.py,26:BASE_URL,'wss://stream.binance.com:9443/stream?streams=',BASE_URL,module_or_model_default,runtime,ALGORITHM_STRUCTURE_LITERAL,,,False
app/engine_market_data/binance_kline_ws.py,75:attempts,0,attempts,module_or_model_default,runtime,ALGORITHM_STRUCTURE_LITERAL,,,False
app/engine_market_data/binance_public_rest.py,44:source,'BINANCE_PUBLIC_MARKET_DATA_DEPTH',source,module_or_model_default,runtime,ALGORITHM_STRUCTURE_LITERAL,,,False
app/engine_market_data/binance_public_rest.py,51:BASE_URL,'https://data-api.binance.vision',BASE_URL,module_or_model_default,runtime,ALGORITHM_STRUCTURE_LITERAL,,,False
app/engine_market_data/binance_public_rest.py,52:MAX_LIMIT,1000,MAX_LIMIT,module_or_model_default,runtime,POLICY_VALUE_MUST_MOVE_TO_YAML,RESOLVED_BY_CANONICAL_REGISTRY,SEE_CANONICAL_REGISTRY,False
app/engine_market_data/boundary_scheduler.py,24:safety_delay_ms,2000,safety_delay_ms,function_default,runtime,ALGORITHM_STRUCTURE_LITERAL,,,False
app/engine_market_data/boundary_scheduler.py,33:safety_delay_ms,2000,safety_delay_ms,function_default,runtime,ALGORITHM_STRUCTURE_LITERAL,,,False
app/engine_market_data/candle.py,35:is_closed,False,is_closed,module_or_model_default,runtime,ALGORITHM_STRUCTURE_LITERAL,,,False
app/engine_market_data/candle.py,36:source,'unknown',source,module_or_model_default,runtime,ALGORITHM_STRUCTURE_LITERAL,,,False
app/engine_market_data/candle_stream.py,42:recovered_count,0,recovered_count,module_or_model_default,runtime,ALGORITHM_STRUCTURE_LITERAL,,,False
app/engine_market_data/continuous_sync_config.py,23:warmup,True,warmup,module_or_model_default,runtime,ALGORITHM_STRUCTURE_LITERAL,,,False
app/engine_market_data/continuous_sync_config.py,24:continuous,True,continuous,module_or_model_default,runtime,ALGORITHM_STRUCTURE_LITERAL,,,False
app/engine_market_data/continuous_sync_config.py,25:gap_check,True,gap_check,module_or_model_default,runtime,ALGORITHM_STRUCTURE_LITERAL,,,False
app/engine_market_data/continuous_sync_config.py,26:dry_run,False,dry_run,module_or_model_default,runtime,ALGORITHM_STRUCTURE_LITERAL,,,False
app/engine_market_data/continuous_sync_config.py,30:poll_interval_seconds,1.0,poll_interval_seconds,module_or_model_default,runtime,POLICY_VALUE_MUST_MOVE_TO_YAML,RESOLVED_BY_CANONICAL_REGISTRY,SEE_CANONICAL_REGISTRY,False
app/engine_market_data/continuous_sync_config.py,31:health_report_interval_seconds,60.0,health_report_interval_seconds,module_or_model_default,runtime,ALGORITHM_STRUCTURE_LITERAL,,,False
app/engine_market_data/continuous_sync_config.py,32:max_rest_batch_size,1000,max_rest_batch_size,module_or_model_default,runtime,POLICY_VALUE_MUST_MOVE_TO_YAML,RESOLVED_BY_CANONICAL_REGISTRY,SEE_CANONICAL_REGISTRY,False
app/engine_market_data/continuous_sync_config.py,33:backoff_initial_seconds,2.0,backoff_initial_seconds,module_or_model_default,runtime,POLICY_VALUE_MUST_MOVE_TO_YAML,RESOLVED_BY_CANONICAL_REGISTRY,SEE_CANONICAL_REGISTRY,False
app/engine_market_data/continuous_sync_config.py,34:backoff_max_seconds,60.0,backoff_max_seconds,module_or_model_default,runtime,POLICY_VALUE_MUST_MOVE_TO_YAML,RESOLVED_BY_CANONICAL_REGISTRY,SEE_CANONICAL_REGISTRY,False
app/engine_market_data/continuous_sync_config.py,35:prompt_retry_initial_seconds,5.0,prompt_retry_initial_seconds,module_or_model_default,runtime,POLICY_VALUE_MUST_MOVE_TO_YAML,RESOLVED_BY_CANONICAL_REGISTRY,SEE_CANONICAL_REGISTRY,False
app/engine_market_data/continuous_sync_config.py,36:prompt_retry_max_seconds,40.0,prompt_retry_max_seconds,module_or_model_default,runtime,POLICY_VALUE_MUST_MOVE_TO_YAML,RESOLVED_BY_CANONICAL_REGISTRY,SEE_CANONICAL_REGISTRY,False
app/engine_market_data/continuous_sync_config.py,37:prompt_retry_horizon_seconds,170.0,prompt_retry_horizon_seconds,module_or_model_default,runtime,POLICY_VALUE_MUST_MOVE_TO_YAML,RESOLVED_BY_CANONICAL_REGISTRY,SEE_CANONICAL_REGISTRY,False
app/engine_market_data/continuous_sync_config.py,38:prompt_retry_max_attempts,4,prompt_retry_max_attempts,module_or_model_default,runtime,POLICY_VALUE_MUST_MOVE_TO_YAML,RESOLVED_BY_CANONICAL_REGISTRY,SEE_CANONICAL_REGISTRY,False
app/engine_market_data/continuous_sync_daemon.py,49:MAX_OPERATIONAL_ERROR_LENGTH,4000,MAX_OPERATIONAL_ERROR_LENGTH,module_or_model_default,runtime,POLICY_VALUE_MUST_MOVE_TO_YAML,RESOLVED_BY_CANONICAL_REGISTRY,SEE_CANONICAL_REGISTRY,False
app/engine_market_data/continuous_sync_daemon.py,112:missing_before,0,missing_before,module_or_model_default,runtime,ALGORITHM_STRUCTURE_LITERAL,,,False
app/engine_market_data/continuous_sync_daemon.py,113:missing_after,0,missing_after,module_or_model_default,runtime,ALGORITHM_STRUCTURE_LITERAL,,,False
app/engine_market_data/continuous_sync_daemon.py,114:inserted_count,0,inserted_count,module_or_model_default,runtime,ALGORITHM_STRUCTURE_LITERAL,,,False
app/engine_market_data/continuous_sync_daemon.py,115:updated_count,0,updated_count,module_or_model_default,runtime,ALGORITHM_STRUCTURE_LITERAL,,,False
app/engine_market_data/continuous_sync_daemon.py,116:skipped_count,0,skipped_count,module_or_model_default,runtime,ALGORITHM_STRUCTURE_LITERAL,,,False
app/engine_market_data/continuous_sync_daemon.py,117:failed_count,0,failed_count,module_or_model_default,runtime,ALGORITHM_STRUCTURE_LITERAL,,,False
app/engine_market_data/continuous_sync_daemon.py,118:rest_calls,0,rest_calls,module_or_model_default,runtime,ALGORITHM_STRUCTURE_LITERAL,,,False
app/engine_market_data/continuous_sync_daemon.py,682:cycles,0,cycles,module_or_model_default,runtime,ALGORITHM_STRUCTURE_LITERAL,,,False
app/engine_market_data/continuous_sync_daemon.py,384:error_type,'MissingClosedBoundary',error_type,module_or_model_default,runtime,ALGORITHM_STRUCTURE_LITERAL,,,False
app/engine_market_data/continuous_sync_daemon.py,385:error_summary,'exact closed boundary remains unavailable',error_summary,module_or_model_default,runtime,ALGORITHM_STRUCTURE_LITERAL,,,False
app/engine_market_data/continuous_sync_daemon.py,512:error_type,'MissingClosedBoundary',error_type,module_or_model_default,runtime,ALGORITHM_STRUCTURE_LITERAL,,,False
app/engine_market_data/continuous_sync_daemon.py,513:error_summary,'exact closed boundary remains unavailable',error_summary,module_or_model_default,runtime,ALGORITHM_STRUCTURE_LITERAL,,,False
app/engine_market_data/continuous_sync_state.py,15:OK,'OK',OK,module_or_model_default,runtime,ALGORITHM_STRUCTURE_LITERAL,,,False
app/engine_market_data/continuous_sync_state.py,16:STALE,'STALE',STALE,module_or_model_default,runtime,ALGORITHM_STRUCTURE_LITERAL,,,False
app/engine_market_data/continuous_sync_state.py,17:GAP_DETECTED,'GAP_DETECTED',GAP_DETECTED,module_or_model_default,runtime,ALGORITHM_STRUCTURE_LITERAL,,,False
app/engine_market_data/continuous_sync_state.py,18:RECOVERING,'RECOVERING',RECOVERING,module_or_model_default,runtime,ALGORITHM_STRUCTURE_LITERAL,,,False
app/engine_market_data/continuous_sync_state.py,19:DEGRADED,'DEGRADED',DEGRADED,module_or_model_default,runtime,ALGORITHM_STRUCTURE_LITERAL,,,False
app/engine_market_data/continuous_sync_state.py,20:DISCONNECTED,'DISCONNECTED',DISCONNECTED,module_or_model_default,runtime,ALGORITHM_STRUCTURE_LITERAL,,,False
app/engine_market_data/continuous_sync_state.py,21:ERROR,'ERROR',ERROR,module_or_model_default,runtime,ALGORITHM_STRUCTURE_LITERAL,,,False
app/engine_market_data/continuous_sync_state.py,22:NOT_CONFIGURED,'NOT_CONFIGURED',NOT_CONFIGURED,module_or_model_default,runtime,ALGORITHM_STRUCTURE_LITERAL,,,False
app/engine_market_data/continuous_sync_state.py,29:__tablename__,'market_data_sync_state',__tablename__,module_or_model_default,runtime,ALGORITHM_STRUCTURE_LITERAL,,,False
app/engine_market_data/continuous_sync_state.py,73:freshness_lag_ms,0,freshness_lag_ms,module_or_model_default,runtime,ALGORITHM_STRUCTURE_LITERAL,,,False
app/engine_market_data/continuous_sync_state.py,74:freshness_lag_candles,0,freshness_lag_candles,module_or_model_default,runtime,ALGORITHM_STRUCTURE_LITERAL,,,False
app/engine_market_data/continuous_sync_state.py,75:missing_count,0,missing_count,module_or_model_default,runtime,ALGORITHM_STRUCTURE_LITERAL,,,False
app/engine_market_data/continuous_sync_state.py,76:recovering_count,0,recovering_count,module_or_model_default,runtime,ALGORITHM_STRUCTURE_LITERAL,,,False
app/engine_market_data/continuous_sync_state.py,82:last_inserted_count,0,last_inserted_count,module_or_model_default,runtime,ALGORITHM_STRUCTURE_LITERAL,,,False
app/engine_market_data/continuous_sync_state.py,83:last_updated_count,0,last_updated_count,module_or_model_default,runtime,ALGORITHM_STRUCTURE_LITERAL,,,False
app/engine_market_data/continuous_sync_state.py,84:last_skipped_count,0,last_skipped_count,module_or_model_default,runtime,ALGORITHM_STRUCTURE_LITERAL,,,False
app/engine_market_data/continuous_sync_state.py,85:last_failed_count,0,last_failed_count,module_or_model_default,runtime,ALGORITHM_STRUCTURE_LITERAL,,,False
app/engine_market_data/continuous_sync_state.py,86:source,'binance_public_rest',source,module_or_model_default,runtime,ALGORITHM_STRUCTURE_LITERAL,,,False
app/engine_market_data/db/candle_repository.py,22:MAX_UPSERT_BATCH_SIZE,1000,MAX_UPSERT_BATCH_SIZE,module_or_model_default,runtime,POLICY_VALUE_MUST_MOVE_TO_YAML,RESOLVED_BY_CANONICAL_REGISTRY,SEE_CANONICAL_REGISTRY,False
app/engine_market_data/db/candle_repository.py,23:MAX_LOOKUP_BATCH_SIZE,10000,MAX_LOOKUP_BATCH_SIZE,module_or_model_default,runtime,POLICY_VALUE_MUST_MOVE_TO_YAML,RESOLVED_BY_CANONICAL_REGISTRY,SEE_CANONICAL_REGISTRY,False
app/engine_market_data/db/candle_tables.py,53:__tablename__,'candles_1m',__tablename__,module_or_model_default,runtime,ALGORITHM_STRUCTURE_LITERAL,,,False
app/engine_market_data/db/candle_tables.py,54:__tablename__,'candles_5m',__tablename__,module_or_model_default,runtime,ALGORITHM_STRUCTURE_LITERAL,,,False
app/engine_market_data/db/candle_tables.py,55:__tablename__,'candles_15m',__tablename__,module_or_model_default,runtime,ALGORITHM_STRUCTURE_LITERAL,,,False
app/engine_market_data/db/candle_tables.py,56:__tablename__,'candles_1h',__tablename__,module_or_model_default,runtime,ALGORITHM_STRUCTURE_LITERAL,,,False
app/engine_market_data/db/candle_tables.py,57:__tablename__,'candles_4h',__tablename__,module_or_model_default,runtime,ALGORITHM_STRUCTURE_LITERAL,,,False
app/engine_market_data/db/candle_tables.py,58:__tablename__,'candles_1d',__tablename__,module_or_model_default,runtime,ALGORITHM_STRUCTURE_LITERAL,,,False
app/engine_market_data/db_sync_config.py,16:primary_boundary_timeframe,'15m',primary_boundary_timeframe,module_or_model_default,runtime,ALGORITHM_STRUCTURE_LITERAL,,,False
app/engine_market_data/db_sync_config.py,19:allow_rest_recovery,True,allow_rest_recovery,module_or_model_default,runtime,ALGORITHM_STRUCTURE_LITERAL,,,False
app/engine_market_data/db_sync_config.py,20:max_rest_limit,1000,max_rest_limit,module_or_model_default,runtime,POLICY_VALUE_MUST_MOVE_TO_YAML,RESOLVED_BY_CANONICAL_REGISTRY,SEE_CANONICAL_REGISTRY,False
app/engine_market_data/db_sync_config.py,21:store_only_closed_candles,True,store_only_closed_candles,module_or_model_default,runtime,ALGORITHM_STRUCTURE_LITERAL,,,False
app/engine_market_data/db_sync_report.py,10:SUCCESS,'SUCCESS',SUCCESS,module_or_model_default,runtime,ALGORITHM_STRUCTURE_LITERAL,,,False
app/engine_market_data/db_sync_report.py,11:PARTIAL,'PARTIAL',PARTIAL,module_or_model_default,runtime,ALGORITHM_STRUCTURE_LITERAL,,,False
app/engine_market_data/db_sync_report.py,12:NOOP_ALREADY_SYNCED,'NOOP_ALREADY_SYNCED',NOOP_ALREADY_SYNCED,module_or_model_default,runtime,ALGORITHM_STRUCTURE_LITERAL,,,False
app/engine_market_data/db_sync_report.py,13:DEGRADED,'DEGRADED',DEGRADED,module_or_model_default,runtime,ALGORITHM_STRUCTURE_LITERAL,,,False
app/engine_market_data/db_sync_report.py,14:ERROR,'ERROR',ERROR,module_or_model_default,runtime,ALGORITHM_STRUCTURE_LITERAL,,,False
app/engine_market_data/db_sync_report.py,28:tasks_total,0,tasks_total,module_or_model_default,runtime,ALGORITHM_STRUCTURE_LITERAL,,,False
app/engine_market_data/db_sync_report.py,29:tasks_success,0,tasks_success,module_or_model_default,runtime,ALGORITHM_STRUCTURE_LITERAL,,,False
app/engine_market_data/db_sync_report.py,30:tasks_failed,0,tasks_failed,module_or_model_default,runtime,ALGORITHM_STRUCTURE_LITERAL,,,False
app/engine_market_data/db_sync_report.py,31:expected_candles,0,expected_candles,module_or_model_default,runtime,ALGORITHM_STRUCTURE_LITERAL,,,False
app/engine_market_data/db_sync_report.py,32:existing_candles,0,existing_candles,module_or_model_default,runtime,ALGORITHM_STRUCTURE_LITERAL,,,False
app/engine_market_data/db_sync_report.py,33:missing_before,0,missing_before,module_or_model_default,runtime,ALGORITHM_STRUCTURE_LITERAL,,,False
app/engine_market_data/db_sync_report.py,34:downloaded_candles,0,downloaded_candles,module_or_model_default,runtime,ALGORITHM_STRUCTURE_LITERAL,,,False
app/engine_market_data/db_sync_report.py,35:upserted_candles,0,upserted_candles,module_or_model_default,runtime,ALGORITHM_STRUCTURE_LITERAL,,,False
app/engine_market_data/db_sync_report.py,36:missing_after,0,missing_after,module_or_model_default,runtime,ALGORITHM_STRUCTURE_LITERAL,,,False
app/engine_market_data/db_sync_report.py,37:rest_calls,0,rest_calls,module_or_model_default,runtime,ALGORITHM_STRUCTURE_LITERAL,,,False
app/engine_market_data/db_sync_report.py,38:used_websocket_existing_data,False,used_websocket_existing_data,module_or_model_default,runtime,ALGORITHM_STRUCTURE_LITERAL,,,False
app/engine_market_data/db_sync_report.py,39:used_rest_recovery,False,used_rest_recovery,module_or_model_default,runtime,ALGORITHM_STRUCTURE_LITERAL,,,False
app/engine_market_data/db_sync_report.py,40:future_bars_used,False,future_bars_used,module_or_model_default,runtime,ALGORITHM_STRUCTURE_LITERAL,,,False
app/engine_market_data/db_sync_report.py,41:health_status,'OK',health_status,module_or_model_default,runtime,IDENTITY_OR_PROTOCOL_LITERAL,,,False
app/engine_market_data/failed_boundary_retry.py,15:SCHEDULED_BOUNDARY_DUE,'SCHEDULED_BOUNDARY_DUE',SCHEDULED_BOUNDARY_DUE,module_or_model_default,runtime,ALGORITHM_STRUCTURE_LITERAL,,,False
app/engine_market_data/failed_boundary_retry.py,16:IN_FLIGHT,'IN_FLIGHT',IN_FLIGHT,module_or_model_default,runtime,ALGORITHM_STRUCTURE_LITERAL,,,False
app/engine_market_data/failed_boundary_retry.py,17:FAILED_RETRYABLE,'FAILED_RETRYABLE',FAILED_RETRYABLE,module_or_model_default,runtime,POLICY_VALUE_MUST_MOVE_TO_YAML,RESOLVED_BY_CANONICAL_REGISTRY,SEE_CANONICAL_REGISTRY,False
app/engine_market_data/failed_boundary_retry.py,18:RETRY_SCHEDULED,'RETRY_SCHEDULED',RETRY_SCHEDULED,module_or_model_default,runtime,POLICY_VALUE_MUST_MOVE_TO_YAML,RESOLVED_BY_CANONICAL_REGISTRY,SEE_CANONICAL_REGISTRY,False
app/engine_market_data/failed_boundary_retry.py,19:RETRY_IN_FLIGHT,'RETRY_IN_FLIGHT',RETRY_IN_FLIGHT,module_or_model_default,runtime,POLICY_VALUE_MUST_MOVE_TO_YAML,RESOLVED_BY_CANONICAL_REGISTRY,SEE_CANONICAL_REGISTRY,False
app/engine_market_data/failed_boundary_retry.py,20:RECOVERED,'RECOVERED',RECOVERED,module_or_model_default,runtime,ALGORITHM_STRUCTURE_LITERAL,,,False
app/engine_market_data/failed_boundary_retry.py,21:TERMINAL_FOR_LOCAL_POLICY,'TERMINAL_FOR_LOCAL_POLICY',TERMINAL_FOR_LOCAL_POLICY,module_or_model_default,runtime,POLICY_VALUE_MUST_MOVE_TO_YAML,RESOLVED_BY_CANONICAL_REGISTRY,SEE_CANONICAL_REGISTRY,False
app/engine_market_data/failed_boundary_retry.py,22:CANCELLED_ON_SHUTDOWN,'CANCELLED_ON_SHUTDOWN',CANCELLED_ON_SHUTDOWN,module_or_model_default,runtime,ALGORITHM_STRUCTURE_LITERAL,,,False
app/engine_market_data/failed_boundary_retry.py,26:RETRYABLE_TRANSIENT,'RETRYABLE_TRANSIENT',RETRYABLE_TRANSIENT,module_or_model_default,runtime,POLICY_VALUE_MUST_MOVE_TO_YAML,RESOLVED_BY_CANONICAL_REGISTRY,SEE_CANONICAL_REGISTRY,False
app/engine_market_data/failed_boundary_retry.py,27:RETRYABLE_RATE_LIMITED,'RETRYABLE_RATE_LIMITED',RETRYABLE_RATE_LIMITED,module_or_model_default,runtime,POLICY_VALUE_MUST_MOVE_TO_YAML,RESOLVED_BY_CANONICAL_REGISTRY,SEE_CANONICAL_REGISTRY,False
app/engine_market_data/failed_boundary_retry.py,28:NON_RETRYABLE_INPUT,'NON_RETRYABLE_INPUT',NON_RETRYABLE_INPUT,module_or_model_default,runtime,POLICY_VALUE_MUST_MOVE_TO_YAML,RESOLVED_BY_CANONICAL_REGISTRY,SEE_CANONICAL_REGISTRY,False
app/engine_market_data/failed_boundary_retry.py,29:NON_RETRYABLE_DATA_VALIDATION,'NON_RETRYABLE_DATA_VALIDATION',NON_RETRYABLE_DATA_VALIDATION,module_or_model_default,runtime,IDENTITY_OR_PROTOCOL_LITERAL,,,False
app/engine_market_data/failed_boundary_retry.py,30:NON_RETRYABLE_PROGRAMMING,'NON_RETRYABLE_PROGRAMMING',NON_RETRYABLE_PROGRAMMING,module_or_model_default,runtime,POLICY_VALUE_MUST_MOVE_TO_YAML,RESOLVED_BY_CANONICAL_REGISTRY,SEE_CANONICAL_REGISTRY,False
app/engine_market_data/failed_boundary_retry.py,31:CANCELLED,'CANCELLED',CANCELLED,module_or_model_default,runtime,ALGORITHM_STRUCTURE_LITERAL,,,False
app/engine_market_data/failed_boundary_retry.py,63:first_delay_seconds,5.0,first_delay_seconds,module_or_model_default,runtime,ALGORITHM_STRUCTURE_LITERAL,,,False
app/engine_market_data/failed_boundary_retry.py,64:max_delay_seconds,40.0,max_delay_seconds,module_or_model_default,runtime,POLICY_VALUE_MUST_MOVE_TO_YAML,RESOLVED_BY_CANONICAL_REGISTRY,SEE_CANONICAL_REGISTRY,False
app/engine_market_data/failed_boundary_retry.py,65:horizon_seconds,170.0,horizon_seconds,module_or_model_default,runtime,POLICY_VALUE_MUST_MOVE_TO_YAML,RESOLVED_BY_CANONICAL_REGISTRY,SEE_CANONICAL_REGISTRY,False
app/engine_market_data/failed_boundary_retry.py,66:max_attempts,4,max_attempts,module_or_model_default,runtime,POLICY_VALUE_MUST_MOVE_TO_YAML,RESOLVED_BY_CANONICAL_REGISTRY,SEE_CANONICAL_REGISTRY,False
app/engine_market_data/failed_boundary_retry.py,91:scheduled,0,scheduled,module_or_model_default,runtime,ALGORITHM_STRUCTURE_LITERAL,,,False
app/engine_market_data/failed_boundary_retry.py,92:executed,0,executed,module_or_model_default,runtime,ALGORITHM_STRUCTURE_LITERAL,,,False
app/engine_market_data/failed_boundary_retry.py,93:recovered,0,recovered,module_or_model_default,runtime,ALGORITHM_STRUCTURE_LITERAL,,,False
app/engine_market_data/failed_boundary_retry.py,94:terminal,0,terminal,module_or_model_default,runtime,POLICY_VALUE_MUST_MOVE_TO_YAML,RESOLVED_BY_CANONICAL_REGISTRY,SEE_CANONICAL_REGISTRY,False
app/engine_market_data/failed_boundary_retry.py,95:duplicate_registrations,0,duplicate_registrations,module_or_model_default,runtime,ALGORITHM_STRUCTURE_LITERAL,,,False
app/engine_market_data/freshness_monitor.py,17:HEALTH_REPORT_SCHEMA_VERSION,'MARKET_DATA_HEALTH/2.0',HEALTH_REPORT_SCHEMA_VERSION,module_or_model_default,runtime,IDENTITY_OR_PROTOCOL_LITERAL,,,False
app/engine_market_data/freshness_monitor.py,21:CURRENT,'CURRENT',CURRENT,module_or_model_default,runtime,ALGORITHM_STRUCTURE_LITERAL,,,False
app/engine_market_data/freshness_monitor.py,22:WITHIN_GRACE,'WITHIN_GRACE',WITHIN_GRACE,module_or_model_default,runtime,ALGORITHM_STRUCTURE_LITERAL,,,False
app/engine_market_data/freshness_monitor.py,23:DEADLINE_EXPIRED,'DEADLINE_EXPIRED',DEADLINE_EXPIRED,module_or_model_default,runtime,ALGORITHM_STRUCTURE_LITERAL,,,False
app/engine_market_data/freshness_monitor.py,27:HEALTHY_CURRENT,'HEALTHY_CURRENT',HEALTHY_CURRENT,module_or_model_default,runtime,ALGORITHM_STRUCTURE_LITERAL,,,False
app/engine_market_data/freshness_monitor.py,28:BOUNDARY_WITHIN_GRACE,'BOUNDARY_WITHIN_GRACE',BOUNDARY_WITHIN_GRACE,module_or_model_default,runtime,ALGORITHM_STRUCTURE_LITERAL,,,False
app/engine_market_data/freshness_monitor.py,29:RECOVERY_AFTER_DEADLINE,'RECOVERY_AFTER_DEADLINE',RECOVERY_AFTER_DEADLINE,module_or_model_default,runtime,ALGORITHM_STRUCTURE_LITERAL,,,False
app/engine_market_data/freshness_monitor.py,30:REAL_GAP_RECOVERY,'REAL_GAP_RECOVERY',REAL_GAP_RECOVERY,module_or_model_default,runtime,ALGORITHM_STRUCTURE_LITERAL,,,False
app/engine_market_data/freshness_monitor.py,31:RETRY_BACKOFF_ACTIVE,'RETRY_BACKOFF_ACTIVE',RETRY_BACKOFF_ACTIVE,module_or_model_default,runtime,POLICY_VALUE_MUST_MOVE_TO_YAML,RESOLVED_BY_CANONICAL_REGISTRY,SEE_CANONICAL_REGISTRY,False
app/engine_market_data/freshness_monitor.py,32:RETRY_DEADLINE_EXPIRED,'RETRY_DEADLINE_EXPIRED',RETRY_DEADLINE_EXPIRED,module_or_model_default,runtime,POLICY_VALUE_MUST_MOVE_TO_YAML,RESOLVED_BY_CANONICAL_REGISTRY,SEE_CANONICAL_REGISTRY,False
app/engine_market_data/freshness_monitor.py,33:RUNTIME_NO_PROGRESS,'RUNTIME_NO_PROGRESS',RUNTIME_NO_PROGRESS,module_or_model_default,runtime,ALGORITHM_STRUCTURE_LITERAL,,,False
app/engine_market_data/freshness_monitor.py,34:ACTIVE_EXCHANGE_ERROR,'ACTIVE_EXCHANGE_ERROR',ACTIVE_EXCHANGE_ERROR,module_or_model_default,runtime,ALGORITHM_STRUCTURE_LITERAL,,,False
app/engine_market_data/freshness_monitor.py,35:ACTIVE_DATABASE_ERROR,'ACTIVE_DATABASE_ERROR',ACTIVE_DATABASE_ERROR,module_or_model_default,runtime,ALGORITHM_STRUCTURE_LITERAL,,,False
app/engine_market_data/freshness_monitor.py,36:STALE_CACHED_ERROR,'STALE_CACHED_ERROR',STALE_CACHED_ERROR,module_or_model_default,runtime,ALGORITHM_STRUCTURE_LITERAL,,,False
app/engine_market_data/freshness_monitor.py,37:UNKNOWN_HEALTH_STATE,'UNKNOWN_HEALTH_STATE',UNKNOWN_HEALTH_STATE,module_or_model_default,runtime,ALGORITHM_STRUCTURE_LITERAL,,,False
app/engine_market_data/freshness_monitor.py,73:operational,False,operational,module_or_model_default,runtime,ALGORITHM_STRUCTURE_LITERAL,,,False
app/engine_market_data/freshness_monitor.py,74:ready,False,ready,module_or_model_default,runtime,ALGORITHM_STRUCTURE_LITERAL,,,False
app/engine_market_data/freshness_monitor.py,75:acceptance_blocking,True,acceptance_blocking,module_or_model_default,runtime,ALGORITHM_STRUCTURE_LITERAL,,,False
app/engine_market_data/freshness_monitor.py,82:seconds_since_boundary,0.0,seconds_since_boundary,module_or_model_default,runtime,ALGORITHM_STRUCTURE_LITERAL,,,False
app/engine_market_data/freshness_monitor.py,83:seconds_until_deadline,0.0,seconds_until_deadline,module_or_model_default,runtime,ALGORITHM_STRUCTURE_LITERAL,,,False
app/engine_market_data/freshness_monitor.py,85:heartbeat_progressing,False,heartbeat_progressing,module_or_model_default,runtime,ALGORITHM_STRUCTURE_LITERAL,,,False
app/engine_market_data/freshness_monitor.py,86:scheduler_due,False,scheduler_due,module_or_model_default,runtime,ALGORITHM_STRUCTURE_LITERAL,,,False
app/engine_market_data/freshness_monitor.py,87:recovery_active,False,recovery_active,module_or_model_default,runtime,ALGORITHM_STRUCTURE_LITERAL,,,False
app/engine_market_data/freshness_monitor.py,88:recovery_progressing,False,recovery_progressing,module_or_model_default,runtime,ALGORITHM_STRUCTURE_LITERAL,,,False
app/engine_market_data/freshness_monitor.py,89:gap_count,0,gap_count,module_or_model_default,runtime,ALGORITHM_STRUCTURE_LITERAL,,,False
app/engine_market_data/freshness_monitor.py,90:active_error,False,active_error,module_or_model_default,runtime,ALGORITHM_STRUCTURE_LITERAL,,,False
app/engine_market_data/freshness_monitor.py,91:cached_error_stale,False,cached_error_stale,module_or_model_default,runtime,ALGORITHM_STRUCTURE_LITERAL,,,False
app/engine_market_data/freshness_monitor.py,92:clock_skew_seconds,0.0,clock_skew_seconds,module_or_model_default,runtime,ALGORITHM_STRUCTURE_LITERAL,,,False
app/engine_market_data/freshness_monitor.py,93:deadline_expired,False,deadline_expired,module_or_model_default,runtime,ALGORITHM_STRUCTURE_LITERAL,,,False
app/engine_market_data/freshness_monitor.py,104:dry_run,False,dry_run,module_or_model_default,runtime,ALGORITHM_STRUCTURE_LITERAL,,,False
app/engine_market_data/freshness_monitor.py,106:operational,False,operational,module_or_model_default,runtime,ALGORITHM_STRUCTURE_LITERAL,,,False
app/engine_market_data/freshness_monitor.py,107:ready,False,ready,module_or_model_default,runtime,ALGORITHM_STRUCTURE_LITERAL,,,False
app/engine_market_data/freshness_monitor.py,108:acceptance_blocking,True,acceptance_blocking,module_or_model_default,runtime,ALGORITHM_STRUCTURE_LITERAL,,,False
app/engine_market_data/freshness_monitor.py,110:within_grace_count,0,within_grace_count,module_or_model_default,runtime,ALGORITHM_STRUCTURE_LITERAL,,,False
app/engine_market_data/freshness_monitor.py,111:deadline_expired_count,0,deadline_expired_count,module_or_model_default,runtime,ALGORITHM_STRUCTURE_LITERAL,,,False
app/engine_market_data/freshness_monitor.py,166:operational,False,operational,module_or_model_default,runtime,ALGORITHM_STRUCTURE_LITERAL,,,False
app/engine_market_data/freshness_monitor.py,173:operational,False,operational,module_or_model_default,runtime,ALGORITHM_STRUCTURE_LITERAL,,,False
app/engine_market_data/freshness_monitor.py,185:recovery_active,True,recovery_active,module_or_model_default,runtime,ALGORITHM_STRUCTURE_LITERAL,,,False
app/engine_market_data/freshness_monitor.py,187:operational,False,operational,module_or_model_default,runtime,ALGORITHM_STRUCTURE_LITERAL,,,False
app/engine_market_data/freshness_monitor.py,191:operational,True,operational,module_or_model_default,runtime,ALGORITHM_STRUCTURE_LITERAL,,,False
app/engine_market_data/freshness_monitor.py,197:operational,True,operational,module_or_model_default,runtime,ALGORITHM_STRUCTURE_LITERAL,,,False
app/engine_market_data/freshness_monitor.py,201:operational,False,operational,module_or_model_default,runtime,ALGORITHM_STRUCTURE_LITERAL,,,False
app/engine_market_data/freshness_monitor.py,205:recovery_active,True,recovery_active,module_or_model_default,runtime,ALGORITHM_STRUCTURE_LITERAL,,,False
app/engine_market_data/freshness_monitor.py,206:recovery_progressing,True,recovery_progressing,module_or_model_default,runtime,ALGORITHM_STRUCTURE_LITERAL,,,False
app/engine_market_data/freshness_monitor.py,207:operational,False,operational,module_or_model_default,runtime,ALGORITHM_STRUCTURE_LITERAL,,,False
app/engine_market_data/gap_recovery.py,14:limit,1000,limit,function_default,runtime,POLICY_VALUE_MUST_MOVE_TO_YAML,RESOLVED_BY_CANONICAL_REGISTRY,SEE_CANONICAL_REGISTRY,False
app/engine_market_data/historical_backfill_config.py,24:batch_limit,1000,batch_limit,module_or_model_default,runtime,POLICY_VALUE_MUST_MOVE_TO_YAML,RESOLVED_BY_CANONICAL_REGISTRY,SEE_CANONICAL_REGISTRY,False
app/engine_market_data/historical_backfill_config.py,25:max_rest_limit,1000,max_rest_limit,module_or_model_default,runtime,POLICY_VALUE_MUST_MOVE_TO_YAML,RESOLVED_BY_CANONICAL_REGISTRY,SEE_CANONICAL_REGISTRY,False
app/engine_market_data/historical_backfill_config.py,26:rest_retry_attempts,3,rest_retry_attempts,module_or_model_default,runtime,POLICY_VALUE_MUST_MOVE_TO_YAML,RESOLVED_BY_CANONICAL_REGISTRY,SEE_CANONICAL_REGISTRY,False
app/engine_market_data/historical_backfill_config.py,27:rest_backoff_seconds,0.25,rest_backoff_seconds,module_or_model_default,runtime,POLICY_VALUE_MUST_MOVE_TO_YAML,RESOLVED_BY_CANONICAL_REGISTRY,SEE_CANONICAL_REGISTRY,False
app/engine_market_data/historical_backfill_config.py,28:verify_after_backfill,True,verify_after_backfill,module_or_model_default,runtime,ALGORITHM_STRUCTURE_LITERAL,,,False
app/engine_market_data/historical_backfill_config.py,29:fail_on_unrecovered_gaps,False,fail_on_unrecovered_gaps,module_or_model_default,runtime,ALGORITHM_STRUCTURE_LITERAL,,,False
app/engine_market_data/historical_backfill_config.py,30:utc_only,True,utc_only,module_or_model_default,runtime,ALGORITHM_STRUCTURE_LITERAL,,,False
app/engine_market_data/historical_backfill_config.py,31:store_only_closed_candles,True,store_only_closed_candles,module_or_model_default,runtime,ALGORITHM_STRUCTURE_LITERAL,,,False
app/engine_market_data/historical_backfill_planner.py,68:symbol,'',symbol,function_default,runtime,ALGORITHM_STRUCTURE_LITERAL,,,False
app/engine_market_data/historical_backfill_planner.py,19:future_bars_used,False,future_bars_used,module_or_model_default,runtime,ALGORITHM_STRUCTURE_LITERAL,,,False
app/engine_market_data/historical_backfill_planner.py,26:future_bars_used,False,future_bars_used,module_or_model_default,runtime,ALGORITHM_STRUCTURE_LITERAL,,,False
app/engine_market_data/historical_backfill_report.py,12:SUCCESS,'SUCCESS',SUCCESS,module_or_model_default,runtime,ALGORITHM_STRUCTURE_LITERAL,,,False
app/engine_market_data/historical_backfill_report.py,13:NOOP_ALREADY_FILLED,'NOOP_ALREADY_FILLED',NOOP_ALREADY_FILLED,module_or_model_default,runtime,ALGORITHM_STRUCTURE_LITERAL,,,False
app/engine_market_data/historical_backfill_report.py,14:PARTIAL,'PARTIAL',PARTIAL,module_or_model_default,runtime,ALGORITHM_STRUCTURE_LITERAL,,,False
app/engine_market_data/historical_backfill_report.py,15:DEGRADED,'DEGRADED',DEGRADED,module_or_model_default,runtime,ALGORITHM_STRUCTURE_LITERAL,,,False
app/engine_market_data/historical_backfill_report.py,16:ERROR,'ERROR',ERROR,module_or_model_default,runtime,ALGORITHM_STRUCTURE_LITERAL,,,False
app/engine_market_data/historical_backfill_report.py,27:existing_before,0,existing_before,module_or_model_default,runtime,ALGORITHM_STRUCTURE_LITERAL,,,False
app/engine_market_data/historical_backfill_report.py,28:missing_before,0,missing_before,module_or_model_default,runtime,ALGORITHM_STRUCTURE_LITERAL,,,False
app/engine_market_data/historical_backfill_report.py,29:rest_ranges,0,rest_ranges,module_or_model_default,runtime,ALGORITHM_STRUCTURE_LITERAL,,,False
app/engine_market_data/historical_backfill_report.py,30:rest_calls,0,rest_calls,module_or_model_default,runtime,ALGORITHM_STRUCTURE_LITERAL,,,False
app/engine_market_data/historical_backfill_report.py,31:downloaded_candles,0,downloaded_candles,module_or_model_default,runtime,ALGORITHM_STRUCTURE_LITERAL,,,False
app/engine_market_data/historical_backfill_report.py,32:accepted_candles,0,accepted_candles,module_or_model_default,runtime,ALGORITHM_STRUCTURE_LITERAL,,,False
app/engine_market_data/historical_backfill_report.py,33:rejected_unclosed_candles,0,rejected_unclosed_candles,module_or_model_default,runtime,ALGORITHM_STRUCTURE_LITERAL,,,False
app/engine_market_data/historical_backfill_report.py,34:rejected_unexpected_candles,0,rejected_unexpected_candles,module_or_model_default,runtime,ALGORITHM_STRUCTURE_LITERAL,,,False
app/engine_market_data/historical_backfill_report.py,35:upserted_candles,0,upserted_candles,module_or_model_default,runtime,ALGORITHM_STRUCTURE_LITERAL,,,False
app/engine_market_data/historical_backfill_report.py,36:existing_after,0,existing_after,module_or_model_default,runtime,ALGORITHM_STRUCTURE_LITERAL,,,False
app/engine_market_data/historical_backfill_report.py,37:missing_after,0,missing_after,module_or_model_default,runtime,ALGORITHM_STRUCTURE_LITERAL,,,False
app/engine_market_data/historical_backfill_report.py,48:tasks_total,0,tasks_total,module_or_model_default,runtime,ALGORITHM_STRUCTURE_LITERAL,,,False
app/engine_market_data/historical_backfill_report.py,49:tasks_success,0,tasks_success,module_or_model_default,runtime,ALGORITHM_STRUCTURE_LITERAL,,,False
app/engine_market_data/historical_backfill_report.py,50:tasks_noop,0,tasks_noop,module_or_model_default,runtime,ALGORITHM_STRUCTURE_LITERAL,,,False
app/engine_market_data/historical_backfill_report.py,51:tasks_partial,0,tasks_partial,module_or_model_default,runtime,ALGORITHM_STRUCTURE_LITERAL,,,False
app/engine_market_data/historical_backfill_report.py,52:tasks_degraded,0,tasks_degraded,module_or_model_default,runtime,ALGORITHM_STRUCTURE_LITERAL,,,False
app/engine_market_data/historical_backfill_report.py,53:tasks_error,0,tasks_error,module_or_model_default,runtime,ALGORITHM_STRUCTURE_LITERAL,,,False
app/engine_market_data/historical_backfill_report.py,54:expected_candles_total,0,expected_candles_total,module_or_model_default,runtime,ALGORITHM_STRUCTURE_LITERAL,,,False
app/engine_market_data/historical_backfill_report.py,55:existing_before_total,0,existing_before_total,module_or_model_default,runtime,ALGORITHM_STRUCTURE_LITERAL,,,False
app/engine_market_data/historical_backfill_report.py,56:missing_before_total,0,missing_before_total,module_or_model_default,runtime,ALGORITHM_STRUCTURE_LITERAL,,,False
app/engine_market_data/historical_backfill_report.py,57:downloaded_candles_total,0,downloaded_candles_total,module_or_model_default,runtime,ALGORITHM_STRUCTURE_LITERAL,,,False
app/engine_market_data/historical_backfill_report.py,58:accepted_candles_total,0,accepted_candles_total,module_or_model_default,runtime,ALGORITHM_STRUCTURE_LITERAL,,,False
app/engine_market_data/historical_backfill_report.py,59:upserted_candles_total,0,upserted_candles_total,module_or_model_default,runtime,ALGORITHM_STRUCTURE_LITERAL,,,False
app/engine_market_data/historical_backfill_report.py,60:missing_after_total,0,missing_after_total,module_or_model_default,runtime,ALGORITHM_STRUCTURE_LITERAL,,,False
app/engine_market_data/historical_backfill_report.py,61:rest_calls_total,0,rest_calls_total,module_or_model_default,runtime,ALGORITHM_STRUCTURE_LITERAL,,,False
app/engine_market_data/historical_backfill_report.py,62:future_bars_used,False,future_bars_used,module_or_model_default,runtime,ALGORITHM_STRUCTURE_LITERAL,,,False
app/engine_market_data/historical_backfill_report.py,63:uses_private_api,False,uses_private_api,module_or_model_default,runtime,ALGORITHM_STRUCTURE_LITERAL,,,False
app/engine_market_data/historical_backfill_report.py,64:credential_usage,False,credential_usage,module_or_model_default,runtime,ALGORITHM_STRUCTURE_LITERAL,,,False
app/engine_market_data/historical_backfill_report.py,65:signal_creation,False,signal_creation,module_or_model_default,runtime,ALGORITHM_STRUCTURE_LITERAL,,,False
app/engine_market_data/historical_backfill_report.py,66:places_orders,False,places_orders,module_or_model_default,runtime,ALGORITHM_STRUCTURE_LITERAL,,,False
app/engine_market_data/historical_backfill_report.py,67:pnl_calculation,False,pnl_calculation,module_or_model_default,runtime,ALGORITHM_STRUCTURE_LITERAL,,,False
app/engine_market_data/historical_backfill_verifier.py,30:closed_only,True,closed_only,module_or_model_default,runtime,ALGORITHM_STRUCTURE_LITERAL,,,False
app/engine_market_data/market_data_health.py,8:OK,'OK',OK,module_or_model_default,runtime,ALGORITHM_STRUCTURE_LITERAL,,,False
app/engine_market_data/market_data_health.py,9:DEGRADED,'DEGRADED',DEGRADED,module_or_model_default,runtime,ALGORITHM_STRUCTURE_LITERAL,,,False
app/engine_market_data/market_data_health.py,10:STALE,'STALE',STALE,module_or_model_default,runtime,ALGORITHM_STRUCTURE_LITERAL,,,False
app/engine_market_data/market_data_health.py,11:DISCONNECTED,'DISCONNECTED',DISCONNECTED,module_or_model_default,runtime,ALGORITHM_STRUCTURE_LITERAL,,,False
app/engine_market_data/market_data_health.py,12:RECOVERING,'RECOVERING',RECOVERING,module_or_model_default,runtime,ALGORITHM_STRUCTURE_LITERAL,,,False
app/engine_market_data/market_data_health.py,13:ERROR,'ERROR',ERROR,module_or_model_default,runtime,ALGORITHM_STRUCTURE_LITERAL,,,False
app/engine_market_data/market_data_health.py,33:reason,'stale latest candle',reason,function_default,runtime,ALGORITHM_STRUCTURE_LITERAL,,,False
app/engine_market_data/market_data_health.py,36:reason,'websocket disconnected',reason,function_default,runtime,ALGORITHM_STRUCTURE_LITERAL,,,False
app/engine_market_data/market_data_health.py,39:reason,'missing candles',reason,function_default,runtime,ALGORITHM_STRUCTURE_LITERAL,,,False
app/engine_market_data/market_data_snapshot.py,15:MARKET_DATA_SNAPSHOT_IDENTITY_VERSION,'market-data-snapshot-v1',MARKET_DATA_SNAPSHOT_IDENTITY_VERSION,module_or_model_default,runtime,IDENTITY_OR_PROTOCOL_LITERAL,,,False
app/engine_market_data/market_data_snapshot.py,16:MARKET_DATA_SNAPSHOT_ID_NAMESPACE,'market-data-snapshot:v1',MARKET_DATA_SNAPSHOT_ID_NAMESPACE,module_or_model_default,runtime,IDENTITY_OR_PROTOCOL_LITERAL,,,False
app/engine_market_data/operational/prod_smoke.py,187:checked,0,checked,module_or_model_default,runtime,ALGORITHM_STRUCTURE_LITERAL,,,False
app/engine_market_data/operational/prod_smoke.py,281:limit,16000,limit,function_default,runtime,POLICY_VALUE_MUST_MOVE_TO_YAML,RESOLVED_BY_CANONICAL_REGISTRY,SEE_CANONICAL_REGISTRY,False
app/engine_market_data/operational/prod_smoke.py,416:all_passed,True,all_passed,module_or_model_default,runtime,ALGORITHM_STRUCTURE_LITERAL,,,False
app/engine_market_data/operational/prod_smoke.py,519:not_run_reason,'ALEMBIC_UPGRADE did not complete',not_run_reason,module_or_model_default,runtime,ALGORITHM_STRUCTURE_LITERAL,,,False
app/engine_market_data/operational/prod_smoke.py,522:verdict,'PROD_SMOKE_BLOCKED_POSTGRES',verdict,module_or_model_default,runtime,ALGORITHM_STRUCTURE_LITERAL,,,False
app/engine_market_data/operational/prod_smoke.py,575:stop_reason,'reduced once-mode preflight failed strict health validation',stop_reason,module_or_model_default,runtime,ALGORITHM_STRUCTURE_LITERAL,,,False
app/engine_market_data/operational/prod_smoke.py,592:verdict,'PROD_SMOKE_FAILED',verdict,module_or_model_default,runtime,ALGORITHM_STRUCTURE_LITERAL,,,False
app/engine_market_data/operational/prod_smoke.py,605:verdict,'PROD_SMOKE_FAILED',verdict,module_or_model_default,runtime,ALGORITHM_STRUCTURE_LITERAL,,,False
app/engine_market_data/operational/prod_smoke.py,608:restart_health,'ENGINE_MARKET_DATA_04_PROD_SMOKE_HEALTH_RESTART.json',restart_health,module_or_model_default,runtime,ALGORITHM_STRUCTURE_LITERAL,,,False
app/engine_market_data/operational/prod_smoke.py,616:verdict,'PROD_SMOKE_FAILED',verdict,module_or_model_default,runtime,ALGORITHM_STRUCTURE_LITERAL,,,False
app/engine_market_data/operational/prod_smoke.py,424:all_passed,False,all_passed,module_or_model_default,runtime,ALGORITHM_STRUCTURE_LITERAL,,,False
app/engine_market_data/operational/prod_smoke.py,612:verdict,'PROD_SMOKE_FAILED',verdict,module_or_model_default,runtime,ALGORITHM_STRUCTURE_LITERAL,,,False
app/engine_observation/integrity_auditor.py,14:path,'',path,function_default,runtime,ALGORITHM_STRUCTURE_LITERAL,,,False
app/engine_observation/observation_config.py,17:minutes,15,minutes,function_default,runtime,POLICY_VALUE_MUST_MOVE_TO_YAML,RESOLVED_BY_CANONICAL_REGISTRY,SEE_CANONICAL_REGISTRY,False
app/engine_observation/observation_config.py,25:missing_warning_ratio,0.0,missing_warning_ratio,module_or_model_default,runtime,ALGORITHM_STRUCTURE_LITERAL,,,False
app/engine_observation/observation_config.py,26:missing_fail_ratio,0.01,missing_fail_ratio,module_or_model_default,runtime,ALGORITHM_STRUCTURE_LITERAL,,,False
app/engine_observation/observation_config.py,27:freshness_warning_ratio,0.01,freshness_warning_ratio,module_or_model_default,runtime,ALGORITHM_STRUCTURE_LITERAL,,,False
app/engine_observation/observation_config.py,28:freshness_fail_ratio,0.05,freshness_fail_ratio,module_or_model_default,runtime,ALGORITHM_STRUCTURE_LITERAL,,,False
app/engine_observation/observation_config.py,29:completion_warning_ratio,0.99,completion_warning_ratio,module_or_model_default,runtime,ALGORITHM_STRUCTURE_LITERAL,,,False
app/engine_observation/observation_config.py,30:latency_warning_ms,300000,latency_warning_ms,module_or_model_default,runtime,ALGORITHM_STRUCTURE_LITERAL,,,False
app/engine_observation/observation_config.py,31:latency_fail_ms,900000,latency_fail_ms,module_or_model_default,runtime,ALGORITHM_STRUCTURE_LITERAL,,,False
app/engine_observation/observation_config.py,32:reclaim_interval_seconds,300,reclaim_interval_seconds,module_or_model_default,runtime,ALGORITHM_STRUCTURE_LITERAL,,,False
app/engine_observation/observation_config.py,33:error_message_max_length,4000,error_message_max_length,module_or_model_default,runtime,POLICY_VALUE_MUST_MOVE_TO_YAML,RESOLVED_BY_CANONICAL_REGISTRY,SEE_CANONICAL_REGISTRY,False
app/engine_observation/observation_config.py,39:primary_timeframe,'15m',primary_timeframe,module_or_model_default,runtime,ALGORITHM_STRUCTURE_LITERAL,,,False
app/engine_observation/observation_config.py,42:last_hours,24.0,last_hours,module_or_model_default,runtime,ALGORITHM_STRUCTURE_LITERAL,,,False
app/engine_observation/observation_config.py,43:minimum_window_hours,24.0,minimum_window_hours,module_or_model_default,runtime,POLICY_VALUE_MUST_MOVE_TO_YAML,RESOLVED_BY_CANONICAL_REGISTRY,SEE_CANONICAL_REGISTRY,False
app/engine_observation/observation_config.py,45:report_json,'ONLINE_PIPELINE_OBSERVATION_01_SUMMARY.json',report_json,module_or_model_default,runtime,ALGORITHM_STRUCTURE_LITERAL,,,False
app/engine_observation/observation_config.py,46:report_md,'ONLINE_PIPELINE_OBSERVATION_01_REPORT.md',report_md,module_or_model_default,runtime,ALGORITHM_STRUCTURE_LITERAL,,,False
app/engine_observation/observation_config.py,47:fail_on_warning,False,fail_on_warning,module_or_model_default,runtime,ALGORITHM_STRUCTURE_LITERAL,,,False
app/engine_observation/observation_models.py,25:trigger_source,'',trigger_source,module_or_model_default,runtime,ALGORITHM_STRUCTURE_LITERAL,,,False
app/engine_observation/observation_models.py,26:daemon_instance_id,'',daemon_instance_id,module_or_model_default,runtime,IDENTITY_OR_PROTOCOL_LITERAL,,,False
app/engine_observation/observation_models.py,37:future_bars_used,False,future_bars_used,module_or_model_default,runtime,ALGORITHM_STRUCTURE_LITERAL,,,False
app/engine_observation/observation_models.py,38:is_trade_signal,False,is_trade_signal,module_or_model_default,runtime,ALGORITHM_STRUCTURE_LITERAL,,,False
app/engine_observation/observation_models.py,39:is_executable,False,is_executable,module_or_model_default,runtime,ALGORITHM_STRUCTURE_LITERAL,,,False
app/engine_observation/observation_models.py,40:order_approved,False,order_approved,module_or_model_default,runtime,ALGORITHM_STRUCTURE_LITERAL,,,False
app/engine_observation/observation_models.py,41:execution_approved,False,execution_approved,module_or_model_default,runtime,ALGORITHM_STRUCTURE_LITERAL,,,False
app/engine_observation/observation_models.py,42:position_opened,False,position_opened,module_or_model_default,runtime,ALGORITHM_STRUCTURE_LITERAL,,,False
app/engine_observation/observation_models.py,43:position_size_approved,False,position_size_approved,module_or_model_default,runtime,ALGORITHM_STRUCTURE_LITERAL,,,False
app/engine_observation/observation_runner.py,41:expected_rows,18,expected_rows,function_default,runtime,ALGORITHM_STRUCTURE_LITERAL,,,False
app/engine_observation/observation_status.py,5:PASSED,'OBSERVATION_PASSED',PASSED,module_or_model_default,runtime,ALGORITHM_STRUCTURE_LITERAL,,,False
app/engine_observation/observation_status.py,6:PASSED_WITH_WARNINGS,'OBSERVATION_PASSED_WITH_WARNINGS',PASSED_WITH_WARNINGS,module_or_model_default,runtime,ALGORITHM_STRUCTURE_LITERAL,,,False
app/engine_observation/observation_status.py,7:FAILED,'OBSERVATION_FAILED',FAILED,module_or_model_default,runtime,ALGORITHM_STRUCTURE_LITERAL,,,False
app/engine_observation/observation_status.py,8:BLOCKED_INSUFFICIENT_WINDOW,'BLOCKED_INSUFFICIENT_WINDOW',BLOCKED_INSUFFICIENT_WINDOW,module_or_model_default,runtime,POLICY_VALUE_MUST_MOVE_TO_YAML,RESOLVED_BY_CANONICAL_REGISTRY,SEE_CANONICAL_REGISTRY,False
app/engine_observation/observation_status.py,9:BLOCKED_DATABASE,'BLOCKED_DATABASE',BLOCKED_DATABASE,module_or_model_default,runtime,ALGORITHM_STRUCTURE_LITERAL,,,False
app/engine_observation/observation_status.py,10:BLOCKED_SCHEMA,'BLOCKED_SCHEMA',BLOCKED_SCHEMA,module_or_model_default,runtime,IDENTITY_OR_PROTOCOL_LITERAL,,,False
app/engine_observation/observation_status.py,11:BLOCKED_SERVICES_NOT_RUNNING,'BLOCKED_SERVICES_NOT_RUNNING',BLOCKED_SERVICES_NOT_RUNNING,module_or_model_default,runtime,ALGORITHM_STRUCTURE_LITERAL,,,False
app/engine_observation/observer_reliability.py,28:HEARTBEAT_SCHEMA,'OBSERVER_HEARTBEAT/1.0',HEARTBEAT_SCHEMA,module_or_model_default,runtime,IDENTITY_OR_PROTOCOL_LITERAL,,,False
app/engine_observation/observer_reliability.py,29:PROCESS_SCHEMA,'OBSERVER_PROCESS/1.0',PROCESS_SCHEMA,module_or_model_default,runtime,IDENTITY_OR_PROTOCOL_LITERAL,,,False
app/engine_observation/observer_reliability.py,30:LOCK_SCHEMA,'OBSERVER_LOCK/1.0',LOCK_SCHEMA,module_or_model_default,runtime,IDENTITY_OR_PROTOCOL_LITERAL,,,False
app/engine_observation/observer_reliability.py,31:RECORD_SCHEMA,'OBSERVER_RECORD/1.0',RECORD_SCHEMA,module_or_model_default,runtime,IDENTITY_OR_PROTOCOL_LITERAL,,,False
app/engine_observation/observer_reliability.py,32:FINAL_STATE_SCHEMA,'OBSERVER_FINAL_STATE/1.0',FINAL_STATE_SCHEMA,module_or_model_default,runtime,IDENTITY_OR_PROTOCOL_LITERAL,,,False
app/engine_observation/observer_reliability.py,33:RUN_SCHEMA,'OBSERVER_RUN/1.0',RUN_SCHEMA,module_or_model_default,runtime,IDENTITY_OR_PROTOCOL_LITERAL,,,False
app/engine_observation/observer_reliability.py,47:STARTING,'STARTING',STARTING,module_or_model_default,runtime,ALGORITHM_STRUCTURE_LITERAL,,,False
app/engine_observation/observer_reliability.py,48:RUNNING,'RUNNING',RUNNING,module_or_model_default,runtime,ALGORITHM_STRUCTURE_LITERAL,,,False
app/engine_observation/observer_reliability.py,49:DEGRADED,'DEGRADED',DEGRADED,module_or_model_default,runtime,ALGORITHM_STRUCTURE_LITERAL,,,False
app/engine_observation/observer_reliability.py,50:STOPPING,'STOPPING',STOPPING,module_or_model_default,runtime,ALGORITHM_STRUCTURE_LITERAL,,,False
app/engine_observation/observer_reliability.py,51:STOPPED,'STOPPED',STOPPED,module_or_model_default,runtime,ALGORITHM_STRUCTURE_LITERAL,,,False
app/engine_observation/observer_reliability.py,52:FAILED,'FAILED',FAILED,module_or_model_default,runtime,ALGORITHM_STRUCTURE_LITERAL,,,False
app/engine_observation/observer_reliability.py,56:SUCCESS,'SUCCESS',SUCCESS,module_or_model_default,runtime,ALGORITHM_STRUCTURE_LITERAL,,,False
app/engine_observation/observer_reliability.py,57:PARTIAL,'PARTIAL',PARTIAL,module_or_model_default,runtime,ALGORITHM_STRUCTURE_LITERAL,,,False
app/engine_observation/observer_reliability.py,58:TIMEOUT,'TIMEOUT',TIMEOUT,module_or_model_default,runtime,POLICY_VALUE_MUST_MOVE_TO_YAML,RESOLVED_BY_CANONICAL_REGISTRY,SEE_CANONICAL_REGISTRY,False
app/engine_observation/observer_reliability.py,59:UNAVAILABLE,'UNAVAILABLE',UNAVAILABLE,module_or_model_default,runtime,ALGORITHM_STRUCTURE_LITERAL,,,False
app/engine_observation/observer_reliability.py,60:FAILED,'FAILED',FAILED,module_or_model_default,runtime,ALGORITHM_STRUCTURE_LITERAL,,,False
app/engine_observation/observer_reliability.py,64:PROCESS_NOT_RUNNING,'PROCESS_NOT_RUNNING',PROCESS_NOT_RUNNING,module_or_model_default,runtime,ALGORITHM_STRUCTURE_LITERAL,,,False
app/engine_observation/observer_reliability.py,65:COLLECTOR_OVERRUN,'COLLECTOR_OVERRUN',COLLECTOR_OVERRUN,module_or_model_default,runtime,ALGORITHM_STRUCTURE_LITERAL,,,False
app/engine_observation/observer_reliability.py,66:SYSTEM_SUSPEND,'SYSTEM_SUSPEND',SYSTEM_SUSPEND,module_or_model_default,runtime,ALGORITHM_STRUCTURE_LITERAL,,,False
app/engine_observation/observer_reliability.py,67:HOST_CLOCK_ADJUSTMENT,'HOST_CLOCK_ADJUSTMENT',HOST_CLOCK_ADJUSTMENT,module_or_model_default,runtime,ALGORITHM_STRUCTURE_LITERAL,,,False
app/engine_observation/observer_reliability.py,68:LOCK_CONTENTION,'LOCK_CONTENTION',LOCK_CONTENTION,module_or_model_default,runtime,ALGORITHM_STRUCTURE_LITERAL,,,False
app/engine_observation/observer_reliability.py,69:WRITE_FAILURE,'WRITE_FAILURE',WRITE_FAILURE,module_or_model_default,runtime,ALGORITHM_STRUCTURE_LITERAL,,,False
app/engine_observation/observer_reliability.py,70:UNHANDLED_EXCEPTION,'UNHANDLED_EXCEPTION',UNHANDLED_EXCEPTION,module_or_model_default,runtime,ALGORITHM_STRUCTURE_LITERAL,,,False
app/engine_observation/observer_reliability.py,71:CONTROLLED_RESTART,'CONTROLLED_RESTART',CONTROLLED_RESTART,module_or_model_default,runtime,ALGORITHM_STRUCTURE_LITERAL,,,False
app/engine_observation/observer_reliability.py,72:UNKNOWN,'UNKNOWN',UNKNOWN,module_or_model_default,runtime,ALGORITHM_STRUCTURE_LITERAL,,,False
app/engine_observation/observer_reliability.py,80:reason_code,'ACTIVE_OBSERVER_LOCK',reason_code,module_or_model_default,runtime,ALGORITHM_STRUCTURE_LITERAL,,,False
app/engine_observation/observer_reliability.py,84:reason_code,'LOCK_METADATA_MISMATCH',reason_code,module_or_model_default,runtime,ALGORITHM_STRUCTURE_LITERAL,,,False
app/engine_observation/observer_reliability.py,88:reason_code,'ARTIFACT_WRITE_FAILURE',reason_code,module_or_model_default,runtime,ALGORITHM_STRUCTURE_LITERAL,,,False
app/engine_observation/observer_reliability.py,101:retryable,False,retryable,module_or_model_default,runtime,POLICY_VALUE_MUST_MOVE_TO_YAML,RESOLVED_BY_CANONICAL_REGISTRY,SEE_CANONICAL_REGISTRY,False
app/engine_observation/observer_reliability.py,121:sampling_interval_seconds,60.0,sampling_interval_seconds,module_or_model_default,runtime,ALGORITHM_STRUCTURE_LITERAL,,,False
app/engine_observation/observer_reliability.py,122:heartbeat_interval_seconds,10.0,heartbeat_interval_seconds,module_or_model_default,runtime,ALGORITHM_STRUCTURE_LITERAL,,,False
app/engine_observation/observer_reliability.py,123:allowed_jitter_seconds,15.0,allowed_jitter_seconds,module_or_model_default,runtime,ALGORITHM_STRUCTURE_LITERAL,,,False
app/engine_observation/observer_reliability.py,125:degraded_after_failures,2,degraded_after_failures,module_or_model_default,runtime,ALGORITHM_STRUCTURE_LITERAL,,,False
app/engine_observation/observer_reliability.py,126:command_timeout_seconds,15.0,command_timeout_seconds,module_or_model_default,runtime,POLICY_VALUE_MUST_MOVE_TO_YAML,RESOLVED_BY_CANONICAL_REGISTRY,SEE_CANONICAL_REGISTRY,False
app/engine_observation/observer_reliability.py,127:db_timeout_seconds,10.0,db_timeout_seconds,module_or_model_default,runtime,POLICY_VALUE_MUST_MOVE_TO_YAML,RESOLVED_BY_CANONICAL_REGISTRY,SEE_CANONICAL_REGISTRY,False
app/engine_observation/observer_reliability.py,129:stop_request_name,'observer.stop.request',stop_request_name,module_or_model_default,runtime,ALGORITHM_STRUCTURE_LITERAL,,,False
app/engine_observation/observer_reliability.py,130:version,'ONLINE-ORCHESTRATOR-OBSERVER-RELIABILITY-FIX-01',version,module_or_model_default,runtime,IDENTITY_OR_PROTOCOL_LITERAL,,,False
app/engine_observation/observer_reliability.py,530:name,'database_health',name,module_or_model_default,runtime,ALGORITHM_STRUCTURE_LITERAL,,,False
app/engine_observation/observer_reliability.py,563:samples_attempted,0,samples_attempted,module_or_model_default,runtime,POLICY_VALUE_MUST_MOVE_TO_YAML,RESOLVED_BY_CANONICAL_REGISTRY,SEE_CANONICAL_REGISTRY,False
app/engine_observation/observer_reliability.py,564:samples_successful,0,samples_successful,module_or_model_default,runtime,POLICY_VALUE_MUST_MOVE_TO_YAML,RESOLVED_BY_CANONICAL_REGISTRY,SEE_CANONICAL_REGISTRY,False
app/engine_observation/observer_reliability.py,565:samples_partial,0,samples_partial,module_or_model_default,runtime,POLICY_VALUE_MUST_MOVE_TO_YAML,RESOLVED_BY_CANONICAL_REGISTRY,SEE_CANONICAL_REGISTRY,False
app/engine_observation/observer_reliability.py,566:samples_failed,0,samples_failed,module_or_model_default,runtime,POLICY_VALUE_MUST_MOVE_TO_YAML,RESOLVED_BY_CANONICAL_REGISTRY,SEE_CANONICAL_REGISTRY,False
app/engine_observation/observer_reliability.py,567:sampling_gaps,0,sampling_gaps,module_or_model_default,runtime,ALGORITHM_STRUCTURE_LITERAL,,,False
app/engine_observation/observer_reliability.py,568:max_sampling_gap_seconds,0.0,max_sampling_gap_seconds,module_or_model_default,runtime,POLICY_VALUE_MUST_MOVE_TO_YAML,RESOLVED_BY_CANONICAL_REGISTRY,SEE_CANONICAL_REGISTRY,False
app/engine_observation/observer_reliability.py,569:collector_failures,0,collector_failures,module_or_model_default,runtime,ALGORITHM_STRUCTURE_LITERAL,,,False
app/engine_observation/observer_reliability.py,570:heartbeat_updates,0,heartbeat_updates,module_or_model_default,runtime,ALGORITHM_STRUCTURE_LITERAL,,,False
app/engine_observation/observer_reliability.py,905:reason,'CONTROLLED_STOP',reason,function_default,runtime,ALGORITHM_STRUCTURE_LITERAL,,,False
app/engine_observation/observer_reliability.py,968:duplicates,0,duplicates,module_or_model_default,runtime,ALGORITHM_STRUCTURE_LITERAL,,,False
app/engine_observation/observer_reliability.py,322:PROCESS_QUERY_LIMITED_INFORMATION,4096,PROCESS_QUERY_LIMITED_INFORMATION,module_or_model_default,runtime,POLICY_VALUE_MUST_MOVE_TO_YAML,RESOLVED_BY_CANONICAL_REGISTRY,SEE_CANONICAL_REGISTRY,False
app/engine_observation/observer_reliability.py,456:missed,0,missed,module_or_model_default,runtime,ALGORITHM_STRUCTURE_LITERAL,,,False
app/engine_observation/observer_reliability.py,972:file_corrupt,0,file_corrupt,module_or_model_default,runtime,ALGORITHM_STRUCTURE_LITERAL,,,False
app/engine_observation/observer_reliability.py,800:status,'SUCCESS',status,module_or_model_default,runtime,IDENTITY_OR_PROTOCOL_LITERAL,,,False
app/engine_observation/observer_reliability.py,990:newline_terminated,True,newline_terminated,module_or_model_default,runtime,POLICY_VALUE_MUST_MOVE_TO_YAML,RESOLVED_BY_CANONICAL_REGISTRY,SEE_CANONICAL_REGISTRY,False
app/engine_observation/observer_reliability.py,806:status,'PARTIAL',status,module_or_model_default,runtime,IDENTITY_OR_PROTOCOL_LITERAL,,,False
app/engine_observation/observer_reliability.py,814:status,'FAILED',status,module_or_model_default,runtime,IDENTITY_OR_PROTOCOL_LITERAL,,,False
app/engine_observation/observer_reliability.py,891:exit_reason,'KEYBOARD_INTERRUPT',exit_reason,module_or_model_default,runtime,ALGORITHM_STRUCTURE_LITERAL,,,False
app/engine_observation/observer_reliability.py,883:exit_reason,'MAXIMUM_SAMPLES_REACHED',exit_reason,module_or_model_default,runtime,ALGORITHM_STRUCTURE_LITERAL,,,False
app/engine_observation/observer_reliability.py,886:exit_reason,'MAXIMUM_RUNTIME_REACHED',exit_reason,module_or_model_default,runtime,ALGORITHM_STRUCTURE_LITERAL,,,False
app/engine_observation/reason_code_analyzer.py,28:limit,10,limit,function_default,runtime,POLICY_VALUE_MUST_MOVE_TO_YAML,RESOLVED_BY_CANONICAL_REGISTRY,SEE_CANONICAL_REGISTRY,False
app/engine_observation/safety_auditor.py,15:path,'',path,function_default,runtime,ALGORITHM_STRUCTURE_LITERAL,,,False
app/engine_observation/scalping_calibration.py,528:equity_curve,0.0,equity_curve,module_or_model_default,runtime,ALGORITHM_STRUCTURE_LITERAL,,,False
app/engine_observation/scalping_calibration.py,529:consecutive,0,consecutive,module_or_model_default,runtime,ALGORITHM_STRUCTURE_LITERAL,,,False
app/engine_observation/scalping_calibration.py,140:direction,'LONG',direction,module_or_model_default,runtime,ALGORITHM_STRUCTURE_LITERAL,,,False
app/engine_observation/scalping_calibration.py,388:missing,0,missing,module_or_model_default,runtime,ALGORITHM_STRUCTURE_LITERAL,,,False
app/engine_observation/scalping_calibration.py,142:direction,'SHORT',direction,module_or_model_default,runtime,ALGORITHM_STRUCTURE_LITERAL,,,False
app/engine_observation/scalping_prospective_collector.py,26:PROFILE_ID,'trade-5m-v2',PROFILE_ID,module_or_model_default,runtime,IDENTITY_OR_PROTOCOL_LITERAL,,,False
app/engine_observation/scalping_prospective_collector.py,27:TRADE_MODE,'SCALPING',TRADE_MODE,module_or_model_default,runtime,IDENTITY_OR_PROTOCOL_LITERAL,,,False
app/engine_observation/scalping_prospective_collector.py,28:COLLECTOR_SCHEMA_REVISION,'scalping-prospective-collector-v1',COLLECTOR_SCHEMA_REVISION,module_or_model_default,runtime,IDENTITY_OR_PROTOCOL_LITERAL,,,False
app/engine_observation/scalping_prospective_collector.py,29:OBSERVATION_SCHEMA_REVISION,'scalping-calibration-observation-v1',OBSERVATION_SCHEMA_REVISION,module_or_model_default,runtime,IDENTITY_OR_PROTOCOL_LITERAL,,,False
app/engine_observation/scalping_prospective_collector.py,30:OUTCOME_SCHEMA_REVISION,'scalping-calibration-outcome-v1',OUTCOME_SCHEMA_REVISION,module_or_model_default,runtime,IDENTITY_OR_PROTOCOL_LITERAL,,,False
app/engine_observation/scalping_prospective_collector.py,31:INCIDENT_SCHEMA_REVISION,'scalping-calibration-boundary-incident-v1',INCIDENT_SCHEMA_REVISION,module_or_model_default,runtime,IDENTITY_OR_PROTOCOL_LITERAL,,,False
app/engine_observation/scalping_prospective_collector.py,32:ANALYSIS_SEMANTICS_VERSION,'scalping-analysis-v1',ANALYSIS_SEMANTICS_VERSION,module_or_model_default,runtime,IDENTITY_OR_PROTOCOL_LITERAL,,,False
app/engine_observation/scalping_prospective_collector.py,33:DECISION_SEMANTICS_VERSION,'scalping-risk-type-contract-v2',DECISION_SEMANTICS_VERSION,module_or_model_default,runtime,IDENTITY_OR_PROTOCOL_LITERAL,,,False
app/engine_observation/scalping_prospective_collector.py,34:OWNER_NAMESPACE,1937830411,OWNER_NAMESPACE,module_or_model_default,runtime,IDENTITY_OR_PROTOCOL_LITERAL,,,False
app/engine_observation/scalping_prospective_collector.py,35:OWNER_KEY,527115001,OWNER_KEY,module_or_model_default,runtime,IDENTITY_OR_PROTOCOL_LITERAL,,,False
app/engine_observation/scalping_prospective_collector.py,37:PROBABILITY_OUTCOME_SEMANTICS,'scalping-probability-outcome-v3-decision-time-ttl30s-timestop15m-netcost',PROBABILITY_OUTCOME_SEMANTICS,module_or_model_default,runtime,ALGORITHM_STRUCTURE_LITERAL,,,False
app/engine_observation/scalping_prospective_collector.py,143:status,'AVAILABLE',status,module_or_model_default,runtime,IDENTITY_OR_PROTOCOL_LITERAL,,,False
app/engine_observation/scalping_prospective_collector.py,270:tp_first,False,tp_first,module_or_model_default,runtime,ALGORITHM_STRUCTURE_LITERAL,,,False
app/engine_observation/scalping_prospective_collector.py,1028:status,'RUNNING',status,function_default,runtime,IDENTITY_OR_PROTOCOL_LITERAL,,,False
app/engine_observation/scalping_prospective_collector.py,555:completed,0,completed,module_or_model_default,runtime,ALGORITHM_STRUCTURE_LITERAL,,,False
app/engine_observation/scalping_prospective_collector.py,1000:written,0,written,module_or_model_default,runtime,ALGORITHM_STRUCTURE_LITERAL,,,False
app/engine_observation/scalping_replay_safety.py,8:NOT_REPLAYABLE_WITHOUT_FUTURE_LEAKAGE,'NOT_REPLAYABLE_WITHOUT_FUTURE_LEAKAGE',NOT_REPLAYABLE_WITHOUT_FUTURE_LEAKAGE,module_or_model_default,research,ALGORITHM_STRUCTURE_LITERAL,,,False
app/engine_observation/scalping_shadow_cohorts.py,29:execution_eligible,False,execution_eligible,module_or_model_default,runtime,ALGORITHM_STRUCTURE_LITERAL,,,False
app/engine_observation/scalping_shadow_cohorts.py,30:mutates_production_trading_state,False,mutates_production_trading_state,module_or_model_default,runtime,ALGORITHM_STRUCTURE_LITERAL,,,False
app/engine_observation/semantic/contracts.py,13:PRIMARY_STEP_MS,900000,PRIMARY_STEP_MS,module_or_model_default,runtime,ALGORITHM_STRUCTURE_LITERAL,,,False
app/engine_observation/semantic/contracts.py,18:NOT_DUE,'NOT_DUE',NOT_DUE,module_or_model_default,runtime,ALGORITHM_STRUCTURE_LITERAL,,,False
app/engine_observation/semantic/contracts.py,19:DUE_WAITING_FOR_RUN,'DUE_WAITING_FOR_RUN',DUE_WAITING_FOR_RUN,module_or_model_default,runtime,ALGORITHM_STRUCTURE_LITERAL,,,False
app/engine_observation/semantic/contracts.py,20:RUN_WAITING_RETRYABLE,'RUN_WAITING_RETRYABLE',RUN_WAITING_RETRYABLE,module_or_model_default,runtime,POLICY_VALUE_MUST_MOVE_TO_YAML,RESOLVED_BY_CANONICAL_REGISTRY,SEE_CANONICAL_REGISTRY,False
app/engine_observation/semantic/contracts.py,21:RUN_COMPLETED,'RUN_COMPLETED',RUN_COMPLETED,module_or_model_default,runtime,ALGORITHM_STRUCTURE_LITERAL,,,False
app/engine_observation/semantic/contracts.py,22:RUN_SKIPPED,'RUN_SKIPPED',RUN_SKIPPED,module_or_model_default,runtime,ALGORITHM_STRUCTURE_LITERAL,,,False
app/engine_observation/semantic/contracts.py,23:RUN_FAILED,'RUN_FAILED',RUN_FAILED,module_or_model_default,runtime,ALGORITHM_STRUCTURE_LITERAL,,,False
app/engine_observation/semantic/contracts.py,24:RUN_STUCK,'RUN_STUCK',RUN_STUCK,module_or_model_default,runtime,ALGORITHM_STRUCTURE_LITERAL,,,False
app/engine_observation/semantic/contracts.py,25:RUN_DUPLICATE,'RUN_DUPLICATE',RUN_DUPLICATE,module_or_model_default,runtime,ALGORITHM_STRUCTURE_LITERAL,,,False
app/engine_observation/semantic/contracts.py,26:RUN_RESULT_CARDINALITY_ERROR,'RUN_RESULT_CARDINALITY_ERROR',RUN_RESULT_CARDINALITY_ERROR,module_or_model_default,runtime,ALGORITHM_STRUCTURE_LITERAL,,,False
app/engine_observation/semantic/contracts.py,30:OPEN,'OPEN',OPEN,module_or_model_default,runtime,ALGORITHM_STRUCTURE_LITERAL,,,False
app/engine_observation/semantic/contracts.py,31:UPDATED,'UPDATED',UPDATED,module_or_model_default,runtime,ALGORITHM_STRUCTURE_LITERAL,,,False
app/engine_observation/semantic/contracts.py,32:RESOLVED,'RESOLVED',RESOLVED,module_or_model_default,runtime,ALGORITHM_STRUCTURE_LITERAL,,,False
app/engine_observation/semantic/contracts.py,36:INFO,'INFO',INFO,module_or_model_default,runtime,ALGORITHM_STRUCTURE_LITERAL,,,False
app/engine_observation/semantic/contracts.py,37:WARNING,'WARNING',WARNING,module_or_model_default,runtime,ALGORITHM_STRUCTURE_LITERAL,,,False
app/engine_observation/semantic/contracts.py,38:ERROR,'ERROR',ERROR,module_or_model_default,runtime,ALGORITHM_STRUCTURE_LITERAL,,,False
app/engine_observation/semantic/contracts.py,39:CRITICAL,'CRITICAL',CRITICAL,module_or_model_default,runtime,ALGORITHM_STRUCTURE_LITERAL,,,False
app/engine_observation/semantic/contracts.py,43:NONE,'NONE',NONE,module_or_model_default,runtime,ALGORITHM_STRUCTURE_LITERAL,,,False
app/engine_observation/semantic/contracts.py,44:REVIEW,'REVIEW',REVIEW,module_or_model_default,runtime,ALGORITHM_STRUCTURE_LITERAL,,,False
app/engine_observation/semantic/contracts.py,45:BLOCKING,'BLOCKING',BLOCKING,module_or_model_default,runtime,ALGORITHM_STRUCTURE_LITERAL,,,False
app/engine_observation/semantic/incident_engine.py,13:INCIDENT_SCHEMA,'OBSERVER_SEMANTIC_INCIDENT/1.0',INCIDENT_SCHEMA,module_or_model_default,runtime,IDENTITY_OR_PROTOCOL_LITERAL,,,False
app/engine_observation/semantic/models.py,31:freshness_attempt_count,0,freshness_attempt_count,module_or_model_default,runtime,ALGORITHM_STRUCTURE_LITERAL,,,False
app/engine_observation/semantic/models.py,44:future_bars_used,False,future_bars_used,module_or_model_default,runtime,ALGORITHM_STRUCTURE_LITERAL,,,False
app/engine_observation/semantic/models.py,45:execution_approved,False,execution_approved,module_or_model_default,runtime,ALGORITHM_STRUCTURE_LITERAL,,,False
app/engine_observation/semantic/models.py,46:position_opened,False,position_opened,module_or_model_default,runtime,ALGORITHM_STRUCTURE_LITERAL,,,False
app/engine_observation/semantic/monitor.py,20:SNAPSHOT_SCHEMA,'OBSERVER_SEMANTIC_SNAPSHOT/1.0',SNAPSHOT_SCHEMA,module_or_model_default,runtime,IDENTITY_OR_PROTOCOL_LITERAL,,,False
app/engine_observation/semantic/monitor.py,21:WINDOW_SCHEMA,'OBSERVER_SEMANTIC_WINDOW/1.0',WINDOW_SCHEMA,module_or_model_default,runtime,IDENTITY_OR_PROTOCOL_LITERAL,,,False
app/engine_observation/semantic/repository.py,15:MAX_TIMEFRAME_MS,86400000,MAX_TIMEFRAME_MS,module_or_model_default,runtime,POLICY_VALUE_MUST_MOVE_TO_YAML,RESOLVED_BY_CANONICAL_REGISTRY,SEE_CANONICAL_REGISTRY,False
app/engine_observation/semantic/state_store.py,10:STATE_SCHEMA,'OBSERVER_SEMANTIC_STATE/1.0',STATE_SCHEMA,module_or_model_default,runtime,IDENTITY_OR_PROTOCOL_LITERAL,,,False
app/engine_observation/strategy_cap_calibration.py,27:DATASET_ID,'5M_STRATEGY_CAP_CALIBRATION_V1',DATASET_ID,module_or_model_default,runtime,IDENTITY_OR_PROTOCOL_LITERAL,,,False
app/engine_observation/strategy_cap_calibration.py,28:WEAK_REASON,'STRATEGY_REJECT_WEAK_QUALITY',WEAK_REASON,module_or_model_default,runtime,ALGORITHM_STRUCTURE_LITERAL,,,False
app/engine_observation/strategy_cap_calibration.py,29:CONFLICT_REASON,'STRATEGY_REJECT_CONFLICTING_CONTEXT',CONFLICT_REASON,module_or_model_default,runtime,ALGORITHM_STRUCTURE_LITERAL,,,False
app/engine_observation/strategy_cap_calibration.py,108:interval_ms,300000,interval_ms,function_default,runtime,ALGORITHM_STRUCTURE_LITERAL,,,False
app/engine_observation/strategy_cap_calibration.py,164:ne_raw_80,0,ne_raw_80,module_or_model_default,runtime,ALGORITHM_STRUCTURE_LITERAL,,,False
app/engine_observation/strategy_cap_calibration.py,166:setup_count,0,setup_count,module_or_model_default,runtime,ALGORITHM_STRUCTURE_LITERAL,,,False
app/engine_observation/strategy_forensic.py,19:STRATEGY_THRESHOLD,65.0,STRATEGY_THRESHOLD,module_or_model_default,research,POLICY_VALUE_MUST_MOVE_TO_YAML,RESOLVED_BY_CANONICAL_REGISTRY,SEE_CANONICAL_REGISTRY,False
app/engine_observation/strategy_forensic.py,20:WEAK_CAP,64.999,WEAK_CAP,module_or_model_default,research,ALGORITHM_STRUCTURE_LITERAL,,,False
app/engine_observation/strategy_forensic.py,21:ALLOW_STATUS,'ALLOW_RESEARCH_TRADE_PLAN',ALLOW_STATUS,module_or_model_default,research,IDENTITY_OR_PROTOCOL_LITERAL,,,False
app/engine_observation/strategy_forensic.py,257:risk_pass,False,risk_pass,module_or_model_default,research,POLICY_VALUE_MUST_MOVE_TO_YAML,RESOLVED_BY_CANONICAL_REGISTRY,SEE_CANONICAL_REGISTRY,False
app/engine_observation/strategy_forensic.py,238:category,'BOOLEAN_GATE_REJECT',category,module_or_model_default,research,ALGORITHM_STRUCTURE_LITERAL,,,False
app/engine_observation/strategy_forensic.py,240:category,'CAP_BOUND_REJECT',category,module_or_model_default,research,ALGORITHM_STRUCTURE_LITERAL,,,False
app/engine_observation/strategy_forensic.py,242:category,'TRUE_LOW_RAW_SCORE_REJECT',category,module_or_model_default,research,ALGORITHM_STRUCTURE_LITERAL,,,False
app/engine_observation/strategy_forensic.py,244:category,'PENALTY_DRIVEN_REJECT',category,module_or_model_default,research,ALGORITHM_STRUCTURE_LITERAL,,,False
app/engine_observation/strategy_forensic.py,246:category,'OTHER_REJECT',category,module_or_model_default,research,ALGORITHM_STRUCTURE_LITERAL,,,False
app/engine_observation/window_coverage_auditor.py,17:reclaim_seconds,300,reclaim_seconds,function_default,runtime,ALGORITHM_STRUCTURE_LITERAL,,,False
app/engine_orchestrator/freshness_gate.py,19:READY,'READY',READY,module_or_model_default,runtime,ALGORITHM_STRUCTURE_LITERAL,,,False
app/engine_orchestrator/freshness_gate.py,20:WAITING_RETRYABLE,'WAITING_RETRYABLE',WAITING_RETRYABLE,module_or_model_default,runtime,POLICY_VALUE_MUST_MOVE_TO_YAML,RESOLVED_BY_CANONICAL_REGISTRY,SEE_CANONICAL_REGISTRY,False
app/engine_orchestrator/freshness_gate.py,21:TERMINAL_NOT_READY,'TERMINAL_NOT_READY',TERMINAL_NOT_READY,module_or_model_default,runtime,POLICY_VALUE_MUST_MOVE_TO_YAML,RESOLVED_BY_CANONICAL_REGISTRY,SEE_CANONICAL_REGISTRY,False
app/engine_orchestrator/freshness_gate.py,25:BOUNDARY_NOT_READY,'BOUNDARY_NOT_READY',BOUNDARY_NOT_READY,module_or_model_default,runtime,ALGORITHM_STRUCTURE_LITERAL,,,False
app/engine_orchestrator/freshness_gate.py,26:HEALTH_STATUS_NOT_OK,'HEALTH_STATUS_NOT_OK',HEALTH_STATUS_NOT_OK,module_or_model_default,runtime,IDENTITY_OR_PROTOCOL_LITERAL,,,False
app/engine_orchestrator/freshness_gate.py,27:FATAL_CONTRACT_ERROR,'FATAL_CONTRACT_ERROR',FATAL_CONTRACT_ERROR,module_or_model_default,runtime,ALGORITHM_STRUCTURE_LITERAL,,,False
app/engine_orchestrator/freshness_gate.py,170:fatal_reason,'FUTURE_OR_UNCLOSED_DATA',fatal_reason,module_or_model_default,runtime,ALGORITHM_STRUCTURE_LITERAL,,,False
app/engine_orchestrator/freshness_gate.py,220:terminal_reason,'FRESHNESS_DEADLINE_EXCEEDED',terminal_reason,module_or_model_default,runtime,POLICY_VALUE_MUST_MOVE_TO_YAML,RESOLVED_BY_CANONICAL_REGISTRY,SEE_CANONICAL_REGISTRY,False
app/engine_orchestrator/freshness_gate.py,229:status,'PERSISTENT_GAP',status,module_or_model_default,runtime,IDENTITY_OR_PROTOCOL_LITERAL,,,False
app/engine_orchestrator/freshness_gate.py,231:status,'WAITING_FOR_REQUIRED_BOUNDARY',status,module_or_model_default,runtime,IDENTITY_OR_PROTOCOL_LITERAL,,,False
app/engine_orchestrator/freshness_gate.py,238:status,'FRESHNESS_POLICY_NOT_OK',status,module_or_model_default,runtime,IDENTITY_OR_PROTOCOL_LITERAL,,,False
app/engine_orchestrator/orchestrator_models.py,34:__tablename__,'online_pipeline_runs',__tablename__,module_or_model_default,runtime,ALGORITHM_STRUCTURE_LITERAL,,,False
app/engine_orchestrator/orchestrator_models.py,88:__tablename__,'online_pipeline_results',__tablename__,module_or_model_default,runtime,ALGORITHM_STRUCTURE_LITERAL,,,False
app/engine_orchestrator/orchestrator_state.py,9:cycles,0,cycles,module_or_model_default,runtime,ALGORITHM_STRUCTURE_LITERAL,,,False
app/engine_orchestrator/orchestrator_state.py,10:detected_windows,0,detected_windows,module_or_model_default,runtime,POLICY_VALUE_MUST_MOVE_TO_YAML,RESOLVED_BY_CANONICAL_REGISTRY,SEE_CANONICAL_REGISTRY,False
app/engine_orchestrator/orchestrator_state.py,11:completed_windows,0,completed_windows,module_or_model_default,runtime,POLICY_VALUE_MUST_MOVE_TO_YAML,RESOLVED_BY_CANONICAL_REGISTRY,SEE_CANONICAL_REGISTRY,False
app/engine_orchestrator/orchestrator_state.py,12:skipped_windows,0,skipped_windows,module_or_model_default,runtime,POLICY_VALUE_MUST_MOVE_TO_YAML,RESOLVED_BY_CANONICAL_REGISTRY,SEE_CANONICAL_REGISTRY,False
app/engine_orchestrator/orchestrator_state.py,13:duplicate_windows,0,duplicate_windows,module_or_model_default,runtime,POLICY_VALUE_MUST_MOVE_TO_YAML,RESOLVED_BY_CANONICAL_REGISTRY,SEE_CANONICAL_REGISTRY,False
app/engine_orchestrator/orchestrator_state.py,14:error_windows,0,error_windows,module_or_model_default,runtime,POLICY_VALUE_MUST_MOVE_TO_YAML,RESOLVED_BY_CANONICAL_REGISTRY,SEE_CANONICAL_REGISTRY,False
app/engine_orchestrator/orchestrator_state.py,18:waiting_windows,0,waiting_windows,module_or_model_default,runtime,POLICY_VALUE_MUST_MOVE_TO_YAML,RESOLVED_BY_CANONICAL_REGISTRY,SEE_CANONICAL_REGISTRY,False
app/engine_orchestrator/orchestrator_state.py,21:oldest_wait_age_seconds,0,oldest_wait_age_seconds,module_or_model_default,runtime,ALGORITHM_STRUCTURE_LITERAL,,,False
app/engine_orchestrator/orchestrator_state.py,23:freshness_retry_attempts_total,0,freshness_retry_attempts_total,module_or_model_default,runtime,POLICY_VALUE_MUST_MOVE_TO_YAML,RESOLVED_BY_CANONICAL_REGISTRY,SEE_CANONICAL_REGISTRY,False
app/engine_orchestrator/orchestrator_state.py,24:freshness_recovered_total,0,freshness_recovered_total,module_or_model_default,runtime,ALGORITHM_STRUCTURE_LITERAL,,,False
app/engine_orchestrator/orchestrator_state.py,25:freshness_timeouts_total,0,freshness_timeouts_total,module_or_model_default,runtime,POLICY_VALUE_MUST_MOVE_TO_YAML,RESOLVED_BY_CANONICAL_REGISTRY,SEE_CANONICAL_REGISTRY,False
app/engine_orchestrator/orchestrator_status.py,7:PENDING,'PENDING',PENDING,module_or_model_default,runtime,ALGORITHM_STRUCTURE_LITERAL,,,False
app/engine_orchestrator/orchestrator_status.py,8:RESERVED,'RESERVED',RESERVED,module_or_model_default,runtime,POLICY_VALUE_MUST_MOVE_TO_YAML,RESOLVED_BY_CANONICAL_REGISTRY,SEE_CANONICAL_REGISTRY,False
app/engine_orchestrator/orchestrator_status.py,9:CHECKING_FRESHNESS,'CHECKING_FRESHNESS',CHECKING_FRESHNESS,module_or_model_default,runtime,ALGORITHM_STRUCTURE_LITERAL,,,False
app/engine_orchestrator/orchestrator_status.py,10:WAITING_FOR_REQUIRED_BOUNDARY,'WAITING_FOR_REQUIRED_BOUNDARY',WAITING_FOR_REQUIRED_BOUNDARY,module_or_model_default,runtime,ALGORITHM_STRUCTURE_LITERAL,,,False
app/engine_orchestrator/orchestrator_status.py,11:READY_TO_RUN,'READY_TO_RUN',READY_TO_RUN,module_or_model_default,runtime,ALGORITHM_STRUCTURE_LITERAL,,,False
app/engine_orchestrator/orchestrator_status.py,12:RUNNING,'RUNNING',RUNNING,module_or_model_default,runtime,ALGORITHM_STRUCTURE_LITERAL,,,False
app/engine_orchestrator/orchestrator_status.py,13:COMPLETED,'COMPLETED',COMPLETED,module_or_model_default,runtime,ALGORITHM_STRUCTURE_LITERAL,,,False
app/engine_orchestrator/orchestrator_status.py,14:SKIPPED_DUPLICATE_WINDOW,'SKIPPED_DUPLICATE_WINDOW',SKIPPED_DUPLICATE_WINDOW,module_or_model_default,runtime,POLICY_VALUE_MUST_MOVE_TO_YAML,RESOLVED_BY_CANONICAL_REGISTRY,SEE_CANONICAL_REGISTRY,False
app/engine_orchestrator/orchestrator_status.py,15:SKIPPED_FRESHNESS_NOT_OK,'SKIPPED_FRESHNESS_NOT_OK',SKIPPED_FRESHNESS_NOT_OK,module_or_model_default,runtime,ALGORITHM_STRUCTURE_LITERAL,,,False
app/engine_orchestrator/orchestrator_status.py,16:SKIPPED_FRESHNESS_TIMEOUT,'SKIPPED_FRESHNESS_TIMEOUT',SKIPPED_FRESHNESS_TIMEOUT,module_or_model_default,runtime,POLICY_VALUE_MUST_MOVE_TO_YAML,RESOLVED_BY_CANONICAL_REGISTRY,SEE_CANONICAL_REGISTRY,False
app/engine_orchestrator/orchestrator_status.py,17:SKIPPED_NOT_ENOUGH_DATA,'SKIPPED_NOT_ENOUGH_DATA',SKIPPED_NOT_ENOUGH_DATA,module_or_model_default,runtime,ALGORITHM_STRUCTURE_LITERAL,,,False
app/engine_orchestrator/orchestrator_status.py,18:MODULE_ERROR,'MODULE_ERROR',MODULE_ERROR,module_or_model_default,runtime,ALGORITHM_STRUCTURE_LITERAL,,,False
app/engine_orchestrator/orchestrator_status.py,19:ERROR,'ERROR',ERROR,module_or_model_default,runtime,ALGORITHM_STRUCTURE_LITERAL,,,False
app/engine_orchestrator/orchestrator_status.py,23:PAPER_PLAN_READY,'PAPER_PLAN_READY',PAPER_PLAN_READY,module_or_model_default,runtime,ALGORITHM_STRUCTURE_LITERAL,,,False
app/engine_orchestrator/orchestrator_status.py,24:NO_PLAN,'NO_PLAN',NO_PLAN,module_or_model_default,runtime,ALGORITHM_STRUCTURE_LITERAL,,,False
app/engine_orchestrator/orchestrator_status.py,25:WAIT,'WAIT',WAIT,module_or_model_default,runtime,ALGORITHM_STRUCTURE_LITERAL,,,False
app/engine_orchestrator/orchestrator_status.py,26:REJECT,'REJECT',REJECT,module_or_model_default,runtime,ALGORITHM_STRUCTURE_LITERAL,,,False
app/engine_orchestrator/orchestrator_status.py,27:NO_DECISION,'NO_DECISION',NO_DECISION,module_or_model_default,runtime,ALGORITHM_STRUCTURE_LITERAL,,,False
app/engine_orchestrator/orchestrator_status.py,28:NO_SETUP,'NO_SETUP',NO_SETUP,module_or_model_default,runtime,ALGORITHM_STRUCTURE_LITERAL,,,False
app/engine_orchestrator/orchestrator_status.py,29:NO_ACTION,'NO_ACTION',NO_ACTION,module_or_model_default,runtime,ALGORITHM_STRUCTURE_LITERAL,,,False
app/engine_orchestrator/orchestrator_status.py,30:ERROR,'ERROR',ERROR,module_or_model_default,runtime,ALGORITHM_STRUCTURE_LITERAL,,,False
app/engine_orchestrator/orchestrator_status.py,34:OK,'OK',OK,module_or_model_default,runtime,ALGORITHM_STRUCTURE_LITERAL,,,False
app/engine_orchestrator/orchestrator_status.py,35:WAITING_FOR_FRESH_DATA,'WAITING_FOR_FRESH_DATA',WAITING_FOR_FRESH_DATA,module_or_model_default,runtime,ALGORITHM_STRUCTURE_LITERAL,,,False
app/engine_orchestrator/orchestrator_status.py,36:DEGRADED,'DEGRADED',DEGRADED,module_or_model_default,runtime,ALGORITHM_STRUCTURE_LITERAL,,,False
app/engine_orchestrator/orchestrator_status.py,37:ERROR,'ERROR',ERROR,module_or_model_default,runtime,ALGORITHM_STRUCTURE_LITERAL,,,False
app/engine_orchestrator/orchestrator_status.py,38:STOPPED,'STOPPED',STOPPED,module_or_model_default,runtime,ALGORITHM_STRUCTURE_LITERAL,,,False
app/engine_orchestrator/pipeline_result.py,19:future_bars_used_count,0,future_bars_used_count,module_or_model_default,runtime,ALGORITHM_STRUCTURE_LITERAL,,,False
app/engine_orchestrator/pipeline_result.py,20:trade_signal_count,0,trade_signal_count,module_or_model_default,runtime,ALGORITHM_STRUCTURE_LITERAL,,,False
app/engine_orchestrator/pipeline_result.py,21:is_executable_count,0,is_executable_count,module_or_model_default,runtime,ALGORITHM_STRUCTURE_LITERAL,,,False
app/engine_orchestrator/pipeline_result.py,22:order_approved_count,0,order_approved_count,module_or_model_default,runtime,ALGORITHM_STRUCTURE_LITERAL,,,False
app/engine_orchestrator/pipeline_result.py,23:execution_approved_count,0,execution_approved_count,module_or_model_default,runtime,ALGORITHM_STRUCTURE_LITERAL,,,False
app/engine_orchestrator/pipeline_result.py,24:position_opened_count,0,position_opened_count,module_or_model_default,runtime,ALGORITHM_STRUCTURE_LITERAL,,,False
app/engine_orchestrator/pipeline_result.py,25:position_size_approved_count,0,position_size_approved_count,module_or_model_default,runtime,ALGORITHM_STRUCTURE_LITERAL,,,False
app/engine_orchestrator/pipeline_result.py,26:private_api_used,0,private_api_used,module_or_model_default,runtime,ALGORITHM_STRUCTURE_LITERAL,,,False
app/engine_orchestrator/pipeline_result.py,27:api_keys_used,0,api_keys_used,module_or_model_default,runtime,IDENTITY_OR_PROTOCOL_LITERAL,,,False
app/engine_orchestrator/pipeline_result.py,28:synthetic_candles_used,0,synthetic_candles_used,module_or_model_default,runtime,ALGORITHM_STRUCTURE_LITERAL,,,False
app/engine_orchestrator/pipeline_result.py,29:outcome_pnl_used,0,outcome_pnl_used,module_or_model_default,runtime,ALGORITHM_STRUCTURE_LITERAL,,,False
app/engine_orchestrator/pipeline_result_store.py,411:final_approval_created,False,final_approval_created,module_or_model_default,runtime,ALGORITHM_STRUCTURE_LITERAL,,,False
app/engine_orchestrator/profile_owner.py,45:mechanism,'POSTGRESQL_SESSION_ADVISORY_LOCK',mechanism,module_or_model_default,runtime,ALGORITHM_STRUCTURE_LITERAL,,,False
app/engine_orchestrator/profile_owner.py,46:heartbeat_model,'LIVE_DEDICATED_DB_SESSION',heartbeat_model,module_or_model_default,runtime,IDENTITY_OR_PROTOCOL_LITERAL,,,False
app/engine_orchestrator/profile_owner.py,47:expiry_model,'SESSION_DEATH_RELEASES_LOCK',expiry_model,module_or_model_default,runtime,IDENTITY_OR_PROTOCOL_LITERAL,,,False
app/engine_orchestrator/trade_profile.py,15:TRADE_15M_V1,'trade-15m-v1',TRADE_15M_V1,module_or_model_default,runtime,ALGORITHM_STRUCTURE_LITERAL,,,False
app/engine_orchestrator/trade_profile.py,16:TRADE_5M_V2,'trade-5m-v2',TRADE_5M_V2,module_or_model_default,runtime,ALGORITHM_STRUCTURE_LITERAL,,,False
app/engine_orchestrator/trade_profile.py,20:PRODUCTION_SEARCH,'PRODUCTION_SEARCH',PRODUCTION_SEARCH,module_or_model_default,runtime,ALGORITHM_STRUCTURE_LITERAL,,,False
app/engine_orchestrator/trade_profile.py,21:SHADOW_SEARCH,'SHADOW_SEARCH',SHADOW_SEARCH,module_or_model_default,runtime,ALGORITHM_STRUCTURE_LITERAL,,,False
app/engine_orchestrator/trade_profile.py,25:TRADE_15M,'TRADE_15M',TRADE_15M,module_or_model_default,runtime,ALGORITHM_STRUCTURE_LITERAL,,,False
app/engine_orchestrator/trade_profile.py,26:SCALPING,'SCALPING',SCALPING,module_or_model_default,runtime,ALGORITHM_STRUCTURE_LITERAL,,,False
app/engine_paper/accounting.py,30:ACCOUNTING_SEMANTIC_VERSION,'PAPER_ACCOUNTING/1.0',ACCOUNTING_SEMANTIC_VERSION,module_or_model_default,runtime,IDENTITY_OR_PROTOCOL_LITERAL,,,False
app/engine_paper/accounting.py,31:SUPPORTED_CURRENCY,'USDT',SUPPORTED_CURRENCY,module_or_model_default,runtime,ALGORITHM_STRUCTURE_LITERAL,,,False
app/engine_paper/accounting.py,32:ACCOUNT_BASELINE_PERSISTENCE_CAPABILITY,'READY_REVISION_0012',ACCOUNT_BASELINE_PERSISTENCE_CAPABILITY,module_or_model_default,runtime,ALGORITHM_STRUCTURE_LITERAL,,,False
app/engine_paper/accounting.py,36:ACCOUNTING_HEALTHY,'ACCOUNTING_HEALTHY',ACCOUNTING_HEALTHY,module_or_model_default,runtime,ALGORITHM_STRUCTURE_LITERAL,,,False
app/engine_paper/accounting.py,37:BASELINE_MISSING,'BASELINE_MISSING',BASELINE_MISSING,module_or_model_default,runtime,ALGORITHM_STRUCTURE_LITERAL,,,False
app/engine_paper/accounting.py,38:BASELINE_DUPLICATE,'BASELINE_DUPLICATE',BASELINE_DUPLICATE,module_or_model_default,runtime,ALGORITHM_STRUCTURE_LITERAL,,,False
app/engine_paper/accounting.py,39:BASELINE_INVALID,'BASELINE_INVALID',BASELINE_INVALID,module_or_model_default,runtime,IDENTITY_OR_PROTOCOL_LITERAL,,,False
app/engine_paper/accounting.py,40:BASELINE_IMMUTABILITY_VIOLATION,'BASELINE_IMMUTABILITY_VIOLATION',BASELINE_IMMUTABILITY_VIOLATION,module_or_model_default,runtime,ALGORITHM_STRUCTURE_LITERAL,,,False
app/engine_paper/accounting.py,41:BASELINE_AFTER_ECONOMIC_ACTIVITY_DENIED,'BASELINE_AFTER_ECONOMIC_ACTIVITY_DENIED',BASELINE_AFTER_ECONOMIC_ACTIVITY_DENIED,module_or_model_default,runtime,ALGORITHM_STRUCTURE_LITERAL,,,False
app/engine_paper/accounting.py,42:UNSUPPORTED_CURRENCY,'UNSUPPORTED_CURRENCY',UNSUPPORTED_CURRENCY,module_or_model_default,runtime,ALGORITHM_STRUCTURE_LITERAL,,,False
app/engine_paper/accounting.py,43:TRADE_NOT_CLOSED,'TRADE_NOT_CLOSED',TRADE_NOT_CLOSED,module_or_model_default,runtime,ALGORITHM_STRUCTURE_LITERAL,,,False
app/engine_paper/accounting.py,44:ENTRY_FILL_MISSING,'ENTRY_FILL_MISSING',ENTRY_FILL_MISSING,module_or_model_default,runtime,ALGORITHM_STRUCTURE_LITERAL,,,False
app/engine_paper/accounting.py,45:CLOSE_FILL_MISSING,'CLOSE_FILL_MISSING',CLOSE_FILL_MISSING,module_or_model_default,runtime,ALGORITHM_STRUCTURE_LITERAL,,,False
app/engine_paper/accounting.py,46:FILL_IDENTITY_CONFLICT,'FILL_IDENTITY_CONFLICT',FILL_IDENTITY_CONFLICT,module_or_model_default,runtime,IDENTITY_OR_PROTOCOL_LITERAL,,,False
app/engine_paper/accounting.py,47:FEE_MISMATCH,'FEE_MISMATCH',FEE_MISMATCH,module_or_model_default,runtime,ALGORITHM_STRUCTURE_LITERAL,,,False
app/engine_paper/accounting.py,48:PNL_MISMATCH,'PNL_MISMATCH',PNL_MISMATCH,module_or_model_default,runtime,ALGORITHM_STRUCTURE_LITERAL,,,False
app/engine_paper/accounting.py,49:DUPLICATE_TRADE,'DUPLICATE_TRADE',DUPLICATE_TRADE,module_or_model_default,runtime,ALGORITHM_STRUCTURE_LITERAL,,,False
app/engine_paper/accounting.py,50:BALANCE_CHAIN_MISMATCH,'BALANCE_CHAIN_MISMATCH',BALANCE_CHAIN_MISMATCH,module_or_model_default,runtime,ALGORITHM_STRUCTURE_LITERAL,,,False
app/engine_paper/accounting.py,51:AMBIGUOUS_CLOSE_ORDER,'AMBIGUOUS_CLOSE_ORDER',AMBIGUOUS_CLOSE_ORDER,module_or_model_default,runtime,ALGORITHM_STRUCTURE_LITERAL,,,False
app/engine_paper/accounting.py,52:SCHEMA_PERSISTENCE_UNAVAILABLE,'SCHEMA_PERSISTENCE_UNAVAILABLE',SCHEMA_PERSISTENCE_UNAVAILABLE,module_or_model_default,runtime,IDENTITY_OR_PROTOCOL_LITERAL,,,False
app/engine_paper/accounting.py,53:SAFE_FAILURE,'SAFE_FAILURE',SAFE_FAILURE,module_or_model_default,runtime,ALGORITHM_STRUCTURE_LITERAL,,,False
app/engine_paper/accounting.py,57:HEALTHY,'HEALTHY',HEALTHY,module_or_model_default,runtime,ALGORITHM_STRUCTURE_LITERAL,,,False
app/engine_paper/accounting.py,58:DENIED,'DENIED',DENIED,module_or_model_default,runtime,ALGORITHM_STRUCTURE_LITERAL,,,False
app/engine_paper/accounting.py,59:FINAL_REPORT_NOT_AVAILABLE,'FINAL_REPORT_NOT_AVAILABLE',FINAL_REPORT_NOT_AVAILABLE,module_or_model_default,runtime,ALGORITHM_STRUCTURE_LITERAL,,,False
app/engine_paper/accounting.py,60:ACCOUNT_SUMMARY_NOT_AUTHORITATIVE,'ACCOUNT_SUMMARY_NOT_AUTHORITATIVE',ACCOUNT_SUMMARY_NOT_AUTHORITATIVE,module_or_model_default,runtime,ALGORITHM_STRUCTURE_LITERAL,,,False
app/engine_paper/accounting.py,61:SAFE_FAILURE,'SAFE_FAILURE',SAFE_FAILURE,module_or_model_default,runtime,ALGORITHM_STRUCTURE_LITERAL,,,False
app/engine_paper/accounting.py,65:PASS,'PASS',PASS,module_or_model_default,runtime,ALGORITHM_STRUCTURE_LITERAL,,,False
app/engine_paper/accounting.py,66:MISSING,'MISSING',MISSING,module_or_model_default,runtime,ALGORITHM_STRUCTURE_LITERAL,,,False
app/engine_paper/accounting.py,67:INVALID,'INVALID',INVALID,module_or_model_default,runtime,IDENTITY_OR_PROTOCOL_LITERAL,,,False
app/engine_paper/backup_pitr_infrastructure.py,22:MAX_SAFE_TEXT,160,MAX_SAFE_TEXT,module_or_model_default,runtime,POLICY_VALUE_MUST_MOVE_TO_YAML,RESOLVED_BY_CANONICAL_REGISTRY,SEE_CANONICAL_REGISTRY,False
app/engine_paper/backup_pitr_infrastructure.py,28:EXPECTED_SERVER_HEAD,'8261813645e1f2c4a603ac8a58bfabfb0d4f926b',EXPECTED_SERVER_HEAD,module_or_model_default,runtime,ALGORITHM_STRUCTURE_LITERAL,,,False
app/engine_paper/backup_pitr_infrastructure.py,29:EXPECTED_SERVER_TREE,'29fb3865378d055fcb010f3cb86d25ff4b2ef1f4',EXPECTED_SERVER_TREE,module_or_model_default,runtime,ALGORITHM_STRUCTURE_LITERAL,,,False
app/engine_paper/backup_pitr_infrastructure.py,69:READY,'READY',READY,module_or_model_default,runtime,ALGORITHM_STRUCTURE_LITERAL,,,False
app/engine_paper/backup_pitr_infrastructure.py,70:NOT_READY,'NOT_READY',NOT_READY,module_or_model_default,runtime,ALGORITHM_STRUCTURE_LITERAL,,,False
app/engine_paper/backup_pitr_infrastructure.py,71:UNPROVEN,'UNPROVEN',UNPROVEN,module_or_model_default,runtime,ALGORITHM_STRUCTURE_LITERAL,,,False
app/engine_paper/backup_pitr_infrastructure.py,72:NOT_APPLICABLE,'NOT_APPLICABLE',NOT_APPLICABLE,module_or_model_default,runtime,ALGORITHM_STRUCTURE_LITERAL,,,False
app/engine_paper/backup_pitr_infrastructure.py,76:CRITICAL,'CRITICAL',CRITICAL,module_or_model_default,runtime,ALGORITHM_STRUCTURE_LITERAL,,,False
app/engine_paper/backup_pitr_infrastructure.py,77:HIGH,'HIGH',HIGH,module_or_model_default,runtime,ALGORITHM_STRUCTURE_LITERAL,,,False
app/engine_paper/backup_pitr_infrastructure.py,78:MEDIUM,'MEDIUM',MEDIUM,module_or_model_default,runtime,ALGORITHM_STRUCTURE_LITERAL,,,False
app/engine_paper/backup_pitr_infrastructure.py,82:FILESYSTEM,'FILESYSTEM',FILESYSTEM,module_or_model_default,runtime,ALGORITHM_STRUCTURE_LITERAL,,,False
app/engine_paper/backup_pitr_infrastructure.py,83:OBJECT_STORAGE,'OBJECT_STORAGE',OBJECT_STORAGE,module_or_model_default,runtime,ALGORITHM_STRUCTURE_LITERAL,,,False
app/engine_paper/backup_pitr_infrastructure.py,84:MANAGED_BACKUP,'MANAGED_BACKUP',MANAGED_BACKUP,module_or_model_default,runtime,ALGORITHM_STRUCTURE_LITERAL,,,False
app/engine_paper/backup_pitr_infrastructure.py,85:UNPROVEN,'UNPROVEN',UNPROVEN,module_or_model_default,runtime,ALGORITHM_STRUCTURE_LITERAL,,,False
app/engine_paper/backup_pitr_infrastructure.py,89:PERSISTENT_EXTERNAL_VOLUME,'PERSISTENT_EXTERNAL_VOLUME',PERSISTENT_EXTERNAL_VOLUME,module_or_model_default,runtime,ALGORITHM_STRUCTURE_LITERAL,,,False
app/engine_paper/backup_pitr_infrastructure.py,90:PERSISTENT_HOST_BIND,'PERSISTENT_HOST_BIND',PERSISTENT_HOST_BIND,module_or_model_default,runtime,ALGORITHM_STRUCTURE_LITERAL,,,False
app/engine_paper/backup_pitr_infrastructure.py,91:MANAGED_PERSISTENT_STORAGE,'MANAGED_PERSISTENT_STORAGE',MANAGED_PERSISTENT_STORAGE,module_or_model_default,runtime,ALGORITHM_STRUCTURE_LITERAL,,,False
app/engine_paper/backup_pitr_infrastructure.py,92:EPHEMERAL_CONTAINER_STORAGE,'EPHEMERAL_CONTAINER_STORAGE',EPHEMERAL_CONTAINER_STORAGE,module_or_model_default,runtime,ALGORITHM_STRUCTURE_LITERAL,,,False
app/engine_paper/backup_pitr_infrastructure.py,93:UNPROVEN,'UNPROVEN',UNPROVEN,module_or_model_default,runtime,ALGORITHM_STRUCTURE_LITERAL,,,False
app/engine_paper/backup_pitr_infrastructure.py,97:LEAST_PRIVILEGE_SEPARATE_BACKUP_ROLE,'LEAST_PRIVILEGE_SEPARATE_BACKUP_ROLE',LEAST_PRIVILEGE_SEPARATE_BACKUP_ROLE,module_or_model_default,runtime,ALGORITHM_STRUCTURE_LITERAL,,,False
app/engine_paper/backup_pitr_infrastructure.py,98:MANAGED_SERVICE_POLICY,'MANAGED_SERVICE_POLICY',MANAGED_SERVICE_POLICY,module_or_model_default,runtime,ALGORITHM_STRUCTURE_LITERAL,,,False
app/engine_paper/backup_pitr_infrastructure.py,99:PROPOSED_NOT_APPROVED,'PROPOSED_NOT_APPROVED',PROPOSED_NOT_APPROVED,module_or_model_default,runtime,ALGORITHM_STRUCTURE_LITERAL,,,False
app/engine_paper/backup_pitr_infrastructure.py,100:UNPROVEN,'UNPROVEN',UNPROVEN,module_or_model_default,runtime,ALGORITHM_STRUCTURE_LITERAL,,,False
app/engine_paper/backup_pitr_infrastructure.py,104:APPROVED_BOUNDED,'APPROVED_BOUNDED',APPROVED_BOUNDED,module_or_model_default,runtime,ALGORITHM_STRUCTURE_LITERAL,,,False
app/engine_paper/backup_pitr_infrastructure.py,105:PROPOSED_BOUNDED,'PROPOSED_BOUNDED',PROPOSED_BOUNDED,module_or_model_default,runtime,ALGORITHM_STRUCTURE_LITERAL,,,False
app/engine_paper/backup_pitr_infrastructure.py,106:UNBOUNDED,'UNBOUNDED',UNBOUNDED,module_or_model_default,runtime,ALGORITHM_STRUCTURE_LITERAL,,,False
app/engine_paper/backup_pitr_infrastructure.py,107:UNPROVEN,'UNPROVEN',UNPROVEN,module_or_model_default,runtime,ALGORITHM_STRUCTURE_LITERAL,,,False
app/engine_paper/backup_pitr_infrastructure.py,111:IN_PROGRESS,'IN_PROGRESS',IN_PROGRESS,module_or_model_default,runtime,ALGORITHM_STRUCTURE_LITERAL,,,False
app/engine_paper/backup_pitr_infrastructure.py,112:TOOL_COMPLETED,'TOOL_COMPLETED',TOOL_COMPLETED,module_or_model_default,runtime,ALGORITHM_STRUCTURE_LITERAL,,,False
app/engine_paper/backup_pitr_infrastructure.py,113:CHECKSUM_VERIFIED,'CHECKSUM_VERIFIED',CHECKSUM_VERIFIED,module_or_model_default,runtime,ALGORITHM_STRUCTURE_LITERAL,,,False
app/engine_paper/backup_pitr_infrastructure.py,114:MANIFEST_VERIFIED,'MANIFEST_VERIFIED',MANIFEST_VERIFIED,module_or_model_default,runtime,ALGORITHM_STRUCTURE_LITERAL,,,False
app/engine_paper/backup_pitr_infrastructure.py,115:PUBLISHED,'PUBLISHED',PUBLISHED,module_or_model_default,runtime,ALGORITHM_STRUCTURE_LITERAL,,,False
app/engine_paper/backup_pitr_infrastructure.py,116:FAILED,'FAILED',FAILED,module_or_model_default,runtime,ALGORITHM_STRUCTURE_LITERAL,,,False
app/engine_paper/backup_pitr_infrastructure.py,120:NO_RESTART_SAFE_METADATA_CHANGE,'NO_RESTART_SAFE_METADATA_CHANGE',NO_RESTART_SAFE_METADATA_CHANGE,module_or_model_default,runtime,ALGORITHM_STRUCTURE_LITERAL,,,False
app/engine_paper/backup_pitr_infrastructure.py,121:TARGETED_RELOAD_REQUIRED,'TARGETED_RELOAD_REQUIRED',TARGETED_RELOAD_REQUIRED,module_or_model_default,runtime,ALGORITHM_STRUCTURE_LITERAL,,,False
app/engine_paper/backup_pitr_infrastructure.py,122:POSTGRES_RESTART_REQUIRED,'POSTGRES_RESTART_REQUIRED',POSTGRES_RESTART_REQUIRED,module_or_model_default,runtime,ALGORITHM_STRUCTURE_LITERAL,,,False
app/engine_paper/backup_pitr_infrastructure.py,123:CONTAINER_RECREATE_REQUIRED,'CONTAINER_RECREATE_REQUIRED',CONTAINER_RECREATE_REQUIRED,module_or_model_default,runtime,ALGORITHM_STRUCTURE_LITERAL,,,False
app/engine_paper/backup_pitr_infrastructure.py,124:HOST_CONFIGURATION_REQUIRED,'HOST_CONFIGURATION_REQUIRED',HOST_CONFIGURATION_REQUIRED,module_or_model_default,runtime,ALGORITHM_STRUCTURE_LITERAL,,,False
app/engine_paper/backup_pitr_infrastructure.py,125:EXTERNAL_STORAGE_REQUIRED,'EXTERNAL_STORAGE_REQUIRED',EXTERNAL_STORAGE_REQUIRED,module_or_model_default,runtime,ALGORITHM_STRUCTURE_LITERAL,,,False
app/engine_paper/backup_pitr_infrastructure.py,129:FORWARD_FIX,'DISABLE_PAPER_FORWARD_FIX_RECONCILE',FORWARD_FIX,module_or_model_default,runtime,ALGORITHM_STRUCTURE_LITERAL,,,False
app/engine_paper/backup_pitr_infrastructure.py,130:RESTORE,'ISOLATED_VALIDATE_APPROVED_RESTORE_RECONCILE',RESTORE,module_or_model_default,runtime,ALGORITHM_STRUCTURE_LITERAL,,,False
app/engine_paper/backup_pitr_infrastructure.py,131:PITR,'APPROVED_PITR_TARGET_RECONCILE',PITR,module_or_model_default,runtime,ALGORITHM_STRUCTURE_LITERAL,,,False
app/engine_paper/backup_pitr_infrastructure.py,132:HARD_INCIDENT,'HARD_INCIDENT_NO_RESUME',HARD_INCIDENT,module_or_model_default,runtime,IDENTITY_OR_PROTOCOL_LITERAL,,,False
app/engine_paper/backup_pitr_infrastructure.py,206:sha256_required,True,sha256_required,module_or_model_default,runtime,ALGORITHM_STRUCTURE_LITERAL,,,False
app/engine_paper/backup_pitr_infrastructure.py,207:tool_integrity_check_required,True,tool_integrity_check_required,module_or_model_default,runtime,ALGORITHM_STRUCTURE_LITERAL,,,False
app/engine_paper/backup_pitr_infrastructure.py,208:manifest_schema_check_required,True,manifest_schema_check_required,module_or_model_default,runtime,IDENTITY_OR_PROTOCOL_LITERAL,,,False
app/engine_paper/backup_pitr_infrastructure.py,209:size_check_required,True,size_check_required,module_or_model_default,runtime,ALGORITHM_STRUCTURE_LITERAL,,,False
app/engine_paper/backup_pitr_infrastructure.py,210:verify_before_publish,True,verify_before_publish,module_or_model_default,runtime,ALGORITHM_STRUCTURE_LITERAL,,,False
app/engine_paper/backup_pitr_infrastructure.py,211:failed_artifact_never_valid,True,failed_artifact_never_valid,module_or_model_default,runtime,IDENTITY_OR_PROTOCOL_LITERAL,,,False
app/engine_paper/backup_pitr_infrastructure.py,226:failure_code,'NONE',failure_code,module_or_model_default,runtime,ALGORITHM_STRUCTURE_LITERAL,,,False
app/engine_paper/backup_pitr_infrastructure.py,326:select_approved_artifact,True,select_approved_artifact,module_or_model_default,runtime,ALGORITHM_STRUCTURE_LITERAL,,,False
app/engine_paper/backup_pitr_infrastructure.py,327:verify_checksum_manifest,True,verify_checksum_manifest,module_or_model_default,runtime,ALGORITHM_STRUCTURE_LITERAL,,,False
app/engine_paper/backup_pitr_infrastructure.py,328:verify_postgresql_compatibility,True,verify_postgresql_compatibility,module_or_model_default,runtime,ALGORITHM_STRUCTURE_LITERAL,,,False
app/engine_paper/backup_pitr_infrastructure.py,329:restore_isolated_first,True,restore_isolated_first,module_or_model_default,runtime,ALGORITHM_STRUCTURE_LITERAL,,,False
app/engine_paper/backup_pitr_infrastructure.py,330:verify_alembic_head,True,verify_alembic_head,module_or_model_default,runtime,ALGORITHM_STRUCTURE_LITERAL,,,False
app/engine_paper/backup_pitr_infrastructure.py,331:run_reconciliation,True,run_reconciliation,module_or_model_default,runtime,ALGORITHM_STRUCTURE_LITERAL,,,False
app/engine_paper/backup_pitr_infrastructure.py,332:repository_read_smoke,True,repository_read_smoke,module_or_model_default,runtime,ALGORITHM_STRUCTURE_LITERAL,,,False
app/engine_paper/backup_pitr_infrastructure.py,333:explicit_production_recovery_approval,True,explicit_production_recovery_approval,module_or_model_default,runtime,ALGORITHM_STRUCTURE_LITERAL,,,False
app/engine_paper/backup_pitr_infrastructure.py,441:status,'PROPOSED_NOT_APPROVED',status,module_or_model_default,runtime,IDENTITY_OR_PROTOCOL_LITERAL,,,False
app/engine_paper/backup_pitr_infrastructure.py,532:applied,False,applied,module_or_model_default,runtime,ALGORITHM_STRUCTURE_LITERAL,,,False
app/engine_paper/backup_pitr_infrastructure.py,574:production_mutations_allowed,False,production_mutations_allowed,module_or_model_default,runtime,ALGORITHM_STRUCTURE_LITERAL,,,False
app/engine_paper/backup_pitr_infrastructure.py,575:protected_binding_access_allowed,False,protected_binding_access_allowed,module_or_model_default,runtime,ALGORITHM_STRUCTURE_LITERAL,,,False
app/engine_paper/baseline_repository.py,30:_V1_INITIALIZATION_LOCK_KEY,5741975929012,_V1_INITIALIZATION_LOCK_KEY,module_or_model_default,runtime,IDENTITY_OR_PROTOCOL_LITERAL,,,False
app/engine_paper/binance_account_commission.py,26:PROVIDER_VERSION,'binance-spot-account-commission-rest-v1',PROVIDER_VERSION,module_or_model_default,runtime,IDENTITY_OR_PROTOCOL_LITERAL,,,False
app/engine_paper/binance_account_commission.py,27:SNAPSHOT_TYPE,'BINANCE_ACCOUNT_COMMISSION_SNAPSHOT',SNAPSHOT_TYPE,module_or_model_default,runtime,ALGORITHM_STRUCTURE_LITERAL,,,False
app/engine_paper/binance_account_commission.py,28:DEFAULT_BASE_URL,'https://api.binance.com',DEFAULT_BASE_URL,module_or_model_default,runtime,ALGORITHM_STRUCTURE_LITERAL,,,False
app/engine_paper/binance_account_commission.py,51:stub_active,False,stub_active,module_or_model_default,runtime,ALGORITHM_STRUCTURE_LITERAL,,,False
app/engine_paper/binance_account_commission.py,52:queried_symbols,0,queried_symbols,module_or_model_default,runtime,ALGORITHM_STRUCTURE_LITERAL,,,False
app/engine_paper/binance_account_commission.py,338:queried_symbols,0,queried_symbols,module_or_model_default,runtime,ALGORITHM_STRUCTURE_LITERAL,,,False
app/engine_paper/command_ingestion_service.py,67:_POLICY_VERSION,1,_POLICY_VERSION,module_or_model_default,runtime,IDENTITY_OR_PROTOCOL_LITERAL,,,False
app/engine_paper/command_ingestion_service.py,68:_JOURNAL_COUNT,4,_JOURNAL_COUNT,module_or_model_default,runtime,ALGORITHM_STRUCTURE_LITERAL,,,False
app/engine_paper/command_ingestion_service.py,69:_ORDER_EVENT_COUNT,3,_ORDER_EVENT_COUNT,module_or_model_default,runtime,ALGORITHM_STRUCTURE_LITERAL,,,False
app/engine_paper/command_ingestion_service.py,70:_COMMAND_GRAPH_LIMIT,100,_COMMAND_GRAPH_LIMIT,module_or_model_default,runtime,POLICY_VALUE_MUST_MOVE_TO_YAML,RESOLVED_BY_CANONICAL_REGISTRY,SEE_CANONICAL_REGISTRY,False
app/engine_paper/command_ingestion_service.py,71:_INGESTION_IDENTITY_VERSION,'v1',_INGESTION_IDENTITY_VERSION,module_or_model_default,runtime,IDENTITY_OR_PROTOCOL_LITERAL,,,False
app/engine_paper/command_ingestion_service.py,75:COMMAND_AND_ORDER_CREATED,'COMMAND_AND_ORDER_CREATED',COMMAND_AND_ORDER_CREATED,module_or_model_default,runtime,ALGORITHM_STRUCTURE_LITERAL,,,False
app/engine_paper/command_ingestion_service.py,76:COMMAND_AND_ORDER_ALREADY_EXIST,'COMMAND_AND_ORDER_ALREADY_EXIST',COMMAND_AND_ORDER_ALREADY_EXIST,module_or_model_default,runtime,ALGORITHM_STRUCTURE_LITERAL,,,False
app/engine_paper/command_ingestion_service.py,77:UNCERTAIN_COMMIT_RESOLVED_COMMITTED,'UNCERTAIN_COMMIT_RESOLVED_COMMITTED',UNCERTAIN_COMMIT_RESOLVED_COMMITTED,module_or_model_default,runtime,ALGORITHM_STRUCTURE_LITERAL,,,False
app/engine_paper/command_ingestion_service.py,79:MODE_OFF,'MODE_OFF',MODE_OFF,module_or_model_default,runtime,IDENTITY_OR_PROTOCOL_LITERAL,,,False
app/engine_paper/command_ingestion_service.py,80:MODE_LIVE_FORBIDDEN,'MODE_LIVE_FORBIDDEN',MODE_LIVE_FORBIDDEN,module_or_model_default,runtime,IDENTITY_OR_PROTOCOL_LITERAL,,,False
app/engine_paper/command_ingestion_service.py,81:MODE_UNKNOWN,'MODE_UNKNOWN',MODE_UNKNOWN,module_or_model_default,runtime,IDENTITY_OR_PROTOCOL_LITERAL,,,False
app/engine_paper/command_ingestion_service.py,82:PAPER_AUTHORIZATION_MISSING,'PAPER_AUTHORIZATION_MISSING',PAPER_AUTHORIZATION_MISSING,module_or_model_default,runtime,ALGORITHM_STRUCTURE_LITERAL,,,False
app/engine_paper/command_ingestion_service.py,83:STRATEGY_APPROVAL_INVALID,'STRATEGY_APPROVAL_INVALID',STRATEGY_APPROVAL_INVALID,module_or_model_default,runtime,IDENTITY_OR_PROTOCOL_LITERAL,,,False
app/engine_paper/command_ingestion_service.py,84:QUANTITY_APPROVAL_INVALID,'QUANTITY_APPROVAL_INVALID',QUANTITY_APPROVAL_INVALID,module_or_model_default,runtime,IDENTITY_OR_PROTOCOL_LITERAL,,,False
app/engine_paper/command_ingestion_service.py,85:RISK_APPROVAL_INVALID,'RISK_APPROVAL_INVALID',RISK_APPROVAL_INVALID,module_or_model_default,runtime,IDENTITY_OR_PROTOCOL_LITERAL,,,False
app/engine_paper/command_ingestion_service.py,86:FINAL_APPROVAL_CHAIN_INCONSISTENT,'FINAL_APPROVAL_CHAIN_INCONSISTENT',FINAL_APPROVAL_CHAIN_INCONSISTENT,module_or_model_default,runtime,ALGORITHM_STRUCTURE_LITERAL,,,False
app/engine_paper/command_ingestion_service.py,87:FINAL_APPROVAL_EXPIRED,'FINAL_APPROVAL_EXPIRED',FINAL_APPROVAL_EXPIRED,module_or_model_default,runtime,ALGORITHM_STRUCTURE_LITERAL,,,False
app/engine_paper/command_ingestion_service.py,88:INPUT_STALE,'INPUT_STALE',INPUT_STALE,module_or_model_default,runtime,ALGORITHM_STRUCTURE_LITERAL,,,False
app/engine_paper/command_ingestion_service.py,89:INPUT_DEGRADED,'INPUT_DEGRADED',INPUT_DEGRADED,module_or_model_default,runtime,ALGORITHM_STRUCTURE_LITERAL,,,False
app/engine_paper/command_ingestion_service.py,90:FUTURE_DATA_REJECTED,'FUTURE_DATA_REJECTED',FUTURE_DATA_REJECTED,module_or_model_default,runtime,ALGORITHM_STRUCTURE_LITERAL,,,False
app/engine_paper/command_ingestion_service.py,91:POLICY_NOT_FOUND,'POLICY_NOT_FOUND',POLICY_NOT_FOUND,module_or_model_default,runtime,ALGORITHM_STRUCTURE_LITERAL,,,False
app/engine_paper/command_ingestion_service.py,92:POLICY_MISMATCH,'POLICY_MISMATCH',POLICY_MISMATCH,module_or_model_default,runtime,ALGORITHM_STRUCTURE_LITERAL,,,False
app/engine_paper/command_ingestion_service.py,93:INVALID_COMMAND_COMPATIBILITY,'INVALID_COMMAND_COMPATIBILITY',INVALID_COMMAND_COMPATIBILITY,module_or_model_default,runtime,IDENTITY_OR_PROTOCOL_LITERAL,,,False
app/engine_paper/command_ingestion_service.py,95:IDEMPOTENCY_CONFLICT,'IDEMPOTENCY_CONFLICT',IDEMPOTENCY_CONFLICT,module_or_model_default,runtime,IDENTITY_OR_PROTOCOL_LITERAL,,,False
app/engine_paper/command_ingestion_service.py,96:EXISTING_GRAPH_INCONSISTENT,'EXISTING_GRAPH_INCONSISTENT',EXISTING_GRAPH_INCONSISTENT,module_or_model_default,runtime,ALGORITHM_STRUCTURE_LITERAL,,,False
app/engine_paper/command_ingestion_service.py,97:CONSTRAINT_VIOLATION,'CONSTRAINT_VIOLATION',CONSTRAINT_VIOLATION,module_or_model_default,runtime,ALGORITHM_STRUCTURE_LITERAL,,,False
app/engine_paper/command_ingestion_service.py,98:TRANSIENT_DB_FAILURE,'TRANSIENT_DB_FAILURE',TRANSIENT_DB_FAILURE,module_or_model_default,runtime,ALGORITHM_STRUCTURE_LITERAL,,,False
app/engine_paper/command_ingestion_service.py,99:UNCERTAIN_COMMIT_RESOLVED_NOT_COMMITTED,'UNCERTAIN_COMMIT_RESOLVED_NOT_COMMITTED',UNCERTAIN_COMMIT_RESOLVED_NOT_COMMITTED,module_or_model_default,runtime,ALGORITHM_STRUCTURE_LITERAL,,,False
app/engine_paper/command_ingestion_service.py,102:UNCERTAIN_COMMIT_UNRESOLVED,'UNCERTAIN_COMMIT_UNRESOLVED',UNCERTAIN_COMMIT_UNRESOLVED,module_or_model_default,runtime,ALGORITHM_STRUCTURE_LITERAL,,,False
app/engine_paper/command_ingestion_service.py,103:INTERNAL_INVARIANT_FAILURE,'INTERNAL_INVARIANT_FAILURE',INTERNAL_INVARIANT_FAILURE,module_or_model_default,runtime,ALGORITHM_STRUCTURE_LITERAL,,,False
app/engine_paper/command_ingestion_service.py,107:OK,'PAPER_INGESTION_OK',OK,module_or_model_default,runtime,ALGORITHM_STRUCTURE_LITERAL,,,False
app/engine_paper/command_ingestion_service.py,108:MODE_OFF,'PAPER_INGESTION_MODE_OFF',MODE_OFF,module_or_model_default,runtime,IDENTITY_OR_PROTOCOL_LITERAL,,,False
app/engine_paper/command_ingestion_service.py,109:MODE_LIVE_FORBIDDEN,'PAPER_INGESTION_MODE_LIVE_FORBIDDEN',MODE_LIVE_FORBIDDEN,module_or_model_default,runtime,IDENTITY_OR_PROTOCOL_LITERAL,,,False
app/engine_paper/command_ingestion_service.py,110:MODE_UNKNOWN,'PAPER_INGESTION_MODE_UNKNOWN',MODE_UNKNOWN,module_or_model_default,runtime,IDENTITY_OR_PROTOCOL_LITERAL,,,False
app/engine_paper/command_ingestion_service.py,111:PAPER_AUTHORIZATION_MISSING,'PAPER_INGESTION_AUTHORIZATION_MISSING',PAPER_AUTHORIZATION_MISSING,module_or_model_default,runtime,ALGORITHM_STRUCTURE_LITERAL,,,False
app/engine_paper/command_ingestion_service.py,112:STRATEGY_APPROVAL_INVALID,'PAPER_INGESTION_STRATEGY_APPROVAL_INVALID',STRATEGY_APPROVAL_INVALID,module_or_model_default,runtime,IDENTITY_OR_PROTOCOL_LITERAL,,,False
app/engine_paper/command_ingestion_service.py,113:QUANTITY_APPROVAL_INVALID,'PAPER_INGESTION_QUANTITY_APPROVAL_INVALID',QUANTITY_APPROVAL_INVALID,module_or_model_default,runtime,IDENTITY_OR_PROTOCOL_LITERAL,,,False
app/engine_paper/command_ingestion_service.py,114:RISK_APPROVAL_INVALID,'PAPER_INGESTION_RISK_APPROVAL_INVALID',RISK_APPROVAL_INVALID,module_or_model_default,runtime,IDENTITY_OR_PROTOCOL_LITERAL,,,False
app/engine_paper/command_ingestion_service.py,115:FINAL_APPROVAL_CHAIN_INCONSISTENT,'PAPER_INGESTION_APPROVAL_CHAIN_INCONSISTENT',FINAL_APPROVAL_CHAIN_INCONSISTENT,module_or_model_default,runtime,ALGORITHM_STRUCTURE_LITERAL,,,False
app/engine_paper/command_ingestion_service.py,116:FINAL_APPROVAL_EXPIRED,'PAPER_INGESTION_APPROVAL_EXPIRED',FINAL_APPROVAL_EXPIRED,module_or_model_default,runtime,ALGORITHM_STRUCTURE_LITERAL,,,False
app/engine_paper/command_ingestion_service.py,117:INPUT_STALE,'PAPER_INGESTION_INPUT_STALE',INPUT_STALE,module_or_model_default,runtime,ALGORITHM_STRUCTURE_LITERAL,,,False
app/engine_paper/command_ingestion_service.py,118:INPUT_DEGRADED,'PAPER_INGESTION_INPUT_DEGRADED',INPUT_DEGRADED,module_or_model_default,runtime,ALGORITHM_STRUCTURE_LITERAL,,,False
app/engine_paper/command_ingestion_service.py,119:FUTURE_DATA_REJECTED,'PAPER_INGESTION_FUTURE_DATA_REJECTED',FUTURE_DATA_REJECTED,module_or_model_default,runtime,ALGORITHM_STRUCTURE_LITERAL,,,False
app/engine_paper/command_ingestion_service.py,120:POLICY_NOT_FOUND,'PAPER_INGESTION_POLICY_NOT_FOUND',POLICY_NOT_FOUND,module_or_model_default,runtime,ALGORITHM_STRUCTURE_LITERAL,,,False
app/engine_paper/command_ingestion_service.py,121:POLICY_MISMATCH,'PAPER_INGESTION_POLICY_MISMATCH',POLICY_MISMATCH,module_or_model_default,runtime,ALGORITHM_STRUCTURE_LITERAL,,,False
app/engine_paper/command_ingestion_service.py,122:INVALID_COMMAND_COMPATIBILITY,'PAPER_INGESTION_COMMAND_COMPATIBILITY_INVALID',INVALID_COMMAND_COMPATIBILITY,module_or_model_default,runtime,IDENTITY_OR_PROTOCOL_LITERAL,,,False
app/engine_paper/command_ingestion_service.py,123:IDEMPOTENCY_CONFLICT,'PAPER_INGESTION_IDEMPOTENCY_CONFLICT',IDEMPOTENCY_CONFLICT,module_or_model_default,runtime,IDENTITY_OR_PROTOCOL_LITERAL,,,False
app/engine_paper/command_ingestion_service.py,124:EXISTING_GRAPH_INCONSISTENT,'PAPER_INGESTION_EXISTING_GRAPH_INCONSISTENT',EXISTING_GRAPH_INCONSISTENT,module_or_model_default,runtime,ALGORITHM_STRUCTURE_LITERAL,,,False
app/engine_paper/command_ingestion_service.py,125:CONSTRAINT_VIOLATION,'PAPER_INGESTION_CONSTRAINT_VIOLATION',CONSTRAINT_VIOLATION,module_or_model_default,runtime,ALGORITHM_STRUCTURE_LITERAL,,,False
app/engine_paper/command_ingestion_service.py,126:TRANSIENT_DB_FAILURE,'PAPER_INGESTION_TRANSIENT_DB_FAILURE',TRANSIENT_DB_FAILURE,module_or_model_default,runtime,ALGORITHM_STRUCTURE_LITERAL,,,False
app/engine_paper/command_ingestion_service.py,127:UNCERTAIN_COMMIT_RESOLVED_NOT_COMMITTED,'PAPER_INGESTION_UNCERTAIN_COMMIT_NOT_COMMITTED',UNCERTAIN_COMMIT_RESOLVED_NOT_COMMITTED,module_or_model_default,runtime,ALGORITHM_STRUCTURE_LITERAL,,,False
app/engine_paper/command_ingestion_service.py,130:UNCERTAIN_COMMIT_UNRESOLVED,'PAPER_INGESTION_UNCERTAIN_COMMIT_UNRESOLVED',UNCERTAIN_COMMIT_UNRESOLVED,module_or_model_default,runtime,ALGORITHM_STRUCTURE_LITERAL,,,False
app/engine_paper/command_ingestion_service.py,131:INTERNAL_INVARIANT_FAILURE,'PAPER_INGESTION_INTERNAL_INVARIANT_FAILURE',INTERNAL_INVARIANT_FAILURE,module_or_model_default,runtime,ALGORITHM_STRUCTURE_LITERAL,,,False
app/engine_paper/command_ingestion_service.py,230:event_count,0,event_count,module_or_model_default,runtime,ALGORITHM_STRUCTURE_LITERAL,,,False
app/engine_paper/command_ingestion_service.py,231:journal_count,0,journal_count,module_or_model_default,runtime,ALGORITHM_STRUCTURE_LITERAL,,,False
app/engine_paper/command_ingestion_service.py,323:uncertain,False,uncertain,module_or_model_default,runtime,ALGORITHM_STRUCTURE_LITERAL,,,False
app/engine_paper/command_ingestion_service.py,441:uncertain,True,uncertain,module_or_model_default,runtime,ALGORITHM_STRUCTURE_LITERAL,,,False
app/engine_paper/continuous_authority.py,25:CONTROL_MODE,'CONTINUOUS',CONTROL_MODE,module_or_model_default,runtime,IDENTITY_OR_PROTOCOL_LITERAL,,,False
app/engine_paper/continuous_authority.py,26:CONTROL_MODE_VERSION,1,CONTROL_MODE_VERSION,module_or_model_default,runtime,IDENTITY_OR_PROTOCOL_LITERAL,,,False
app/engine_paper/continuous_authority.py,27:TRADING_DAY_TIMEZONE,'UTC',TRADING_DAY_TIMEZONE,module_or_model_default,runtime,ALGORITHM_STRUCTURE_LITERAL,,,False
app/engine_paper/continuous_authority.py,30:DAILY_COMMAND_BUDGET,10,DAILY_COMMAND_BUDGET,module_or_model_default,runtime,ALGORITHM_STRUCTURE_LITERAL,,,False
app/engine_paper/continuous_authority.py,37:PAPER_BUDGET_POLICY_VERSION,'scalping-v2-continuous-paper-statistics-v2',PAPER_BUDGET_POLICY_VERSION,module_or_model_default,runtime,IDENTITY_OR_PROTOCOL_LITERAL,,,False
app/engine_paper/continuous_authority.py,38:PAPER_BUDGET_POLICY_SOURCE,'USER_AUTHORIZED_VIRTUAL_PAPER_STATISTICS_POLICY',PAPER_BUDGET_POLICY_SOURCE,module_or_model_default,runtime,ALGORITHM_STRUCTURE_LITERAL,,,False
app/engine_paper/continuous_authority.py,39:PAPER_BUDGET_ENFORCEMENT_MODE,'PAPER_STATISTICS_ONLY',PAPER_BUDGET_ENFORCEMENT_MODE,module_or_model_default,runtime,IDENTITY_OR_PROTOCOL_LITERAL,,,False
app/engine_paper/continuous_authority.py,40:LIMITED_BUDGET_ENFORCEMENT_MODE,'REAL_MONEY_LIMITED',LIMITED_BUDGET_ENFORCEMENT_MODE,module_or_model_default,runtime,IDENTITY_OR_PROTOCOL_LITERAL,,,False
app/engine_paper/continuous_authority.py,41:ACTIVE_STATE,'CONTINUOUS_ARMED',ACTIVE_STATE,module_or_model_default,runtime,ALGORITHM_STRUCTURE_LITERAL,,,False
app/engine_paper/continuous_authority.py,42:PAUSED_STATE,'PAUSED_BY_RISK',PAUSED_STATE,module_or_model_default,runtime,ALGORITHM_STRUCTURE_LITERAL,,,False
app/engine_paper/controlled_quantity_validity.py,27:QUANTITY_POLICY_VERSION,'paper-quantity-policy-v1',QUANTITY_POLICY_VERSION,module_or_model_default,runtime,IDENTITY_OR_PROTOCOL_LITERAL,,,False
app/engine_paper/controlled_quantity_validity.py,28:VALIDITY_POLICY_VERSION,'paper-approval-validity-policy-v1',VALIDITY_POLICY_VERSION,module_or_model_default,runtime,IDENTITY_OR_PROTOCOL_LITERAL,,,False
app/engine_paper/controlled_quantity_validity.py,30:DECISION_TIMEFRAME_MS,900000,DECISION_TIMEFRAME_MS,module_or_model_default,runtime,ALGORITHM_STRUCTURE_LITERAL,,,False
app/engine_paper/controlled_quantity_validity.py,57:risk_parameter_source,'LEGACY_GENERAL_POLICY',risk_parameter_source,module_or_model_default,runtime,POLICY_VALUE_MUST_MOVE_TO_YAML,RESOLVED_BY_CANONICAL_REGISTRY,SEE_CANONICAL_REGISTRY,False
app/engine_paper/controlled_quantity_validity.py,72:source_timeframe,'15m',source_timeframe,module_or_model_default,runtime,ALGORITHM_STRUCTURE_LITERAL,,,False
app/engine_paper/controlled_runtime.py,39:PAPER_CONTROLLED_RUNTIME_CONFIGURATION_CONTRACT_VERSION,'PAPER_CONTROLLED_RUNTIME_CONFIGURATION_V1',PAPER_CONTROLLED_RUNTIME_CONFIGURATION_CONTRACT_VERSION,module_or_model_default,runtime,IDENTITY_OR_PROTOCOL_LITERAL,,,False
app/engine_paper/controlled_runtime.py,42:PAPER_CONTROLLED_RUNTIME_DRY_RUN_CONTRACT_VERSION,'PAPER_CONTROLLED_RUNTIME_DRY_RUN_V1',PAPER_CONTROLLED_RUNTIME_DRY_RUN_CONTRACT_VERSION,module_or_model_default,runtime,IDENTITY_OR_PROTOCOL_LITERAL,,,False
app/engine_paper/controlled_runtime.py,46:MAX_ALLOWED_SYMBOLS,32,MAX_ALLOWED_SYMBOLS,module_or_model_default,runtime,POLICY_VALUE_MUST_MOVE_TO_YAML,RESOLVED_BY_CANONICAL_REGISTRY,SEE_CANONICAL_REGISTRY,False
app/engine_paper/controlled_runtime.py,47:MAX_BLOCKING_REASONS,16,MAX_BLOCKING_REASONS,module_or_model_default,runtime,POLICY_VALUE_MUST_MOVE_TO_YAML,RESOLVED_BY_CANONICAL_REGISTRY,SEE_CANONICAL_REGISTRY,False
app/engine_paper/controlled_runtime.py,48:MAX_MISSING_INPUTS,4,MAX_MISSING_INPUTS,module_or_model_default,runtime,POLICY_VALUE_MUST_MOVE_TO_YAML,RESOLVED_BY_CANONICAL_REGISTRY,SEE_CANONICAL_REGISTRY,False
app/engine_paper/controlled_runtime.py,66:VALIDATE_CONFIGURATION,'VALIDATE_CONFIGURATION',VALIDATE_CONFIGURATION,module_or_model_default,runtime,IDENTITY_OR_PROTOCOL_LITERAL,,,False
app/engine_paper/controlled_runtime.py,67:DRY_RUN_PLAN,'DRY_RUN_PLAN',DRY_RUN_PLAN,module_or_model_default,runtime,ALGORITHM_STRUCTURE_LITERAL,,,False
app/engine_paper/controlled_runtime.py,68:SINGLE_CYCLE_CANARY,'SINGLE_CYCLE_CANARY',SINGLE_CYCLE_CANARY,module_or_model_default,runtime,ALGORITHM_STRUCTURE_LITERAL,,,False
app/engine_paper/controlled_runtime.py,69:BOUNDED_SEQUENCE_CANARY,'BOUNDED_SEQUENCE_CANARY',BOUNDED_SEQUENCE_CANARY,module_or_model_default,runtime,ALGORITHM_STRUCTURE_LITERAL,,,False
app/engine_paper/controlled_runtime.py,70:EXECUTE,'EXECUTE',EXECUTE,module_or_model_default,runtime,ALGORITHM_STRUCTURE_LITERAL,,,False
app/engine_paper/controlled_runtime.py,71:START,'START',START,module_or_model_default,runtime,ALGORITHM_STRUCTURE_LITERAL,,,False
app/engine_paper/controlled_runtime.py,72:RUN_CONTINUOUS,'RUN_CONTINUOUS',RUN_CONTINUOUS,module_or_model_default,runtime,ALGORITHM_STRUCTURE_LITERAL,,,False
app/engine_paper/controlled_runtime.py,73:DAEMON,'DAEMON',DAEMON,module_or_model_default,runtime,ALGORITHM_STRUCTURE_LITERAL,,,False
app/engine_paper/controlled_runtime.py,74:SCHEDULE,'SCHEDULE',SCHEDULE,module_or_model_default,runtime,ALGORITHM_STRUCTURE_LITERAL,,,False
app/engine_paper/controlled_runtime.py,75:LIVE,'LIVE',LIVE,module_or_model_default,runtime,ALGORITHM_STRUCTURE_LITERAL,,,False
app/engine_paper/controlled_runtime.py,79:ISOLATED_POSTGRESQL,'ISOLATED_POSTGRESQL',ISOLATED_POSTGRESQL,module_or_model_default,runtime,ALGORITHM_STRUCTURE_LITERAL,,,False
app/engine_paper/controlled_runtime.py,80:CONFIGURATION_ONLY,'CONFIGURATION_ONLY',CONFIGURATION_ONLY,module_or_model_default,runtime,ALGORITHM_STRUCTURE_LITERAL,,,False
app/engine_paper/controlled_runtime.py,81:PRODUCTION_READONLY_METADATA,'PRODUCTION_READONLY_METADATA',PRODUCTION_READONLY_METADATA,module_or_model_default,runtime,ALGORITHM_STRUCTURE_LITERAL,,,False
app/engine_paper/controlled_runtime.py,82:PRODUCTION_MUTATING,'PRODUCTION_MUTATING',PRODUCTION_MUTATING,module_or_model_default,runtime,ALGORITHM_STRUCTURE_LITERAL,,,False
app/engine_paper/controlled_runtime.py,86:SUPPLIED_ONLY,'SUPPLIED_ONLY',SUPPLIED_ONLY,module_or_model_default,runtime,ALGORITHM_STRUCTURE_LITERAL,,,False
app/engine_paper/controlled_runtime.py,90:NONE,'NONE',NONE,module_or_model_default,runtime,ALGORITHM_STRUCTURE_LITERAL,,,False
app/engine_paper/controlled_runtime.py,91:ISOLATED_READ_ONLY,'ISOLATED_READ_ONLY',ISOLATED_READ_ONLY,module_or_model_default,runtime,ALGORITHM_STRUCTURE_LITERAL,,,False
app/engine_paper/controlled_runtime.py,92:ISOLATED_CANARY_READ_WRITE,'ISOLATED_CANARY_READ_WRITE',ISOLATED_CANARY_READ_WRITE,module_or_model_default,runtime,ALGORITHM_STRUCTURE_LITERAL,,,False
app/engine_paper/controlled_runtime.py,93:PRODUCTION_READONLY_METADATA,'PRODUCTION_READONLY_METADATA',PRODUCTION_READONLY_METADATA,module_or_model_default,runtime,ALGORITHM_STRUCTURE_LITERAL,,,False
app/engine_paper/controlled_runtime.py,97:CONFIGURATION_VALID,'CONFIGURATION_VALID',CONFIGURATION_VALID,module_or_model_default,runtime,IDENTITY_OR_PROTOCOL_LITERAL,,,False
app/engine_paper/controlled_runtime.py,98:DRY_RUN_READY,'DRY_RUN_READY',DRY_RUN_READY,module_or_model_default,runtime,ALGORITHM_STRUCTURE_LITERAL,,,False
app/engine_paper/controlled_runtime.py,99:DRY_RUN_NEXT_STAGE_READY,'DRY_RUN_NEXT_STAGE_READY',DRY_RUN_NEXT_STAGE_READY,module_or_model_default,runtime,ALGORITHM_STRUCTURE_LITERAL,,,False
app/engine_paper/controlled_runtime.py,100:DRY_RUN_COMPLETE,'DRY_RUN_COMPLETE',DRY_RUN_COMPLETE,module_or_model_default,runtime,ALGORITHM_STRUCTURE_LITERAL,,,False
app/engine_paper/controlled_runtime.py,101:DRY_RUN_BLOCKED_AWAITING_INPUT,'DRY_RUN_BLOCKED_AWAITING_INPUT',DRY_RUN_BLOCKED_AWAITING_INPUT,module_or_model_default,runtime,ALGORITHM_STRUCTURE_LITERAL,,,False
app/engine_paper/controlled_runtime.py,102:DRY_RUN_CONFIGURATION_ONLY,'DRY_RUN_CONFIGURATION_ONLY',DRY_RUN_CONFIGURATION_ONLY,module_or_model_default,runtime,ALGORITHM_STRUCTURE_LITERAL,,,False
app/engine_paper/controlled_runtime.py,103:RUNTIME_DISABLED,'RUNTIME_DISABLED',RUNTIME_DISABLED,module_or_model_default,runtime,ALGORITHM_STRUCTURE_LITERAL,,,False
app/engine_paper/controlled_runtime.py,104:PAPER_AUTHORIZATION_MISSING,'PAPER_AUTHORIZATION_MISSING',PAPER_AUTHORIZATION_MISSING,module_or_model_default,runtime,ALGORITHM_STRUCTURE_LITERAL,,,False
app/engine_paper/controlled_runtime.py,105:MODE_OFF,'MODE_OFF',MODE_OFF,module_or_model_default,runtime,IDENTITY_OR_PROTOCOL_LITERAL,,,False
app/engine_paper/controlled_runtime.py,106:LIVE_FORBIDDEN,'LIVE_FORBIDDEN',LIVE_FORBIDDEN,module_or_model_default,runtime,IDENTITY_OR_PROTOCOL_LITERAL,,,False
app/engine_paper/controlled_runtime.py,107:UNSUPPORTED_RUNTIME_ACTION,'UNSUPPORTED_RUNTIME_ACTION',UNSUPPORTED_RUNTIME_ACTION,module_or_model_default,runtime,ALGORITHM_STRUCTURE_LITERAL,,,False
app/engine_paper/controlled_runtime.py,108:INVALID_TARGET,'INVALID_TARGET',INVALID_TARGET,module_or_model_default,runtime,IDENTITY_OR_PROTOCOL_LITERAL,,,False
app/engine_paper/controlled_runtime.py,109:INVALID_SCOPE,'INVALID_SCOPE',INVALID_SCOPE,module_or_model_default,runtime,IDENTITY_OR_PROTOCOL_LITERAL,,,False
app/engine_paper/controlled_runtime.py,110:MAX_STAGES_EXCEEDED,'MAX_STAGES_EXCEEDED',MAX_STAGES_EXCEEDED,module_or_model_default,runtime,POLICY_VALUE_MUST_MOVE_TO_YAML,RESOLVED_BY_CANONICAL_REGISTRY,SEE_CANONICAL_REGISTRY,False
app/engine_paper/controlled_runtime.py,111:SYMBOL_ALLOWLIST_EMPTY,'SYMBOL_ALLOWLIST_EMPTY',SYMBOL_ALLOWLIST_EMPTY,module_or_model_default,runtime,ALGORITHM_STRUCTURE_LITERAL,,,False
app/engine_paper/controlled_runtime.py,112:NETWORK_ACCESS_FORBIDDEN,'NETWORK_ACCESS_FORBIDDEN',NETWORK_ACCESS_FORBIDDEN,module_or_model_default,runtime,IDENTITY_OR_PROTOCOL_LITERAL,,,False
app/engine_paper/controlled_runtime.py,113:POLLING_FORBIDDEN,'POLLING_FORBIDDEN',POLLING_FORBIDDEN,module_or_model_default,runtime,IDENTITY_OR_PROTOCOL_LITERAL,,,False
app/engine_paper/controlled_runtime.py,114:SCHEDULER_FORBIDDEN,'SCHEDULER_FORBIDDEN',SCHEDULER_FORBIDDEN,module_or_model_default,runtime,IDENTITY_OR_PROTOCOL_LITERAL,,,False
app/engine_paper/controlled_runtime.py,115:DAEMON_FORBIDDEN,'DAEMON_FORBIDDEN',DAEMON_FORBIDDEN,module_or_model_default,runtime,IDENTITY_OR_PROTOCOL_LITERAL,,,False
app/engine_paper/controlled_runtime.py,116:PRODUCTION_MUTATION_FORBIDDEN,'PRODUCTION_MUTATION_FORBIDDEN',PRODUCTION_MUTATION_FORBIDDEN,module_or_model_default,runtime,IDENTITY_OR_PROTOCOL_LITERAL,,,False
app/engine_paper/controlled_runtime.py,117:RUNTIME_EXECUTION_NOT_IMPLEMENTED,'RUNTIME_EXECUTION_NOT_IMPLEMENTED',RUNTIME_EXECUTION_NOT_IMPLEMENTED,module_or_model_default,runtime,ALGORITHM_STRUCTURE_LITERAL,,,False
app/engine_paper/controlled_runtime.py,118:GRAPH_NOT_FOUND,'GRAPH_NOT_FOUND',GRAPH_NOT_FOUND,module_or_model_default,runtime,ALGORITHM_STRUCTURE_LITERAL,,,False
app/engine_paper/controlled_runtime.py,119:SOURCE_GRAPH_INCONSISTENT,'SOURCE_GRAPH_INCONSISTENT',SOURCE_GRAPH_INCONSISTENT,module_or_model_default,runtime,ALGORITHM_STRUCTURE_LITERAL,,,False
app/engine_paper/controlled_runtime.py,120:STALE_EXPECTED_VERSION,'STALE_EXPECTED_VERSION',STALE_EXPECTED_VERSION,module_or_model_default,runtime,IDENTITY_OR_PROTOCOL_LITERAL,,,False
app/engine_paper/controlled_runtime.py,121:SYMBOL_NOT_ALLOWED,'SYMBOL_NOT_ALLOWED',SYMBOL_NOT_ALLOWED,module_or_model_default,runtime,ALGORITHM_STRUCTURE_LITERAL,,,False
app/engine_paper/controlled_runtime.py,122:MISSING_APPROVAL_INPUT,'MISSING_APPROVAL_INPUT',MISSING_APPROVAL_INPUT,module_or_model_default,runtime,ALGORITHM_STRUCTURE_LITERAL,,,False
app/engine_paper/controlled_runtime.py,123:MISSING_ENTRY_INPUT,'MISSING_ENTRY_INPUT',MISSING_ENTRY_INPUT,module_or_model_default,runtime,ALGORITHM_STRUCTURE_LITERAL,,,False
app/engine_paper/controlled_runtime.py,124:MISSING_EXIT_WINDOW,'MISSING_EXIT_WINDOW',MISSING_EXIT_WINDOW,module_or_model_default,runtime,POLICY_VALUE_MUST_MOVE_TO_YAML,RESOLVED_BY_CANONICAL_REGISTRY,SEE_CANONICAL_REGISTRY,False
app/engine_paper/controlled_runtime.py,125:MISSING_CLOSE_INPUT,'MISSING_CLOSE_INPUT',MISSING_CLOSE_INPUT,module_or_model_default,runtime,ALGORITHM_STRUCTURE_LITERAL,,,False
app/engine_paper/controlled_runtime.py,126:INVALID_DRY_RUN_REQUEST,'INVALID_DRY_RUN_REQUEST',INVALID_DRY_RUN_REQUEST,module_or_model_default,runtime,IDENTITY_OR_PROTOCOL_LITERAL,,,False
app/engine_paper/controlled_runtime.py,127:READONLY_GRAPH_LOAD_FAILED,'READONLY_GRAPH_LOAD_FAILED',READONLY_GRAPH_LOAD_FAILED,module_or_model_default,runtime,ALGORITHM_STRUCTURE_LITERAL,,,False
app/engine_paper/controlled_runtime.py,128:INVALID_CONFIGURATION,'INVALID_CONFIGURATION',INVALID_CONFIGURATION,module_or_model_default,runtime,IDENTITY_OR_PROTOCOL_LITERAL,,,False
app/engine_paper/controlled_runtime.py,129:UNKNOWN_CONFIGURATION_FIELD,'UNKNOWN_CONFIGURATION_FIELD',UNKNOWN_CONFIGURATION_FIELD,module_or_model_default,runtime,ALGORITHM_STRUCTURE_LITERAL,,,False
app/engine_paper/controlled_runtime.py,130:CONTRACT_VERSION_MISSING,'CONTRACT_VERSION_MISSING',CONTRACT_VERSION_MISSING,module_or_model_default,runtime,IDENTITY_OR_PROTOCOL_LITERAL,,,False
app/engine_paper/controlled_runtime.py,131:UNSUPPORTED_CONTRACT_VERSION,'UNSUPPORTED_CONTRACT_VERSION',UNSUPPORTED_CONTRACT_VERSION,module_or_model_default,runtime,IDENTITY_OR_PROTOCOL_LITERAL,,,False
app/engine_paper/controlled_runtime.py,132:CONFIGURATION_TOO_LARGE,'CONFIGURATION_TOO_LARGE',CONFIGURATION_TOO_LARGE,module_or_model_default,runtime,ALGORITHM_STRUCTURE_LITERAL,,,False
app/engine_paper/controlled_runtime.py,133:CONFIGURATION_NOT_UTF8,'CONFIGURATION_NOT_UTF8',CONFIGURATION_NOT_UTF8,module_or_model_default,runtime,ALGORITHM_STRUCTURE_LITERAL,,,False
app/engine_paper/controlled_runtime.py,134:DUPLICATE_CONFIGURATION_KEY,'DUPLICATE_CONFIGURATION_KEY',DUPLICATE_CONFIGURATION_KEY,module_or_model_default,runtime,IDENTITY_OR_PROTOCOL_LITERAL,,,False
app/engine_paper/controlled_runtime.py,135:SENSITIVE_FIELD_FORBIDDEN,'SENSITIVE_FIELD_FORBIDDEN',SENSITIVE_FIELD_FORBIDDEN,module_or_model_default,runtime,IDENTITY_OR_PROTOCOL_LITERAL,,,False
app/engine_paper/controlled_runtime.py,136:CONFIGURATION_FILE_NOT_FOUND,'CONFIGURATION_FILE_NOT_FOUND',CONFIGURATION_FILE_NOT_FOUND,module_or_model_default,runtime,ALGORITHM_STRUCTURE_LITERAL,,,False
app/engine_paper/controlled_runtime.py,137:CONFIGURATION_FILE_READ_FAILED,'CONFIGURATION_FILE_READ_FAILED',CONFIGURATION_FILE_READ_FAILED,module_or_model_default,runtime,ALGORITHM_STRUCTURE_LITERAL,,,False
app/engine_paper/controlled_runtime.py,138:CANCELLED,'CANCELLED',CANCELLED,module_or_model_default,runtime,ALGORITHM_STRUCTURE_LITERAL,,,False
app/engine_paper/controlled_runtime.py,139:CANCELLED_AFTER_READ,'CANCELLED_AFTER_READ',CANCELLED_AFTER_READ,module_or_model_default,runtime,ALGORITHM_STRUCTURE_LITERAL,,,False
app/engine_paper/controlled_runtime.py,143:READY,'READY',READY,module_or_model_default,runtime,ALGORITHM_STRUCTURE_LITERAL,,,False
app/engine_paper/controlled_runtime.py,144:BLOCKED,'BLOCKED',BLOCKED,module_or_model_default,runtime,ALGORITHM_STRUCTURE_LITERAL,,,False
app/engine_paper/controlled_runtime.py,145:CONDITIONAL,'CONDITIONAL',CONDITIONAL,module_or_model_default,runtime,ALGORITHM_STRUCTURE_LITERAL,,,False
app/engine_paper/controlled_runtime.py,149:NOT_ACCESSED,'NOT_ACCESSED',NOT_ACCESSED,module_or_model_default,runtime,ALGORITHM_STRUCTURE_LITERAL,,,False
app/engine_paper/controlled_runtime.py,150:CONSISTENT,'CONSISTENT',CONSISTENT,module_or_model_default,runtime,ALGORITHM_STRUCTURE_LITERAL,,,False
app/engine_paper/controlled_runtime.py,151:INCONSISTENT,'INCONSISTENT',INCONSISTENT,module_or_model_default,runtime,ALGORITHM_STRUCTURE_LITERAL,,,False
app/engine_paper/controlled_runtime.py,152:NOT_FOUND,'NOT_FOUND',NOT_FOUND,module_or_model_default,runtime,ALGORITHM_STRUCTURE_LITERAL,,,False
app/engine_paper/controlled_runtime.py,153:LOAD_FAILED,'LOAD_FAILED',LOAD_FAILED,module_or_model_default,runtime,ALGORITHM_STRUCTURE_LITERAL,,,False
app/engine_paper/controlled_runtime.py,189:runtime_enabled,False,runtime_enabled,module_or_model_default,runtime,ALGORITHM_STRUCTURE_LITERAL,,,False
app/engine_paper/controlled_runtime.py,190:dry_run_enabled,True,dry_run_enabled,module_or_model_default,runtime,ALGORITHM_STRUCTURE_LITERAL,,,False
app/engine_paper/controlled_runtime.py,191:explicit_paper_authorization,False,explicit_paper_authorization,module_or_model_default,runtime,ALGORITHM_STRUCTURE_LITERAL,,,False
app/engine_paper/controlled_runtime.py,192:explicit_sequence_authorization,False,explicit_sequence_authorization,module_or_model_default,runtime,ALGORITHM_STRUCTURE_LITERAL,,,False
app/engine_paper/controlled_runtime.py,194:max_stages_per_cycle,1,max_stages_per_cycle,module_or_model_default,runtime,POLICY_VALUE_MUST_MOVE_TO_YAML,RESOLVED_BY_CANONICAL_REGISTRY,SEE_CANONICAL_REGISTRY,False
app/engine_paper/controlled_runtime.py,198:network_access_allowed,False,network_access_allowed,module_or_model_default,runtime,ALGORITHM_STRUCTURE_LITERAL,,,False
app/engine_paper/controlled_runtime.py,199:polling_allowed,False,polling_allowed,module_or_model_default,runtime,POLICY_VALUE_MUST_MOVE_TO_YAML,RESOLVED_BY_CANONICAL_REGISTRY,SEE_CANONICAL_REGISTRY,False
app/engine_paper/controlled_runtime.py,200:scheduler_allowed,False,scheduler_allowed,module_or_model_default,runtime,ALGORITHM_STRUCTURE_LITERAL,,,False
app/engine_paper/controlled_runtime.py,201:daemon_allowed,False,daemon_allowed,module_or_model_default,runtime,ALGORITHM_STRUCTURE_LITERAL,,,False
app/engine_paper/controlled_runtime.py,203:configuration_id,'paper-controlled-runtime-default',configuration_id,module_or_model_default,runtime,IDENTITY_OR_PROTOCOL_LITERAL,,,False
app/engine_paper/controlled_runtime.py,256:approval_input_available,False,approval_input_available,module_or_model_default,runtime,ALGORITHM_STRUCTURE_LITERAL,,,False
app/engine_paper/controlled_runtime.py,257:entry_input_available,False,entry_input_available,module_or_model_default,runtime,ALGORITHM_STRUCTURE_LITERAL,,,False
app/engine_paper/controlled_runtime.py,258:exit_window_available,False,exit_window_available,module_or_model_default,runtime,POLICY_VALUE_MUST_MOVE_TO_YAML,RESOLVED_BY_CANONICAL_REGISTRY,SEE_CANONICAL_REGISTRY,False
app/engine_paper/controlled_runtime.py,259:close_input_available,False,close_input_available,module_or_model_default,runtime,ALGORITHM_STRUCTURE_LITERAL,,,False
app/engine_paper/controlled_runtime.py,260:safety_exit_directive_available,False,safety_exit_directive_available,module_or_model_default,runtime,ALGORITHM_STRUCTURE_LITERAL,,,False
app/engine_paper/controlled_runtime.py,656:read_only,False,read_only,module_or_model_default,runtime,ALGORITHM_STRUCTURE_LITERAL,,,False
app/engine_paper/controlled_runtime.py,1023:count,1,count,module_or_model_default,runtime,ALGORITHM_STRUCTURE_LITERAL,,,False
app/engine_paper/controlled_runtime.py,660:read_only,True,read_only,module_or_model_default,runtime,ALGORITHM_STRUCTURE_LITERAL,,,False
app/engine_paper/controlled_runtime.py,1041:blocking,'FOLLOWING_STAGE_REQUIRES_FUTURE_PERSISTED_PRECONDITION',blocking,module_or_model_default,runtime,ALGORITHM_STRUCTURE_LITERAL,,,False
app/engine_paper/controlled_runtime_canary.py,54:TASK_ID,'TRADERS_ML_PAPER_TRADING_CONTROLLED_RUNTIME_SINGLE_CYCLE_CANARY_01_RETRY_02',TASK_ID,module_or_model_default,runtime,IDENTITY_OR_PROTOCOL_LITERAL,,,False
app/engine_paper/controlled_runtime_canary.py,57:PAPER_CONTROLLED_RUNTIME_CANARY_CONTRACT_VERSION,'PAPER_CONTROLLED_RUNTIME_SINGLE_CYCLE_CANARY_V1',PAPER_CONTROLLED_RUNTIME_CANARY_CONTRACT_VERSION,module_or_model_default,runtime,IDENTITY_OR_PROTOCOL_LITERAL,,,False
app/engine_paper/controlled_runtime_canary.py,60:PAPER_CONTROLLED_RUNTIME_CANARY_ARMING_VERSION,'PAPER_CONTROLLED_RUNTIME_CANARY_ARMING_V1',PAPER_CONTROLLED_RUNTIME_CANARY_ARMING_VERSION,module_or_model_default,runtime,IDENTITY_OR_PROTOCOL_LITERAL,,,False
app/engine_paper/controlled_runtime_canary.py,63:PAPER_CONTROLLED_RUNTIME_CANARY_TARGET_VERSION,'PAPER_CONTROLLED_RUNTIME_CANARY_TARGET_V1',PAPER_CONTROLLED_RUNTIME_CANARY_TARGET_VERSION,module_or_model_default,runtime,IDENTITY_OR_PROTOCOL_LITERAL,,,False
app/engine_paper/controlled_runtime_canary.py,66:CANARY_ACKNOWLEDGEMENT,'I_ACKNOWLEDGE_ONE_ISOLATED_PAPER_STAGE',CANARY_ACKNOWLEDGEMENT,module_or_model_default,runtime,ALGORITHM_STRUCTURE_LITERAL,,,False
app/engine_paper/controlled_runtime_canary.py,67:EXPECTED_MIGRATION_HEAD,'0015_trading_universe_activation',EXPECTED_MIGRATION_HEAD,module_or_model_default,runtime,ALGORITHM_STRUCTURE_LITERAL,,,False
app/engine_paper/controlled_runtime_canary.py,70:MAX_SAFE_RESULT_IDENTITIES,16,MAX_SAFE_RESULT_IDENTITIES,module_or_model_default,runtime,IDENTITY_OR_PROTOCOL_LITERAL,,,False
app/engine_paper/controlled_runtime_canary.py,71:MAX_SAFE_REASON_LENGTH,96,MAX_SAFE_REASON_LENGTH,module_or_model_default,runtime,POLICY_VALUE_MUST_MOVE_TO_YAML,RESOLVED_BY_CANONICAL_REGISTRY,SEE_CANONICAL_REGISTRY,False
app/engine_paper/controlled_runtime_canary.py,85:INGEST_COMMAND,'INGEST_COMMAND',INGEST_COMMAND,module_or_model_default,runtime,ALGORITHM_STRUCTURE_LITERAL,,,False
app/engine_paper/controlled_runtime_canary.py,86:EXECUTE_ENTRY,'EXECUTE_ENTRY',EXECUTE_ENTRY,module_or_model_default,runtime,ALGORITHM_STRUCTURE_LITERAL,,,False
app/engine_paper/controlled_runtime_canary.py,87:EVALUATE_EXIT_NO_TRIGGER,'EVALUATE_EXIT_NO_TRIGGER',EVALUATE_EXIT_NO_TRIGGER,module_or_model_default,runtime,ALGORITHM_STRUCTURE_LITERAL,,,False
app/engine_paper/controlled_runtime_canary.py,88:EVALUATE_EXIT_TRIGGER,'EVALUATE_EXIT_TRIGGER',EVALUATE_EXIT_TRIGGER,module_or_model_default,runtime,ALGORITHM_STRUCTURE_LITERAL,,,False
app/engine_paper/controlled_runtime_canary.py,89:EXECUTE_CLOSE,'EXECUTE_CLOSE',EXECUTE_CLOSE,module_or_model_default,runtime,ALGORITHM_STRUCTURE_LITERAL,,,False
app/engine_paper/controlled_runtime_canary.py,93:CANARY_STAGE_COMPLETED,'CANARY_STAGE_COMPLETED',CANARY_STAGE_COMPLETED,module_or_model_default,runtime,ALGORITHM_STRUCTURE_LITERAL,,,False
app/engine_paper/controlled_runtime_canary.py,94:CANARY_ALREADY_ADVANCED,'CANARY_ALREADY_ADVANCED',CANARY_ALREADY_ADVANCED,module_or_model_default,runtime,ALGORITHM_STRUCTURE_LITERAL,,,False
app/engine_paper/controlled_runtime_canary.py,95:CANARY_STAGE_IDEMPOTENT_EXISTING,'CANARY_STAGE_IDEMPOTENT_EXISTING',CANARY_STAGE_IDEMPOTENT_EXISTING,module_or_model_default,runtime,IDENTITY_OR_PROTOCOL_LITERAL,,,False
app/engine_paper/controlled_runtime_canary.py,96:CANARY_CONFIGURATION_INVALID,'CANARY_CONFIGURATION_INVALID',CANARY_CONFIGURATION_INVALID,module_or_model_default,runtime,IDENTITY_OR_PROTOCOL_LITERAL,,,False
app/engine_paper/controlled_runtime_canary.py,97:CANARY_TARGET_FORBIDDEN,'CANARY_TARGET_FORBIDDEN',CANARY_TARGET_FORBIDDEN,module_or_model_default,runtime,IDENTITY_OR_PROTOCOL_LITERAL,,,False
app/engine_paper/controlled_runtime_canary.py,98:CANARY_TARGET_IDENTITY_MISMATCH,'CANARY_TARGET_IDENTITY_MISMATCH',CANARY_TARGET_IDENTITY_MISMATCH,module_or_model_default,runtime,IDENTITY_OR_PROTOCOL_LITERAL,,,False
app/engine_paper/controlled_runtime_canary.py,99:CANARY_MIGRATION_HEAD_MISMATCH,'CANARY_MIGRATION_HEAD_MISMATCH',CANARY_MIGRATION_HEAD_MISMATCH,module_or_model_default,runtime,ALGORITHM_STRUCTURE_LITERAL,,,False
app/engine_paper/controlled_runtime_canary.py,100:CANARY_PAPER_AUTHORIZATION_MISSING,'CANARY_PAPER_AUTHORIZATION_MISSING',CANARY_PAPER_AUTHORIZATION_MISSING,module_or_model_default,runtime,ALGORITHM_STRUCTURE_LITERAL,,,False
app/engine_paper/controlled_runtime_canary.py,101:CANARY_LIVE_FORBIDDEN,'CANARY_LIVE_FORBIDDEN',CANARY_LIVE_FORBIDDEN,module_or_model_default,runtime,IDENTITY_OR_PROTOCOL_LITERAL,,,False
app/engine_paper/controlled_runtime_canary.py,102:CANARY_SCOPE_INVALID,'CANARY_SCOPE_INVALID',CANARY_SCOPE_INVALID,module_or_model_default,runtime,IDENTITY_OR_PROTOCOL_LITERAL,,,False
app/engine_paper/controlled_runtime_canary.py,103:CANARY_STAGE_LIMIT_INVALID,'CANARY_STAGE_LIMIT_INVALID',CANARY_STAGE_LIMIT_INVALID,module_or_model_default,runtime,IDENTITY_OR_PROTOCOL_LITERAL,,,False
app/engine_paper/controlled_runtime_canary.py,104:CANARY_NETWORK_FORBIDDEN,'CANARY_NETWORK_FORBIDDEN',CANARY_NETWORK_FORBIDDEN,module_or_model_default,runtime,IDENTITY_OR_PROTOCOL_LITERAL,,,False
app/engine_paper/controlled_runtime_canary.py,105:CANARY_POLLING_FORBIDDEN,'CANARY_POLLING_FORBIDDEN',CANARY_POLLING_FORBIDDEN,module_or_model_default,runtime,IDENTITY_OR_PROTOCOL_LITERAL,,,False
app/engine_paper/controlled_runtime_canary.py,106:CANARY_SCHEDULER_FORBIDDEN,'CANARY_SCHEDULER_FORBIDDEN',CANARY_SCHEDULER_FORBIDDEN,module_or_model_default,runtime,IDENTITY_OR_PROTOCOL_LITERAL,,,False
app/engine_paper/controlled_runtime_canary.py,107:CANARY_DAEMON_FORBIDDEN,'CANARY_DAEMON_FORBIDDEN',CANARY_DAEMON_FORBIDDEN,module_or_model_default,runtime,IDENTITY_OR_PROTOCOL_LITERAL,,,False
app/engine_paper/controlled_runtime_canary.py,108:CANARY_SYMBOL_NOT_ALLOWED,'CANARY_SYMBOL_NOT_ALLOWED',CANARY_SYMBOL_NOT_ALLOWED,module_or_model_default,runtime,ALGORITHM_STRUCTURE_LITERAL,,,False
app/engine_paper/controlled_runtime_canary.py,109:CANARY_GRAPH_INCONSISTENT,'CANARY_GRAPH_INCONSISTENT',CANARY_GRAPH_INCONSISTENT,module_or_model_default,runtime,ALGORITHM_STRUCTURE_LITERAL,,,False
app/engine_paper/controlled_runtime_canary.py,110:CANARY_EXPECTED_VERSION_STALE,'CANARY_EXPECTED_VERSION_STALE',CANARY_EXPECTED_VERSION_STALE,module_or_model_default,runtime,IDENTITY_OR_PROTOCOL_LITERAL,,,False
app/engine_paper/controlled_runtime_canary.py,111:CANARY_DRY_RUN_NOT_READY,'CANARY_DRY_RUN_NOT_READY',CANARY_DRY_RUN_NOT_READY,module_or_model_default,runtime,ALGORITHM_STRUCTURE_LITERAL,,,False
app/engine_paper/controlled_runtime_canary.py,112:CANARY_STAGE_MISMATCH,'CANARY_STAGE_MISMATCH',CANARY_STAGE_MISMATCH,module_or_model_default,runtime,ALGORITHM_STRUCTURE_LITERAL,,,False
app/engine_paper/controlled_runtime_canary.py,113:CANARY_GRAPH_CHANGED_AFTER_DRY_RUN,'CANARY_GRAPH_CHANGED_AFTER_DRY_RUN',CANARY_GRAPH_CHANGED_AFTER_DRY_RUN,module_or_model_default,runtime,ALGORITHM_STRUCTURE_LITERAL,,,False
app/engine_paper/controlled_runtime_canary.py,114:CANARY_ARMING_INVALID,'CANARY_ARMING_INVALID',CANARY_ARMING_INVALID,module_or_model_default,runtime,IDENTITY_OR_PROTOCOL_LITERAL,,,False
app/engine_paper/controlled_runtime_canary.py,115:CANARY_ARMING_EXPIRED,'CANARY_ARMING_EXPIRED',CANARY_ARMING_EXPIRED,module_or_model_default,runtime,POLICY_VALUE_MUST_MOVE_TO_YAML,RESOLVED_BY_CANONICAL_REGISTRY,SEE_CANONICAL_REGISTRY,False
app/engine_paper/controlled_runtime_canary.py,116:CANARY_CANCELLED_BEFORE_MUTATION,'CANARY_CANCELLED_BEFORE_MUTATION',CANARY_CANCELLED_BEFORE_MUTATION,module_or_model_default,runtime,ALGORITHM_STRUCTURE_LITERAL,,,False
app/engine_paper/controlled_runtime_canary.py,117:CANARY_CHILD_STAGE_FAILED,'CANARY_CHILD_STAGE_FAILED',CANARY_CHILD_STAGE_FAILED,module_or_model_default,runtime,ALGORITHM_STRUCTURE_LITERAL,,,False
app/engine_paper/controlled_runtime_canary.py,118:CANARY_CHILD_OUTCOME_UNEXPECTED,'CANARY_CHILD_OUTCOME_UNEXPECTED',CANARY_CHILD_OUTCOME_UNEXPECTED,module_or_model_default,runtime,ALGORITHM_STRUCTURE_LITERAL,,,False
app/engine_paper/controlled_runtime_canary.py,119:CANARY_POSTFLIGHT_GRAPH_INCONSISTENT,'CANARY_POSTFLIGHT_GRAPH_INCONSISTENT',CANARY_POSTFLIGHT_GRAPH_INCONSISTENT,module_or_model_default,runtime,ALGORITHM_STRUCTURE_LITERAL,,,False
app/engine_paper/controlled_runtime_canary.py,122:CANARY_MUTATION_BUDGET_EXCEEDED,'CANARY_MUTATION_BUDGET_EXCEEDED',CANARY_MUTATION_BUDGET_EXCEEDED,module_or_model_default,runtime,ALGORITHM_STRUCTURE_LITERAL,,,False
app/engine_paper/controlled_runtime_canary.py,123:CANARY_CANCELLED_AFTER_COMMITTED_STAGE,'CANARY_CANCELLED_AFTER_COMMITTED_STAGE',CANARY_CANCELLED_AFTER_COMMITTED_STAGE,module_or_model_default,runtime,ALGORITHM_STRUCTURE_LITERAL,,,False
app/engine_paper/controlled_runtime_canary.py,126:CANARY_POSTFLIGHT_READ_FAILED,'CANARY_POSTFLIGHT_READ_FAILED',CANARY_POSTFLIGHT_READ_FAILED,module_or_model_default,runtime,ALGORITHM_STRUCTURE_LITERAL,,,False
app/engine_paper/controlled_runtime_canary.py,127:CANARY_EXPLICIT_ACKNOWLEDGEMENT_MISSING,'CANARY_EXPLICIT_ACKNOWLEDGEMENT_MISSING',CANARY_EXPLICIT_ACKNOWLEDGEMENT_MISSING,module_or_model_default,runtime,ALGORITHM_STRUCTURE_LITERAL,,,False
app/engine_paper/controlled_runtime_canary.py,133:BEFORE_CONFIGURATION_VALIDATION,'BEFORE_CONFIGURATION_VALIDATION',BEFORE_CONFIGURATION_VALIDATION,module_or_model_default,runtime,IDENTITY_OR_PROTOCOL_LITERAL,,,False
app/engine_paper/controlled_runtime_canary.py,134:AFTER_CONFIGURATION_VALIDATION,'AFTER_CONFIGURATION_VALIDATION',AFTER_CONFIGURATION_VALIDATION,module_or_model_default,runtime,IDENTITY_OR_PROTOCOL_LITERAL,,,False
app/engine_paper/controlled_runtime_canary.py,135:BEFORE_ISOLATED_TARGET_VALIDATION,'BEFORE_ISOLATED_TARGET_VALIDATION',BEFORE_ISOLATED_TARGET_VALIDATION,module_or_model_default,runtime,IDENTITY_OR_PROTOCOL_LITERAL,,,False
app/engine_paper/controlled_runtime_canary.py,136:AFTER_TARGET_VALIDATION,'AFTER_TARGET_VALIDATION',AFTER_TARGET_VALIDATION,module_or_model_default,runtime,IDENTITY_OR_PROTOCOL_LITERAL,,,False
app/engine_paper/controlled_runtime_canary.py,137:BEFORE_DRY_RUN,'BEFORE_DRY_RUN',BEFORE_DRY_RUN,module_or_model_default,runtime,ALGORITHM_STRUCTURE_LITERAL,,,False
app/engine_paper/controlled_runtime_canary.py,138:AFTER_DRY_RUN,'AFTER_DRY_RUN',AFTER_DRY_RUN,module_or_model_default,runtime,ALGORITHM_STRUCTURE_LITERAL,,,False
app/engine_paper/controlled_runtime_canary.py,139:BEFORE_FINGERPRINT_CHECK,'BEFORE_FINGERPRINT_CHECK',BEFORE_FINGERPRINT_CHECK,module_or_model_default,runtime,ALGORITHM_STRUCTURE_LITERAL,,,False
app/engine_paper/controlled_runtime_canary.py,140:AFTER_FINGERPRINT_CHECK,'AFTER_FINGERPRINT_CHECK',AFTER_FINGERPRINT_CHECK,module_or_model_default,runtime,ALGORITHM_STRUCTURE_LITERAL,,,False
app/engine_paper/controlled_runtime_canary.py,141:BEFORE_WORKER_INVOCATION,'BEFORE_WORKER_INVOCATION',BEFORE_WORKER_INVOCATION,module_or_model_default,runtime,ALGORITHM_STRUCTURE_LITERAL,,,False
app/engine_paper/controlled_runtime_canary.py,142:AFTER_WORKER_RETURN_BEFORE_POSTFLIGHT,'AFTER_WORKER_RETURN_BEFORE_POSTFLIGHT',AFTER_WORKER_RETURN_BEFORE_POSTFLIGHT,module_or_model_default,runtime,ALGORITHM_STRUCTURE_LITERAL,,,False
app/engine_paper/controlled_runtime_canary.py,145:DURING_POSTFLIGHT_READ,'DURING_POSTFLIGHT_READ',DURING_POSTFLIGHT_READ,module_or_model_default,runtime,ALGORITHM_STRUCTURE_LITERAL,,,False
app/engine_paper/controlled_runtime_canary.py,146:AFTER_POSTFLIGHT_BEFORE_RESULT,'AFTER_POSTFLIGHT_BEFORE_RESULT',AFTER_POSTFLIGHT_BEFORE_RESULT,module_or_model_default,runtime,ALGORITHM_STRUCTURE_LITERAL,,,False
app/engine_paper/controlled_runtime_canary.py,263:command_inserts,0,command_inserts,module_or_model_default,runtime,ALGORITHM_STRUCTURE_LITERAL,,,False
app/engine_paper/controlled_runtime_canary.py,264:order_inserts,0,order_inserts,module_or_model_default,runtime,ALGORITHM_STRUCTURE_LITERAL,,,False
app/engine_paper/controlled_runtime_canary.py,265:order_updates,0,order_updates,module_or_model_default,runtime,ALGORITHM_STRUCTURE_LITERAL,,,False
app/engine_paper/controlled_runtime_canary.py,266:fill_inserts,0,fill_inserts,module_or_model_default,runtime,ALGORITHM_STRUCTURE_LITERAL,,,False
app/engine_paper/controlled_runtime_canary.py,267:position_inserts,0,position_inserts,module_or_model_default,runtime,ALGORITHM_STRUCTURE_LITERAL,,,False
app/engine_paper/controlled_runtime_canary.py,268:position_updates,0,position_updates,module_or_model_default,runtime,ALGORITHM_STRUCTURE_LITERAL,,,False
app/engine_paper/controlled_runtime_canary.py,269:cursor_inserts,0,cursor_inserts,module_or_model_default,runtime,ALGORITHM_STRUCTURE_LITERAL,,,False
app/engine_paper/controlled_runtime_canary.py,270:cursor_updates,0,cursor_updates,module_or_model_default,runtime,ALGORITHM_STRUCTURE_LITERAL,,,False
app/engine_paper/controlled_runtime_canary.py,271:exit_decision_inserts,0,exit_decision_inserts,module_or_model_default,runtime,ALGORITHM_STRUCTURE_LITERAL,,,False
app/engine_paper/controlled_runtime_canary.py,272:order_event_inserts,0,order_event_inserts,module_or_model_default,runtime,ALGORITHM_STRUCTURE_LITERAL,,,False
app/engine_paper/controlled_runtime_canary.py,273:journal_inserts,0,journal_inserts,module_or_model_default,runtime,ALGORITHM_STRUCTURE_LITERAL,,,False
app/engine_paper/controlled_runtime_canary.py,328:command_inserts,0,command_inserts,module_or_model_default,runtime,ALGORITHM_STRUCTURE_LITERAL,,,False
app/engine_paper/controlled_runtime_canary.py,329:order_inserts,0,order_inserts,module_or_model_default,runtime,ALGORITHM_STRUCTURE_LITERAL,,,False
app/engine_paper/controlled_runtime_canary.py,330:order_updates,0,order_updates,module_or_model_default,runtime,ALGORITHM_STRUCTURE_LITERAL,,,False
app/engine_paper/controlled_runtime_canary.py,331:fill_inserts,0,fill_inserts,module_or_model_default,runtime,ALGORITHM_STRUCTURE_LITERAL,,,False
app/engine_paper/controlled_runtime_canary.py,332:position_inserts,0,position_inserts,module_or_model_default,runtime,ALGORITHM_STRUCTURE_LITERAL,,,False
app/engine_paper/controlled_runtime_canary.py,333:position_updates,0,position_updates,module_or_model_default,runtime,ALGORITHM_STRUCTURE_LITERAL,,,False
app/engine_paper/controlled_runtime_canary.py,334:cursor_inserts,0,cursor_inserts,module_or_model_default,runtime,ALGORITHM_STRUCTURE_LITERAL,,,False
app/engine_paper/controlled_runtime_canary.py,335:cursor_updates,0,cursor_updates,module_or_model_default,runtime,ALGORITHM_STRUCTURE_LITERAL,,,False
app/engine_paper/controlled_runtime_canary.py,336:exit_decision_inserts,0,exit_decision_inserts,module_or_model_default,runtime,ALGORITHM_STRUCTURE_LITERAL,,,False
app/engine_paper/controlled_runtime_canary.py,337:order_event_inserts,0,order_event_inserts,module_or_model_default,runtime,ALGORITHM_STRUCTURE_LITERAL,,,False
app/engine_paper/controlled_runtime_canary.py,338:journal_inserts,0,journal_inserts,module_or_model_default,runtime,ALGORITHM_STRUCTURE_LITERAL,,,False
app/engine_paper/controlled_runtime_canary.py,711:worker_invocations,0,worker_invocations,module_or_model_default,runtime,ALGORITHM_STRUCTURE_LITERAL,,,False
app/engine_paper/controlled_runtime_canary.py,866:worker_invocations,1,worker_invocations,module_or_model_default,runtime,ALGORITHM_STRUCTURE_LITERAL,,,False
app/engine_paper/controlled_runtime_sequence_canary.py,50:TASK_ID,'TRADERS_ML_PAPER_TRADING_CONTROLLED_RUNTIME_BOUNDED_SEQUENCE_CANARY_01',TASK_ID,module_or_model_default,runtime,IDENTITY_OR_PROTOCOL_LITERAL,,,False
app/engine_paper/controlled_runtime_sequence_canary.py,53:PAPER_CONTROLLED_RUNTIME_BOUNDED_SEQUENCE_CONTRACT_VERSION,'PAPER_CONTROLLED_RUNTIME_BOUNDED_SEQUENCE_V1',PAPER_CONTROLLED_RUNTIME_BOUNDED_SEQUENCE_CONTRACT_VERSION,module_or_model_default,runtime,IDENTITY_OR_PROTOCOL_LITERAL,,,False
app/engine_paper/controlled_runtime_sequence_canary.py,56:PAPER_CONTROLLED_RUNTIME_BOUNDED_SEQUENCE_ARMING_VERSION,'PAPER_CONTROLLED_RUNTIME_BOUNDED_SEQUENCE_ARMING_V1',PAPER_CONTROLLED_RUNTIME_BOUNDED_SEQUENCE_ARMING_VERSION,module_or_model_default,runtime,IDENTITY_OR_PROTOCOL_LITERAL,,,False
app/engine_paper/controlled_runtime_sequence_canary.py,59:SEQUENCE_ACKNOWLEDGEMENT,'I_AUTHORIZE_THIS_EXACT_ORDERED_BOUNDED_ISOLATED_PAPER_SEQUENCE',SEQUENCE_ACKNOWLEDGEMENT,module_or_model_default,runtime,ALGORITHM_STRUCTURE_LITERAL,,,False
app/engine_paper/controlled_runtime_sequence_canary.py,62:MIN_SEQUENCE_STEPS,1,MIN_SEQUENCE_STEPS,module_or_model_default,runtime,POLICY_VALUE_MUST_MOVE_TO_YAML,RESOLVED_BY_CANONICAL_REGISTRY,SEE_CANONICAL_REGISTRY,False
app/engine_paper/controlled_runtime_sequence_canary.py,63:MAX_SEQUENCE_STEPS,5,MAX_SEQUENCE_STEPS,module_or_model_default,runtime,POLICY_VALUE_MUST_MOVE_TO_YAML,RESOLVED_BY_CANONICAL_REGISTRY,SEE_CANONICAL_REGISTRY,False
app/engine_paper/controlled_runtime_sequence_canary.py,64:MAX_WORKER_INVOCATIONS_PER_STEP,1,MAX_WORKER_INVOCATIONS_PER_STEP,module_or_model_default,runtime,POLICY_VALUE_MUST_MOVE_TO_YAML,RESOLVED_BY_CANONICAL_REGISTRY,SEE_CANONICAL_REGISTRY,False
app/engine_paper/controlled_runtime_sequence_canary.py,65:MAX_MUTATING_STAGES_PER_STEP,1,MAX_MUTATING_STAGES_PER_STEP,module_or_model_default,runtime,POLICY_VALUE_MUST_MOVE_TO_YAML,RESOLVED_BY_CANONICAL_REGISTRY,SEE_CANONICAL_REGISTRY,False
app/engine_paper/controlled_runtime_sequence_canary.py,66:MAX_TOTAL_WORKER_INVOCATIONS,5,MAX_TOTAL_WORKER_INVOCATIONS,module_or_model_default,runtime,POLICY_VALUE_MUST_MOVE_TO_YAML,RESOLVED_BY_CANONICAL_REGISTRY,SEE_CANONICAL_REGISTRY,False
app/engine_paper/controlled_runtime_sequence_canary.py,67:MAX_TOTAL_MUTATING_STAGES,5,MAX_TOTAL_MUTATING_STAGES,module_or_model_default,runtime,POLICY_VALUE_MUST_MOVE_TO_YAML,RESOLVED_BY_CANONICAL_REGISTRY,SEE_CANONICAL_REGISTRY,False
app/engine_paper/controlled_runtime_sequence_canary.py,71:SEQUENCE_COMPLETED,'SEQUENCE_COMPLETED',SEQUENCE_COMPLETED,module_or_model_default,runtime,ALGORITHM_STRUCTURE_LITERAL,,,False
app/engine_paper/controlled_runtime_sequence_canary.py,72:SEQUENCE_ALREADY_COMPLETED,'SEQUENCE_ALREADY_COMPLETED',SEQUENCE_ALREADY_COMPLETED,module_or_model_default,runtime,ALGORITHM_STRUCTURE_LITERAL,,,False
app/engine_paper/controlled_runtime_sequence_canary.py,73:SEQUENCE_PARTIAL_RESUMED_AND_COMPLETED,'SEQUENCE_PARTIAL_RESUMED_AND_COMPLETED',SEQUENCE_PARTIAL_RESUMED_AND_COMPLETED,module_or_model_default,runtime,ALGORITHM_STRUCTURE_LITERAL,,,False
app/engine_paper/controlled_runtime_sequence_canary.py,76:SEQUENCE_CONFIGURATION_INVALID,'SEQUENCE_CONFIGURATION_INVALID',SEQUENCE_CONFIGURATION_INVALID,module_or_model_default,runtime,IDENTITY_OR_PROTOCOL_LITERAL,,,False
app/engine_paper/controlled_runtime_sequence_canary.py,77:SEQUENCE_AUTHORIZATION_INVALID,'SEQUENCE_AUTHORIZATION_INVALID',SEQUENCE_AUTHORIZATION_INVALID,module_or_model_default,runtime,IDENTITY_OR_PROTOCOL_LITERAL,,,False
app/engine_paper/controlled_runtime_sequence_canary.py,78:SEQUENCE_PLAN_INVALID,'SEQUENCE_PLAN_INVALID',SEQUENCE_PLAN_INVALID,module_or_model_default,runtime,IDENTITY_OR_PROTOCOL_LITERAL,,,False
app/engine_paper/controlled_runtime_sequence_canary.py,79:SEQUENCE_TARGET_INVALID,'SEQUENCE_TARGET_INVALID',SEQUENCE_TARGET_INVALID,module_or_model_default,runtime,IDENTITY_OR_PROTOCOL_LITERAL,,,False
app/engine_paper/controlled_runtime_sequence_canary.py,80:SEQUENCE_EXPECTED_STATE_MISMATCH,'SEQUENCE_EXPECTED_STATE_MISMATCH',SEQUENCE_EXPECTED_STATE_MISMATCH,module_or_model_default,runtime,ALGORITHM_STRUCTURE_LITERAL,,,False
app/engine_paper/controlled_runtime_sequence_canary.py,81:SEQUENCE_RESUME_STATE_AMBIGUOUS,'SEQUENCE_RESUME_STATE_AMBIGUOUS',SEQUENCE_RESUME_STATE_AMBIGUOUS,module_or_model_default,runtime,ALGORITHM_STRUCTURE_LITERAL,,,False
app/engine_paper/controlled_runtime_sequence_canary.py,82:SEQUENCE_SINGLE_CYCLE_FAILED,'SEQUENCE_SINGLE_CYCLE_FAILED',SEQUENCE_SINGLE_CYCLE_FAILED,module_or_model_default,runtime,ALGORITHM_STRUCTURE_LITERAL,,,False
app/engine_paper/controlled_runtime_sequence_canary.py,83:SEQUENCE_MUTATION_BUDGET_MISMATCH,'SEQUENCE_MUTATION_BUDGET_MISMATCH',SEQUENCE_MUTATION_BUDGET_MISMATCH,module_or_model_default,runtime,ALGORITHM_STRUCTURE_LITERAL,,,False
app/engine_paper/controlled_runtime_sequence_canary.py,84:SEQUENCE_CANCELLED_BEFORE_FIRST_MUTATION,'SEQUENCE_CANCELLED_BEFORE_FIRST_MUTATION',SEQUENCE_CANCELLED_BEFORE_FIRST_MUTATION,module_or_model_default,runtime,ALGORITHM_STRUCTURE_LITERAL,,,False
app/engine_paper/controlled_runtime_sequence_canary.py,87:SEQUENCE_CANCELLED_WITH_DURABLE_PREFIX,'SEQUENCE_CANCELLED_WITH_DURABLE_PREFIX',SEQUENCE_CANCELLED_WITH_DURABLE_PREFIX,module_or_model_default,runtime,ALGORITHM_STRUCTURE_LITERAL,,,False
app/engine_paper/controlled_runtime_sequence_canary.py,90:SEQUENCE_CANCELLED_AFTER_COMPLETION,'SEQUENCE_CANCELLED_AFTER_COMPLETION',SEQUENCE_CANCELLED_AFTER_COMPLETION,module_or_model_default,runtime,ALGORITHM_STRUCTURE_LITERAL,,,False
app/engine_paper/controlled_runtime_sequence_canary.py,91:SEQUENCE_FAULT_BEFORE_FIRST_MUTATION,'SEQUENCE_FAULT_BEFORE_FIRST_MUTATION',SEQUENCE_FAULT_BEFORE_FIRST_MUTATION,module_or_model_default,runtime,ALGORITHM_STRUCTURE_LITERAL,,,False
app/engine_paper/controlled_runtime_sequence_canary.py,92:SEQUENCE_FAULT_WITH_DURABLE_PREFIX,'SEQUENCE_FAULT_WITH_DURABLE_PREFIX',SEQUENCE_FAULT_WITH_DURABLE_PREFIX,module_or_model_default,runtime,ALGORITHM_STRUCTURE_LITERAL,,,False
app/engine_paper/controlled_runtime_sequence_canary.py,96:BEFORE_SEQUENCE_VALIDATION,'BEFORE_SEQUENCE_VALIDATION',BEFORE_SEQUENCE_VALIDATION,module_or_model_default,runtime,IDENTITY_OR_PROTOCOL_LITERAL,,,False
app/engine_paper/controlled_runtime_sequence_canary.py,97:AFTER_SEQUENCE_VALIDATION,'AFTER_SEQUENCE_VALIDATION',AFTER_SEQUENCE_VALIDATION,module_or_model_default,runtime,IDENTITY_OR_PROTOCOL_LITERAL,,,False
app/engine_paper/controlled_runtime_sequence_canary.py,98:BEFORE_PREFIX_GRAPH_LOAD,'BEFORE_PREFIX_GRAPH_LOAD',BEFORE_PREFIX_GRAPH_LOAD,module_or_model_default,runtime,ALGORITHM_STRUCTURE_LITERAL,,,False
app/engine_paper/controlled_runtime_sequence_canary.py,99:AFTER_PREFIX_GRAPH_LOAD,'AFTER_PREFIX_GRAPH_LOAD',AFTER_PREFIX_GRAPH_LOAD,module_or_model_default,runtime,ALGORITHM_STRUCTURE_LITERAL,,,False
app/engine_paper/controlled_runtime_sequence_canary.py,100:BEFORE_STEP_GRAPH_LOAD,'BEFORE_STEP_GRAPH_LOAD',BEFORE_STEP_GRAPH_LOAD,module_or_model_default,runtime,ALGORITHM_STRUCTURE_LITERAL,,,False
app/engine_paper/controlled_runtime_sequence_canary.py,101:AFTER_STEP_GRAPH_LOAD,'AFTER_STEP_GRAPH_LOAD',AFTER_STEP_GRAPH_LOAD,module_or_model_default,runtime,ALGORITHM_STRUCTURE_LITERAL,,,False
app/engine_paper/controlled_runtime_sequence_canary.py,102:BEFORE_SINGLE_CYCLE_CALL,'BEFORE_SINGLE_CYCLE_CALL',BEFORE_SINGLE_CYCLE_CALL,module_or_model_default,runtime,ALGORITHM_STRUCTURE_LITERAL,,,False
app/engine_paper/controlled_runtime_sequence_canary.py,103:AFTER_SINGLE_CYCLE_CALL,'AFTER_SINGLE_CYCLE_CALL',AFTER_SINGLE_CYCLE_CALL,module_or_model_default,runtime,ALGORITHM_STRUCTURE_LITERAL,,,False
app/engine_paper/controlled_runtime_sequence_canary.py,104:BEFORE_FINAL_POSTFLIGHT,'BEFORE_FINAL_POSTFLIGHT',BEFORE_FINAL_POSTFLIGHT,module_or_model_default,runtime,ALGORITHM_STRUCTURE_LITERAL,,,False
app/engine_paper/controlled_runtime_sequence_canary.py,105:AFTER_FINAL_POSTFLIGHT,'AFTER_FINAL_POSTFLIGHT',AFTER_FINAL_POSTFLIGHT,module_or_model_default,runtime,ALGORITHM_STRUCTURE_LITERAL,,,False
app/engine_paper/controlled_runtime_sequence_canary.py,118:commands,0,commands,module_or_model_default,runtime,ALGORITHM_STRUCTURE_LITERAL,,,False
app/engine_paper/controlled_runtime_sequence_canary.py,119:orders,0,orders,module_or_model_default,runtime,ALGORITHM_STRUCTURE_LITERAL,,,False
app/engine_paper/controlled_runtime_sequence_canary.py,120:fills,0,fills,module_or_model_default,runtime,ALGORITHM_STRUCTURE_LITERAL,,,False
app/engine_paper/controlled_runtime_sequence_canary.py,121:positions,0,positions,module_or_model_default,runtime,ALGORITHM_STRUCTURE_LITERAL,,,False
app/engine_paper/controlled_runtime_sequence_canary.py,122:cursors,0,cursors,module_or_model_default,runtime,ALGORITHM_STRUCTURE_LITERAL,,,False
app/engine_paper/controlled_runtime_sequence_canary.py,123:exit_decisions,0,exit_decisions,module_or_model_default,runtime,ALGORITHM_STRUCTURE_LITERAL,,,False
app/engine_paper/controlled_runtime_sequence_canary.py,124:order_events,0,order_events,module_or_model_default,runtime,ALGORITHM_STRUCTURE_LITERAL,,,False
app/engine_paper/controlled_runtime_sequence_canary.py,125:journal_rows,0,journal_rows,module_or_model_default,runtime,ALGORITHM_STRUCTURE_LITERAL,,,False
app/engine_paper/controlled_runtime_sequence_canary.py,126:entity_updates_versions,0,entity_updates_versions,module_or_model_default,runtime,IDENTITY_OR_PROTOCOL_LITERAL,,,False
app/engine_paper/controlled_runtime_sequence_canary.py,127:fees,0,fees,module_or_model_default,runtime,ALGORITHM_STRUCTURE_LITERAL,,,False
app/engine_paper/controlled_runtime_sequence_canary.py,128:pnl,0,pnl,module_or_model_default,runtime,ALGORITHM_STRUCTURE_LITERAL,,,False
app/engine_paper/controlled_runtime_sequence_canary.py,230:stop_after_step,False,stop_after_step,module_or_model_default,runtime,ALGORITHM_STRUCTURE_LITERAL,,,False
app/engine_paper/controlled_runtime_sequence_canary.py,579:seen_incomplete,False,seen_incomplete,module_or_model_default,runtime,ALGORITHM_STRUCTURE_LITERAL,,,False
app/engine_paper/controlled_runtime_sequence_canary.py,580:prefix,0,prefix,module_or_model_default,runtime,ALGORITHM_STRUCTURE_LITERAL,,,False
app/engine_paper/controlled_runtime_sequence_canary.py,707:total_workers,0,total_workers,module_or_model_default,runtime,ALGORITHM_STRUCTURE_LITERAL,,,False
app/engine_paper/controlled_runtime_sequence_canary.py,708:total_mutating,0,total_mutating,module_or_model_default,runtime,ALGORITHM_STRUCTURE_LITERAL,,,False
app/engine_paper/controlled_runtime_sequence_canary.py,587:seen_incomplete,True,seen_incomplete,module_or_model_default,runtime,ALGORITHM_STRUCTURE_LITERAL,,,False
app/engine_paper/controlled_worker.py,57:PAPER_LIFECYCLE_CYCLE_CONTRACT_VERSION,'PAPER_LIFECYCLE_CYCLE_V1',PAPER_LIFECYCLE_CYCLE_CONTRACT_VERSION,module_or_model_default,runtime,IDENTITY_OR_PROTOCOL_LITERAL,,,False
app/engine_paper/controlled_worker.py,58:MAX_STAGES_PER_CYCLE,4,MAX_STAGES_PER_CYCLE,module_or_model_default,runtime,POLICY_VALUE_MUST_MOVE_TO_YAML,RESOLVED_BY_CANONICAL_REGISTRY,SEE_CANONICAL_REGISTRY,False
app/engine_paper/controlled_worker.py,59:MAX_STAGE_SERVICE_ATTEMPTS,1,MAX_STAGE_SERVICE_ATTEMPTS,module_or_model_default,runtime,POLICY_VALUE_MUST_MOVE_TO_YAML,RESOLVED_BY_CANONICAL_REGISTRY,SEE_CANONICAL_REGISTRY,False
app/engine_paper/controlled_worker.py,64:ADVANCE_ONE_LIFECYCLE_STEP,'ADVANCE_ONE_LIFECYCLE_STEP',ADVANCE_ONE_LIFECYCLE_STEP,module_or_model_default,runtime,ALGORITHM_STRUCTURE_LITERAL,,,False
app/engine_paper/controlled_worker.py,65:ADVANCE_UNTIL_BLOCKED_WITHIN_REQUEST,'ADVANCE_UNTIL_BLOCKED_WITHIN_REQUEST',ADVANCE_UNTIL_BLOCKED_WITHIN_REQUEST,module_or_model_default,runtime,ALGORITHM_STRUCTURE_LITERAL,,,False
app/engine_paper/controlled_worker.py,69:APPROVALS_ONLY,'APPROVALS_ONLY',APPROVALS_ONLY,module_or_model_default,runtime,ALGORITHM_STRUCTURE_LITERAL,,,False
app/engine_paper/controlled_worker.py,70:ENTRY_ORDER_OPEN,'ENTRY_ORDER_OPEN',ENTRY_ORDER_OPEN,module_or_model_default,runtime,ALGORITHM_STRUCTURE_LITERAL,,,False
app/engine_paper/controlled_worker.py,71:POSITION_OPEN_CURSOR_READY,'POSITION_OPEN_CURSOR_READY',POSITION_OPEN_CURSOR_READY,module_or_model_default,runtime,ALGORITHM_STRUCTURE_LITERAL,,,False
app/engine_paper/controlled_worker.py,72:POSITION_CLOSING_CLOSE_ORDER_OPEN,'POSITION_CLOSING_CLOSE_ORDER_OPEN',POSITION_CLOSING_CLOSE_ORDER_OPEN,module_or_model_default,runtime,ALGORITHM_STRUCTURE_LITERAL,,,False
app/engine_paper/controlled_worker.py,73:POSITION_CLOSED,'POSITION_CLOSED',POSITION_CLOSED,module_or_model_default,runtime,ALGORITHM_STRUCTURE_LITERAL,,,False
app/engine_paper/controlled_worker.py,74:INCONSISTENT,'INCONSISTENT',INCONSISTENT,module_or_model_default,runtime,ALGORITHM_STRUCTURE_LITERAL,,,False
app/engine_paper/controlled_worker.py,78:INGEST_COMMAND,'INGEST_COMMAND',INGEST_COMMAND,module_or_model_default,runtime,ALGORITHM_STRUCTURE_LITERAL,,,False
app/engine_paper/controlled_worker.py,79:EXECUTE_ENTRY,'EXECUTE_ENTRY',EXECUTE_ENTRY,module_or_model_default,runtime,ALGORITHM_STRUCTURE_LITERAL,,,False
app/engine_paper/controlled_worker.py,80:EVALUATE_EXIT,'EVALUATE_EXIT',EVALUATE_EXIT,module_or_model_default,runtime,ALGORITHM_STRUCTURE_LITERAL,,,False
app/engine_paper/controlled_worker.py,81:EXECUTE_CLOSE,'EXECUTE_CLOSE',EXECUTE_CLOSE,module_or_model_default,runtime,ALGORITHM_STRUCTURE_LITERAL,,,False
app/engine_paper/controlled_worker.py,82:COMPLETE,'COMPLETE',COMPLETE,module_or_model_default,runtime,ALGORITHM_STRUCTURE_LITERAL,,,False
app/engine_paper/controlled_worker.py,83:BLOCKED,'BLOCKED',BLOCKED,module_or_model_default,runtime,ALGORITHM_STRUCTURE_LITERAL,,,False
app/engine_paper/controlled_worker.py,84:FAILED,'FAILED',FAILED,module_or_model_default,runtime,ALGORITHM_STRUCTURE_LITERAL,,,False
app/engine_paper/controlled_worker.py,85:CANCELLED,'CANCELLED',CANCELLED,module_or_model_default,runtime,ALGORITHM_STRUCTURE_LITERAL,,,False
app/engine_paper/controlled_worker.py,89:CYCLE_STAGE_COMPLETED,'CYCLE_STAGE_COMPLETED',CYCLE_STAGE_COMPLETED,module_or_model_default,runtime,ALGORITHM_STRUCTURE_LITERAL,,,False
app/engine_paper/controlled_worker.py,90:CYCLE_ALREADY_AT_REQUESTED_STATE,'CYCLE_ALREADY_AT_REQUESTED_STATE',CYCLE_ALREADY_AT_REQUESTED_STATE,module_or_model_default,runtime,ALGORITHM_STRUCTURE_LITERAL,,,False
app/engine_paper/controlled_worker.py,91:CYCLE_COMPLETE,'CYCLE_COMPLETE',CYCLE_COMPLETE,module_or_model_default,runtime,ALGORITHM_STRUCTURE_LITERAL,,,False
app/engine_paper/controlled_worker.py,92:CYCLE_BLOCKED_AWAITING_INPUT,'CYCLE_BLOCKED_AWAITING_INPUT',CYCLE_BLOCKED_AWAITING_INPUT,module_or_model_default,runtime,ALGORITHM_STRUCTURE_LITERAL,,,False
app/engine_paper/controlled_worker.py,93:CYCLE_MAX_STAGES_REACHED,'CYCLE_MAX_STAGES_REACHED',CYCLE_MAX_STAGES_REACHED,module_or_model_default,runtime,POLICY_VALUE_MUST_MOVE_TO_YAML,RESOLVED_BY_CANONICAL_REGISTRY,SEE_CANONICAL_REGISTRY,False
app/engine_paper/controlled_worker.py,94:CANCELLED_AFTER_COMMITTED_STAGE,'CANCELLED_AFTER_COMMITTED_STAGE',CANCELLED_AFTER_COMMITTED_STAGE,module_or_model_default,runtime,ALGORITHM_STRUCTURE_LITERAL,,,False
app/engine_paper/controlled_worker.py,95:MODE_OFF,'MODE_OFF',MODE_OFF,module_or_model_default,runtime,IDENTITY_OR_PROTOCOL_LITERAL,,,False
app/engine_paper/controlled_worker.py,96:MODE_LIVE_FORBIDDEN,'MODE_LIVE_FORBIDDEN',MODE_LIVE_FORBIDDEN,module_or_model_default,runtime,IDENTITY_OR_PROTOCOL_LITERAL,,,False
app/engine_paper/controlled_worker.py,97:MODE_UNKNOWN,'MODE_UNKNOWN',MODE_UNKNOWN,module_or_model_default,runtime,IDENTITY_OR_PROTOCOL_LITERAL,,,False
app/engine_paper/controlled_worker.py,98:PAPER_AUTHORIZATION_MISSING,'PAPER_AUTHORIZATION_MISSING',PAPER_AUTHORIZATION_MISSING,module_or_model_default,runtime,ALGORITHM_STRUCTURE_LITERAL,,,False
app/engine_paper/controlled_worker.py,99:INVALID_CYCLE_SCOPE,'INVALID_CYCLE_SCOPE',INVALID_CYCLE_SCOPE,module_or_model_default,runtime,IDENTITY_OR_PROTOCOL_LITERAL,,,False
app/engine_paper/controlled_worker.py,100:INVALID_STAGE_INPUT,'INVALID_STAGE_INPUT',INVALID_STAGE_INPUT,module_or_model_default,runtime,IDENTITY_OR_PROTOCOL_LITERAL,,,False
app/engine_paper/controlled_worker.py,101:MISSING_APPROVAL_CHAIN,'MISSING_APPROVAL_CHAIN',MISSING_APPROVAL_CHAIN,module_or_model_default,runtime,ALGORITHM_STRUCTURE_LITERAL,,,False
app/engine_paper/controlled_worker.py,102:MISSING_ENTRY_CANDLE_INPUT,'MISSING_ENTRY_CANDLE_INPUT',MISSING_ENTRY_CANDLE_INPUT,module_or_model_default,runtime,ALGORITHM_STRUCTURE_LITERAL,,,False
app/engine_paper/controlled_worker.py,103:MISSING_EXIT_WINDOW_INPUT,'MISSING_EXIT_WINDOW_INPUT',MISSING_EXIT_WINDOW_INPUT,module_or_model_default,runtime,POLICY_VALUE_MUST_MOVE_TO_YAML,RESOLVED_BY_CANONICAL_REGISTRY,SEE_CANONICAL_REGISTRY,False
app/engine_paper/controlled_worker.py,104:MISSING_CLOSE_CANDLE_INPUT,'MISSING_CLOSE_CANDLE_INPUT',MISSING_CLOSE_CANDLE_INPUT,module_or_model_default,runtime,ALGORITHM_STRUCTURE_LITERAL,,,False
app/engine_paper/controlled_worker.py,105:CANCELLED,'CANCELLED',CANCELLED,module_or_model_default,runtime,ALGORITHM_STRUCTURE_LITERAL,,,False
app/engine_paper/controlled_worker.py,106:SOURCE_GRAPH_INCONSISTENT,'SOURCE_GRAPH_INCONSISTENT',SOURCE_GRAPH_INCONSISTENT,module_or_model_default,runtime,ALGORITHM_STRUCTURE_LITERAL,,,False
app/engine_paper/controlled_worker.py,107:STALE_EXPECTED_VERSION,'STALE_EXPECTED_VERSION',STALE_EXPECTED_VERSION,module_or_model_default,runtime,IDENTITY_OR_PROTOCOL_LITERAL,,,False
app/engine_paper/controlled_worker.py,108:UNSUPPORTED_LIFECYCLE_STATE,'UNSUPPORTED_LIFECYCLE_STATE',UNSUPPORTED_LIFECYCLE_STATE,module_or_model_default,runtime,ALGORITHM_STRUCTURE_LITERAL,,,False
app/engine_paper/controlled_worker.py,109:IDEMPOTENCY_CONFLICT,'IDEMPOTENCY_CONFLICT',IDEMPOTENCY_CONFLICT,module_or_model_default,runtime,IDENTITY_OR_PROTOCOL_LITERAL,,,False
app/engine_paper/controlled_worker.py,110:EXISTING_GRAPH_INCONSISTENT,'EXISTING_GRAPH_INCONSISTENT',EXISTING_GRAPH_INCONSISTENT,module_or_model_default,runtime,ALGORITHM_STRUCTURE_LITERAL,,,False
app/engine_paper/controlled_worker.py,111:INGESTION_STAGE_FAILED,'INGESTION_STAGE_FAILED',INGESTION_STAGE_FAILED,module_or_model_default,runtime,ALGORITHM_STRUCTURE_LITERAL,,,False
app/engine_paper/controlled_worker.py,112:ENTRY_EXECUTION_STAGE_FAILED,'ENTRY_EXECUTION_STAGE_FAILED',ENTRY_EXECUTION_STAGE_FAILED,module_or_model_default,runtime,ALGORITHM_STRUCTURE_LITERAL,,,False
app/engine_paper/controlled_worker.py,113:EXIT_EVALUATION_STAGE_FAILED,'EXIT_EVALUATION_STAGE_FAILED',EXIT_EVALUATION_STAGE_FAILED,module_or_model_default,runtime,ALGORITHM_STRUCTURE_LITERAL,,,False
app/engine_paper/controlled_worker.py,114:CLOSE_EXECUTION_STAGE_FAILED,'CLOSE_EXECUTION_STAGE_FAILED',CLOSE_EXECUTION_STAGE_FAILED,module_or_model_default,runtime,ALGORITHM_STRUCTURE_LITERAL,,,False
app/engine_paper/controlled_worker.py,115:UNCERTAIN_COMMIT_UNRESOLVED,'UNCERTAIN_COMMIT_UNRESOLVED',UNCERTAIN_COMMIT_UNRESOLVED,module_or_model_default,runtime,ALGORITHM_STRUCTURE_LITERAL,,,False
app/engine_paper/controlled_worker.py,116:TRANSIENT_DB_FAILURE,'TRANSIENT_DB_FAILURE',TRANSIENT_DB_FAILURE,module_or_model_default,runtime,ALGORITHM_STRUCTURE_LITERAL,,,False
app/engine_paper/controlled_worker.py,117:INTERNAL_INVARIANT_FAILURE,'INTERNAL_INVARIANT_FAILURE',INTERNAL_INVARIANT_FAILURE,module_or_model_default,runtime,ALGORITHM_STRUCTURE_LITERAL,,,False
app/engine_paper/controlled_worker.py,121:OK,'PAPER_LIFECYCLE_OK',OK,module_or_model_default,runtime,ALGORITHM_STRUCTURE_LITERAL,,,False
app/engine_paper/controlled_worker.py,122:COMPLETE,'PAPER_LIFECYCLE_COMPLETE',COMPLETE,module_or_model_default,runtime,ALGORITHM_STRUCTURE_LITERAL,,,False
app/engine_paper/controlled_worker.py,123:MAX_STAGES,'PAPER_LIFECYCLE_MAX_STAGES_REACHED',MAX_STAGES,module_or_model_default,runtime,POLICY_VALUE_MUST_MOVE_TO_YAML,RESOLVED_BY_CANONICAL_REGISTRY,SEE_CANONICAL_REGISTRY,False
app/engine_paper/controlled_worker.py,124:MODE_OFF,'PAPER_LIFECYCLE_MODE_OFF',MODE_OFF,module_or_model_default,runtime,IDENTITY_OR_PROTOCOL_LITERAL,,,False
app/engine_paper/controlled_worker.py,125:MODE_LIVE_FORBIDDEN,'PAPER_LIFECYCLE_MODE_LIVE_FORBIDDEN',MODE_LIVE_FORBIDDEN,module_or_model_default,runtime,IDENTITY_OR_PROTOCOL_LITERAL,,,False
app/engine_paper/controlled_worker.py,126:MODE_UNKNOWN,'PAPER_LIFECYCLE_MODE_UNKNOWN',MODE_UNKNOWN,module_or_model_default,runtime,IDENTITY_OR_PROTOCOL_LITERAL,,,False
app/engine_paper/controlled_worker.py,127:AUTHORIZATION_MISSING,'PAPER_LIFECYCLE_AUTHORIZATION_MISSING',AUTHORIZATION_MISSING,module_or_model_default,runtime,ALGORITHM_STRUCTURE_LITERAL,,,False
app/engine_paper/controlled_worker.py,128:INVALID_SCOPE,'PAPER_LIFECYCLE_INVALID_SCOPE',INVALID_SCOPE,module_or_model_default,runtime,IDENTITY_OR_PROTOCOL_LITERAL,,,False
app/engine_paper/controlled_worker.py,129:INVALID_STAGE_INPUT,'PAPER_LIFECYCLE_INVALID_STAGE_INPUT',INVALID_STAGE_INPUT,module_or_model_default,runtime,IDENTITY_OR_PROTOCOL_LITERAL,,,False
app/engine_paper/controlled_worker.py,130:MISSING_APPROVAL_CHAIN,'PAPER_LIFECYCLE_MISSING_APPROVAL_CHAIN',MISSING_APPROVAL_CHAIN,module_or_model_default,runtime,ALGORITHM_STRUCTURE_LITERAL,,,False
app/engine_paper/controlled_worker.py,131:MISSING_ENTRY_INPUT,'PAPER_LIFECYCLE_MISSING_ENTRY_CANDLE_INPUT',MISSING_ENTRY_INPUT,module_or_model_default,runtime,ALGORITHM_STRUCTURE_LITERAL,,,False
app/engine_paper/controlled_worker.py,132:MISSING_EXIT_INPUT,'PAPER_LIFECYCLE_MISSING_EXIT_WINDOW_INPUT',MISSING_EXIT_INPUT,module_or_model_default,runtime,ALGORITHM_STRUCTURE_LITERAL,,,False
app/engine_paper/controlled_worker.py,133:MISSING_CLOSE_INPUT,'PAPER_LIFECYCLE_MISSING_CLOSE_CANDLE_INPUT',MISSING_CLOSE_INPUT,module_or_model_default,runtime,ALGORITHM_STRUCTURE_LITERAL,,,False
app/engine_paper/controlled_worker.py,134:CANCELLED,'PAPER_LIFECYCLE_CANCELLED',CANCELLED,module_or_model_default,runtime,ALGORITHM_STRUCTURE_LITERAL,,,False
app/engine_paper/controlled_worker.py,135:CANCELLED_AFTER_COMMIT,'PAPER_LIFECYCLE_CANCELLED_AFTER_COMMIT',CANCELLED_AFTER_COMMIT,module_or_model_default,runtime,ALGORITHM_STRUCTURE_LITERAL,,,False
app/engine_paper/controlled_worker.py,136:SOURCE_GRAPH_INCONSISTENT,'PAPER_LIFECYCLE_SOURCE_GRAPH_INCONSISTENT',SOURCE_GRAPH_INCONSISTENT,module_or_model_default,runtime,ALGORITHM_STRUCTURE_LITERAL,,,False
app/engine_paper/controlled_worker.py,137:EXISTING_GRAPH_INCONSISTENT,'PAPER_LIFECYCLE_EXISTING_GRAPH_INCONSISTENT',EXISTING_GRAPH_INCONSISTENT,module_or_model_default,runtime,ALGORITHM_STRUCTURE_LITERAL,,,False
app/engine_paper/controlled_worker.py,138:STALE_EXPECTED_VERSION,'PAPER_LIFECYCLE_STALE_EXPECTED_VERSION',STALE_EXPECTED_VERSION,module_or_model_default,runtime,IDENTITY_OR_PROTOCOL_LITERAL,,,False
app/engine_paper/controlled_worker.py,139:UNSUPPORTED_STATE,'PAPER_LIFECYCLE_UNSUPPORTED_STATE',UNSUPPORTED_STATE,module_or_model_default,runtime,ALGORITHM_STRUCTURE_LITERAL,,,False
app/engine_paper/controlled_worker.py,140:IDEMPOTENCY_CONFLICT,'PAPER_LIFECYCLE_IDEMPOTENCY_CONFLICT',IDEMPOTENCY_CONFLICT,module_or_model_default,runtime,IDENTITY_OR_PROTOCOL_LITERAL,,,False
app/engine_paper/controlled_worker.py,141:INGESTION_FAILED,'PAPER_LIFECYCLE_INGESTION_STAGE_FAILED',INGESTION_FAILED,module_or_model_default,runtime,ALGORITHM_STRUCTURE_LITERAL,,,False
app/engine_paper/controlled_worker.py,142:ENTRY_FAILED,'PAPER_LIFECYCLE_ENTRY_STAGE_FAILED',ENTRY_FAILED,module_or_model_default,runtime,ALGORITHM_STRUCTURE_LITERAL,,,False
app/engine_paper/controlled_worker.py,143:EXIT_FAILED,'PAPER_LIFECYCLE_EXIT_STAGE_FAILED',EXIT_FAILED,module_or_model_default,runtime,ALGORITHM_STRUCTURE_LITERAL,,,False
app/engine_paper/controlled_worker.py,144:CLOSE_FAILED,'PAPER_LIFECYCLE_CLOSE_STAGE_FAILED',CLOSE_FAILED,module_or_model_default,runtime,ALGORITHM_STRUCTURE_LITERAL,,,False
app/engine_paper/controlled_worker.py,145:UNCERTAIN_COMMIT_UNRESOLVED,'PAPER_LIFECYCLE_UNCERTAIN_COMMIT_UNRESOLVED',UNCERTAIN_COMMIT_UNRESOLVED,module_or_model_default,runtime,ALGORITHM_STRUCTURE_LITERAL,,,False
app/engine_paper/controlled_worker.py,146:TRANSIENT_DB_FAILURE,'PAPER_LIFECYCLE_TRANSIENT_DB_FAILURE',TRANSIENT_DB_FAILURE,module_or_model_default,runtime,ALGORITHM_STRUCTURE_LITERAL,,,False
app/engine_paper/controlled_worker.py,147:INTERNAL_INVARIANT,'PAPER_LIFECYCLE_INTERNAL_INVARIANT_FAILURE',INTERNAL_INVARIANT,module_or_model_default,runtime,ALGORITHM_STRUCTURE_LITERAL,,,False
app/engine_paper/controlled_worker.py,151:BEFORE_GRAPH_LOAD,'BEFORE_GRAPH_LOAD',BEFORE_GRAPH_LOAD,module_or_model_default,runtime,ALGORITHM_STRUCTURE_LITERAL,,,False
app/engine_paper/controlled_worker.py,152:AFTER_GRAPH_LOAD,'AFTER_GRAPH_LOAD',AFTER_GRAPH_LOAD,module_or_model_default,runtime,ALGORITHM_STRUCTURE_LITERAL,,,False
app/engine_paper/controlled_worker.py,153:BEFORE_CHILD_INVOCATION,'BEFORE_CHILD_INVOCATION',BEFORE_CHILD_INVOCATION,module_or_model_default,runtime,ALGORITHM_STRUCTURE_LITERAL,,,False
app/engine_paper/controlled_worker.py,154:AFTER_CHILD_SUCCESS_BEFORE_GRAPH_RELOAD,'AFTER_CHILD_SUCCESS_BEFORE_GRAPH_RELOAD',AFTER_CHILD_SUCCESS_BEFORE_GRAPH_RELOAD,module_or_model_default,runtime,ALGORITHM_STRUCTURE_LITERAL,,,False
app/engine_paper/controlled_worker.py,157:DURING_GRAPH_RELOAD,'DURING_GRAPH_RELOAD',DURING_GRAPH_RELOAD,module_or_model_default,runtime,ALGORITHM_STRUCTURE_LITERAL,,,False
app/engine_paper/controlled_worker.py,158:AFTER_GRAPH_RELOAD_BEFORE_RESULT,'AFTER_GRAPH_RELOAD_BEFORE_RESULT',AFTER_GRAPH_RELOAD_BEFORE_RESULT,module_or_model_default,runtime,ALGORITHM_STRUCTURE_LITERAL,,,False
app/engine_paper/controlled_worker.py,159:BETWEEN_BOUNDED_STAGES,'BETWEEN_BOUNDED_STAGES',BETWEEN_BOUNDED_STAGES,module_or_model_default,runtime,ALGORITHM_STRUCTURE_LITERAL,,,False
app/engine_paper/controlled_worker.py,160:BEFORE_CANCELLATION_CHECK,'BEFORE_CANCELLATION_CHECK',BEFORE_CANCELLATION_CHECK,module_or_model_default,runtime,ALGORITHM_STRUCTURE_LITERAL,,,False
app/engine_paper/controlled_worker.py,210:bounded_limit_reached,False,bounded_limit_reached,module_or_model_default,runtime,POLICY_VALUE_MUST_MOVE_TO_YAML,RESOLVED_BY_CANONICAL_REGISTRY,SEE_CANONICAL_REGISTRY,False
app/engine_paper/controlled_worker.py,372:bounded_limit_reached,True,bounded_limit_reached,module_or_model_default,runtime,POLICY_VALUE_MUST_MOVE_TO_YAML,RESOLVED_BY_CANONICAL_REGISTRY,SEE_CANONICAL_REGISTRY,False
app/engine_paper/eligible_approval_ranking.py,10:LEGACY_EXACTLY_ONE_POLICY_VERSION,'exactly-one-eligible-v1',LEGACY_EXACTLY_ONE_POLICY_VERSION,module_or_model_default,runtime,IDENTITY_OR_PROTOCOL_LITERAL,,,False
app/engine_paper/eligible_approval_ranking.py,11:MULTI_SYMBOL_SELECTION_POLICY_VERSION,'eligible-approval-ranking-v1',MULTI_SYMBOL_SELECTION_POLICY_VERSION,module_or_model_default,runtime,IDENTITY_OR_PROTOCOL_LITERAL,,,False
app/engine_paper/eligible_approval_ranking.py,13:SELECTION_MODE,'DETERMINISTIC_RANKING',SELECTION_MODE,module_or_model_default,runtime,IDENTITY_OR_PROTOCOL_LITERAL,,,False
app/engine_paper/eligible_approval_ranking.py,24:FINAL_TIE_BREAK,'candidate_id_asc_then_symbol_asc',FINAL_TIE_BREAK,module_or_model_default,runtime,ALGORITHM_STRUCTURE_LITERAL,,,False
app/engine_paper/eligible_approval_ranking.py,50:duplicate_count,0,duplicate_count,module_or_model_default,runtime,ALGORITHM_STRUCTURE_LITERAL,,,False
app/engine_paper/eligible_approval_ranking.py,180:criterion,'only_eligible_candidate',criterion,module_or_model_default,runtime,ALGORITHM_STRUCTURE_LITERAL,,,False
app/engine_paper/entry_refinement.py,30:PROFILE_ID,'trade-5m-v2',PROFILE_ID,module_or_model_default,runtime,IDENTITY_OR_PROTOCOL_LITERAL,,,False
app/engine_paper/entry_refinement.py,31:MODULE_NAME,'scalping-v2-1m-entry-refinement-v1',MODULE_NAME,module_or_model_default,runtime,ALGORITHM_STRUCTURE_LITERAL,,,False
app/engine_paper/entry_refinement.py,32:WINDOW_POLICY,'SELECTED_AT_TO_MIN_APPROVAL_VALID_UNTIL_OR_NEXT_5M_BOUNDARY',WINDOW_POLICY,module_or_model_default,runtime,POLICY_VALUE_MUST_MOVE_TO_YAML,RESOLVED_BY_CANONICAL_REGISTRY,SEE_CANONICAL_REGISTRY,False
app/engine_paper/entry_refinement.py,33:WINDOW_SOURCE,'paper-approval-validity-policy-v1_AND_5M_CAUSAL_BOUNDARY',WINDOW_SOURCE,module_or_model_default,runtime,POLICY_VALUE_MUST_MOVE_TO_YAML,RESOLVED_BY_CANONICAL_REGISTRY,SEE_CANONICAL_REGISTRY,False
app/engine_paper/entry_refinement.py,34:MODE_ENV,'TRADERS_SCALPING_1M_REFINEMENT_MODE',MODE_ENV,module_or_model_default,runtime,IDENTITY_OR_PROTOCOL_LITERAL,,,False
app/engine_paper/entry_refinement.py,35:FIVE_MIN_MS,300000,FIVE_MIN_MS,module_or_model_default,runtime,POLICY_VALUE_MUST_MOVE_TO_YAML,RESOLVED_BY_CANONICAL_REGISTRY,SEE_CANONICAL_REGISTRY,False
app/engine_paper/entry_refinement.py,54:WAITING,'ENTRY_REFINEMENT_WAITING_1M_CLOSE',WAITING,module_or_model_default,runtime,ALGORITHM_STRUCTURE_LITERAL,,,False
app/engine_paper/entry_refinement.py,55:CONFIRMED,'ENTRY_REFINEMENT_CONFIRMED',CONFIRMED,module_or_model_default,runtime,ALGORITHM_STRUCTURE_LITERAL,,,False
app/engine_paper/entry_refinement.py,56:PRICE_DRIFT,'ENTRY_REFINEMENT_PRICE_DRIFT_TOO_LARGE',PRICE_DRIFT,module_or_model_default,runtime,ALGORITHM_STRUCTURE_LITERAL,,,False
app/engine_paper/entry_refinement.py,57:MOMENTUM,'ENTRY_REFINEMENT_MOMENTUM_INVALIDATED',MOMENTUM,module_or_model_default,runtime,ALGORITHM_STRUCTURE_LITERAL,,,False
app/engine_paper/entry_refinement.py,58:SPREAD,'ENTRY_REFINEMENT_SPREAD_TOO_WIDE',SPREAD,module_or_model_default,runtime,POLICY_VALUE_MUST_MOVE_TO_YAML,RESOLVED_BY_CANONICAL_REGISTRY,SEE_CANONICAL_REGISTRY,False
app/engine_paper/entry_refinement.py,59:EXPIRED,'ENTRY_REFINEMENT_WINDOW_EXPIRED',EXPIRED,module_or_model_default,runtime,ALGORITHM_STRUCTURE_LITERAL,,,False
app/engine_paper/entry_refinement.py,60:STALE,'ENTRY_REFINEMENT_MARKET_DATA_STALE',STALE,module_or_model_default,runtime,ALGORITHM_STRUCTURE_LITERAL,,,False
app/engine_paper/entry_refinement.py,61:NOT_APPLICABLE,'ENTRY_REFINEMENT_NOT_APPLICABLE',NOT_APPLICABLE,module_or_model_default,runtime,ALGORITHM_STRUCTURE_LITERAL,,,False
app/engine_paper/entry_refinement.py,62:COSTS_UNAVAILABLE,'ENTRY_REFINEMENT_COST_DATA_UNAVAILABLE',COSTS_UNAVAILABLE,module_or_model_default,runtime,ALGORITHM_STRUCTURE_LITERAL,,,False
app/engine_paper/entry_refinement.py,63:ECONOMICS,'ENTRY_REFINEMENT_ECONOMICS_INVALIDATED',ECONOMICS,module_or_model_default,runtime,ALGORITHM_STRUCTURE_LITERAL,,,False
app/engine_paper/entry_refinement.py,64:UPSTREAM_ADMISSION,'ENTRY_REFINEMENT_UPSTREAM_ECONOMICS_OR_CAUSAL_REJECTED',UPSTREAM_ADMISSION,module_or_model_default,runtime,ALGORITHM_STRUCTURE_LITERAL,,,False
app/engine_paper/entry_refinement.py,39:OFF,'OFF',OFF,module_or_model_default,runtime,ALGORITHM_STRUCTURE_LITERAL,,,False
app/engine_paper/entry_refinement.py,40:SHADOW,'SHADOW',SHADOW,module_or_model_default,runtime,ALGORITHM_STRUCTURE_LITERAL,,,False
app/engine_paper/entry_refinement.py,41:AUTHORITATIVE,'AUTHORITATIVE',AUTHORITATIVE,module_or_model_default,runtime,ALGORITHM_STRUCTURE_LITERAL,,,False
app/engine_paper/entry_refinement.py,45:NOT_REACHED,'NOT_REACHED',NOT_REACHED,module_or_model_default,runtime,ALGORITHM_STRUCTURE_LITERAL,,,False
app/engine_paper/entry_refinement.py,46:WAITING_FOR_1M,'WAITING_FOR_1M',WAITING_FOR_1M,module_or_model_default,runtime,ALGORITHM_STRUCTURE_LITERAL,,,False
app/engine_paper/entry_refinement.py,47:READY_TO_ENTER,'CONFIRMED',READY_TO_ENTER,module_or_model_default,runtime,ALGORITHM_STRUCTURE_LITERAL,,,False
app/engine_paper/entry_refinement.py,48:REJECTED_1M,'REJECTED',REJECTED_1M,module_or_model_default,runtime,ALGORITHM_STRUCTURE_LITERAL,,,False
app/engine_paper/entry_refinement.py,49:EXPIRED_1M,'EXPIRED',EXPIRED_1M,module_or_model_default,runtime,ALGORITHM_STRUCTURE_LITERAL,,,False
app/engine_paper/entry_refinement.py,50:BYPASSED,'BYPASSED',BYPASSED,module_or_model_default,runtime,ALGORITHM_STRUCTURE_LITERAL,,,False
app/engine_paper/entry_refinement.py,51:FAILED,'FAILED',FAILED,module_or_model_default,runtime,ALGORITHM_STRUCTURE_LITERAL,,,False
app/engine_paper/entry_refinement.py,119:same_symbol_reentry,False,same_symbol_reentry,module_or_model_default,runtime,ALGORITHM_STRUCTURE_LITERAL,,,False
app/engine_paper/entry_refinement.py,120:direction_flip,False,direction_flip,module_or_model_default,runtime,ALGORITHM_STRUCTURE_LITERAL,,,False
app/engine_paper/exit_cursor_recovery.py,17:RESOLVED_COMMITTED,'RESOLVED_COMMITTED',RESOLVED_COMMITTED,module_or_model_default,runtime,ALGORITHM_STRUCTURE_LITERAL,,,False
app/engine_paper/exit_cursor_recovery.py,18:RESOLVED_NOT_COMMITTED,'RESOLVED_NOT_COMMITTED',RESOLVED_NOT_COMMITTED,module_or_model_default,runtime,ALGORITHM_STRUCTURE_LITERAL,,,False
app/engine_paper/exit_cursor_recovery.py,19:IDEMPOTENCY_CONFLICT,'IDEMPOTENCY_CONFLICT',IDEMPOTENCY_CONFLICT,module_or_model_default,runtime,IDENTITY_OR_PROTOCOL_LITERAL,,,False
app/engine_paper/exit_cursor_recovery.py,20:UNRESOLVED,'UNRESOLVED',UNRESOLVED,module_or_model_default,runtime,ALGORITHM_STRUCTURE_LITERAL,,,False
app/engine_paper/exit_cursor_recovery.py,27:attempts_used,0,attempts_used,module_or_model_default,runtime,ALGORITHM_STRUCTURE_LITERAL,,,False
app/engine_paper/exit_cursor_recovery.py,28:reason_code,'PAPER_EXIT_CURSOR_RECOVERY_OK',reason_code,module_or_model_default,runtime,ALGORITHM_STRUCTURE_LITERAL,,,False
app/engine_paper/exit_evaluation_cursor.py,21:PAPER_EXIT_CURSOR_CONTRACT_VERSION,'PAPER_EXIT_EVALUATION_CURSOR_V1',PAPER_EXIT_CURSOR_CONTRACT_VERSION,module_or_model_default,runtime,IDENTITY_OR_PROTOCOL_LITERAL,,,False
app/engine_paper/exit_evaluation_cursor.py,22:PAPER_EXIT_CURSOR_IDEMPOTENCY_VERSION,'v1',PAPER_EXIT_CURSOR_IDEMPOTENCY_VERSION,module_or_model_default,runtime,IDENTITY_OR_PROTOCOL_LITERAL,,,False
app/engine_paper/exit_evaluation_cursor.py,23:MAX_EXIT_EVALUATION_WINDOW_CANDLES,64,MAX_EXIT_EVALUATION_WINDOW_CANDLES,module_or_model_default,runtime,POLICY_VALUE_MUST_MOVE_TO_YAML,RESOLVED_BY_CANONICAL_REGISTRY,SEE_CANONICAL_REGISTRY,False
app/engine_paper/exit_evaluation_cursor.py,24:ONE_MINUTE_MS,60000,ONE_MINUTE_MS,module_or_model_default,runtime,POLICY_VALUE_MUST_MOVE_TO_YAML,RESOLVED_BY_CANONICAL_REGISTRY,SEE_CANONICAL_REGISTRY,False
app/engine_paper/exit_evaluation_cursor.py,222:CURSOR_CREATED,'CURSOR_CREATED',CURSOR_CREATED,module_or_model_default,runtime,ALGORITHM_STRUCTURE_LITERAL,,,False
app/engine_paper/exit_evaluation_cursor.py,223:CURSOR_ALREADY_EXISTS,'CURSOR_ALREADY_EXISTS',CURSOR_ALREADY_EXISTS,module_or_model_default,runtime,ALGORITHM_STRUCTURE_LITERAL,,,False
app/engine_paper/exit_evaluation_cursor.py,224:CURSOR_ADVANCED,'CURSOR_ADVANCED',CURSOR_ADVANCED,module_or_model_default,runtime,ALGORITHM_STRUCTURE_LITERAL,,,False
app/engine_paper/exit_evaluation_cursor.py,225:CURSOR_ALREADY_ADVANCED,'CURSOR_ALREADY_ADVANCED',CURSOR_ALREADY_ADVANCED,module_or_model_default,runtime,ALGORITHM_STRUCTURE_LITERAL,,,False
app/engine_paper/exit_evaluation_cursor.py,226:CURSOR_NOT_FOUND,'CURSOR_NOT_FOUND',CURSOR_NOT_FOUND,module_or_model_default,runtime,ALGORITHM_STRUCTURE_LITERAL,,,False
app/engine_paper/exit_evaluation_cursor.py,227:CURSOR_STALE_VERSION,'CURSOR_STALE_VERSION',CURSOR_STALE_VERSION,module_or_model_default,runtime,IDENTITY_OR_PROTOCOL_LITERAL,,,False
app/engine_paper/exit_evaluation_cursor.py,228:CURSOR_REGRESSION_REJECTED,'CURSOR_REGRESSION_REJECTED',CURSOR_REGRESSION_REJECTED,module_or_model_default,runtime,ALGORITHM_STRUCTURE_LITERAL,,,False
app/engine_paper/exit_evaluation_cursor.py,229:CURSOR_GAP_REJECTED,'CURSOR_GAP_REJECTED',CURSOR_GAP_REJECTED,module_or_model_default,runtime,ALGORITHM_STRUCTURE_LITERAL,,,False
app/engine_paper/exit_evaluation_cursor.py,230:CURSOR_IDEMPOTENCY_CONFLICT,'CURSOR_IDEMPOTENCY_CONFLICT',CURSOR_IDEMPOTENCY_CONFLICT,module_or_model_default,runtime,IDENTITY_OR_PROTOCOL_LITERAL,,,False
app/engine_paper/exit_evaluation_cursor.py,231:POSITION_NOT_FOUND,'POSITION_NOT_FOUND',POSITION_NOT_FOUND,module_or_model_default,runtime,ALGORITHM_STRUCTURE_LITERAL,,,False
app/engine_paper/exit_evaluation_cursor.py,232:SOURCE_GRAPH_INCONSISTENT,'SOURCE_GRAPH_INCONSISTENT',SOURCE_GRAPH_INCONSISTENT,module_or_model_default,runtime,ALGORITHM_STRUCTURE_LITERAL,,,False
app/engine_paper/exit_evaluation_cursor.py,233:TRANSIENT_DB_FAILURE,'TRANSIENT_DB_FAILURE',TRANSIENT_DB_FAILURE,module_or_model_default,runtime,ALGORITHM_STRUCTURE_LITERAL,,,False
app/engine_paper/exit_evaluation_cursor.py,240:reason_code,'PAPER_EXIT_CURSOR_OK',reason_code,module_or_model_default,runtime,ALGORITHM_STRUCTURE_LITERAL,,,False
app/engine_paper/exit_evaluation_service.py,91:_POLICY_VERSION,1,_POLICY_VERSION,module_or_model_default,runtime,IDENTITY_OR_PROTOCOL_LITERAL,,,False
app/engine_paper/exit_evaluation_service.py,92:_TRIGGER_ORDER_EVENTS,3,_TRIGGER_ORDER_EVENTS,module_or_model_default,runtime,ALGORITHM_STRUCTURE_LITERAL,,,False
app/engine_paper/exit_evaluation_service.py,93:_TRIGGER_JOURNAL_ROWS,4,_TRIGGER_JOURNAL_ROWS,module_or_model_default,runtime,ALGORITHM_STRUCTURE_LITERAL,,,False
app/engine_paper/exit_evaluation_service.py,97:NO_EXIT_TRIGGER_CURSOR_ADVANCED,'NO_EXIT_TRIGGER_CURSOR_ADVANCED',NO_EXIT_TRIGGER_CURSOR_ADVANCED,module_or_model_default,runtime,ALGORITHM_STRUCTURE_LITERAL,,,False
app/engine_paper/exit_evaluation_service.py,98:CURSOR_ALREADY_ADVANCED,'CURSOR_ALREADY_ADVANCED',CURSOR_ALREADY_ADVANCED,module_or_model_default,runtime,ALGORITHM_STRUCTURE_LITERAL,,,False
app/engine_paper/exit_evaluation_service.py,99:EXIT_PREPARED,'EXIT_PREPARED',EXIT_PREPARED,module_or_model_default,runtime,ALGORITHM_STRUCTURE_LITERAL,,,False
app/engine_paper/exit_evaluation_service.py,100:EXIT_ALREADY_PREPARED,'EXIT_ALREADY_PREPARED',EXIT_ALREADY_PREPARED,module_or_model_default,runtime,ALGORITHM_STRUCTURE_LITERAL,,,False
app/engine_paper/exit_evaluation_service.py,101:UNCERTAIN_COMMIT_RESOLVED_COMMITTED,'UNCERTAIN_COMMIT_RESOLVED_COMMITTED',UNCERTAIN_COMMIT_RESOLVED_COMMITTED,module_or_model_default,runtime,ALGORITHM_STRUCTURE_LITERAL,,,False
app/engine_paper/exit_evaluation_service.py,102:EMPTY_WINDOW,'EMPTY_WINDOW',EMPTY_WINDOW,module_or_model_default,runtime,POLICY_VALUE_MUST_MOVE_TO_YAML,RESOLVED_BY_CANONICAL_REGISTRY,SEE_CANONICAL_REGISTRY,False
app/engine_paper/exit_evaluation_service.py,103:WINDOW_TOO_LARGE,'WINDOW_TOO_LARGE',WINDOW_TOO_LARGE,module_or_model_default,runtime,POLICY_VALUE_MUST_MOVE_TO_YAML,RESOLVED_BY_CANONICAL_REGISTRY,SEE_CANONICAL_REGISTRY,False
app/engine_paper/exit_evaluation_service.py,104:WINDOW_START_MISMATCH,'WINDOW_START_MISMATCH',WINDOW_START_MISMATCH,module_or_model_default,runtime,POLICY_VALUE_MUST_MOVE_TO_YAML,RESOLVED_BY_CANONICAL_REGISTRY,SEE_CANONICAL_REGISTRY,False
app/engine_paper/exit_evaluation_service.py,105:MARKET_DATA_GAP,'MARKET_DATA_GAP',MARKET_DATA_GAP,module_or_model_default,runtime,ALGORITHM_STRUCTURE_LITERAL,,,False
app/engine_paper/exit_evaluation_service.py,106:DUPLICATE_CANDLE,'DUPLICATE_CANDLE',DUPLICATE_CANDLE,module_or_model_default,runtime,ALGORITHM_STRUCTURE_LITERAL,,,False
app/engine_paper/exit_evaluation_service.py,107:CANDLE_CONFLICT,'CANDLE_CONFLICT',CANDLE_CONFLICT,module_or_model_default,runtime,ALGORITHM_STRUCTURE_LITERAL,,,False
app/engine_paper/exit_evaluation_service.py,108:FUTURE_DATA_REJECTED,'FUTURE_DATA_REJECTED',FUTURE_DATA_REJECTED,module_or_model_default,runtime,ALGORITHM_STRUCTURE_LITERAL,,,False
app/engine_paper/exit_evaluation_service.py,109:INVALID_CANDLE,'INVALID_CANDLE',INVALID_CANDLE,module_or_model_default,runtime,IDENTITY_OR_PROTOCOL_LITERAL,,,False
app/engine_paper/exit_evaluation_service.py,110:SAFETY_DIRECTIVE_INVALID,'SAFETY_DIRECTIVE_INVALID',SAFETY_DIRECTIVE_INVALID,module_or_model_default,runtime,IDENTITY_OR_PROTOCOL_LITERAL,,,False
app/engine_paper/exit_evaluation_service.py,111:SAFETY_DIRECTIVE_EXPIRED,'SAFETY_DIRECTIVE_EXPIRED',SAFETY_DIRECTIVE_EXPIRED,module_or_model_default,runtime,ALGORITHM_STRUCTURE_LITERAL,,,False
app/engine_paper/exit_evaluation_service.py,112:MODE_OFF,'MODE_OFF',MODE_OFF,module_or_model_default,runtime,IDENTITY_OR_PROTOCOL_LITERAL,,,False
app/engine_paper/exit_evaluation_service.py,113:MODE_LIVE_FORBIDDEN,'MODE_LIVE_FORBIDDEN',MODE_LIVE_FORBIDDEN,module_or_model_default,runtime,IDENTITY_OR_PROTOCOL_LITERAL,,,False
app/engine_paper/exit_evaluation_service.py,114:MODE_UNKNOWN,'MODE_UNKNOWN',MODE_UNKNOWN,module_or_model_default,runtime,IDENTITY_OR_PROTOCOL_LITERAL,,,False
app/engine_paper/exit_evaluation_service.py,115:PAPER_AUTHORIZATION_MISSING,'PAPER_AUTHORIZATION_MISSING',PAPER_AUTHORIZATION_MISSING,module_or_model_default,runtime,ALGORITHM_STRUCTURE_LITERAL,,,False
app/engine_paper/exit_evaluation_service.py,116:POSITION_NOT_FOUND,'POSITION_NOT_FOUND',POSITION_NOT_FOUND,module_or_model_default,runtime,ALGORITHM_STRUCTURE_LITERAL,,,False
app/engine_paper/exit_evaluation_service.py,117:CURSOR_NOT_FOUND,'CURSOR_NOT_FOUND',CURSOR_NOT_FOUND,module_or_model_default,runtime,ALGORITHM_STRUCTURE_LITERAL,,,False
app/engine_paper/exit_evaluation_service.py,118:COMMAND_NOT_FOUND,'COMMAND_NOT_FOUND',COMMAND_NOT_FOUND,module_or_model_default,runtime,ALGORITHM_STRUCTURE_LITERAL,,,False
app/engine_paper/exit_evaluation_service.py,119:ENTRY_ORDER_NOT_FOUND,'ENTRY_ORDER_NOT_FOUND',ENTRY_ORDER_NOT_FOUND,module_or_model_default,runtime,ALGORITHM_STRUCTURE_LITERAL,,,False
app/engine_paper/exit_evaluation_service.py,120:ENTRY_FILL_NOT_FOUND,'ENTRY_FILL_NOT_FOUND',ENTRY_FILL_NOT_FOUND,module_or_model_default,runtime,ALGORITHM_STRUCTURE_LITERAL,,,False
app/engine_paper/exit_evaluation_service.py,121:INVALID_POSITION_STATE,'INVALID_POSITION_STATE',INVALID_POSITION_STATE,module_or_model_default,runtime,IDENTITY_OR_PROTOCOL_LITERAL,,,False
app/engine_paper/exit_evaluation_service.py,122:STALE_POSITION_VERSION,'STALE_POSITION_VERSION',STALE_POSITION_VERSION,module_or_model_default,runtime,IDENTITY_OR_PROTOCOL_LITERAL,,,False
app/engine_paper/exit_evaluation_service.py,123:STALE_CURSOR_VERSION,'STALE_CURSOR_VERSION',STALE_CURSOR_VERSION,module_or_model_default,runtime,IDENTITY_OR_PROTOCOL_LITERAL,,,False
app/engine_paper/exit_evaluation_service.py,124:SOURCE_GRAPH_INCONSISTENT,'SOURCE_GRAPH_INCONSISTENT',SOURCE_GRAPH_INCONSISTENT,module_or_model_default,runtime,ALGORITHM_STRUCTURE_LITERAL,,,False
app/engine_paper/exit_evaluation_service.py,125:SYMBOL_MISMATCH,'SYMBOL_MISMATCH',SYMBOL_MISMATCH,module_or_model_default,runtime,ALGORITHM_STRUCTURE_LITERAL,,,False
app/engine_paper/exit_evaluation_service.py,126:SIDE_MISMATCH,'SIDE_MISMATCH',SIDE_MISMATCH,module_or_model_default,runtime,IDENTITY_OR_PROTOCOL_LITERAL,,,False
app/engine_paper/exit_evaluation_service.py,127:QUANTITY_MISMATCH,'QUANTITY_MISMATCH',QUANTITY_MISMATCH,module_or_model_default,runtime,ALGORITHM_STRUCTURE_LITERAL,,,False
app/engine_paper/exit_evaluation_service.py,128:INVALID_STOP_TARGET,'INVALID_STOP_TARGET',INVALID_STOP_TARGET,module_or_model_default,runtime,IDENTITY_OR_PROTOCOL_LITERAL,,,False
app/engine_paper/exit_evaluation_service.py,129:POLICY_MISMATCH,'POLICY_MISMATCH',POLICY_MISMATCH,module_or_model_default,runtime,ALGORITHM_STRUCTURE_LITERAL,,,False
app/engine_paper/exit_evaluation_service.py,130:IDEMPOTENCY_CONFLICT,'IDEMPOTENCY_CONFLICT',IDEMPOTENCY_CONFLICT,module_or_model_default,runtime,IDENTITY_OR_PROTOCOL_LITERAL,,,False
app/engine_paper/exit_evaluation_service.py,131:EXISTING_EXIT_GRAPH_INCONSISTENT,'EXISTING_EXIT_GRAPH_INCONSISTENT',EXISTING_EXIT_GRAPH_INCONSISTENT,module_or_model_default,runtime,ALGORITHM_STRUCTURE_LITERAL,,,False
app/engine_paper/exit_evaluation_service.py,132:CURSOR_REGRESSION_REJECTED,'CURSOR_REGRESSION_REJECTED',CURSOR_REGRESSION_REJECTED,module_or_model_default,runtime,ALGORITHM_STRUCTURE_LITERAL,,,False
app/engine_paper/exit_evaluation_service.py,133:CURSOR_GAP_REJECTED,'CURSOR_GAP_REJECTED',CURSOR_GAP_REJECTED,module_or_model_default,runtime,ALGORITHM_STRUCTURE_LITERAL,,,False
app/engine_paper/exit_evaluation_service.py,134:CONSTRAINT_VIOLATION,'CONSTRAINT_VIOLATION',CONSTRAINT_VIOLATION,module_or_model_default,runtime,ALGORITHM_STRUCTURE_LITERAL,,,False
app/engine_paper/exit_evaluation_service.py,135:TRANSIENT_DB_FAILURE,'TRANSIENT_DB_FAILURE',TRANSIENT_DB_FAILURE,module_or_model_default,runtime,ALGORITHM_STRUCTURE_LITERAL,,,False
app/engine_paper/exit_evaluation_service.py,136:UNCERTAIN_COMMIT_RESOLVED_NOT_COMMITTED,'UNCERTAIN_COMMIT_RESOLVED_NOT_COMMITTED',UNCERTAIN_COMMIT_RESOLVED_NOT_COMMITTED,module_or_model_default,runtime,ALGORITHM_STRUCTURE_LITERAL,,,False
app/engine_paper/exit_evaluation_service.py,139:UNCERTAIN_COMMIT_UNRESOLVED,'UNCERTAIN_COMMIT_UNRESOLVED',UNCERTAIN_COMMIT_UNRESOLVED,module_or_model_default,runtime,ALGORITHM_STRUCTURE_LITERAL,,,False
app/engine_paper/exit_evaluation_service.py,140:INTERNAL_INVARIANT_FAILURE,'INTERNAL_INVARIANT_FAILURE',INTERNAL_INVARIANT_FAILURE,module_or_model_default,runtime,ALGORITHM_STRUCTURE_LITERAL,,,False
app/engine_paper/exit_evaluation_service.py,265:event_count,0,event_count,module_or_model_default,runtime,ALGORITHM_STRUCTURE_LITERAL,,,False
app/engine_paper/exit_evaluation_service.py,266:journal_count,0,journal_count,module_or_model_default,runtime,ALGORITHM_STRUCTURE_LITERAL,,,False
app/engine_paper/exit_evaluation_service.py,411:uncertain_kind,'NO_TRIGGER',uncertain_kind,module_or_model_default,runtime,ALGORITHM_STRUCTURE_LITERAL,,,False
app/engine_paper/exit_evaluation_service.py,487:uncertain_kind,'TRIGGER',uncertain_kind,module_or_model_default,runtime,ALGORITHM_STRUCTURE_LITERAL,,,False
app/engine_paper/exit_evaluator.py,28:PAPER_EXIT_EVALUATION_POLICY_ID,'STOP_FIRST_CONSERVATIVE',PAPER_EXIT_EVALUATION_POLICY_ID,module_or_model_default,runtime,IDENTITY_OR_PROTOCOL_LITERAL,,,False
app/engine_paper/exit_evaluator.py,29:PAPER_EXIT_EVALUATION_POLICY_VERSION,1,PAPER_EXIT_EVALUATION_POLICY_VERSION,module_or_model_default,runtime,IDENTITY_OR_PROTOCOL_LITERAL,,,False
app/engine_paper/exit_evaluator.py,62:recovery_close,False,recovery_close,module_or_model_default,runtime,ALGORITHM_STRUCTURE_LITERAL,,,False
app/engine_paper/exit_evaluator.py,166:NO_EXIT_TRIGGER,'NO_EXIT_TRIGGER',NO_EXIT_TRIGGER,module_or_model_default,runtime,ALGORITHM_STRUCTURE_LITERAL,,,False
app/engine_paper/exit_evaluator.py,167:EXIT_TRIGGERED,'EXIT_TRIGGERED',EXIT_TRIGGERED,module_or_model_default,runtime,ALGORITHM_STRUCTURE_LITERAL,,,False
app/engine_paper/exit_evaluator.py,168:EMPTY_WINDOW,'EMPTY_WINDOW',EMPTY_WINDOW,module_or_model_default,runtime,POLICY_VALUE_MUST_MOVE_TO_YAML,RESOLVED_BY_CANONICAL_REGISTRY,SEE_CANONICAL_REGISTRY,False
app/engine_paper/exit_evaluator.py,169:WINDOW_TOO_LARGE,'WINDOW_TOO_LARGE',WINDOW_TOO_LARGE,module_or_model_default,runtime,POLICY_VALUE_MUST_MOVE_TO_YAML,RESOLVED_BY_CANONICAL_REGISTRY,SEE_CANONICAL_REGISTRY,False
app/engine_paper/exit_evaluator.py,170:WINDOW_START_MISMATCH,'WINDOW_START_MISMATCH',WINDOW_START_MISMATCH,module_or_model_default,runtime,POLICY_VALUE_MUST_MOVE_TO_YAML,RESOLVED_BY_CANONICAL_REGISTRY,SEE_CANONICAL_REGISTRY,False
app/engine_paper/exit_evaluator.py,171:MARKET_DATA_GAP,'MARKET_DATA_GAP',MARKET_DATA_GAP,module_or_model_default,runtime,ALGORITHM_STRUCTURE_LITERAL,,,False
app/engine_paper/exit_evaluator.py,172:DUPLICATE_CANDLE,'DUPLICATE_CANDLE',DUPLICATE_CANDLE,module_or_model_default,runtime,ALGORITHM_STRUCTURE_LITERAL,,,False
app/engine_paper/exit_evaluator.py,173:CANDLE_CONFLICT,'CANDLE_CONFLICT',CANDLE_CONFLICT,module_or_model_default,runtime,ALGORITHM_STRUCTURE_LITERAL,,,False
app/engine_paper/exit_evaluator.py,174:FUTURE_DATA_REJECTED,'FUTURE_DATA_REJECTED',FUTURE_DATA_REJECTED,module_or_model_default,runtime,ALGORITHM_STRUCTURE_LITERAL,,,False
app/engine_paper/exit_evaluator.py,175:INVALID_CANDLE,'INVALID_CANDLE',INVALID_CANDLE,module_or_model_default,runtime,IDENTITY_OR_PROTOCOL_LITERAL,,,False
app/engine_paper/exit_evaluator.py,176:SYMBOL_MISMATCH,'SYMBOL_MISMATCH',SYMBOL_MISMATCH,module_or_model_default,runtime,ALGORITHM_STRUCTURE_LITERAL,,,False
app/engine_paper/exit_evaluator.py,177:SIDE_MISMATCH,'SIDE_MISMATCH',SIDE_MISMATCH,module_or_model_default,runtime,IDENTITY_OR_PROTOCOL_LITERAL,,,False
app/engine_paper/exit_evaluator.py,178:INVALID_STOP_TARGET,'INVALID_STOP_TARGET',INVALID_STOP_TARGET,module_or_model_default,runtime,IDENTITY_OR_PROTOCOL_LITERAL,,,False
app/engine_paper/exit_evaluator.py,179:POLICY_MISMATCH,'POLICY_MISMATCH',POLICY_MISMATCH,module_or_model_default,runtime,ALGORITHM_STRUCTURE_LITERAL,,,False
app/engine_paper/exit_evaluator.py,180:SAFETY_DIRECTIVE_INVALID,'SAFETY_DIRECTIVE_INVALID',SAFETY_DIRECTIVE_INVALID,module_or_model_default,runtime,IDENTITY_OR_PROTOCOL_LITERAL,,,False
app/engine_paper/exit_evaluator.py,181:SAFETY_DIRECTIVE_EXPIRED,'SAFETY_DIRECTIVE_EXPIRED',SAFETY_DIRECTIVE_EXPIRED,module_or_model_default,runtime,ALGORITHM_STRUCTURE_LITERAL,,,False
app/engine_paper/exit_evaluator.py,189:reason_code,'PAPER_EXIT_EVALUATION_OK',reason_code,module_or_model_default,runtime,ALGORITHM_STRUCTURE_LITERAL,,,False
app/engine_paper/exit_evaluator.py,365:stop_flag,False,stop_flag,module_or_model_default,runtime,ALGORITHM_STRUCTURE_LITERAL,,,False
app/engine_paper/exit_evaluator.py,366:target_flag,False,target_flag,module_or_model_default,runtime,ALGORITHM_STRUCTURE_LITERAL,,,False
app/engine_paper/fill_causal_boundary.py,18:PAPER_FILL_CAUSAL_BOUNDARY_VERSION,'PAPER_FILL_CAUSAL_BOUNDARY_V1',PAPER_FILL_CAUSAL_BOUNDARY_VERSION,module_or_model_default,runtime,IDENTITY_OR_PROTOCOL_LITERAL,,,False
app/engine_paper/fill_causal_boundary.py,22:PAPER_EXECUTION_COMMAND,'PAPER_EXECUTION_COMMAND',PAPER_EXECUTION_COMMAND,module_or_model_default,runtime,ALGORITHM_STRUCTURE_LITERAL,,,False
app/engine_paper/fill_causal_boundary.py,23:PAPER_EXIT_DECISION,'PAPER_EXIT_DECISION',PAPER_EXIT_DECISION,module_or_model_default,runtime,ALGORITHM_STRUCTURE_LITERAL,,,False
app/engine_paper/fill_causal_boundary.py,27:BOUNDARY_RESOLVED,'BOUNDARY_RESOLVED',BOUNDARY_RESOLVED,module_or_model_default,runtime,ALGORITHM_STRUCTURE_LITERAL,,,False
app/engine_paper/fill_causal_boundary.py,28:COMMAND_REQUIRED,'COMMAND_REQUIRED',COMMAND_REQUIRED,module_or_model_default,runtime,ALGORITHM_STRUCTURE_LITERAL,,,False
app/engine_paper/fill_causal_boundary.py,29:EXIT_DECISION_REQUIRED,'EXIT_DECISION_REQUIRED',EXIT_DECISION_REQUIRED,module_or_model_default,runtime,ALGORITHM_STRUCTURE_LITERAL,,,False
app/engine_paper/fill_causal_boundary.py,30:ORDER_REQUIRED,'ORDER_REQUIRED',ORDER_REQUIRED,module_or_model_default,runtime,ALGORITHM_STRUCTURE_LITERAL,,,False
app/engine_paper/fill_causal_boundary.py,31:POSITION_REQUIRED,'POSITION_REQUIRED',POSITION_REQUIRED,module_or_model_default,runtime,ALGORITHM_STRUCTURE_LITERAL,,,False
app/engine_paper/fill_causal_boundary.py,32:ROLE_SOURCE_MISMATCH,'ROLE_SOURCE_MISMATCH',ROLE_SOURCE_MISMATCH,module_or_model_default,runtime,ALGORITHM_STRUCTURE_LITERAL,,,False
app/engine_paper/fill_causal_boundary.py,33:SOURCE_GRAPH_INCONSISTENT,'SOURCE_GRAPH_INCONSISTENT',SOURCE_GRAPH_INCONSISTENT,module_or_model_default,runtime,ALGORITHM_STRUCTURE_LITERAL,,,False
app/engine_paper/fill_causal_boundary.py,34:SOURCE_BOUNDARY_INVALID,'SOURCE_BOUNDARY_INVALID',SOURCE_BOUNDARY_INVALID,module_or_model_default,runtime,IDENTITY_OR_PROTOCOL_LITERAL,,,False
app/engine_paper/fill_causal_boundary.py,35:SOURCE_BOUNDARY_PRECEDES_POSITION_OPEN,'SOURCE_BOUNDARY_PRECEDES_POSITION_OPEN',SOURCE_BOUNDARY_PRECEDES_POSITION_OPEN,module_or_model_default,runtime,ALGORITHM_STRUCTURE_LITERAL,,,False
app/engine_paper/fill_causal_boundary.py,38:POLICY_MISMATCH,'POLICY_MISMATCH',POLICY_MISMATCH,module_or_model_default,runtime,ALGORITHM_STRUCTURE_LITERAL,,,False
app/engine_paper/fill_causal_boundary.py,39:SYMBOL_MISMATCH,'SYMBOL_MISMATCH',SYMBOL_MISMATCH,module_or_model_default,runtime,ALGORITHM_STRUCTURE_LITERAL,,,False
app/engine_paper/fill_causal_boundary.py,40:SIDE_MISMATCH,'SIDE_MISMATCH',SIDE_MISMATCH,module_or_model_default,runtime,IDENTITY_OR_PROTOCOL_LITERAL,,,False
app/engine_paper/fill_causal_boundary.py,110:reason_code,'PAPER_FILL_BOUNDARY_OK',reason_code,module_or_model_default,runtime,ALGORITHM_STRUCTURE_LITERAL,,,False
app/engine_paper/fill_policy.py,12:_MAX_MESSAGE_LENGTH,160,_MAX_MESSAGE_LENGTH,module_or_model_default,runtime,POLICY_VALUE_MUST_MOVE_TO_YAML,RESOLVED_BY_CANONICAL_REGISTRY,SEE_CANONICAL_REGISTRY,False
app/engine_paper/fill_policy.py,16:NEXT_ELIGIBLE_CLOSED_1M_OPEN,'NEXT_ELIGIBLE_CLOSED_1M_OPEN',NEXT_ELIGIBLE_CLOSED_1M_OPEN,module_or_model_default,runtime,ALGORITHM_STRUCTURE_LITERAL,,,False
app/engine_paper/fill_policy.py,20:STOP_FIRST_CONSERVATIVE,'STOP_FIRST_CONSERVATIVE',STOP_FIRST_CONSERVATIVE,module_or_model_default,runtime,ALGORITHM_STRUCTURE_LITERAL,,,False
app/engine_paper/fill_roles.py,7:ENTRY,'ENTRY',ENTRY,module_or_model_default,runtime,ALGORITHM_STRUCTURE_LITERAL,,,False
app/engine_paper/fill_roles.py,8:CLOSE,'CLOSE',CLOSE,module_or_model_default,runtime,ALGORITHM_STRUCTURE_LITERAL,,,False
app/engine_paper/fill_simulator.py,52:MAX_CANDIDATE_CANDLES,64,MAX_CANDIDATE_CANDLES,module_or_model_default,runtime,IDENTITY_OR_PROTOCOL_LITERAL,,,False
app/engine_paper/fill_simulator.py,53:_DECIMAL_PRECISION,128,_DECIMAL_PRECISION,module_or_model_default,runtime,ALGORITHM_STRUCTURE_LITERAL,,,False
app/engine_paper/fill_simulator.py,58:BUY,'BUY',BUY,module_or_model_default,runtime,ALGORITHM_STRUCTURE_LITERAL,,,False
app/engine_paper/fill_simulator.py,59:SELL,'SELL',SELL,module_or_model_default,runtime,ALGORITHM_STRUCTURE_LITERAL,,,False
app/engine_paper/fill_simulator.py,63:FILLED,'FILLED',FILLED,module_or_model_default,runtime,ALGORITHM_STRUCTURE_LITERAL,,,False
app/engine_paper/fill_simulator.py,64:NOT_YET_ELIGIBLE,'NOT_YET_ELIGIBLE',NOT_YET_ELIGIBLE,module_or_model_default,runtime,ALGORITHM_STRUCTURE_LITERAL,,,False
app/engine_paper/fill_simulator.py,65:ELIGIBLE_CANDLE_MISSING,'ELIGIBLE_CANDLE_MISSING',ELIGIBLE_CANDLE_MISSING,module_or_model_default,runtime,ALGORITHM_STRUCTURE_LITERAL,,,False
app/engine_paper/fill_simulator.py,66:MARKET_DATA_GAP,'MARKET_DATA_GAP',MARKET_DATA_GAP,module_or_model_default,runtime,ALGORITHM_STRUCTURE_LITERAL,,,False
app/engine_paper/fill_simulator.py,67:DUPLICATE_CANDLE,'DUPLICATE_CANDLE',DUPLICATE_CANDLE,module_or_model_default,runtime,ALGORITHM_STRUCTURE_LITERAL,,,False
app/engine_paper/fill_simulator.py,68:CANDLE_CONFLICT,'CANDLE_CONFLICT',CANDLE_CONFLICT,module_or_model_default,runtime,ALGORITHM_STRUCTURE_LITERAL,,,False
app/engine_paper/fill_simulator.py,69:COMMAND_EXPIRED,'COMMAND_EXPIRED',COMMAND_EXPIRED,module_or_model_default,runtime,ALGORITHM_STRUCTURE_LITERAL,,,False
app/engine_paper/fill_simulator.py,70:SYMBOL_MISMATCH,'SYMBOL_MISMATCH',SYMBOL_MISMATCH,module_or_model_default,runtime,ALGORITHM_STRUCTURE_LITERAL,,,False
app/engine_paper/fill_simulator.py,71:TIMEFRAME_MISMATCH,'TIMEFRAME_MISMATCH',TIMEFRAME_MISMATCH,module_or_model_default,runtime,ALGORITHM_STRUCTURE_LITERAL,,,False
app/engine_paper/fill_simulator.py,72:CANDLE_NOT_CLOSED,'CANDLE_NOT_CLOSED',CANDLE_NOT_CLOSED,module_or_model_default,runtime,ALGORITHM_STRUCTURE_LITERAL,,,False
app/engine_paper/fill_simulator.py,73:FUTURE_DATA_REJECTED,'FUTURE_DATA_REJECTED',FUTURE_DATA_REJECTED,module_or_model_default,runtime,ALGORITHM_STRUCTURE_LITERAL,,,False
app/engine_paper/fill_simulator.py,74:INVALID_CANDLE,'INVALID_CANDLE',INVALID_CANDLE,module_or_model_default,runtime,IDENTITY_OR_PROTOCOL_LITERAL,,,False
app/engine_paper/fill_simulator.py,75:INVALID_POLICY,'INVALID_POLICY',INVALID_POLICY,module_or_model_default,runtime,IDENTITY_OR_PROTOCOL_LITERAL,,,False
app/engine_paper/fill_simulator.py,76:INVALID_PRECISION,'INVALID_PRECISION',INVALID_PRECISION,module_or_model_default,runtime,IDENTITY_OR_PROTOCOL_LITERAL,,,False
app/engine_paper/fill_simulator.py,77:INVALID_ORDER_STATE,'INVALID_ORDER_STATE',INVALID_ORDER_STATE,module_or_model_default,runtime,IDENTITY_OR_PROTOCOL_LITERAL,,,False
app/engine_paper/fill_simulator.py,78:INVALID_QUANTITY,'INVALID_QUANTITY',INVALID_QUANTITY,module_or_model_default,runtime,IDENTITY_OR_PROTOCOL_LITERAL,,,False
app/engine_paper/fill_simulator.py,79:UNSUPPORTED_PARTIAL_FILL,'UNSUPPORTED_PARTIAL_FILL',UNSUPPORTED_PARTIAL_FILL,module_or_model_default,runtime,ALGORITHM_STRUCTURE_LITERAL,,,False
app/engine_paper/fill_simulator.py,80:INVALID_SIMULATED_PRICE,'INVALID_SIMULATED_PRICE',INVALID_SIMULATED_PRICE,module_or_model_default,runtime,IDENTITY_OR_PROTOCOL_LITERAL,,,False
app/engine_paper/fill_simulator.py,81:IDEMPOTENCY_CONFLICT,'IDEMPOTENCY_CONFLICT',IDEMPOTENCY_CONFLICT,module_or_model_default,runtime,IDENTITY_OR_PROTOCOL_LITERAL,,,False
app/engine_paper/fill_simulator.py,82:INTERNAL_INVARIANT_FAILURE,'INTERNAL_INVARIANT_FAILURE',INTERNAL_INVARIANT_FAILURE,module_or_model_default,runtime,ALGORITHM_STRUCTURE_LITERAL,,,False
app/engine_paper/fill_simulator.py,83:INVALID_CAUSAL_BOUNDARY,'INVALID_CAUSAL_BOUNDARY',INVALID_CAUSAL_BOUNDARY,module_or_model_default,runtime,IDENTITY_OR_PROTOCOL_LITERAL,,,False
app/engine_paper/final_approval_materializer.py,50:FINAL_APPROVAL_MATERIALIZER_VERSION,'natural-final-approval-materializer-v1',FINAL_APPROVAL_MATERIALIZER_VERSION,module_or_model_default,runtime,IDENTITY_OR_PROTOCOL_LITERAL,,,False
app/engine_paper/final_approval_materializer.py,56:MAX_ACCOUNTING_CLOSED_TRADES,10000,MAX_ACCOUNTING_CLOSED_TRADES,module_or_model_default,runtime,POLICY_VALUE_MUST_MOVE_TO_YAML,RESOLVED_BY_CANONICAL_REGISTRY,SEE_CANONICAL_REGISTRY,False
app/engine_paper/final_approval_materializer.py,176:attempted_stage,'FINAL_APPROVAL',attempted_stage,module_or_model_default,runtime,ALGORITHM_STRUCTURE_LITERAL,,,False
app/engine_paper/final_approval_materializer.py,177:quantity_authority_status,'NOT_REACHED',quantity_authority_status,module_or_model_default,runtime,IDENTITY_OR_PROTOCOL_LITERAL,,,False
app/engine_paper/final_approval_materializer.py,248:attempted_stage,'VALIDITY_APPROVED',attempted_stage,module_or_model_default,runtime,ALGORITHM_STRUCTURE_LITERAL,,,False
app/engine_paper/final_approval_materializer.py,256:attempted_stage,'FINAL_APPROVAL',attempted_stage,module_or_model_default,runtime,ALGORITHM_STRUCTURE_LITERAL,,,False
app/engine_paper/final_approval_materializer.py,278:attempted_stage,'QUANTITY_APPROVED',attempted_stage,module_or_model_default,runtime,ALGORITHM_STRUCTURE_LITERAL,,,False
app/engine_paper/final_approval_materializer.py,297:quantity_authority_status,'PASS',quantity_authority_status,module_or_model_default,runtime,IDENTITY_OR_PROTOCOL_LITERAL,,,False
app/engine_paper/final_approval_materializer.py,318:attempted_stage,'FINAL_APPROVAL',attempted_stage,module_or_model_default,runtime,ALGORITHM_STRUCTURE_LITERAL,,,False
app/engine_paper/first_canary_correlation.py,41:RESERVED,'RESERVED',RESERVED,module_or_model_default,runtime,POLICY_VALUE_MUST_MOVE_TO_YAML,RESOLVED_BY_CANONICAL_REGISTRY,SEE_CANONICAL_REGISTRY,False
app/engine_paper/first_canary_correlation.py,42:ARMED,'ARMED',ARMED,module_or_model_default,runtime,ALGORITHM_STRUCTURE_LITERAL,,,False
app/engine_paper/first_canary_correlation.py,43:ARMED_WAITING,'ARMED_WAITING',ARMED_WAITING,module_or_model_default,runtime,ALGORITHM_STRUCTURE_LITERAL,,,False
app/engine_paper/first_canary_correlation.py,44:NO_ELIGIBLE_APPROVAL,'NO_ELIGIBLE_APPROVAL',NO_ELIGIBLE_APPROVAL,module_or_model_default,runtime,ALGORITHM_STRUCTURE_LITERAL,,,False
app/engine_paper/first_canary_correlation.py,45:RUNNING,'RUNNING',RUNNING,module_or_model_default,runtime,ALGORITHM_STRUCTURE_LITERAL,,,False
app/engine_paper/first_canary_correlation.py,46:POSITION_OPEN,'POSITION_OPEN',POSITION_OPEN,module_or_model_default,runtime,ALGORITHM_STRUCTURE_LITERAL,,,False
app/engine_paper/first_canary_correlation.py,47:POSITION_CLOSING,'POSITION_CLOSING',POSITION_CLOSING,module_or_model_default,runtime,ALGORITHM_STRUCTURE_LITERAL,,,False
app/engine_paper/first_canary_correlation.py,48:POSITION_CLOSED,'POSITION_CLOSED',POSITION_CLOSED,module_or_model_default,runtime,ALGORITHM_STRUCTURE_LITERAL,,,False
app/engine_paper/first_canary_correlation.py,49:RECONCILIATION_PENDING,'RECONCILIATION_PENDING',RECONCILIATION_PENDING,module_or_model_default,runtime,ALGORITHM_STRUCTURE_LITERAL,,,False
app/engine_paper/first_canary_correlation.py,50:COMPLETED,'COMPLETED',COMPLETED,module_or_model_default,runtime,ALGORITHM_STRUCTURE_LITERAL,,,False
app/engine_paper/first_canary_correlation.py,51:STOPPED,'STOPPED',STOPPED,module_or_model_default,runtime,ALGORITHM_STRUCTURE_LITERAL,,,False
app/engine_paper/first_canary_correlation.py,52:FAILED_SAFE,'FAILED_SAFE',FAILED_SAFE,module_or_model_default,runtime,ALGORITHM_STRUCTURE_LITERAL,,,False
app/engine_paper/first_canary_correlation.py,92:universe_version_id,'trading-universe-v1',universe_version_id,module_or_model_default,runtime,IDENTITY_OR_PROTOCOL_LITERAL,,,False
app/engine_paper/first_canary_correlation.py,93:authority_mode,'FIRST_CANARY_HISTORICAL',authority_mode,module_or_model_default,runtime,IDENTITY_OR_PROTOCOL_LITERAL,,,False
app/engine_paper/operator_bounded_runtime_runner.py,39:TASK_ID,'TRADERS_ML_PAPER_TRADING_OPERATOR_CONTROLLED_BOUNDED_RUNTIME_RUNNER_01',TASK_ID,module_or_model_default,runtime,IDENTITY_OR_PROTOCOL_LITERAL,,,False
app/engine_paper/operator_bounded_runtime_runner.py,42:CONFIGURATION_CONTRACT_VERSION,'PAPER_OPERATOR_BOUNDED_CONFIGURATION_V1',CONFIGURATION_CONTRACT_VERSION,module_or_model_default,runtime,IDENTITY_OR_PROTOCOL_LITERAL,,,False
app/engine_paper/operator_bounded_runtime_runner.py,43:REQUEST_CONTRACT_VERSION,'PAPER_OPERATOR_BOUNDED_REQUEST_V1',REQUEST_CONTRACT_VERSION,module_or_model_default,runtime,IDENTITY_OR_PROTOCOL_LITERAL,,,False
app/engine_paper/operator_bounded_runtime_runner.py,44:ACKNOWLEDGEMENT_CONTRACT_VERSION,'PAPER_OPERATOR_ACKNOWLEDGEMENT_V1',ACKNOWLEDGEMENT_CONTRACT_VERSION,module_or_model_default,runtime,IDENTITY_OR_PROTOCOL_LITERAL,,,False
app/engine_paper/operator_bounded_runtime_runner.py,45:SAFE_SUMMARY_SCHEMA_VERSION,'PAPER_OPERATOR_SAFE_SUMMARY_V1',SAFE_SUMMARY_SCHEMA_VERSION,module_or_model_default,runtime,IDENTITY_OR_PROTOCOL_LITERAL,,,False
app/engine_paper/operator_bounded_runtime_runner.py,46:OPERATOR_ACTION,'OPERATOR_CONTROLLED_BOUNDED_RUN',OPERATOR_ACTION,module_or_model_default,runtime,ALGORITHM_STRUCTURE_LITERAL,,,False
app/engine_paper/operator_bounded_runtime_runner.py,47:ACKNOWLEDGEMENT_PHRASE,'I_ACKNOWLEDGE_THIS_EXACT_FOREGROUND_ISOLATED_PAPER_SEQUENCE',ACKNOWLEDGEMENT_PHRASE,module_or_model_default,runtime,ALGORITHM_STRUCTURE_LITERAL,,,False
app/engine_paper/operator_bounded_runtime_runner.py,50:ALLOWED_TARGET,'ISOLATED_POSTGRESQL',ALLOWED_TARGET,module_or_model_default,runtime,ALGORITHM_STRUCTURE_LITERAL,,,False
app/engine_paper/operator_bounded_runtime_runner.py,51:ALLOWED_MODE,'PAPER',ALLOWED_MODE,module_or_model_default,runtime,IDENTITY_OR_PROTOCOL_LITERAL,,,False
app/engine_paper/operator_bounded_runtime_runner.py,52:MAX_CONFIG_BYTES,65536,MAX_CONFIG_BYTES,module_or_model_default,runtime,POLICY_VALUE_MUST_MOVE_TO_YAML,RESOLVED_BY_CANONICAL_REGISTRY,SEE_CANONICAL_REGISTRY,False
app/engine_paper/operator_bounded_runtime_runner.py,53:MAX_REQUEST_BYTES,262144,MAX_REQUEST_BYTES,module_or_model_default,runtime,POLICY_VALUE_MUST_MOVE_TO_YAML,RESOLVED_BY_CANONICAL_REGISTRY,SEE_CANONICAL_REGISTRY,False
app/engine_paper/operator_bounded_runtime_runner.py,54:MAX_SAFE_SUMMARY_BYTES,16384,MAX_SAFE_SUMMARY_BYTES,module_or_model_default,runtime,POLICY_VALUE_MUST_MOVE_TO_YAML,RESOLVED_BY_CANONICAL_REGISTRY,SEE_CANONICAL_REGISTRY,False
app/engine_paper/operator_bounded_runtime_runner.py,55:MAX_SUPPLIED_INPUT_BYTES,131072,MAX_SUPPLIED_INPUT_BYTES,module_or_model_default,runtime,POLICY_VALUE_MUST_MOVE_TO_YAML,RESOLVED_BY_CANONICAL_REGISTRY,SEE_CANONICAL_REGISTRY,False
app/engine_paper/operator_bounded_runtime_runner.py,56:MAX_IDENTITY_LENGTH,256,MAX_IDENTITY_LENGTH,module_or_model_default,runtime,IDENTITY_OR_PROTOCOL_LITERAL,,,False
app/engine_paper/operator_bounded_runtime_runner.py,57:MAX_SYMBOL_LENGTH,32,MAX_SYMBOL_LENGTH,module_or_model_default,runtime,POLICY_VALUE_MUST_MOVE_TO_YAML,RESOLVED_BY_CANONICAL_REGISTRY,SEE_CANONICAL_REGISTRY,False
app/engine_paper/operator_bounded_runtime_runner.py,58:MAX_TIMEOUT_SECONDS,3600.0,MAX_TIMEOUT_SECONDS,module_or_model_default,runtime,POLICY_VALUE_MUST_MOVE_TO_YAML,RESOLVED_BY_CANONICAL_REGISTRY,SEE_CANONICAL_REGISTRY,False
app/engine_paper/operator_bounded_runtime_runner.py,102:COMPLETED,0,COMPLETED,module_or_model_default,runtime,ALGORITHM_STRUCTURE_LITERAL,,,False
app/engine_paper/operator_bounded_runtime_runner.py,103:VALIDATION_BLOCKED,10,VALIDATION_BLOCKED,module_or_model_default,runtime,IDENTITY_OR_PROTOCOL_LITERAL,,,False
app/engine_paper/operator_bounded_runtime_runner.py,104:ACKNOWLEDGEMENT_REJECTED,11,ACKNOWLEDGEMENT_REJECTED,module_or_model_default,runtime,ALGORITHM_STRUCTURE_LITERAL,,,False
app/engine_paper/operator_bounded_runtime_runner.py,105:TARGET_REJECTED,12,TARGET_REJECTED,module_or_model_default,runtime,ALGORITHM_STRUCTURE_LITERAL,,,False
app/engine_paper/operator_bounded_runtime_runner.py,106:NEXT_STEP_NOT_READY,13,NEXT_STEP_NOT_READY,module_or_model_default,runtime,ALGORITHM_STRUCTURE_LITERAL,,,False
app/engine_paper/operator_bounded_runtime_runner.py,107:COMPLETED_WITH_DURABLE_PREFIX_STOP,14,COMPLETED_WITH_DURABLE_PREFIX_STOP,module_or_model_default,runtime,ALGORITHM_STRUCTURE_LITERAL,,,False
app/engine_paper/operator_bounded_runtime_runner.py,108:CANCELLED_BEFORE_MUTATION,15,CANCELLED_BEFORE_MUTATION,module_or_model_default,runtime,ALGORITHM_STRUCTURE_LITERAL,,,False
app/engine_paper/operator_bounded_runtime_runner.py,109:CANCELLED_WITH_DURABLE_PREFIX,16,CANCELLED_WITH_DURABLE_PREFIX,module_or_model_default,runtime,ALGORITHM_STRUCTURE_LITERAL,,,False
app/engine_paper/operator_bounded_runtime_runner.py,110:SEQUENCE_FAILED,17,SEQUENCE_FAILED,module_or_model_default,runtime,ALGORITHM_STRUCTURE_LITERAL,,,False
app/engine_paper/operator_bounded_runtime_runner.py,111:POSTFLIGHT_FAILED,18,POSTFLIGHT_FAILED,module_or_model_default,runtime,ALGORITHM_STRUCTURE_LITERAL,,,False
app/engine_paper/operator_bounded_runtime_runner.py,112:RESUME_STATE_AMBIGUOUS,19,RESUME_STATE_AMBIGUOUS,module_or_model_default,runtime,ALGORITHM_STRUCTURE_LITERAL,,,False
app/engine_paper/operator_bounded_runtime_runner.py,113:SECURITY_POLICY_VIOLATION,20,SECURITY_POLICY_VIOLATION,module_or_model_default,runtime,ALGORITHM_STRUCTURE_LITERAL,,,False
app/engine_paper/operator_bounded_runtime_runner.py,114:CLEANUP_FAILED,21,CLEANUP_FAILED,module_or_model_default,runtime,ALGORITHM_STRUCTURE_LITERAL,,,False
app/engine_paper/operator_bounded_runtime_runner.py,115:INTERNAL_SAFE_FAILURE,22,INTERNAL_SAFE_FAILURE,module_or_model_default,runtime,ALGORITHM_STRUCTURE_LITERAL,,,False
app/engine_paper/operator_bounded_runtime_runner.py,119:STARTING,'STARTING',STARTING,module_or_model_default,runtime,ALGORITHM_STRUCTURE_LITERAL,,,False
app/engine_paper/operator_bounded_runtime_runner.py,120:VALIDATING,'VALIDATING',VALIDATING,module_or_model_default,runtime,IDENTITY_OR_PROTOCOL_LITERAL,,,False
app/engine_paper/operator_bounded_runtime_runner.py,121:ARMED,'ARMED',ARMED,module_or_model_default,runtime,ALGORITHM_STRUCTURE_LITERAL,,,False
app/engine_paper/operator_bounded_runtime_runner.py,122:RUNNING,'RUNNING',RUNNING,module_or_model_default,runtime,ALGORITHM_STRUCTURE_LITERAL,,,False
app/engine_paper/operator_bounded_runtime_runner.py,123:FINALIZING,'FINALIZING',FINALIZING,module_or_model_default,runtime,ALGORITHM_STRUCTURE_LITERAL,,,False
app/engine_paper/operator_bounded_runtime_runner.py,124:EXITED,'EXITED',EXITED,module_or_model_default,runtime,ALGORITHM_STRUCTURE_LITERAL,,,False
app/engine_paper/operator_bounded_runtime_runner.py,128:COMPLETED,'COMPLETED',COMPLETED,module_or_model_default,runtime,ALGORITHM_STRUCTURE_LITERAL,,,False
app/engine_paper/operator_bounded_runtime_runner.py,129:VALIDATION_BLOCKED,'VALIDATION_BLOCKED',VALIDATION_BLOCKED,module_or_model_default,runtime,IDENTITY_OR_PROTOCOL_LITERAL,,,False
app/engine_paper/operator_bounded_runtime_runner.py,130:ACKNOWLEDGEMENT_REJECTED,'ACKNOWLEDGEMENT_REJECTED',ACKNOWLEDGEMENT_REJECTED,module_or_model_default,runtime,ALGORITHM_STRUCTURE_LITERAL,,,False
app/engine_paper/operator_bounded_runtime_runner.py,131:TARGET_REJECTED,'TARGET_REJECTED',TARGET_REJECTED,module_or_model_default,runtime,ALGORITHM_STRUCTURE_LITERAL,,,False
app/engine_paper/operator_bounded_runtime_runner.py,132:NEXT_STEP_NOT_READY,'NEXT_STEP_NOT_READY',NEXT_STEP_NOT_READY,module_or_model_default,runtime,ALGORITHM_STRUCTURE_LITERAL,,,False
app/engine_paper/operator_bounded_runtime_runner.py,133:DURABLE_PREFIX_STOP,'DURABLE_PREFIX_STOP',DURABLE_PREFIX_STOP,module_or_model_default,runtime,ALGORITHM_STRUCTURE_LITERAL,,,False
app/engine_paper/operator_bounded_runtime_runner.py,134:CANCELLED_BEFORE_MUTATION,'CANCELLED_BEFORE_MUTATION',CANCELLED_BEFORE_MUTATION,module_or_model_default,runtime,ALGORITHM_STRUCTURE_LITERAL,,,False
app/engine_paper/operator_bounded_runtime_runner.py,135:CANCELLED_WITH_DURABLE_PREFIX,'CANCELLED_WITH_DURABLE_PREFIX',CANCELLED_WITH_DURABLE_PREFIX,module_or_model_default,runtime,ALGORITHM_STRUCTURE_LITERAL,,,False
app/engine_paper/operator_bounded_runtime_runner.py,136:SEQUENCE_FAILED,'SEQUENCE_FAILED',SEQUENCE_FAILED,module_or_model_default,runtime,ALGORITHM_STRUCTURE_LITERAL,,,False
app/engine_paper/operator_bounded_runtime_runner.py,137:POSTFLIGHT_FAILED,'POSTFLIGHT_FAILED',POSTFLIGHT_FAILED,module_or_model_default,runtime,ALGORITHM_STRUCTURE_LITERAL,,,False
app/engine_paper/operator_bounded_runtime_runner.py,138:RESUME_STATE_AMBIGUOUS,'RESUME_STATE_AMBIGUOUS',RESUME_STATE_AMBIGUOUS,module_or_model_default,runtime,ALGORITHM_STRUCTURE_LITERAL,,,False
app/engine_paper/operator_bounded_runtime_runner.py,139:SECURITY_POLICY_VIOLATION,'SECURITY_POLICY_VIOLATION',SECURITY_POLICY_VIOLATION,module_or_model_default,runtime,ALGORITHM_STRUCTURE_LITERAL,,,False
app/engine_paper/operator_bounded_runtime_runner.py,140:CLEANUP_FAILED,'CLEANUP_FAILED',CLEANUP_FAILED,module_or_model_default,runtime,ALGORITHM_STRUCTURE_LITERAL,,,False
app/engine_paper/operator_bounded_runtime_runner.py,141:INTERNAL_SAFE_FAILURE,'INTERNAL_SAFE_FAILURE',INTERNAL_SAFE_FAILURE,module_or_model_default,runtime,ALGORITHM_STRUCTURE_LITERAL,,,False
app/engine_paper/operator_bounded_runtime_runner.py,145:VALIDATION,'VALIDATION',VALIDATION,module_or_model_default,runtime,IDENTITY_OR_PROTOCOL_LITERAL,,,False
app/engine_paper/operator_bounded_runtime_runner.py,146:SECURITY,'SECURITY',SECURITY,module_or_model_default,runtime,ALGORITHM_STRUCTURE_LITERAL,,,False
app/engine_paper/operator_bounded_runtime_runner.py,147:ACKNOWLEDGEMENT,'ACKNOWLEDGEMENT',ACKNOWLEDGEMENT,module_or_model_default,runtime,ALGORITHM_STRUCTURE_LITERAL,,,False
app/engine_paper/operator_bounded_runtime_runner.py,148:TARGET,'TARGET',TARGET,module_or_model_default,runtime,ALGORITHM_STRUCTURE_LITERAL,,,False
app/engine_paper/operator_bounded_runtime_runner.py,149:CANCELLED,'CANCELLED',CANCELLED,module_or_model_default,runtime,ALGORITHM_STRUCTURE_LITERAL,,,False
app/engine_paper/operator_bounded_runtime_runner.py,150:INTERNAL,'INTERNAL',INTERNAL,module_or_model_default,runtime,ALGORITHM_STRUCTURE_LITERAL,,,False
app/engine_paper/operator_bounded_runtime_runner.py,472:supplied_size,0,supplied_size,module_or_model_default,runtime,ALGORITHM_STRUCTURE_LITERAL,,,False
app/engine_paper/operator_bounded_runtime_runner.py,787:configuration_outcome,'NOT_RUN',configuration_outcome,module_or_model_default,runtime,ALGORITHM_STRUCTURE_LITERAL,,,False
app/engine_paper/operator_bounded_runtime_runner.py,788:target_outcome,'NOT_RUN',target_outcome,module_or_model_default,runtime,ALGORITHM_STRUCTURE_LITERAL,,,False
app/engine_paper/operator_bounded_runtime_runner.py,789:correlation_id,'UNAVAILABLE',correlation_id,module_or_model_default,runtime,IDENTITY_OR_PROTOCOL_LITERAL,,,False
app/engine_paper/operator_bounded_runtime_runner.py,790:requested_steps,0,requested_steps,module_or_model_default,runtime,ALGORITHM_STRUCTURE_LITERAL,,,False
app/engine_paper/operator_bounded_runtime_runner.py,793:cleanup_outcome,'PASS',cleanup_outcome,module_or_model_default,runtime,ALGORITHM_STRUCTURE_LITERAL,,,False
app/engine_paper/operator_bounded_runtime_runner.py,797:cleanup_timeout,5.0,cleanup_timeout,module_or_model_default,runtime,POLICY_VALUE_MUST_MOVE_TO_YAML,RESOLVED_BY_CANONICAL_REGISTRY,SEE_CANONICAL_REGISTRY,False
app/engine_paper/operator_bounded_runtime_runner.py,801:configuration_outcome,'PASS',configuration_outcome,module_or_model_default,runtime,ALGORITHM_STRUCTURE_LITERAL,,,False
app/engine_paper/operator_bounded_runtime_runner.py,807:request_outcome,'PASS',request_outcome,module_or_model_default,runtime,ALGORITHM_STRUCTURE_LITERAL,,,False
app/engine_paper/operator_bounded_runtime_runner.py,818:acknowledgement_outcome,'PASS',acknowledgement_outcome,module_or_model_default,runtime,ALGORITHM_STRUCTURE_LITERAL,,,False
app/engine_paper/operator_bounded_runtime_runner.py,828:target_outcome,'PASS',target_outcome,module_or_model_default,runtime,ALGORITHM_STRUCTURE_LITERAL,,,False
app/engine_paper/operator_bounded_runtime_runner.py,867:cleanup_outcome,'FAILED',cleanup_outcome,module_or_model_default,runtime,ALGORITHM_STRUCTURE_LITERAL,,,False
app/engine_paper/operator_bounded_runtime_runner.py,864:cleanup_outcome,'FAILED',cleanup_outcome,module_or_model_default,runtime,ALGORITHM_STRUCTURE_LITERAL,,,False
app/engine_paper/order_execution_service.py,66:MAX_CANDIDATE_CANDLES,64,MAX_CANDIDATE_CANDLES,module_or_model_default,runtime,IDENTITY_OR_PROTOCOL_LITERAL,,,False
app/engine_paper/order_execution_service.py,67:_JOURNAL_EVENT_COUNT,2,_JOURNAL_EVENT_COUNT,module_or_model_default,runtime,ALGORITHM_STRUCTURE_LITERAL,,,False
app/engine_paper/order_execution_service.py,68:_COMMAND_GRAPH_LIMIT,100,_COMMAND_GRAPH_LIMIT,module_or_model_default,runtime,POLICY_VALUE_MUST_MOVE_TO_YAML,RESOLVED_BY_CANONICAL_REGISTRY,SEE_CANONICAL_REGISTRY,False
app/engine_paper/order_execution_service.py,72:ENTRY_EXECUTED,'ENTRY_EXECUTED',ENTRY_EXECUTED,module_or_model_default,runtime,ALGORITHM_STRUCTURE_LITERAL,,,False
app/engine_paper/order_execution_service.py,73:ENTRY_ALREADY_EXECUTED,'ENTRY_ALREADY_EXECUTED',ENTRY_ALREADY_EXECUTED,module_or_model_default,runtime,ALGORITHM_STRUCTURE_LITERAL,,,False
app/engine_paper/order_execution_service.py,74:CLOSE_EXECUTED,'CLOSE_EXECUTED',CLOSE_EXECUTED,module_or_model_default,runtime,ALGORITHM_STRUCTURE_LITERAL,,,False
app/engine_paper/order_execution_service.py,75:CLOSE_ALREADY_EXECUTED,'CLOSE_ALREADY_EXECUTED',CLOSE_ALREADY_EXECUTED,module_or_model_default,runtime,ALGORITHM_STRUCTURE_LITERAL,,,False
app/engine_paper/order_execution_service.py,77:NOT_YET_ELIGIBLE,'NOT_YET_ELIGIBLE',NOT_YET_ELIGIBLE,module_or_model_default,runtime,ALGORITHM_STRUCTURE_LITERAL,,,False
app/engine_paper/order_execution_service.py,78:ELIGIBLE_CANDLE_MISSING,'ELIGIBLE_CANDLE_MISSING',ELIGIBLE_CANDLE_MISSING,module_or_model_default,runtime,ALGORITHM_STRUCTURE_LITERAL,,,False
app/engine_paper/order_execution_service.py,79:MARKET_DATA_GAP,'MARKET_DATA_GAP',MARKET_DATA_GAP,module_or_model_default,runtime,ALGORITHM_STRUCTURE_LITERAL,,,False
app/engine_paper/order_execution_service.py,80:DUPLICATE_CANDLE,'DUPLICATE_CANDLE',DUPLICATE_CANDLE,module_or_model_default,runtime,ALGORITHM_STRUCTURE_LITERAL,,,False
app/engine_paper/order_execution_service.py,81:CANDLE_CONFLICT,'CANDLE_CONFLICT',CANDLE_CONFLICT,module_or_model_default,runtime,ALGORITHM_STRUCTURE_LITERAL,,,False
app/engine_paper/order_execution_service.py,82:COMMAND_EXPIRED,'COMMAND_EXPIRED',COMMAND_EXPIRED,module_or_model_default,runtime,ALGORITHM_STRUCTURE_LITERAL,,,False
app/engine_paper/order_execution_service.py,83:SYMBOL_MISMATCH,'SYMBOL_MISMATCH',SYMBOL_MISMATCH,module_or_model_default,runtime,ALGORITHM_STRUCTURE_LITERAL,,,False
app/engine_paper/order_execution_service.py,84:TIMEFRAME_MISMATCH,'TIMEFRAME_MISMATCH',TIMEFRAME_MISMATCH,module_or_model_default,runtime,ALGORITHM_STRUCTURE_LITERAL,,,False
app/engine_paper/order_execution_service.py,85:CANDLE_NOT_CLOSED,'CANDLE_NOT_CLOSED',CANDLE_NOT_CLOSED,module_or_model_default,runtime,ALGORITHM_STRUCTURE_LITERAL,,,False
app/engine_paper/order_execution_service.py,86:FUTURE_DATA_REJECTED,'FUTURE_DATA_REJECTED',FUTURE_DATA_REJECTED,module_or_model_default,runtime,ALGORITHM_STRUCTURE_LITERAL,,,False
app/engine_paper/order_execution_service.py,87:INVALID_CANDLE,'INVALID_CANDLE',INVALID_CANDLE,module_or_model_default,runtime,IDENTITY_OR_PROTOCOL_LITERAL,,,False
app/engine_paper/order_execution_service.py,88:INVALID_POLICY,'INVALID_POLICY',INVALID_POLICY,module_or_model_default,runtime,IDENTITY_OR_PROTOCOL_LITERAL,,,False
app/engine_paper/order_execution_service.py,89:INVALID_PRECISION,'INVALID_PRECISION',INVALID_PRECISION,module_or_model_default,runtime,IDENTITY_OR_PROTOCOL_LITERAL,,,False
app/engine_paper/order_execution_service.py,90:INVALID_QUANTITY,'INVALID_QUANTITY',INVALID_QUANTITY,module_or_model_default,runtime,IDENTITY_OR_PROTOCOL_LITERAL,,,False
app/engine_paper/order_execution_service.py,91:INVALID_SIMULATED_PRICE,'INVALID_SIMULATED_PRICE',INVALID_SIMULATED_PRICE,module_or_model_default,runtime,IDENTITY_OR_PROTOCOL_LITERAL,,,False
app/engine_paper/order_execution_service.py,92:UNSUPPORTED_PARTIAL_FILL,'UNSUPPORTED_PARTIAL_FILL',UNSUPPORTED_PARTIAL_FILL,module_or_model_default,runtime,ALGORITHM_STRUCTURE_LITERAL,,,False
app/engine_paper/order_execution_service.py,94:COMMAND_NOT_FOUND,'COMMAND_NOT_FOUND',COMMAND_NOT_FOUND,module_or_model_default,runtime,ALGORITHM_STRUCTURE_LITERAL,,,False
app/engine_paper/order_execution_service.py,95:ORDER_NOT_FOUND,'ORDER_NOT_FOUND',ORDER_NOT_FOUND,module_or_model_default,runtime,ALGORITHM_STRUCTURE_LITERAL,,,False
app/engine_paper/order_execution_service.py,96:POSITION_NOT_FOUND,'POSITION_NOT_FOUND',POSITION_NOT_FOUND,module_or_model_default,runtime,ALGORITHM_STRUCTURE_LITERAL,,,False
app/engine_paper/order_execution_service.py,97:EXIT_DECISION_NOT_FOUND,'EXIT_DECISION_NOT_FOUND',EXIT_DECISION_NOT_FOUND,module_or_model_default,runtime,ALGORITHM_STRUCTURE_LITERAL,,,False
app/engine_paper/order_execution_service.py,98:INVALID_ORDER_ROLE,'INVALID_ORDER_ROLE',INVALID_ORDER_ROLE,module_or_model_default,runtime,IDENTITY_OR_PROTOCOL_LITERAL,,,False
app/engine_paper/order_execution_service.py,99:INVALID_ORDER_STATE,'INVALID_ORDER_STATE',INVALID_ORDER_STATE,module_or_model_default,runtime,IDENTITY_OR_PROTOCOL_LITERAL,,,False
app/engine_paper/order_execution_service.py,100:INVALID_POSITION_STATE,'INVALID_POSITION_STATE',INVALID_POSITION_STATE,module_or_model_default,runtime,IDENTITY_OR_PROTOCOL_LITERAL,,,False
app/engine_paper/order_execution_service.py,101:STALE_ORDER_VERSION,'STALE_ORDER_VERSION',STALE_ORDER_VERSION,module_or_model_default,runtime,IDENTITY_OR_PROTOCOL_LITERAL,,,False
app/engine_paper/order_execution_service.py,102:STALE_POSITION_VERSION,'STALE_POSITION_VERSION',STALE_POSITION_VERSION,module_or_model_default,runtime,IDENTITY_OR_PROTOCOL_LITERAL,,,False
app/engine_paper/order_execution_service.py,103:GRAPH_INCONSISTENT,'GRAPH_INCONSISTENT',GRAPH_INCONSISTENT,module_or_model_default,runtime,ALGORITHM_STRUCTURE_LITERAL,,,False
app/engine_paper/order_execution_service.py,104:EXISTING_ENTRY_GRAPH_INCONSISTENT,'EXISTING_ENTRY_GRAPH_INCONSISTENT',EXISTING_ENTRY_GRAPH_INCONSISTENT,module_or_model_default,runtime,ALGORITHM_STRUCTURE_LITERAL,,,False
app/engine_paper/order_execution_service.py,105:IDEMPOTENCY_CONFLICT,'IDEMPOTENCY_CONFLICT',IDEMPOTENCY_CONFLICT,module_or_model_default,runtime,IDENTITY_OR_PROTOCOL_LITERAL,,,False
app/engine_paper/order_execution_service.py,106:ACTIVE_POSITION_CONFLICT,'ACTIVE_POSITION_CONFLICT',ACTIVE_POSITION_CONFLICT,module_or_model_default,runtime,ALGORITHM_STRUCTURE_LITERAL,,,False
app/engine_paper/order_execution_service.py,107:CONSTRAINT_VIOLATION,'CONSTRAINT_VIOLATION',CONSTRAINT_VIOLATION,module_or_model_default,runtime,ALGORITHM_STRUCTURE_LITERAL,,,False
app/engine_paper/order_execution_service.py,108:TRANSIENT_DB_FAILURE,'TRANSIENT_DB_FAILURE',TRANSIENT_DB_FAILURE,module_or_model_default,runtime,ALGORITHM_STRUCTURE_LITERAL,,,False
app/engine_paper/order_execution_service.py,109:UNCERTAIN_COMMIT_RESOLVED_COMMITTED,'UNCERTAIN_COMMIT_RESOLVED_COMMITTED',UNCERTAIN_COMMIT_RESOLVED_COMMITTED,module_or_model_default,runtime,ALGORITHM_STRUCTURE_LITERAL,,,False
app/engine_paper/order_execution_service.py,112:UNCERTAIN_COMMIT_RESOLVED_NOT_COMMITTED,'UNCERTAIN_COMMIT_RESOLVED_NOT_COMMITTED',UNCERTAIN_COMMIT_RESOLVED_NOT_COMMITTED,module_or_model_default,runtime,ALGORITHM_STRUCTURE_LITERAL,,,False
app/engine_paper/order_execution_service.py,115:UNCERTAIN_COMMIT_UNRESOLVED,'UNCERTAIN_COMMIT_UNRESOLVED',UNCERTAIN_COMMIT_UNRESOLVED,module_or_model_default,runtime,ALGORITHM_STRUCTURE_LITERAL,,,False
app/engine_paper/order_execution_service.py,116:INTERNAL_INVARIANT_FAILURE,'INTERNAL_INVARIANT_FAILURE',INTERNAL_INVARIANT_FAILURE,module_or_model_default,runtime,ALGORITHM_STRUCTURE_LITERAL,,,False
app/engine_paper/order_execution_service.py,120:OK,'PAPER_EXECUTION_OK',OK,module_or_model_default,runtime,ALGORITHM_STRUCTURE_LITERAL,,,False
app/engine_paper/order_execution_service.py,121:COMMAND_NOT_FOUND,'PAPER_EXECUTION_COMMAND_NOT_FOUND',COMMAND_NOT_FOUND,module_or_model_default,runtime,ALGORITHM_STRUCTURE_LITERAL,,,False
app/engine_paper/order_execution_service.py,122:ORDER_NOT_FOUND,'PAPER_EXECUTION_ORDER_NOT_FOUND',ORDER_NOT_FOUND,module_or_model_default,runtime,ALGORITHM_STRUCTURE_LITERAL,,,False
app/engine_paper/order_execution_service.py,123:POSITION_NOT_FOUND,'PAPER_EXECUTION_POSITION_NOT_FOUND',POSITION_NOT_FOUND,module_or_model_default,runtime,ALGORITHM_STRUCTURE_LITERAL,,,False
app/engine_paper/order_execution_service.py,124:EXIT_NOT_FOUND,'PAPER_EXECUTION_EXIT_NOT_FOUND',EXIT_NOT_FOUND,module_or_model_default,runtime,ALGORITHM_STRUCTURE_LITERAL,,,False
app/engine_paper/order_execution_service.py,125:GRAPH_INCONSISTENT,'PAPER_EXECUTION_GRAPH_INCONSISTENT',GRAPH_INCONSISTENT,module_or_model_default,runtime,ALGORITHM_STRUCTURE_LITERAL,,,False
app/engine_paper/order_execution_service.py,126:EXISTING_ENTRY_GRAPH_INCONSISTENT,'PAPER_EXECUTION_EXISTING_ENTRY_GRAPH_INCONSISTENT',EXISTING_ENTRY_GRAPH_INCONSISTENT,module_or_model_default,runtime,ALGORITHM_STRUCTURE_LITERAL,,,False
app/engine_paper/order_execution_service.py,129:INVALID_ROLE,'PAPER_EXECUTION_INVALID_ROLE',INVALID_ROLE,module_or_model_default,runtime,IDENTITY_OR_PROTOCOL_LITERAL,,,False
app/engine_paper/order_execution_service.py,130:INVALID_ORDER_STATE,'PAPER_EXECUTION_INVALID_ORDER_STATE',INVALID_ORDER_STATE,module_or_model_default,runtime,IDENTITY_OR_PROTOCOL_LITERAL,,,False
app/engine_paper/order_execution_service.py,131:INVALID_POSITION_STATE,'PAPER_EXECUTION_INVALID_POSITION_STATE',INVALID_POSITION_STATE,module_or_model_default,runtime,IDENTITY_OR_PROTOCOL_LITERAL,,,False
app/engine_paper/order_execution_service.py,132:POLICY_MISMATCH,'PAPER_EXECUTION_POLICY_MISMATCH',POLICY_MISMATCH,module_or_model_default,runtime,ALGORITHM_STRUCTURE_LITERAL,,,False
app/engine_paper/order_execution_service.py,133:STALE_ORDER,'PAPER_EXECUTION_STALE_ORDER',STALE_ORDER,module_or_model_default,runtime,ALGORITHM_STRUCTURE_LITERAL,,,False
app/engine_paper/order_execution_service.py,134:STALE_POSITION,'PAPER_EXECUTION_STALE_POSITION',STALE_POSITION,module_or_model_default,runtime,ALGORITHM_STRUCTURE_LITERAL,,,False
app/engine_paper/order_execution_service.py,135:ACTIVE_POSITION,'PAPER_EXECUTION_ACTIVE_POSITION_CONFLICT',ACTIVE_POSITION,module_or_model_default,runtime,ALGORITHM_STRUCTURE_LITERAL,,,False
app/engine_paper/order_execution_service.py,136:IDEMPOTENCY_CONFLICT,'PAPER_EXECUTION_IDEMPOTENCY_CONFLICT',IDEMPOTENCY_CONFLICT,module_or_model_default,runtime,IDENTITY_OR_PROTOCOL_LITERAL,,,False
app/engine_paper/order_execution_service.py,137:UNCERTAIN_COMMIT,'PAPER_EXECUTION_UNCERTAIN_COMMIT',UNCERTAIN_COMMIT,module_or_model_default,runtime,ALGORITHM_STRUCTURE_LITERAL,,,False
app/engine_paper/order_execution_service.py,138:INTERNAL_INVARIANT,'PAPER_EXECUTION_INTERNAL_INVARIANT',INTERNAL_INVARIANT,module_or_model_default,runtime,ALGORITHM_STRUCTURE_LITERAL,,,False
app/engine_paper/order_execution_service.py,374:operation,'ENTRY',operation,module_or_model_default,runtime,ALGORITHM_STRUCTURE_LITERAL,,,False
app/engine_paper/order_execution_service.py,615:operation,'CLOSE',operation,module_or_model_default,runtime,ALGORITHM_STRUCTURE_LITERAL,,,False
app/engine_paper/outcome_diagnostics.py,18:OUTCOME_DIAGNOSTIC_VERSION,'scalping-mae-mfe-v1',OUTCOME_DIAGNOSTIC_VERSION,module_or_model_default,runtime,IDENTITY_OR_PROTOCOL_LITERAL,,,False
app/engine_paper/outcome_diagnostics.py,55:historical_diagnostic_only,True,historical_diagnostic_only,module_or_model_default,runtime,ALGORITHM_STRUCTURE_LITERAL,,,False
app/engine_paper/paper_approvals.py,35:PAPER_APPROVAL_IDEMPOTENCY_VERSION,'v1',PAPER_APPROVAL_IDEMPOTENCY_VERSION,module_or_model_default,runtime,IDENTITY_OR_PROTOCOL_LITERAL,,,False
app/engine_paper/paper_approvals.py,36:PAPER_APPROVAL_CONTRACT_VERSION,'paper-approval-v1',PAPER_APPROVAL_CONTRACT_VERSION,module_or_model_default,runtime,IDENTITY_OR_PROTOCOL_LITERAL,,,False
app/engine_paper/paper_approvals.py,40:PAPER_STRATEGY_FINAL_APPROVED,'PAPER_STRATEGY_FINAL_APPROVED',PAPER_STRATEGY_FINAL_APPROVED,module_or_model_default,runtime,ALGORITHM_STRUCTURE_LITERAL,,,False
app/engine_paper/paper_approvals.py,41:PAPER_QUANTITY_CONTROLLED_APPROVED,'PAPER_QUANTITY_CONTROLLED_APPROVED',PAPER_QUANTITY_CONTROLLED_APPROVED,module_or_model_default,runtime,ALGORITHM_STRUCTURE_LITERAL,,,False
app/engine_paper/paper_approvals.py,42:PAPER_RISK_FINAL_APPROVED,'PAPER_RISK_FINAL_APPROVED',PAPER_RISK_FINAL_APPROVED,module_or_model_default,runtime,POLICY_VALUE_MUST_MOVE_TO_YAML,RESOLVED_BY_CANONICAL_REGISTRY,SEE_CANONICAL_REGISTRY,False
app/engine_paper/paper_approvals.py,46:CONTROLLED_PAPER_AUTHORITY,'CONTROLLED_PAPER_AUTHORITY',CONTROLLED_PAPER_AUTHORITY,module_or_model_default,runtime,ALGORITHM_STRUCTURE_LITERAL,,,False
app/engine_paper/paper_config.py,8:plan_policy_version,'ENGINE_PAPER_01_PLAN_POLICY_V1',plan_policy_version,module_or_model_default,runtime,IDENTITY_OR_PROTOCOL_LITERAL,,,False
app/engine_paper/paper_config.py,15:require_risk_pre_approved,True,require_risk_pre_approved,module_or_model_default,runtime,POLICY_VALUE_MUST_MOVE_TO_YAML,RESOLVED_BY_CANONICAL_REGISTRY,SEE_CANONICAL_REGISTRY,False
app/engine_paper/paper_config.py,16:require_execution_review_flag,True,require_execution_review_flag,module_or_model_default,runtime,ALGORITHM_STRUCTURE_LITERAL,,,False
app/engine_paper/paper_config.py,17:minimum_planned_rr,1.5,minimum_planned_rr,module_or_model_default,runtime,POLICY_VALUE_MUST_MOVE_TO_YAML,RESOLVED_BY_CANONICAL_REGISTRY,SEE_CANONICAL_REGISTRY,False
app/engine_paper/paper_config.py,18:entry_fee_bps,10.0,entry_fee_bps,module_or_model_default,runtime,POLICY_VALUE_MUST_MOVE_TO_YAML,RESOLVED_BY_CANONICAL_REGISTRY,SEE_CANONICAL_REGISTRY,False
app/engine_paper/paper_config.py,19:exit_fee_bps,10.0,exit_fee_bps,module_or_model_default,runtime,POLICY_VALUE_MUST_MOVE_TO_YAML,RESOLVED_BY_CANONICAL_REGISTRY,SEE_CANONICAL_REGISTRY,False
app/engine_paper/paper_config.py,20:entry_slippage_bps,2.0,entry_slippage_bps,module_or_model_default,runtime,POLICY_VALUE_MUST_MOVE_TO_YAML,RESOLVED_BY_CANONICAL_REGISTRY,SEE_CANONICAL_REGISTRY,False
app/engine_paper/paper_config.py,21:exit_slippage_bps,2.0,exit_slippage_bps,module_or_model_default,runtime,POLICY_VALUE_MUST_MOVE_TO_YAML,RESOLVED_BY_CANONICAL_REGISTRY,SEE_CANONICAL_REGISTRY,False
app/engine_paper/paper_config.py,22:cost_safety_margin_bps,3.0,cost_safety_margin_bps,module_or_model_default,runtime,POLICY_VALUE_MUST_MOVE_TO_YAML,RESOLVED_BY_CANONICAL_REGISTRY,SEE_CANONICAL_REGISTRY,False
app/engine_paper/paper_config.py,23:minimum_net_edge_bps,1.0,minimum_net_edge_bps,module_or_model_default,runtime,POLICY_VALUE_MUST_MOVE_TO_YAML,RESOLVED_BY_CANONICAL_REGISTRY,SEE_CANONICAL_REGISTRY,False
app/engine_paper/paper_config.py,24:economic_policy_version,'PAPER_CANONICAL_NET_COST_V1',economic_policy_version,module_or_model_default,runtime,IDENTITY_OR_PROTOCOL_LITERAL,,,False
app/engine_paper/paper_config.py,27:allow_fallback_target,False,allow_fallback_target,module_or_model_default,runtime,ALGORITHM_STRUCTURE_LITERAL,,,False
app/engine_paper/paper_config.py,28:allow_fallback_stop,False,allow_fallback_stop,module_or_model_default,runtime,ALGORITHM_STRUCTURE_LITERAL,,,False
app/engine_paper/paper_config.py,29:default_stop_buffer_pct,0.001,default_stop_buffer_pct,module_or_model_default,runtime,POLICY_VALUE_MUST_MOVE_TO_YAML,RESOLVED_BY_CANONICAL_REGISTRY,SEE_CANONICAL_REGISTRY,False
app/engine_paper/paper_config.py,30:default_target_rr,1.5,default_target_rr,module_or_model_default,runtime,ALGORITHM_STRUCTURE_LITERAL,,,False
app/engine_paper/paper_config.py,31:reject_if_source_trade_signal,True,reject_if_source_trade_signal,module_or_model_default,runtime,ALGORITHM_STRUCTURE_LITERAL,,,False
app/engine_paper/paper_config.py,32:reject_if_source_executable,True,reject_if_source_executable,module_or_model_default,runtime,ALGORITHM_STRUCTURE_LITERAL,,,False
app/engine_paper/paper_config.py,33:reject_if_source_order_approved,True,reject_if_source_order_approved,module_or_model_default,runtime,ALGORITHM_STRUCTURE_LITERAL,,,False
app/engine_paper/paper_config.py,34:reject_if_source_execution_approved,True,reject_if_source_execution_approved,module_or_model_default,runtime,ALGORITHM_STRUCTURE_LITERAL,,,False
app/engine_paper/paper_config.py,35:reject_if_position_size_approved,True,reject_if_position_size_approved,module_or_model_default,runtime,ALGORITHM_STRUCTURE_LITERAL,,,False
app/engine_paper/paper_config.py,36:reject_if_future_bars_used,True,reject_if_future_bars_used,module_or_model_default,runtime,ALGORITHM_STRUCTURE_LITERAL,,,False
app/engine_paper/paper_level_builder.py,30:calculation_version,'paper-level-geometry-v2',calculation_version,module_or_model_default,runtime,IDENTITY_OR_PROTOCOL_LITERAL,,,False
app/engine_paper/paper_level_builder.py,46:geometry_pass,False,geometry_pass,module_or_model_default,runtime,ALGORITHM_STRUCTURE_LITERAL,,,False
app/engine_paper/paper_level_builder.py,47:target_pass,False,target_pass,module_or_model_default,runtime,ALGORITHM_STRUCTURE_LITERAL,,,False
app/engine_paper/paper_level_builder.py,48:rr_pass,False,rr_pass,module_or_model_default,runtime,ALGORITHM_STRUCTURE_LITERAL,,,False
app/engine_paper/paper_level_builder.py,113:buffer_source,'volatility_buffer',buffer_source,module_or_model_default,runtime,ALGORITHM_STRUCTURE_LITERAL,,,False
app/engine_paper/paper_level_builder.py,116:buffer_source,'atr_value',buffer_source,module_or_model_default,runtime,ALGORITHM_STRUCTURE_LITERAL,,,False
app/engine_paper/paper_level_builder.py,119:buffer_source,'default_stop_buffer_pct',buffer_source,module_or_model_default,runtime,ALGORITHM_STRUCTURE_LITERAL,,,False
app/engine_paper/paper_level_builder.py,147:target_source,'paper_fallback_default_target_rr',target_source,module_or_model_default,runtime,ALGORITHM_STRUCTURE_LITERAL,,,False
app/engine_paper/paper_plan_direction.py,7:BULLISH,'BULLISH',BULLISH,module_or_model_default,runtime,ALGORITHM_STRUCTURE_LITERAL,,,False
app/engine_paper/paper_plan_direction.py,8:BEARISH,'BEARISH',BEARISH,module_or_model_default,runtime,ALGORITHM_STRUCTURE_LITERAL,,,False
app/engine_paper/paper_plan_direction.py,9:NEUTRAL,'NEUTRAL',NEUTRAL,module_or_model_default,runtime,ALGORITHM_STRUCTURE_LITERAL,,,False
app/engine_paper/paper_plan_direction.py,10:NONE,'NONE',NONE,module_or_model_default,runtime,ALGORITHM_STRUCTURE_LITERAL,,,False
app/engine_paper/paper_plan_status.py,7:PAPER_PLAN_READY,'PAPER_PLAN_READY',PAPER_PLAN_READY,module_or_model_default,runtime,ALGORITHM_STRUCTURE_LITERAL,,,False
app/engine_paper/paper_plan_status.py,8:REJECT,'REJECT',REJECT,module_or_model_default,runtime,ALGORITHM_STRUCTURE_LITERAL,,,False
app/engine_paper/paper_plan_status.py,9:WAIT,'WAIT',WAIT,module_or_model_default,runtime,ALGORITHM_STRUCTURE_LITERAL,,,False
app/engine_paper/paper_plan_status.py,10:NO_PLAN,'NO_PLAN',NO_PLAN,module_or_model_default,runtime,ALGORITHM_STRUCTURE_LITERAL,,,False
app/engine_paper/paper_plan_status.py,11:ERROR,'ERROR',ERROR,module_or_model_default,runtime,ALGORITHM_STRUCTURE_LITERAL,,,False
app/engine_paper/paper_plan_type.py,7:BREAKOUT_CONTINUATION_PAPER_PLAN,'BREAKOUT_CONTINUATION_PAPER_PLAN',BREAKOUT_CONTINUATION_PAPER_PLAN,module_or_model_default,runtime,ALGORITHM_STRUCTURE_LITERAL,,,False
app/engine_paper/paper_plan_type.py,8:TREND_CONTINUATION_PAPER_PLAN,'TREND_CONTINUATION_PAPER_PLAN',TREND_CONTINUATION_PAPER_PLAN,module_or_model_default,runtime,ALGORITHM_STRUCTURE_LITERAL,,,False
app/engine_paper/paper_plan_type.py,9:PULLBACK_CONTINUATION_PAPER_PLAN,'PULLBACK_CONTINUATION_PAPER_PLAN',PULLBACK_CONTINUATION_PAPER_PLAN,module_or_model_default,runtime,ALGORITHM_STRUCTURE_LITERAL,,,False
app/engine_paper/paper_plan_type.py,10:RANGE_REJECTION_PAPER_PLAN,'RANGE_REJECTION_PAPER_PLAN',RANGE_REJECTION_PAPER_PLAN,module_or_model_default,runtime,ALGORITHM_STRUCTURE_LITERAL,,,False
app/engine_paper/paper_plan_type.py,11:FALSE_BREAKOUT_REVERSAL_PAPER_PLAN,'FALSE_BREAKOUT_REVERSAL_PAPER_PLAN',FALSE_BREAKOUT_REVERSAL_PAPER_PLAN,module_or_model_default,runtime,ALGORITHM_STRUCTURE_LITERAL,,,False
app/engine_paper/paper_plan_type.py,12:NO_PAPER_PLAN,'NO_PAPER_PLAN',NO_PAPER_PLAN,module_or_model_default,runtime,ALGORITHM_STRUCTURE_LITERAL,,,False
app/engine_paper/paper_reason_codes.py,7:PAPER_PLAN_READY_LOW_RISK,'PAPER_PLAN_READY_LOW_RISK',PAPER_PLAN_READY_LOW_RISK,module_or_model_default,runtime,POLICY_VALUE_MUST_MOVE_TO_YAML,RESOLVED_BY_CANONICAL_REGISTRY,SEE_CANONICAL_REGISTRY,False
app/engine_paper/paper_reason_codes.py,8:PAPER_PLAN_READY_ACCEPTABLE_RISK,'PAPER_PLAN_READY_ACCEPTABLE_RISK',PAPER_PLAN_READY_ACCEPTABLE_RISK,module_or_model_default,runtime,POLICY_VALUE_MUST_MOVE_TO_YAML,RESOLVED_BY_CANONICAL_REGISTRY,SEE_CANONICAL_REGISTRY,False
app/engine_paper/paper_reason_codes.py,9:PAPER_PLAN_READY_VALID_LEVELS,'PAPER_PLAN_READY_VALID_LEVELS',PAPER_PLAN_READY_VALID_LEVELS,module_or_model_default,runtime,IDENTITY_OR_PROTOCOL_LITERAL,,,False
app/engine_paper/paper_reason_codes.py,10:PAPER_PLAN_READY_MIN_RR_MET,'PAPER_PLAN_READY_MIN_RR_MET',PAPER_PLAN_READY_MIN_RR_MET,module_or_model_default,runtime,POLICY_VALUE_MUST_MOVE_TO_YAML,RESOLVED_BY_CANONICAL_REGISTRY,SEE_CANONICAL_REGISTRY,False
app/engine_paper/paper_reason_codes.py,11:PAPER_REJECT_SOURCE_REJECTED,'PAPER_REJECT_SOURCE_REJECTED',PAPER_REJECT_SOURCE_REJECTED,module_or_model_default,runtime,ALGORITHM_STRUCTURE_LITERAL,,,False
app/engine_paper/paper_reason_codes.py,12:PAPER_REJECT_SOURCE_ERROR,'PAPER_REJECT_SOURCE_ERROR',PAPER_REJECT_SOURCE_ERROR,module_or_model_default,runtime,ALGORITHM_STRUCTURE_LITERAL,,,False
app/engine_paper/paper_reason_codes.py,13:PAPER_REJECT_UNSAFE_SOURCE_RISK_DECISION,'PAPER_REJECT_UNSAFE_SOURCE_RISK_DECISION',PAPER_REJECT_UNSAFE_SOURCE_RISK_DECISION,module_or_model_default,runtime,POLICY_VALUE_MUST_MOVE_TO_YAML,RESOLVED_BY_CANONICAL_REGISTRY,SEE_CANONICAL_REGISTRY,False
app/engine_paper/paper_reason_codes.py,14:PAPER_REJECT_UNSUPPORTED_RISK_LEVEL,'PAPER_REJECT_UNSUPPORTED_RISK_LEVEL',PAPER_REJECT_UNSUPPORTED_RISK_LEVEL,module_or_model_default,runtime,POLICY_VALUE_MUST_MOVE_TO_YAML,RESOLVED_BY_CANONICAL_REGISTRY,SEE_CANONICAL_REGISTRY,False
app/engine_paper/paper_reason_codes.py,15:PAPER_REJECT_UNSUPPORTED_STRATEGY_TYPE,'PAPER_REJECT_UNSUPPORTED_STRATEGY_TYPE',PAPER_REJECT_UNSUPPORTED_STRATEGY_TYPE,module_or_model_default,runtime,ALGORITHM_STRUCTURE_LITERAL,,,False
app/engine_paper/paper_reason_codes.py,16:PAPER_REJECT_INVALID_DIRECTION,'PAPER_REJECT_INVALID_DIRECTION',PAPER_REJECT_INVALID_DIRECTION,module_or_model_default,runtime,IDENTITY_OR_PROTOCOL_LITERAL,,,False
app/engine_paper/paper_reason_codes.py,17:PAPER_REJECT_INVALID_LEVEL_GEOMETRY,'PAPER_REJECT_INVALID_LEVEL_GEOMETRY',PAPER_REJECT_INVALID_LEVEL_GEOMETRY,module_or_model_default,runtime,IDENTITY_OR_PROTOCOL_LITERAL,,,False
app/engine_paper/paper_reason_codes.py,18:PAPER_REJECT_LOW_PLANNED_RR,'PAPER_REJECT_LOW_PLANNED_RR',PAPER_REJECT_LOW_PLANNED_RR,module_or_model_default,runtime,ALGORITHM_STRUCTURE_LITERAL,,,False
app/engine_paper/paper_reason_codes.py,19:PAPER_REJECT_NET_COST_GATE,'PAPER_REJECT_NET_COST_GATE',PAPER_REJECT_NET_COST_GATE,module_or_model_default,runtime,ALGORITHM_STRUCTURE_LITERAL,,,False
app/engine_paper/paper_reason_codes.py,20:PAPER_NO_PLAN_CAUSAL_STOP_TOO_WIDE_FOR_PROFILE,'PAPER_NO_PLAN_CAUSAL_STOP_TOO_WIDE_FOR_PROFILE',PAPER_NO_PLAN_CAUSAL_STOP_TOO_WIDE_FOR_PROFILE,module_or_model_default,runtime,IDENTITY_OR_PROTOCOL_LITERAL,,,False
app/engine_paper/paper_reason_codes.py,21:SCALP_REJECT_CAUSAL_STOP_TOO_WIDE,'SCALP_REJECT_CAUSAL_STOP_TOO_WIDE',SCALP_REJECT_CAUSAL_STOP_TOO_WIDE,module_or_model_default,runtime,IDENTITY_OR_PROTOCOL_LITERAL,,,False
app/engine_paper/paper_reason_codes.py,22:SCALP_REJECT_DUPLICATE_OPPORTUNITY,'SCALP_REJECT_DUPLICATE_OPPORTUNITY',SCALP_REJECT_DUPLICATE_OPPORTUNITY,module_or_model_default,runtime,ALGORITHM_STRUCTURE_LITERAL,,,False
app/engine_paper/paper_reason_codes.py,23:NOT_REPLAYABLE_WITHOUT_FUTURE_LEAKAGE,'NOT_REPLAYABLE_WITHOUT_FUTURE_LEAKAGE',NOT_REPLAYABLE_WITHOUT_FUTURE_LEAKAGE,module_or_model_default,runtime,ALGORITHM_STRUCTURE_LITERAL,,,False
app/engine_paper/paper_reason_codes.py,24:PAPER_NO_PLAN_MISSING_AUTHORITATIVE_SPREAD,'PAPER_NO_PLAN_MISSING_AUTHORITATIVE_SPREAD',PAPER_NO_PLAN_MISSING_AUTHORITATIVE_SPREAD,module_or_model_default,runtime,POLICY_VALUE_MUST_MOVE_TO_YAML,RESOLVED_BY_CANONICAL_REGISTRY,SEE_CANONICAL_REGISTRY,False
app/engine_paper/paper_reason_codes.py,25:PAPER_NO_PLAN_MISSING_DEPTH_IMPACT,'PAPER_NO_PLAN_MISSING_DEPTH_IMPACT',PAPER_NO_PLAN_MISSING_DEPTH_IMPACT,module_or_model_default,runtime,ALGORITHM_STRUCTURE_LITERAL,,,False
app/engine_paper/paper_reason_codes.py,26:PAPER_NO_PLAN_TARGET_NOT_ECONOMICALLY_ACTIONABLE,'PAPER_NO_PLAN_TARGET_NOT_ECONOMICALLY_ACTIONABLE',PAPER_NO_PLAN_TARGET_NOT_ECONOMICALLY_ACTIONABLE,module_or_model_default,runtime,ALGORITHM_STRUCTURE_LITERAL,,,False
app/engine_paper/paper_reason_codes.py,29:PAPER_REJECT_TARGET_TOO_CLOSE_AFTER_COSTS,'PAPER_REJECT_TARGET_TOO_CLOSE_AFTER_COSTS',PAPER_REJECT_TARGET_TOO_CLOSE_AFTER_COSTS,module_or_model_default,runtime,ALGORITHM_STRUCTURE_LITERAL,,,False
app/engine_paper/paper_reason_codes.py,30:PAPER_REJECT_DEPTH_IMPACT_TOO_HIGH,'PAPER_REJECT_DEPTH_IMPACT_TOO_HIGH',PAPER_REJECT_DEPTH_IMPACT_TOO_HIGH,module_or_model_default,runtime,ALGORITHM_STRUCTURE_LITERAL,,,False
app/engine_paper/paper_reason_codes.py,31:PAPER_REJECT_NEGATIVE_NET_EDGE,'PAPER_REJECT_NEGATIVE_NET_EDGE',PAPER_REJECT_NEGATIVE_NET_EDGE,module_or_model_default,runtime,ALGORITHM_STRUCTURE_LITERAL,,,False
app/engine_paper/paper_reason_codes.py,32:PAPER_REJECT_LOW_GROSS_RR,'PAPER_REJECT_LOW_GROSS_RR',PAPER_REJECT_LOW_GROSS_RR,module_or_model_default,runtime,ALGORITHM_STRUCTURE_LITERAL,,,False
app/engine_paper/paper_reason_codes.py,33:PAPER_REJECT_LOW_NET_RR,'PAPER_REJECT_LOW_NET_RR',PAPER_REJECT_LOW_NET_RR,module_or_model_default,runtime,ALGORITHM_STRUCTURE_LITERAL,,,False
app/engine_paper/paper_reason_codes.py,34:ECONOMIC_GEOMETRY_NOT_FEASIBLE,'ECONOMIC_GEOMETRY_NOT_FEASIBLE',ECONOMIC_GEOMETRY_NOT_FEASIBLE,module_or_model_default,runtime,ALGORITHM_STRUCTURE_LITERAL,,,False
app/engine_paper/paper_reason_codes.py,35:NET_RR_BELOW_MINIMUM,'NET_RR_BELOW_MINIMUM',NET_RR_BELOW_MINIMUM,module_or_model_default,runtime,POLICY_VALUE_MUST_MOVE_TO_YAML,RESOLVED_BY_CANONICAL_REGISTRY,SEE_CANONICAL_REGISTRY,False
app/engine_paper/paper_reason_codes.py,36:COST_MODEL_INVALID,'COST_MODEL_INVALID',COST_MODEL_INVALID,module_or_model_default,runtime,IDENTITY_OR_PROTOCOL_LITERAL,,,False
app/engine_paper/paper_reason_codes.py,37:PRECISION_NORMALIZATION_INVALIDATED_RR,'PRECISION_NORMALIZATION_INVALIDATED_RR',PRECISION_NORMALIZATION_INVALIDATED_RR,module_or_model_default,runtime,IDENTITY_OR_PROTOCOL_LITERAL,,,False
app/engine_paper/paper_reason_codes.py,40:PAPER_WAIT_SOURCE_WAITING,'PAPER_WAIT_SOURCE_WAITING',PAPER_WAIT_SOURCE_WAITING,module_or_model_default,runtime,ALGORITHM_STRUCTURE_LITERAL,,,False
app/engine_paper/paper_reason_codes.py,41:PAPER_NO_PLAN_SOURCE_NO_DECISION,'PAPER_NO_PLAN_SOURCE_NO_DECISION',PAPER_NO_PLAN_SOURCE_NO_DECISION,module_or_model_default,runtime,ALGORITHM_STRUCTURE_LITERAL,,,False
app/engine_paper/paper_reason_codes.py,42:PAPER_NO_PLAN_NOT_RISK_PREAPPROVED,'PAPER_NO_PLAN_NOT_RISK_PREAPPROVED',PAPER_NO_PLAN_NOT_RISK_PREAPPROVED,module_or_model_default,runtime,POLICY_VALUE_MUST_MOVE_TO_YAML,RESOLVED_BY_CANONICAL_REGISTRY,SEE_CANONICAL_REGISTRY,False
app/engine_paper/paper_reason_codes.py,43:PAPER_NO_PLAN_MISSING_CAUSAL_LEVELS,'PAPER_NO_PLAN_MISSING_CAUSAL_LEVELS',PAPER_NO_PLAN_MISSING_CAUSAL_LEVELS,module_or_model_default,runtime,ALGORITHM_STRUCTURE_LITERAL,,,False
app/engine_paper/paper_reason_codes.py,44:PAPER_NO_PLAN_MISSING_ENTRY_REFERENCE,'PAPER_NO_PLAN_MISSING_ENTRY_REFERENCE',PAPER_NO_PLAN_MISSING_ENTRY_REFERENCE,module_or_model_default,runtime,ALGORITHM_STRUCTURE_LITERAL,,,False
app/engine_paper/paper_reason_codes.py,45:PAPER_NO_PLAN_MISSING_INVALIDATION_LEVEL,'PAPER_NO_PLAN_MISSING_INVALIDATION_LEVEL',PAPER_NO_PLAN_MISSING_INVALIDATION_LEVEL,module_or_model_default,runtime,IDENTITY_OR_PROTOCOL_LITERAL,,,False
app/engine_paper/paper_reason_codes.py,46:PAPER_NO_PLAN_MISSING_STOP_LEVEL,'PAPER_NO_PLAN_MISSING_STOP_LEVEL',PAPER_NO_PLAN_MISSING_STOP_LEVEL,module_or_model_default,runtime,ALGORITHM_STRUCTURE_LITERAL,,,False
app/engine_paper/paper_reason_codes.py,47:PAPER_NO_PLAN_MISSING_TARGET_LEVEL,'PAPER_NO_PLAN_MISSING_TARGET_LEVEL',PAPER_NO_PLAN_MISSING_TARGET_LEVEL,module_or_model_default,runtime,ALGORITHM_STRUCTURE_LITERAL,,,False
app/engine_paper/paper_reason_codes.py,48:PAPER_NO_FUTURE_BARS_USED,'PAPER_NO_FUTURE_BARS_USED',PAPER_NO_FUTURE_BARS_USED,module_or_model_default,runtime,ALGORITHM_STRUCTURE_LITERAL,,,False
app/engine_paper/paper_reason_codes.py,49:PAPER_ONLY_NOT_EXECUTABLE,'PAPER_ONLY_NOT_EXECUTABLE',PAPER_ONLY_NOT_EXECUTABLE,module_or_model_default,runtime,ALGORITHM_STRUCTURE_LITERAL,,,False
app/engine_paper/paper_reason_codes.py,50:PAPER_NOT_ORDER_APPROVED,'PAPER_NOT_ORDER_APPROVED',PAPER_NOT_ORDER_APPROVED,module_or_model_default,runtime,ALGORITHM_STRUCTURE_LITERAL,,,False
app/engine_paper/paper_reason_codes.py,51:PAPER_NOT_POSITION_OPENED,'PAPER_NOT_POSITION_OPENED',PAPER_NOT_POSITION_OPENED,module_or_model_default,runtime,ALGORITHM_STRUCTURE_LITERAL,,,False
app/engine_paper/paper_reason_codes.py,52:PAPER_ERROR_PROCESSING_FAILED,'PAPER_ERROR_PROCESSING_FAILED',PAPER_ERROR_PROCESSING_FAILED,module_or_model_default,runtime,ALGORITHM_STRUCTURE_LITERAL,,,False
app/engine_paper/paper_store.py,37:limit,100,limit,function_default,runtime,POLICY_VALUE_MUST_MOVE_TO_YAML,RESOLVED_BY_CANONICAL_REGISTRY,SEE_CANONICAL_REGISTRY,False
app/engine_paper/paper_trade_plan.py,54:plan_quality,'UNKNOWN',plan_quality,module_or_model_default,runtime,ALGORITHM_STRUCTURE_LITERAL,,,False
app/engine_paper/performance.py,38:loss_streak,0,loss_streak,module_or_model_default,runtime,ALGORITHM_STRUCTURE_LITERAL,,,False
app/engine_paper/performance.py,39:max_loss_streak,0,max_loss_streak,module_or_model_default,runtime,POLICY_VALUE_MUST_MOVE_TO_YAML,RESOLVED_BY_CANONICAL_REGISTRY,SEE_CANONICAL_REGISTRY,False
app/engine_paper/portfolio_gate.py,22:PORTFOLIO_GATE_VERSION,'paper-portfolio-admission-v1',PORTFOLIO_GATE_VERSION,module_or_model_default,runtime,IDENTITY_OR_PROTOCOL_LITERAL,,,False
app/engine_paper/portfolio_gate.py,74:reason,'PORTFOLIO_ADMITTED',reason,module_or_model_default,runtime,ALGORITHM_STRUCTURE_LITERAL,,,False
app/engine_paper/portfolio_gate.py,75:decision,'PASS',decision,module_or_model_default,runtime,ALGORITHM_STRUCTURE_LITERAL,,,False
app/engine_paper/production_approval.py,38:ADAPTER_SCHEMA_VERSION,'PAPER_PRODUCTION_APPROVAL_SOURCE/1.0',ADAPTER_SCHEMA_VERSION,module_or_model_default,runtime,IDENTITY_OR_PROTOCOL_LITERAL,,,False
app/engine_paper/production_approval.py,39:ADAPTER_VERSION,'1.0.0',ADAPTER_VERSION,module_or_model_default,runtime,IDENTITY_OR_PROTOCOL_LITERAL,,,False
app/engine_paper/production_approval.py,40:AUTHORITATIVE_SOURCE,'PRODUCTION_PERSISTED_ONLINE_PIPELINE_RESULTS',AUTHORITATIVE_SOURCE,module_or_model_default,runtime,ALGORITHM_STRUCTURE_LITERAL,,,False
app/engine_paper/production_approval.py,41:AUTHORITATIVE_ANALYSIS_SOURCE,'online_pipeline_results.analysis_payload_json',AUTHORITATIVE_ANALYSIS_SOURCE,module_or_model_default,runtime,ALGORITHM_STRUCTURE_LITERAL,,,False
app/engine_paper/production_approval.py,42:AUTHORITATIVE_SETUP_SOURCE,'online_pipeline_results.setup_payload_json',AUTHORITATIVE_SETUP_SOURCE,module_or_model_default,runtime,ALGORITHM_STRUCTURE_LITERAL,,,False
app/engine_paper/production_approval.py,43:AUTHORITATIVE_STRATEGY_SOURCE,'online_pipeline_results.strategy_payload_json',AUTHORITATIVE_STRATEGY_SOURCE,module_or_model_default,runtime,ALGORITHM_STRUCTURE_LITERAL,,,False
app/engine_paper/production_approval.py,44:AUTHORITATIVE_RISK_SOURCE,'online_pipeline_results.risk_payload_json',AUTHORITATIVE_RISK_SOURCE,module_or_model_default,runtime,POLICY_VALUE_MUST_MOVE_TO_YAML,RESOLVED_BY_CANONICAL_REGISTRY,SEE_CANONICAL_REGISTRY,False
app/engine_paper/production_approval.py,45:AUTHORITATIVE_FINAL_APPROVAL_SOURCE,'paper_payload_json.persisted_final_approvals',AUTHORITATIVE_FINAL_APPROVAL_SOURCE,module_or_model_default,runtime,ALGORITHM_STRUCTURE_LITERAL,,,False
app/engine_paper/production_approval.py,46:AUTHORITATIVE_QUANTITY_SOURCE,'PaperQuantityApproval.CONTROLLED_PAPER_AUTHORITY',AUTHORITATIVE_QUANTITY_SOURCE,module_or_model_default,runtime,ALGORITHM_STRUCTURE_LITERAL,,,False
app/engine_paper/production_approval.py,48:PRIMARY_TIMEFRAME,'15m',PRIMARY_TIMEFRAME,module_or_model_default,runtime,ALGORITHM_STRUCTURE_LITERAL,,,False
app/engine_paper/production_approval.py,56:MAX_SYMBOLS_PER_REQUEST,10,MAX_SYMBOLS_PER_REQUEST,module_or_model_default,runtime,POLICY_VALUE_MUST_MOVE_TO_YAML,RESOLVED_BY_CANONICAL_REGISTRY,SEE_CANONICAL_REGISTRY,False
app/engine_paper/production_approval.py,57:MAX_RUN_LOOKBACK,8,MAX_RUN_LOOKBACK,module_or_model_default,runtime,POLICY_VALUE_MUST_MOVE_TO_YAML,RESOLVED_BY_CANONICAL_REGISTRY,SEE_CANONICAL_REGISTRY,False
app/engine_paper/production_approval.py,58:MAX_RESULTS_PER_MODULE,8,MAX_RESULTS_PER_MODULE,module_or_model_default,runtime,POLICY_VALUE_MUST_MOVE_TO_YAML,RESOLVED_BY_CANONICAL_REGISTRY,SEE_CANONICAL_REGISTRY,False
app/engine_paper/production_approval.py,59:MAX_ROWS_PER_REQUEST,80,MAX_ROWS_PER_REQUEST,module_or_model_default,runtime,POLICY_VALUE_MUST_MOVE_TO_YAML,RESOLVED_BY_CANONICAL_REGISTRY,SEE_CANONICAL_REGISTRY,False
app/engine_paper/production_approval.py,60:MAX_CANDIDATES_PER_REQUEST,10,MAX_CANDIDATES_PER_REQUEST,module_or_model_default,runtime,IDENTITY_OR_PROTOCOL_LITERAL,,,False
app/engine_paper/production_approval.py,62:_TRANSACTION_CONTROL,'SET TRANSACTION ISOLATION LEVEL REPEATABLE READ READ ONLY',_TRANSACTION_CONTROL,module_or_model_default,runtime,ALGORITHM_STRUCTURE_LITERAL,,,False
app/engine_paper/production_approval.py,78:ELIGIBLE_APPROVAL,'ELIGIBLE_APPROVAL',ELIGIBLE_APPROVAL,module_or_model_default,runtime,ALGORITHM_STRUCTURE_LITERAL,,,False
app/engine_paper/production_approval.py,79:NO_ELIGIBLE_APPROVAL,'NO_ELIGIBLE_APPROVAL',NO_ELIGIBLE_APPROVAL,module_or_model_default,runtime,ALGORITHM_STRUCTURE_LITERAL,,,False
app/engine_paper/production_approval.py,80:NO_TRADE_SIGNAL,'NO_TRADE_SIGNAL',NO_TRADE_SIGNAL,module_or_model_default,runtime,ALGORITHM_STRUCTURE_LITERAL,,,False
app/engine_paper/production_approval.py,81:SETUP_NOT_ELIGIBLE,'SETUP_NOT_ELIGIBLE',SETUP_NOT_ELIGIBLE,module_or_model_default,runtime,ALGORITHM_STRUCTURE_LITERAL,,,False
app/engine_paper/production_approval.py,82:STRATEGY_NOT_EXECUTABLE,'STRATEGY_NOT_EXECUTABLE',STRATEGY_NOT_EXECUTABLE,module_or_model_default,runtime,ALGORITHM_STRUCTURE_LITERAL,,,False
app/engine_paper/production_approval.py,83:RISK_REJECTED,'RISK_REJECTED',RISK_REJECTED,module_or_model_default,runtime,POLICY_VALUE_MUST_MOVE_TO_YAML,RESOLVED_BY_CANONICAL_REGISTRY,SEE_CANONICAL_REGISTRY,False
app/engine_paper/production_approval.py,84:RISK_DEFERRED,'RISK_DEFERRED',RISK_DEFERRED,module_or_model_default,runtime,POLICY_VALUE_MUST_MOVE_TO_YAML,RESOLVED_BY_CANONICAL_REGISTRY,SEE_CANONICAL_REGISTRY,False
app/engine_paper/production_approval.py,85:APPROVAL_NOT_FINAL,'APPROVAL_NOT_FINAL',APPROVAL_NOT_FINAL,module_or_model_default,runtime,ALGORITHM_STRUCTURE_LITERAL,,,False
app/engine_paper/production_approval.py,86:EXECUTION_NOT_APPROVED,'EXECUTION_NOT_APPROVED',EXECUTION_NOT_APPROVED,module_or_model_default,runtime,ALGORITHM_STRUCTURE_LITERAL,,,False
app/engine_paper/production_approval.py,87:QUANTITY_NOT_APPROVED,'QUANTITY_NOT_APPROVED',QUANTITY_NOT_APPROVED,module_or_model_default,runtime,ALGORITHM_STRUCTURE_LITERAL,,,False
app/engine_paper/production_approval.py,88:INVALID_QUANTITY,'INVALID_QUANTITY',INVALID_QUANTITY,module_or_model_default,runtime,IDENTITY_OR_PROTOCOL_LITERAL,,,False
app/engine_paper/production_approval.py,89:STALE_APPROVAL,'STALE_APPROVAL',STALE_APPROVAL,module_or_model_default,runtime,ALGORITHM_STRUCTURE_LITERAL,,,False
app/engine_paper/production_approval.py,90:SUPERSEDED_APPROVAL,'SUPERSEDED_APPROVAL',SUPERSEDED_APPROVAL,module_or_model_default,runtime,ALGORITHM_STRUCTURE_LITERAL,,,False
app/engine_paper/production_approval.py,91:AMBIGUOUS_APPROVAL,'AMBIGUOUS_APPROVAL',AMBIGUOUS_APPROVAL,module_or_model_default,runtime,ALGORITHM_STRUCTURE_LITERAL,,,False
app/engine_paper/production_approval.py,92:CAUSALITY_MISMATCH,'CAUSALITY_MISMATCH',CAUSALITY_MISMATCH,module_or_model_default,runtime,ALGORITHM_STRUCTURE_LITERAL,,,False
app/engine_paper/production_approval.py,93:MARKET_DATA_WATERMARK_MISMATCH,'MARKET_DATA_WATERMARK_MISMATCH',MARKET_DATA_WATERMARK_MISMATCH,module_or_model_default,runtime,ALGORITHM_STRUCTURE_LITERAL,,,False
app/engine_paper/production_approval.py,94:SYMBOL_MISMATCH,'SYMBOL_MISMATCH',SYMBOL_MISMATCH,module_or_model_default,runtime,ALGORITHM_STRUCTURE_LITERAL,,,False
app/engine_paper/production_approval.py,95:SIDE_MISMATCH,'SIDE_MISMATCH',SIDE_MISMATCH,module_or_model_default,runtime,IDENTITY_OR_PROTOCOL_LITERAL,,,False
app/engine_paper/production_approval.py,96:FUTURE_DECISION,'FUTURE_DECISION',FUTURE_DECISION,module_or_model_default,runtime,ALGORITHM_STRUCTURE_LITERAL,,,False
app/engine_paper/production_approval.py,97:TARGET_NOT_ALLOWED,'TARGET_NOT_ALLOWED',TARGET_NOT_ALLOWED,module_or_model_default,runtime,ALGORITHM_STRUCTURE_LITERAL,,,False
app/engine_paper/production_approval.py,98:SCHEMA_NOT_SUPPORTED,'SCHEMA_NOT_SUPPORTED',SCHEMA_NOT_SUPPORTED,module_or_model_default,runtime,IDENTITY_OR_PROTOCOL_LITERAL,,,False
app/engine_paper/production_approval.py,99:BOUNDED_LIMIT_EXCEEDED,'BOUNDED_LIMIT_EXCEEDED',BOUNDED_LIMIT_EXCEEDED,module_or_model_default,runtime,POLICY_VALUE_MUST_MOVE_TO_YAML,RESOLVED_BY_CANONICAL_REGISTRY,SEE_CANONICAL_REGISTRY,False
app/engine_paper/production_approval.py,100:READ_ONLY_POLICY_VIOLATION,'READ_ONLY_POLICY_VIOLATION',READ_ONLY_POLICY_VIOLATION,module_or_model_default,runtime,ALGORITHM_STRUCTURE_LITERAL,,,False
app/engine_paper/production_approval.py,101:CANCELLED,'CANCELLED',CANCELLED,module_or_model_default,runtime,ALGORITHM_STRUCTURE_LITERAL,,,False
app/engine_paper/production_approval.py,102:SAFE_FAILURE,'SAFE_FAILURE',SAFE_FAILURE,module_or_model_default,runtime,ALGORITHM_STRUCTURE_LITERAL,,,False
app/engine_paper/production_approval.py,116:READY,'READY',READY,module_or_model_default,runtime,ALGORITHM_STRUCTURE_LITERAL,,,False
app/engine_paper/production_approval.py,117:HEALTHY_NO_ELIGIBLE_APPROVAL,'HEALTHY_NO_ELIGIBLE_APPROVAL',HEALTHY_NO_ELIGIBLE_APPROVAL,module_or_model_default,runtime,ALGORITHM_STRUCTURE_LITERAL,,,False
app/engine_paper/production_approval.py,118:NOT_READY,'NOT_READY',NOT_READY,module_or_model_default,runtime,ALGORITHM_STRUCTURE_LITERAL,,,False
app/engine_paper/production_approval.py,119:CANCELLED,'CANCELLED',CANCELLED,module_or_model_default,runtime,ALGORITHM_STRUCTURE_LITERAL,,,False
app/engine_paper/production_approval.py,123:APPROVAL_SOURCE_ELIGIBLE,'APPROVAL_SOURCE_ELIGIBLE',APPROVAL_SOURCE_ELIGIBLE,module_or_model_default,runtime,ALGORITHM_STRUCTURE_LITERAL,,,False
app/engine_paper/production_approval.py,124:APPROVAL_SOURCE_NO_ELIGIBLE_APPROVAL,'APPROVAL_SOURCE_NO_ELIGIBLE_APPROVAL',APPROVAL_SOURCE_NO_ELIGIBLE_APPROVAL,module_or_model_default,runtime,ALGORITHM_STRUCTURE_LITERAL,,,False
app/engine_paper/production_approval.py,125:APPROVAL_SOURCE_NO_TRADE_SIGNAL,'APPROVAL_SOURCE_NO_TRADE_SIGNAL',APPROVAL_SOURCE_NO_TRADE_SIGNAL,module_or_model_default,runtime,ALGORITHM_STRUCTURE_LITERAL,,,False
app/engine_paper/production_approval.py,126:APPROVAL_SOURCE_SETUP_NOT_ELIGIBLE,'APPROVAL_SOURCE_SETUP_NOT_ELIGIBLE',APPROVAL_SOURCE_SETUP_NOT_ELIGIBLE,module_or_model_default,runtime,ALGORITHM_STRUCTURE_LITERAL,,,False
app/engine_paper/production_approval.py,127:APPROVAL_SOURCE_STRATEGY_NOT_EXECUTABLE,'APPROVAL_SOURCE_STRATEGY_NOT_EXECUTABLE',APPROVAL_SOURCE_STRATEGY_NOT_EXECUTABLE,module_or_model_default,runtime,ALGORITHM_STRUCTURE_LITERAL,,,False
app/engine_paper/production_approval.py,128:APPROVAL_SOURCE_RISK_REJECTED,'APPROVAL_SOURCE_RISK_REJECTED',APPROVAL_SOURCE_RISK_REJECTED,module_or_model_default,runtime,POLICY_VALUE_MUST_MOVE_TO_YAML,RESOLVED_BY_CANONICAL_REGISTRY,SEE_CANONICAL_REGISTRY,False
app/engine_paper/production_approval.py,129:APPROVAL_SOURCE_RISK_DEFERRED,'APPROVAL_SOURCE_RISK_DEFERRED',APPROVAL_SOURCE_RISK_DEFERRED,module_or_model_default,runtime,POLICY_VALUE_MUST_MOVE_TO_YAML,RESOLVED_BY_CANONICAL_REGISTRY,SEE_CANONICAL_REGISTRY,False
app/engine_paper/production_approval.py,130:APPROVAL_SOURCE_FINAL_APPROVAL_MISSING,'APPROVAL_SOURCE_FINAL_APPROVAL_MISSING',APPROVAL_SOURCE_FINAL_APPROVAL_MISSING,module_or_model_default,runtime,ALGORITHM_STRUCTURE_LITERAL,,,False
app/engine_paper/production_approval.py,131:APPROVAL_SOURCE_EXECUTION_NOT_APPROVED,'APPROVAL_SOURCE_EXECUTION_NOT_APPROVED',APPROVAL_SOURCE_EXECUTION_NOT_APPROVED,module_or_model_default,runtime,ALGORITHM_STRUCTURE_LITERAL,,,False
app/engine_paper/production_approval.py,132:APPROVAL_SOURCE_QUANTITY_NOT_APPROVED,'APPROVAL_SOURCE_QUANTITY_NOT_APPROVED',APPROVAL_SOURCE_QUANTITY_NOT_APPROVED,module_or_model_default,runtime,ALGORITHM_STRUCTURE_LITERAL,,,False
app/engine_paper/production_approval.py,133:APPROVAL_SOURCE_INVALID_QUANTITY,'APPROVAL_SOURCE_INVALID_QUANTITY',APPROVAL_SOURCE_INVALID_QUANTITY,module_or_model_default,runtime,IDENTITY_OR_PROTOCOL_LITERAL,,,False
app/engine_paper/production_approval.py,134:APPROVAL_SOURCE_STALE,'APPROVAL_SOURCE_STALE',APPROVAL_SOURCE_STALE,module_or_model_default,runtime,ALGORITHM_STRUCTURE_LITERAL,,,False
app/engine_paper/production_approval.py,135:APPROVAL_SOURCE_SUPERSEDED,'APPROVAL_SOURCE_SUPERSEDED',APPROVAL_SOURCE_SUPERSEDED,module_or_model_default,runtime,ALGORITHM_STRUCTURE_LITERAL,,,False
app/engine_paper/production_approval.py,136:APPROVAL_SOURCE_AMBIGUOUS,'APPROVAL_SOURCE_AMBIGUOUS',APPROVAL_SOURCE_AMBIGUOUS,module_or_model_default,runtime,ALGORITHM_STRUCTURE_LITERAL,,,False
app/engine_paper/production_approval.py,137:APPROVAL_SOURCE_CAUSALITY_MISMATCH,'APPROVAL_SOURCE_CAUSALITY_MISMATCH',APPROVAL_SOURCE_CAUSALITY_MISMATCH,module_or_model_default,runtime,ALGORITHM_STRUCTURE_LITERAL,,,False
app/engine_paper/production_approval.py,138:APPROVAL_SOURCE_MARKET_DATA_WATERMARK_MISMATCH,'APPROVAL_SOURCE_MARKET_DATA_WATERMARK_MISMATCH',APPROVAL_SOURCE_MARKET_DATA_WATERMARK_MISMATCH,module_or_model_default,runtime,ALGORITHM_STRUCTURE_LITERAL,,,False
app/engine_paper/production_approval.py,139:APPROVAL_SOURCE_SYMBOL_MISMATCH,'APPROVAL_SOURCE_SYMBOL_MISMATCH',APPROVAL_SOURCE_SYMBOL_MISMATCH,module_or_model_default,runtime,ALGORITHM_STRUCTURE_LITERAL,,,False
app/engine_paper/production_approval.py,140:APPROVAL_SOURCE_SIDE_MISMATCH,'APPROVAL_SOURCE_SIDE_MISMATCH',APPROVAL_SOURCE_SIDE_MISMATCH,module_or_model_default,runtime,IDENTITY_OR_PROTOCOL_LITERAL,,,False
app/engine_paper/production_approval.py,141:APPROVAL_SOURCE_FUTURE_DECISION,'APPROVAL_SOURCE_FUTURE_DECISION',APPROVAL_SOURCE_FUTURE_DECISION,module_or_model_default,runtime,ALGORITHM_STRUCTURE_LITERAL,,,False
app/engine_paper/production_approval.py,142:APPROVAL_SOURCE_TARGET_NOT_ALLOWED,'APPROVAL_SOURCE_TARGET_NOT_ALLOWED',APPROVAL_SOURCE_TARGET_NOT_ALLOWED,module_or_model_default,runtime,ALGORITHM_STRUCTURE_LITERAL,,,False
app/engine_paper/production_approval.py,143:APPROVAL_SOURCE_SCHEMA_NOT_SUPPORTED,'APPROVAL_SOURCE_SCHEMA_NOT_SUPPORTED',APPROVAL_SOURCE_SCHEMA_NOT_SUPPORTED,module_or_model_default,runtime,IDENTITY_OR_PROTOCOL_LITERAL,,,False
app/engine_paper/production_approval.py,144:APPROVAL_SOURCE_LIMIT_EXCEEDED,'APPROVAL_SOURCE_LIMIT_EXCEEDED',APPROVAL_SOURCE_LIMIT_EXCEEDED,module_or_model_default,runtime,POLICY_VALUE_MUST_MOVE_TO_YAML,RESOLVED_BY_CANONICAL_REGISTRY,SEE_CANONICAL_REGISTRY,False
app/engine_paper/production_approval.py,145:APPROVAL_SOURCE_READ_ONLY_VIOLATION,'APPROVAL_SOURCE_READ_ONLY_VIOLATION',APPROVAL_SOURCE_READ_ONLY_VIOLATION,module_or_model_default,runtime,ALGORITHM_STRUCTURE_LITERAL,,,False
app/engine_paper/production_approval.py,146:APPROVAL_SOURCE_CANCELLED,'APPROVAL_SOURCE_CANCELLED',APPROVAL_SOURCE_CANCELLED,module_or_model_default,runtime,ALGORITHM_STRUCTURE_LITERAL,,,False
app/engine_paper/production_approval.py,147:APPROVAL_SOURCE_SAFE_FAILURE,'APPROVAL_SOURCE_SAFE_FAILURE',APPROVAL_SOURCE_SAFE_FAILURE,module_or_model_default,runtime,ALGORITHM_STRUCTURE_LITERAL,,,False
app/engine_paper/production_approval.py,300:query_count,0,query_count,module_or_model_default,runtime,ALGORITHM_STRUCTURE_LITERAL,,,False
app/engine_paper/production_approval.py,301:rows_read,0,rows_read,module_or_model_default,runtime,ALGORITHM_STRUCTURE_LITERAL,,,False
app/engine_paper/production_approval.py,302:duration_ms,0.0,duration_ms,module_or_model_default,runtime,ALGORITHM_STRUCTURE_LITERAL,,,False
app/engine_paper/production_approval.py,303:read_only,True,read_only,module_or_model_default,runtime,ALGORITHM_STRUCTURE_LITERAL,,,False
app/engine_paper/production_approval.py,304:consistent_snapshot,True,consistent_snapshot,module_or_model_default,runtime,ALGORITHM_STRUCTURE_LITERAL,,,False
app/engine_paper/production_approval.py,391:trade_profile_id,'trade-15m-v1',trade_profile_id,module_or_model_default,runtime,IDENTITY_OR_PROTOCOL_LITERAL,,,False
app/engine_paper/production_approval.py,392:result_trade_profile_id,'trade-15m-v1',result_trade_profile_id,module_or_model_default,runtime,IDENTITY_OR_PROTOCOL_LITERAL,,,False
app/engine_paper/production_approval.py,393:result_primary_timeframe,'15m',result_primary_timeframe,module_or_model_default,runtime,ALGORITHM_STRUCTURE_LITERAL,,,False
app/engine_paper/production_approval.py,1076:rows_read,0,rows_read,module_or_model_default,runtime,ALGORITHM_STRUCTURE_LITERAL,,,False
app/engine_paper/production_composition.py,36:TASK_ID,'TRADERS_ML_PAPER_TRADING_PRODUCTION_PAPER_PREPARATION_DISABLED_WIRING_01',TASK_ID,module_or_model_default,runtime,IDENTITY_OR_PROTOCOL_LITERAL,,,False
app/engine_paper/production_composition.py,37:EXPECTED_SERVER_BRANCH,'feature/engine-platform',EXPECTED_SERVER_BRANCH,module_or_model_default,runtime,ALGORITHM_STRUCTURE_LITERAL,,,False
app/engine_paper/production_composition.py,38:EXPECTED_SERVER_HEAD,'ff118505a2fe892c7381f9fbb48f2a8530eb22e8',EXPECTED_SERVER_HEAD,module_or_model_default,runtime,ALGORITHM_STRUCTURE_LITERAL,,,False
app/engine_paper/production_composition.py,39:EXPECTED_SERVER_TREE,'27298c2de1641fa47e4bc3bb8f91c39896323bbe',EXPECTED_SERVER_TREE,module_or_model_default,runtime,ALGORITHM_STRUCTURE_LITERAL,,,False
app/engine_paper/production_composition.py,40:EXPECTED_SCHEMA_BASE,'0008_engine_orchestrator_freshness_retry',EXPECTED_SCHEMA_BASE,module_or_model_default,runtime,IDENTITY_OR_PROTOCOL_LITERAL,,,False
app/engine_paper/production_composition.py,41:EXPECTED_SCHEMA_HEAD,'0015_trading_universe_activation',EXPECTED_SCHEMA_HEAD,module_or_model_default,runtime,IDENTITY_OR_PROTOCOL_LITERAL,,,False
app/engine_paper/production_composition.py,42:MINIMUM_PITR_WINDOW_SECONDS,86400,MINIMUM_PITR_WINDOW_SECONDS,module_or_model_default,runtime,POLICY_VALUE_MUST_MOVE_TO_YAML,RESOLVED_BY_CANONICAL_REGISTRY,SEE_CANONICAL_REGISTRY,False
app/engine_paper/production_composition.py,43:PAPER_PRINCIPAL_LOGICAL_NAME,'traders_paper_runtime',PAPER_PRINCIPAL_LOGICAL_NAME,module_or_model_default,runtime,ALGORITHM_STRUCTURE_LITERAL,,,False
app/engine_paper/production_composition.py,386:_BASELINE_RESOURCE,'paper_account_baselines',_BASELINE_RESOURCE,module_or_model_default,runtime,ALGORITHM_STRUCTURE_LITERAL,,,False
app/engine_paper/production_composition.py,54:READY_FOR_CONTROLLED_PRODUCTION_PREPARATION,'READY_FOR_CONTROLLED_PRODUCTION_PREPARATION',READY_FOR_CONTROLLED_PRODUCTION_PREPARATION,module_or_model_default,runtime,ALGORITHM_STRUCTURE_LITERAL,,,False
app/engine_paper/production_composition.py,55:BLOCKED_SCHEMA,'BLOCKED_SCHEMA',BLOCKED_SCHEMA,module_or_model_default,runtime,IDENTITY_OR_PROTOCOL_LITERAL,,,False
app/engine_paper/production_composition.py,56:BLOCKED_PITR,'BLOCKED_PITR',BLOCKED_PITR,module_or_model_default,runtime,ALGORITHM_STRUCTURE_LITERAL,,,False
app/engine_paper/production_composition.py,57:BLOCKED_WAL,'BLOCKED_WAL',BLOCKED_WAL,module_or_model_default,runtime,ALGORITHM_STRUCTURE_LITERAL,,,False
app/engine_paper/production_composition.py,58:BLOCKED_MARKET_DATA,'BLOCKED_MARKET_DATA',BLOCKED_MARKET_DATA,module_or_model_default,runtime,ALGORITHM_STRUCTURE_LITERAL,,,False
app/engine_paper/production_composition.py,59:BLOCKED_APPROVAL_BOUNDARY,'BLOCKED_APPROVAL_BOUNDARY',BLOCKED_APPROVAL_BOUNDARY,module_or_model_default,runtime,ALGORITHM_STRUCTURE_LITERAL,,,False
app/engine_paper/production_composition.py,60:BLOCKED_PAPER_PRINCIPAL,'BLOCKED_PAPER_PRINCIPAL',BLOCKED_PAPER_PRINCIPAL,module_or_model_default,runtime,ALGORITHM_STRUCTURE_LITERAL,,,False
app/engine_paper/production_composition.py,61:BLOCKED_RUNTIME_CONFIG,'BLOCKED_RUNTIME_CONFIG',BLOCKED_RUNTIME_CONFIG,module_or_model_default,runtime,ALGORITHM_STRUCTURE_LITERAL,,,False
app/engine_paper/production_composition.py,62:BLOCKED_KILL_SWITCH,'BLOCKED_KILL_SWITCH',BLOCKED_KILL_SWITCH,module_or_model_default,runtime,ALGORITHM_STRUCTURE_LITERAL,,,False
app/engine_paper/production_composition.py,63:BLOCKED_LIVE_DENIAL,'BLOCKED_LIVE_DENIAL',BLOCKED_LIVE_DENIAL,module_or_model_default,runtime,ALGORITHM_STRUCTURE_LITERAL,,,False
app/engine_paper/production_composition.py,64:SAFE_FAILURE,'SAFE_FAILURE',SAFE_FAILURE,module_or_model_default,runtime,ALGORITHM_STRUCTURE_LITERAL,,,False
app/engine_paper/production_composition.py,68:GIT_BASELINE,'GIT_BASELINE',GIT_BASELINE,module_or_model_default,runtime,ALGORITHM_STRUCTURE_LITERAL,,,False
app/engine_paper/production_composition.py,69:SOURCE_EVIDENCE,'SOURCE_EVIDENCE',SOURCE_EVIDENCE,module_or_model_default,runtime,IDENTITY_OR_PROTOCOL_LITERAL,,,False
app/engine_paper/production_composition.py,70:SECURITY,'SECURITY',SECURITY,module_or_model_default,runtime,ALGORITHM_STRUCTURE_LITERAL,,,False
app/engine_paper/production_composition.py,71:MARKET_DATA,'MARKET_DATA',MARKET_DATA,module_or_model_default,runtime,ALGORITHM_STRUCTURE_LITERAL,,,False
app/engine_paper/production_composition.py,72:APPROVAL_BOUNDARY,'APPROVAL_BOUNDARY',APPROVAL_BOUNDARY,module_or_model_default,runtime,ALGORITHM_STRUCTURE_LITERAL,,,False
app/engine_paper/production_composition.py,73:ELIGIBLE_APPROVAL,'ELIGIBLE_APPROVAL',ELIGIBLE_APPROVAL,module_or_model_default,runtime,ALGORITHM_STRUCTURE_LITERAL,,,False
app/engine_paper/production_composition.py,74:SCHEMA,'SCHEMA',SCHEMA,module_or_model_default,runtime,IDENTITY_OR_PROTOCOL_LITERAL,,,False
app/engine_paper/production_composition.py,75:PITR,'PITR',PITR,module_or_model_default,runtime,ALGORITHM_STRUCTURE_LITERAL,,,False
app/engine_paper/production_composition.py,76:WAL,'WAL',WAL,module_or_model_default,runtime,ALGORITHM_STRUCTURE_LITERAL,,,False
app/engine_paper/production_composition.py,77:PAPER_PRINCIPAL,'PAPER_PRINCIPAL',PAPER_PRINCIPAL,module_or_model_default,runtime,ALGORITHM_STRUCTURE_LITERAL,,,False
app/engine_paper/production_composition.py,78:RUNTIME_CONFIG,'RUNTIME_CONFIG',RUNTIME_CONFIG,module_or_model_default,runtime,ALGORITHM_STRUCTURE_LITERAL,,,False
app/engine_paper/production_composition.py,79:KILL_SWITCH_HEALTH,'KILL_SWITCH_HEALTH',KILL_SWITCH_HEALTH,module_or_model_default,runtime,ALGORITHM_STRUCTURE_LITERAL,,,False
app/engine_paper/production_composition.py,80:KILL_SWITCH_STATE,'KILL_SWITCH_STATE',KILL_SWITCH_STATE,module_or_model_default,runtime,ALGORITHM_STRUCTURE_LITERAL,,,False
app/engine_paper/production_composition.py,81:LIVE_DENIAL,'LIVE_DENIAL',LIVE_DENIAL,module_or_model_default,runtime,ALGORITHM_STRUCTURE_LITERAL,,,False
app/engine_paper/production_composition.py,85:PASS,'PASS',PASS,module_or_model_default,runtime,ALGORITHM_STRUCTURE_LITERAL,,,False
app/engine_paper/production_composition.py,86:FAIL,'FAIL',FAIL,module_or_model_default,runtime,ALGORITHM_STRUCTURE_LITERAL,,,False
app/engine_paper/production_composition.py,87:NOT_DEPLOYED,'NOT_DEPLOYED',NOT_DEPLOYED,module_or_model_default,runtime,ALGORITHM_STRUCTURE_LITERAL,,,False
app/engine_paper/production_composition.py,88:DISABLED,'DISABLED',DISABLED,module_or_model_default,runtime,ALGORITHM_STRUCTURE_LITERAL,,,False
app/engine_paper/production_composition.py,92:AUTHORIZED_ONE_ATOMIC_STAGE,'AUTHORIZED_ONE_ATOMIC_STAGE',AUTHORIZED_ONE_ATOMIC_STAGE,module_or_model_default,runtime,ALGORITHM_STRUCTURE_LITERAL,,,False
app/engine_paper/production_composition.py,93:DENIED_FAIL_CLOSED,'DENIED_FAIL_CLOSED',DENIED_FAIL_CLOSED,module_or_model_default,runtime,ALGORITHM_STRUCTURE_LITERAL,,,False
app/engine_paper/production_composition.py,101:mutation_blocking,True,mutation_blocking,module_or_model_default,runtime,ALGORITHM_STRUCTURE_LITERAL,,,False
app/engine_paper/production_composition.py,106:environment,'PRODUCTION',environment,module_or_model_default,runtime,ALGORITHM_STRUCTURE_LITERAL,,,False
app/engine_paper/production_composition.py,107:mode,'PAPER',mode,module_or_model_default,runtime,IDENTITY_OR_PROTOCOL_LITERAL,,,False
app/engine_paper/production_composition.py,163:production_mutations,0,production_mutations,module_or_model_default,runtime,ALGORITHM_STRUCTURE_LITERAL,,,False
app/engine_paper/production_composition.py,202:PHASE_1_PRECHECK,'PHASE_1_PRECHECK',PHASE_1_PRECHECK,module_or_model_default,runtime,ALGORITHM_STRUCTURE_LITERAL,,,False
app/engine_paper/production_composition.py,203:PHASE_2_CONFIRM_PITR,'PHASE_2_CONFIRM_PITR',PHASE_2_CONFIRM_PITR,module_or_model_default,runtime,ALGORITHM_STRUCTURE_LITERAL,,,False
app/engine_paper/production_composition.py,204:PHASE_3_MIGRATE_0008_TO_0012,'PHASE_3_MIGRATE_0008_TO_0012',PHASE_3_MIGRATE_0008_TO_0012,module_or_model_default,runtime,ALGORITHM_STRUCTURE_LITERAL,,,False
app/engine_paper/production_composition.py,205:PHASE_4_VERIFY_SCHEMA_0012,'PHASE_4_VERIFY_SCHEMA_0012',PHASE_4_VERIFY_SCHEMA_0012,module_or_model_default,runtime,IDENTITY_OR_PROTOCOL_LITERAL,,,False
app/engine_paper/production_composition.py,206:PHASE_5_CREATE_PAPER_PRINCIPAL,'PHASE_5_CREATE_PAPER_PRINCIPAL',PHASE_5_CREATE_PAPER_PRINCIPAL,module_or_model_default,runtime,ALGORITHM_STRUCTURE_LITERAL,,,False
app/engine_paper/production_composition.py,207:PHASE_6_APPLY_LEAST_PRIVILEGE,'PHASE_6_APPLY_LEAST_PRIVILEGE',PHASE_6_APPLY_LEAST_PRIVILEGE,module_or_model_default,runtime,ALGORITHM_STRUCTURE_LITERAL,,,False
app/engine_paper/production_composition.py,208:PHASE_7_DEPLOY_DISABLED_RUNTIME_CONFIG,'PHASE_7_DEPLOY_DISABLED_RUNTIME_CONFIG',PHASE_7_DEPLOY_DISABLED_RUNTIME_CONFIG,module_or_model_default,runtime,ALGORITHM_STRUCTURE_LITERAL,,,False
app/engine_paper/production_composition.py,209:PHASE_8_INITIALIZE_ACCOUNT_BASELINE,'PHASE_8_INITIALIZE_ACCOUNT_BASELINE',PHASE_8_INITIALIZE_ACCOUNT_BASELINE,module_or_model_default,runtime,ALGORITHM_STRUCTURE_LITERAL,,,False
app/engine_paper/production_composition.py,210:PHASE_9_ACCOUNTING_RECONCILIATION,'PHASE_9_ACCOUNTING_RECONCILIATION',PHASE_9_ACCOUNTING_RECONCILIATION,module_or_model_default,runtime,ALGORITHM_STRUCTURE_LITERAL,,,False
app/engine_paper/production_composition.py,211:PHASE_10_PAPER_RECONCILIATION,'PHASE_10_PAPER_RECONCILIATION',PHASE_10_PAPER_RECONCILIATION,module_or_model_default,runtime,ALGORITHM_STRUCTURE_LITERAL,,,False
app/engine_paper/production_composition.py,212:PHASE_11_HEALTH,'PHASE_11_HEALTH',PHASE_11_HEALTH,module_or_model_default,runtime,ALGORITHM_STRUCTURE_LITERAL,,,False
app/engine_paper/production_composition.py,213:PHASE_12_CONFIRM_DISABLED,'PHASE_12_CONFIRM_DISABLED',PHASE_12_CONFIRM_DISABLED,module_or_model_default,runtime,ALGORITHM_STRUCTURE_LITERAL,,,False
app/engine_paper/production_composition.py,254:lock_timeout_ms,5000,lock_timeout_ms,module_or_model_default,runtime,POLICY_VALUE_MUST_MOVE_TO_YAML,RESOLVED_BY_CANONICAL_REGISTRY,SEE_CANONICAL_REGISTRY,False
app/engine_paper/production_composition.py,255:statement_timeout_ms,60000,statement_timeout_ms,module_or_model_default,runtime,POLICY_VALUE_MUST_MOVE_TO_YAML,RESOLVED_BY_CANONICAL_REGISTRY,SEE_CANONICAL_REGISTRY,False
app/engine_paper/production_composition.py,256:automatic_downgrade,False,automatic_downgrade,module_or_model_default,runtime,ALGORITHM_STRUCTURE_LITERAL,,,False
app/engine_paper/production_composition.py,257:failure_policy,'STOP_PRESERVE_DB_FORWARD_REMEDIATION_OR_PITR_IF_REQUIRED',failure_policy,module_or_model_default,runtime,ALGORITHM_STRUCTURE_LITERAL,,,False
app/engine_paper/production_composition.py,281:cancellation_between_phases,True,cancellation_between_phases,module_or_model_default,runtime,ALGORITHM_STRUCTURE_LITERAL,,,False
app/engine_paper/production_composition.py,282:automatic_continue_after_partial_phase,False,automatic_continue_after_partial_phase,module_or_model_default,runtime,ALGORITHM_STRUCTURE_LITERAL,,,False
app/engine_paper/production_composition.py,283:destructive_rollback,False,destructive_rollback,module_or_model_default,runtime,ALGORITHM_STRUCTURE_LITERAL,,,False
app/engine_paper/production_composition.py,293:SELECT,'SELECT',SELECT,module_or_model_default,runtime,ALGORITHM_STRUCTURE_LITERAL,,,False
app/engine_paper/production_composition.py,294:INSERT,'INSERT',INSERT,module_or_model_default,runtime,ALGORITHM_STRUCTURE_LITERAL,,,False
app/engine_paper/production_composition.py,295:UPDATE,'UPDATE',UPDATE,module_or_model_default,runtime,ALGORITHM_STRUCTURE_LITERAL,,,False
app/engine_paper/production_composition.py,296:DELETE,'DELETE',DELETE,module_or_model_default,runtime,ALGORITHM_STRUCTURE_LITERAL,,,False
app/engine_paper/production_composition.py,297:ALTER,'ALTER',ALTER,module_or_model_default,runtime,ALGORITHM_STRUCTURE_LITERAL,,,False
app/engine_paper/production_composition.py,298:DROP,'DROP',DROP,module_or_model_default,runtime,ALGORITHM_STRUCTURE_LITERAL,,,False
app/engine_paper/production_composition.py,299:CREATE_ROLE,'CREATE_ROLE',CREATE_ROLE,module_or_model_default,runtime,ALGORITHM_STRUCTURE_LITERAL,,,False
app/engine_paper/production_composition.py,300:GRANT,'GRANT',GRANT,module_or_model_default,runtime,ALGORITHM_STRUCTURE_LITERAL,,,False
app/engine_paper/production_composition.py,304:NOT_DEPLOYED,'NOT_DEPLOYED',NOT_DEPLOYED,module_or_model_default,runtime,ALGORITHM_STRUCTURE_LITERAL,,,False
app/engine_paper/production_composition.py,305:EXACT_POLICY,'EXACT_POLICY',EXACT_POLICY,module_or_model_default,runtime,ALGORITHM_STRUCTURE_LITERAL,,,False
app/engine_paper/production_composition.py,306:BROADER_GRANTS,'BROADER_GRANTS',BROADER_GRANTS,module_or_model_default,runtime,ALGORITHM_STRUCTURE_LITERAL,,,False
app/engine_paper/production_composition.py,307:CONFLICTING_IDENTITY,'CONFLICTING_IDENTITY',CONFLICTING_IDENTITY,module_or_model_default,runtime,IDENTITY_OR_PROTOCOL_LITERAL,,,False
app/engine_paper/production_composition.py,311:CREATE_ONCE,'CREATE_ONCE',CREATE_ONCE,module_or_model_default,runtime,ALGORITHM_STRUCTURE_LITERAL,,,False
app/engine_paper/production_composition.py,312:REUSE_EXACT,'REUSE_EXACT',REUSE_EXACT,module_or_model_default,runtime,ALGORITHM_STRUCTURE_LITERAL,,,False
app/engine_paper/production_composition.py,313:CONTINUE,'CONTINUE',CONTINUE,module_or_model_default,runtime,ALGORITHM_STRUCTURE_LITERAL,,,False
app/engine_paper/production_composition.py,314:COMPLETE_NO_ACTION,'COMPLETE_NO_ACTION',COMPLETE_NO_ACTION,module_or_model_default,runtime,ALGORITHM_STRUCTURE_LITERAL,,,False
app/engine_paper/production_composition.py,315:DENY_CONFLICT,'DENY_CONFLICT',DENY_CONFLICT,module_or_model_default,runtime,ALGORITHM_STRUCTURE_LITERAL,,,False
app/engine_paper/production_composition.py,326:secret_output_count,0,secret_output_count,module_or_model_default,runtime,ALGORITHM_STRUCTURE_LITERAL,,,False
app/engine_paper/production_composition.py,435:schema_admin,False,schema_admin,module_or_model_default,runtime,IDENTITY_OR_PROTOCOL_LITERAL,,,False
app/engine_paper/production_composition.py,436:role_admin,False,role_admin,module_or_model_default,runtime,POLICY_VALUE_MUST_MOVE_TO_YAML,RESOLVED_BY_CANONICAL_REGISTRY,SEE_CANONICAL_REGISTRY,False
app/engine_paper/production_composition.py,437:live_credential_access,False,live_credential_access,module_or_model_default,runtime,ALGORITHM_STRUCTURE_LITERAL,,,False
app/engine_paper/production_composition.py,456:mode,'PAPER',mode,module_or_model_default,runtime,IDENTITY_OR_PROTOCOL_LITERAL,,,False
app/engine_paper/production_composition.py,457:runtime_enabled,False,runtime_enabled,module_or_model_default,runtime,ALGORITHM_STRUCTURE_LITERAL,,,False
app/engine_paper/production_composition.py,458:daemon_enabled,False,daemon_enabled,module_or_model_default,runtime,ALGORITHM_STRUCTURE_LITERAL,,,False
app/engine_paper/production_composition.py,459:scheduler_enabled,False,scheduler_enabled,module_or_model_default,runtime,ALGORITHM_STRUCTURE_LITERAL,,,False
app/engine_paper/production_composition.py,460:dry_run,True,dry_run,module_or_model_default,runtime,ALGORITHM_STRUCTURE_LITERAL,,,False
app/engine_paper/production_composition.py,461:mutation_enabled,False,mutation_enabled,module_or_model_default,runtime,ALGORITHM_STRUCTURE_LITERAL,,,False
app/engine_paper/production_composition.py,462:live,False,live,module_or_model_default,runtime,ALGORITHM_STRUCTURE_LITERAL,,,False
app/engine_paper/production_composition.py,499:publish_budget,1,publish_budget,module_or_model_default,runtime,ALGORITHM_STRUCTURE_LITERAL,,,False
app/engine_paper/production_composition.py,500:automatic_start,False,automatic_start,module_or_model_default,runtime,ALGORITHM_STRUCTURE_LITERAL,,,False
app/engine_paper/production_composition.py,501:automatic_arm,False,automatic_arm,module_or_model_default,runtime,ALGORITHM_STRUCTURE_LITERAL,,,False
app/engine_paper/production_composition.py,510:environment,'PRODUCTION',environment,module_or_model_default,runtime,ALGORITHM_STRUCTURE_LITERAL,,,False
app/engine_paper/production_composition.py,511:mode,'PAPER',mode,module_or_model_default,runtime,IDENTITY_OR_PROTOCOL_LITERAL,,,False
app/engine_paper/production_composition.py,512:max_commands,1,max_commands,module_or_model_default,runtime,POLICY_VALUE_MUST_MOVE_TO_YAML,RESOLVED_BY_CANONICAL_REGISTRY,SEE_CANONICAL_REGISTRY,False
app/engine_paper/production_composition.py,513:max_open_positions,1,max_open_positions,module_or_model_default,runtime,POLICY_VALUE_MUST_MOVE_TO_YAML,RESOLVED_BY_CANONICAL_REGISTRY,SEE_CANONICAL_REGISTRY,False
app/engine_paper/production_composition.py,515:binance_order_calls,0,binance_order_calls,module_or_model_default,runtime,ALGORITHM_STRUCTURE_LITERAL,,,False
app/engine_paper/production_composition.py,516:simulated_execution_only,True,simulated_execution_only,module_or_model_default,runtime,ALGORITHM_STRUCTURE_LITERAL,,,False
app/engine_paper/production_composition.py,517:explicit_operator_arm_required,True,explicit_operator_arm_required,module_or_model_default,runtime,ALGORITHM_STRUCTURE_LITERAL,,,False
app/engine_paper/production_composition.py,518:bounded_lifecycle,True,bounded_lifecycle,module_or_model_default,runtime,ALGORITHM_STRUCTURE_LITERAL,,,False
app/engine_paper/production_composition.py,519:kill_switch_checked_every_stage,True,kill_switch_checked_every_stage,module_or_model_default,runtime,ALGORITHM_STRUCTURE_LITERAL,,,False
app/engine_paper/production_composition.py,520:reconciliation_after_canary,True,reconciliation_after_canary,module_or_model_default,runtime,ALGORITHM_STRUCTURE_LITERAL,,,False
app/engine_paper/production_composition.py,521:account_baseline_persistence_ready,True,account_baseline_persistence_ready,module_or_model_default,runtime,ALGORITHM_STRUCTURE_LITERAL,,,False
app/engine_paper/production_composition.py,522:account_baseline_exists,True,account_baseline_exists,module_or_model_default,runtime,ALGORITHM_STRUCTURE_LITERAL,,,False
app/engine_paper/production_composition.py,523:account_baseline_valid,True,account_baseline_valid,module_or_model_default,runtime,IDENTITY_OR_PROTOCOL_LITERAL,,,False
app/engine_paper/production_composition.py,524:accounting_reconciliation_healthy,True,accounting_reconciliation_healthy,module_or_model_default,runtime,ALGORITHM_STRUCTURE_LITERAL,,,False
app/engine_paper/production_composition.py,525:no_eligible_approval_behavior,'NO_ELIGIBLE_APPROVAL_ZERO_MUTATION_CLEAN_NO_TRADE',no_eligible_approval_behavior,module_or_model_default,runtime,ALGORITHM_STRUCTURE_LITERAL,,,False
app/engine_paper/production_composition.py,545:principal_creations,1,principal_creations,module_or_model_default,runtime,ALGORITHM_STRUCTURE_LITERAL,,,False
app/engine_paper/production_composition.py,546:disabled_runtime_publications,1,disabled_runtime_publications,module_or_model_default,runtime,ALGORITHM_STRUCTURE_LITERAL,,,False
app/engine_paper/production_composition.py,547:paper_business_rows,0,paper_business_rows,module_or_model_default,runtime,ALGORITHM_STRUCTURE_LITERAL,,,False
app/engine_paper/production_composition.py,548:paper_commands,0,paper_commands,module_or_model_default,runtime,ALGORITHM_STRUCTURE_LITERAL,,,False
app/engine_paper/production_composition.py,549:paper_orders,0,paper_orders,module_or_model_default,runtime,ALGORITHM_STRUCTURE_LITERAL,,,False
app/engine_paper/production_composition.py,550:paper_fills,0,paper_fills,module_or_model_default,runtime,ALGORITHM_STRUCTURE_LITERAL,,,False
app/engine_paper/production_composition.py,551:paper_positions,0,paper_positions,module_or_model_default,runtime,ALGORITHM_STRUCTURE_LITERAL,,,False
app/engine_paper/production_composition.py,579:code,'SCHEMA_0008',code,module_or_model_default,runtime,ALGORITHM_STRUCTURE_LITERAL,,,False
app/engine_paper/production_composition.py,583:code,'SCHEMA_PARTIAL_FAIL_CLOSED',code,module_or_model_default,runtime,ALGORITHM_STRUCTURE_LITERAL,,,False
app/engine_paper/production_composition.py,585:code,'SCHEMA_UNEXPECTED_COMPATIBILITY_REVIEW_REQUIRED',code,module_or_model_default,runtime,ALGORITHM_STRUCTURE_LITERAL,,,False
app/engine_paper/production_market_data.py,35:ADAPTER_SCHEMA_VERSION,'PAPER_PRODUCTION_MARKET_DATA/1.0',ADAPTER_SCHEMA_VERSION,module_or_model_default,runtime,IDENTITY_OR_PROTOCOL_LITERAL,,,False
app/engine_paper/production_market_data.py,36:ADAPTER_VERSION,'1.0.0',ADAPTER_VERSION,module_or_model_default,runtime,IDENTITY_OR_PROTOCOL_LITERAL,,,False
app/engine_paper/production_market_data.py,37:AUTHORITATIVE_SOURCE,'PRODUCTION_PERSISTED_MARKET_DATA',AUTHORITATIVE_SOURCE,module_or_model_default,runtime,ALGORITHM_STRUCTURE_LITERAL,,,False
app/engine_paper/production_market_data.py,41:MAX_TIMEFRAMES_PER_REQUEST,6,MAX_TIMEFRAMES_PER_REQUEST,module_or_model_default,runtime,POLICY_VALUE_MUST_MOVE_TO_YAML,RESOLVED_BY_CANONICAL_REGISTRY,SEE_CANONICAL_REGISTRY,False
app/engine_paper/production_market_data.py,42:MAX_CANDLES_PER_TIMEFRAME,512,MAX_CANDLES_PER_TIMEFRAME,module_or_model_default,runtime,POLICY_VALUE_MUST_MOVE_TO_YAML,RESOLVED_BY_CANONICAL_REGISTRY,SEE_CANONICAL_REGISTRY,False
app/engine_paper/production_market_data.py,47:_TRANSACTION_CONTROL,'SET TRANSACTION ISOLATION LEVEL REPEATABLE READ READ ONLY',_TRANSACTION_CONTROL,module_or_model_default,runtime,ALGORITHM_STRUCTURE_LITERAL,,,False
app/engine_paper/production_market_data.py,350:count,0,count,function_default,runtime,ALGORITHM_STRUCTURE_LITERAL,,,False
app/engine_paper/production_market_data.py,61:READY,'READY',READY,module_or_model_default,runtime,ALGORITHM_STRUCTURE_LITERAL,,,False
app/engine_paper/production_market_data.py,62:WITHIN_GRACE_READY,'WITHIN_GRACE_READY',WITHIN_GRACE_READY,module_or_model_default,runtime,ALGORITHM_STRUCTURE_LITERAL,,,False
app/engine_paper/production_market_data.py,63:STALE,'STALE',STALE,module_or_model_default,runtime,ALGORITHM_STRUCTURE_LITERAL,,,False
app/engine_paper/production_market_data.py,64:GAP_DETECTED,'GAP_DETECTED',GAP_DETECTED,module_or_model_default,runtime,ALGORITHM_STRUCTURE_LITERAL,,,False
app/engine_paper/production_market_data.py,65:DUPLICATE_DETECTED,'DUPLICATE_DETECTED',DUPLICATE_DETECTED,module_or_model_default,runtime,ALGORITHM_STRUCTURE_LITERAL,,,False
app/engine_paper/production_market_data.py,66:CHECKSUM_CONFLICT,'CHECKSUM_CONFLICT',CHECKSUM_CONFLICT,module_or_model_default,runtime,ALGORITHM_STRUCTURE_LITERAL,,,False
app/engine_paper/production_market_data.py,67:FUTURE_CANDLE_DETECTED,'FUTURE_CANDLE_DETECTED',FUTURE_CANDLE_DETECTED,module_or_model_default,runtime,ALGORITHM_STRUCTURE_LITERAL,,,False
app/engine_paper/production_market_data.py,68:INCOMPLETE_TIMEFRAME_SET,'INCOMPLETE_TIMEFRAME_SET',INCOMPLETE_TIMEFRAME_SET,module_or_model_default,runtime,ALGORITHM_STRUCTURE_LITERAL,,,False
app/engine_paper/production_market_data.py,69:INSUFFICIENT_HISTORY,'INSUFFICIENT_HISTORY',INSUFFICIENT_HISTORY,module_or_model_default,runtime,ALGORITHM_STRUCTURE_LITERAL,,,False
app/engine_paper/production_market_data.py,70:TARGET_NOT_ALLOWED,'TARGET_NOT_ALLOWED',TARGET_NOT_ALLOWED,module_or_model_default,runtime,ALGORITHM_STRUCTURE_LITERAL,,,False
app/engine_paper/production_market_data.py,71:SCHEMA_NOT_SUPPORTED,'SCHEMA_NOT_SUPPORTED',SCHEMA_NOT_SUPPORTED,module_or_model_default,runtime,IDENTITY_OR_PROTOCOL_LITERAL,,,False
app/engine_paper/production_market_data.py,72:BOUNDED_LIMIT_EXCEEDED,'BOUNDED_LIMIT_EXCEEDED',BOUNDED_LIMIT_EXCEEDED,module_or_model_default,runtime,POLICY_VALUE_MUST_MOVE_TO_YAML,RESOLVED_BY_CANONICAL_REGISTRY,SEE_CANONICAL_REGISTRY,False
app/engine_paper/production_market_data.py,73:READ_ONLY_POLICY_VIOLATION,'READ_ONLY_POLICY_VIOLATION',READ_ONLY_POLICY_VIOLATION,module_or_model_default,runtime,ALGORITHM_STRUCTURE_LITERAL,,,False
app/engine_paper/production_market_data.py,74:CANCELLED,'CANCELLED',CANCELLED,module_or_model_default,runtime,ALGORITHM_STRUCTURE_LITERAL,,,False
app/engine_paper/production_market_data.py,75:SAFE_FAILURE,'SAFE_FAILURE',SAFE_FAILURE,module_or_model_default,runtime,ALGORITHM_STRUCTURE_LITERAL,,,False
app/engine_paper/production_market_data.py,79:READY,'READY',READY,module_or_model_default,runtime,ALGORITHM_STRUCTURE_LITERAL,,,False
app/engine_paper/production_market_data.py,80:NOT_READY,'NOT_READY',NOT_READY,module_or_model_default,runtime,ALGORITHM_STRUCTURE_LITERAL,,,False
app/engine_paper/production_market_data.py,81:CANCELLED,'CANCELLED',CANCELLED,module_or_model_default,runtime,ALGORITHM_STRUCTURE_LITERAL,,,False
app/engine_paper/production_market_data.py,85:MARKET_DATA_READY,'MARKET_DATA_READY',MARKET_DATA_READY,module_or_model_default,runtime,ALGORITHM_STRUCTURE_LITERAL,,,False
app/engine_paper/production_market_data.py,86:MARKET_DATA_WITHIN_GRACE_READY,'MARKET_DATA_WITHIN_GRACE_READY',MARKET_DATA_WITHIN_GRACE_READY,module_or_model_default,runtime,ALGORITHM_STRUCTURE_LITERAL,,,False
app/engine_paper/production_market_data.py,87:MARKET_DATA_STALE,'MARKET_DATA_STALE',MARKET_DATA_STALE,module_or_model_default,runtime,ALGORITHM_STRUCTURE_LITERAL,,,False
app/engine_paper/production_market_data.py,88:MARKET_DATA_GAP,'MARKET_DATA_GAP',MARKET_DATA_GAP,module_or_model_default,runtime,ALGORITHM_STRUCTURE_LITERAL,,,False
app/engine_paper/production_market_data.py,89:MARKET_DATA_DUPLICATE,'MARKET_DATA_DUPLICATE',MARKET_DATA_DUPLICATE,module_or_model_default,runtime,ALGORITHM_STRUCTURE_LITERAL,,,False
app/engine_paper/production_market_data.py,90:MARKET_DATA_CHECKSUM_CONFLICT,'MARKET_DATA_CHECKSUM_CONFLICT',MARKET_DATA_CHECKSUM_CONFLICT,module_or_model_default,runtime,ALGORITHM_STRUCTURE_LITERAL,,,False
app/engine_paper/production_market_data.py,91:MARKET_DATA_FUTURE_CANDLE,'MARKET_DATA_FUTURE_CANDLE',MARKET_DATA_FUTURE_CANDLE,module_or_model_default,runtime,ALGORITHM_STRUCTURE_LITERAL,,,False
app/engine_paper/production_market_data.py,92:MARKET_DATA_MISSING_TIMEFRAME,'MARKET_DATA_MISSING_TIMEFRAME',MARKET_DATA_MISSING_TIMEFRAME,module_or_model_default,runtime,ALGORITHM_STRUCTURE_LITERAL,,,False
app/engine_paper/production_market_data.py,93:MARKET_DATA_INSUFFICIENT_HISTORY,'MARKET_DATA_INSUFFICIENT_HISTORY',MARKET_DATA_INSUFFICIENT_HISTORY,module_or_model_default,runtime,ALGORITHM_STRUCTURE_LITERAL,,,False
app/engine_paper/production_market_data.py,94:MARKET_DATA_TARGET_NOT_ALLOWED,'MARKET_DATA_TARGET_NOT_ALLOWED',MARKET_DATA_TARGET_NOT_ALLOWED,module_or_model_default,runtime,ALGORITHM_STRUCTURE_LITERAL,,,False
app/engine_paper/production_market_data.py,95:MARKET_DATA_LIMIT_EXCEEDED,'MARKET_DATA_LIMIT_EXCEEDED',MARKET_DATA_LIMIT_EXCEEDED,module_or_model_default,runtime,POLICY_VALUE_MUST_MOVE_TO_YAML,RESOLVED_BY_CANONICAL_REGISTRY,SEE_CANONICAL_REGISTRY,False
app/engine_paper/production_market_data.py,96:MARKET_DATA_READ_ONLY_VIOLATION,'MARKET_DATA_READ_ONLY_VIOLATION',MARKET_DATA_READ_ONLY_VIOLATION,module_or_model_default,runtime,ALGORITHM_STRUCTURE_LITERAL,,,False
app/engine_paper/production_market_data.py,97:MARKET_DATA_SAFE_FAILURE,'MARKET_DATA_SAFE_FAILURE',MARKET_DATA_SAFE_FAILURE,module_or_model_default,runtime,ALGORITHM_STRUCTURE_LITERAL,,,False
app/engine_paper/production_market_data.py,98:MARKET_DATA_CANCELLED,'MARKET_DATA_CANCELLED',MARKET_DATA_CANCELLED,module_or_model_default,runtime,ALGORITHM_STRUCTURE_LITERAL,,,False
app/engine_paper/production_market_data.py,129:count,0,count,module_or_model_default,runtime,ALGORITHM_STRUCTURE_LITERAL,,,False
app/engine_paper/production_market_data.py,161:query_count,0,query_count,module_or_model_default,runtime,ALGORITHM_STRUCTURE_LITERAL,,,False
app/engine_paper/production_market_data.py,162:rows_read,0,rows_read,module_or_model_default,runtime,ALGORITHM_STRUCTURE_LITERAL,,,False
app/engine_paper/production_market_data.py,163:duration_ms,0.0,duration_ms,module_or_model_default,runtime,ALGORITHM_STRUCTURE_LITERAL,,,False
app/engine_paper/production_market_data.py,164:read_only,True,read_only,module_or_model_default,runtime,ALGORITHM_STRUCTURE_LITERAL,,,False
app/engine_paper/production_market_data.py,165:consistent_snapshot,True,consistent_snapshot,module_or_model_default,runtime,ALGORITHM_STRUCTURE_LITERAL,,,False
app/engine_paper/production_market_data.py,476:rows_read,0,rows_read,module_or_model_default,runtime,ALGORITHM_STRUCTURE_LITERAL,,,False
app/engine_paper/production_market_data.py,489:any_grace,False,any_grace,module_or_model_default,runtime,ALGORITHM_STRUCTURE_LITERAL,,,False
app/engine_paper/production_market_data.py,595:freshness,'CURRENT',freshness,module_or_model_default,runtime,ALGORITHM_STRUCTURE_LITERAL,,,False
app/engine_paper/production_market_data.py,611:freshness,'WITHIN_GRACE',freshness,module_or_model_default,runtime,ALGORITHM_STRUCTURE_LITERAL,,,False
app/engine_paper/production_market_data.py,612:any_grace,True,any_grace,module_or_model_default,runtime,ALGORITHM_STRUCTURE_LITERAL,,,False
app/engine_paper/production_preparation.py,19:PRODUCTION_PAPER_RUNTIME_ROLE,'traders_paper_runtime',PRODUCTION_PAPER_RUNTIME_ROLE,module_or_model_default,runtime,ALGORITHM_STRUCTURE_LITERAL,,,False
app/engine_paper/production_preparation.py,20:PRODUCTION_READONLY_ROLE,'traders_readonly_api',PRODUCTION_READONLY_ROLE,module_or_model_default,runtime,ALGORITHM_STRUCTURE_LITERAL,,,False
app/engine_paper/production_preparation.py,21:EXPECTED_START_ALEMBIC,'0008_engine_orchestrator_freshness_retry',EXPECTED_START_ALEMBIC,module_or_model_default,runtime,ALGORITHM_STRUCTURE_LITERAL,,,False
app/engine_paper/production_preparation.py,22:EXPECTED_PREVIOUS_ALEMBIC,'0026_scalping_1m_entry_refinement',EXPECTED_PREVIOUS_ALEMBIC,module_or_model_default,runtime,ALGORITHM_STRUCTURE_LITERAL,,,False
app/engine_paper/production_preparation.py,23:EXPECTED_FINAL_ALEMBIC,'0030_paper_recovery_close',EXPECTED_FINAL_ALEMBIC,module_or_model_default,runtime,ALGORITHM_STRUCTURE_LITERAL,,,False
app/engine_paper/production_preparation.py,64:currency,'USDT',currency,module_or_model_default,runtime,ALGORITHM_STRUCTURE_LITERAL,,,False
app/engine_paper/production_preparation.py,65:source,'OPERATOR_NON_SECRET_PRODUCTION_CONFIGURATION',source,module_or_model_default,runtime,ALGORITHM_STRUCTURE_LITERAL,,,False
app/engine_paper/production_preparation.py,93:ENSURE_RUNTIME_ROLE,'ENSURE_RUNTIME_ROLE',ENSURE_RUNTIME_ROLE,module_or_model_default,runtime,ALGORITHM_STRUCTURE_LITERAL,,,False
app/engine_paper/production_preparation.py,94:APPLY_RUNTIME_GRANTS,'APPLY_RUNTIME_GRANTS',APPLY_RUNTIME_GRANTS,module_or_model_default,runtime,ALGORITHM_STRUCTURE_LITERAL,,,False
app/engine_paper/production_preparation.py,95:APPLY_READONLY_REPORTING_GRANTS,'APPLY_READONLY_REPORTING_GRANTS',APPLY_READONLY_REPORTING_GRANTS,module_or_model_default,runtime,ALGORITHM_STRUCTURE_LITERAL,,,False
app/engine_paper/production_preparation.py,96:BIND_RUNTIME_CREDENTIAL,'BIND_RUNTIME_CREDENTIAL',BIND_RUNTIME_CREDENTIAL,module_or_model_default,runtime,ALGORITHM_STRUCTURE_LITERAL,,,False
app/engine_paper/production_preparation.py,97:VALIDATE_RUNTIME_BINDING,'VALIDATE_RUNTIME_BINDING',VALIDATE_RUNTIME_BINDING,module_or_model_default,runtime,IDENTITY_OR_PROTOCOL_LITERAL,,,False
app/engine_paper/production_preparation.py,98:DEPLOY_DISABLED_RUNTIME_CONFIGURATION,'DEPLOY_DISABLED_RUNTIME_CONFIGURATION',DEPLOY_DISABLED_RUNTIME_CONFIGURATION,module_or_model_default,runtime,ALGORITHM_STRUCTURE_LITERAL,,,False
app/engine_paper/production_preparation.py,99:DEPLOY_READONLY_API_NARROW,'DEPLOY_READONLY_API_NARROW',DEPLOY_READONLY_API_NARROW,module_or_model_default,runtime,ALGORITHM_STRUCTURE_LITERAL,,,False
app/engine_paper/production_preparation.py,106:PRE_MIGRATION_READY,'PRE_MIGRATION_READY',PRE_MIGRATION_READY,module_or_model_default,runtime,ALGORITHM_STRUCTURE_LITERAL,,,False
app/engine_paper/production_preparation.py,107:PARTIAL_RESUMABLE,'PARTIAL_RESUMABLE',PARTIAL_RESUMABLE,module_or_model_default,runtime,ALGORITHM_STRUCTURE_LITERAL,,,False
app/engine_paper/production_preparation.py,108:COMPLETED,'COMPLETED',COMPLETED,module_or_model_default,runtime,ALGORITHM_STRUCTURE_LITERAL,,,False
app/engine_paper/production_preparation.py,109:INCOMPATIBLE,'INCOMPATIBLE',INCOMPATIBLE,module_or_model_default,runtime,ALGORITHM_STRUCTURE_LITERAL,,,False
app/engine_paper/production_preparation.py,126:NOT_CHECKED,'NOT_CHECKED',NOT_CHECKED,module_or_model_default,runtime,ALGORITHM_STRUCTURE_LITERAL,,,False
app/engine_paper/production_preparation.py,127:HEALTHY,'HEALTHY',HEALTHY,module_or_model_default,runtime,ALGORITHM_STRUCTURE_LITERAL,,,False
app/engine_paper/production_preparation.py,128:UNHEALTHY,'UNHEALTHY',UNHEALTHY,module_or_model_default,runtime,ALGORITHM_STRUCTURE_LITERAL,,,False
app/engine_paper/production_preparation.py,132:READY,'READY',READY,module_or_model_default,runtime,ALGORITHM_STRUCTURE_LITERAL,,,False
app/engine_paper/production_preparation.py,133:IDENTITY_BINDING_MISSING,'IDENTITY_BINDING_MISSING',IDENTITY_BINDING_MISSING,module_or_model_default,runtime,IDENTITY_OR_PROTOCOL_LITERAL,,,False
app/engine_paper/production_preparation.py,134:PROTECTED_BACKEND_MISSING,'PROTECTED_BACKEND_MISSING',PROTECTED_BACKEND_MISSING,module_or_model_default,runtime,ALGORITHM_STRUCTURE_LITERAL,,,False
app/engine_paper/production_preparation.py,135:RUNTIME_CREDENTIAL_BINDING_MISSING,'RUNTIME_CREDENTIAL_BINDING_MISSING',RUNTIME_CREDENTIAL_BINDING_MISSING,module_or_model_default,runtime,ALGORITHM_STRUCTURE_LITERAL,,,False
app/engine_paper/production_preparation.py,136:RUNTIME_GRANTS_NOT_READY,'RUNTIME_GRANTS_NOT_READY',RUNTIME_GRANTS_NOT_READY,module_or_model_default,runtime,ALGORITHM_STRUCTURE_LITERAL,,,False
app/engine_paper/production_preparation.py,137:READONLY_GRANTS_NOT_READY,'READONLY_GRANTS_NOT_READY',READONLY_GRANTS_NOT_READY,module_or_model_default,runtime,ALGORITHM_STRUCTURE_LITERAL,,,False
app/engine_paper/production_preparation.py,138:SCHEMA_NOT_READY,'SCHEMA_NOT_READY',SCHEMA_NOT_READY,module_or_model_default,runtime,IDENTITY_OR_PROTOCOL_LITERAL,,,False
app/engine_paper/production_preparation.py,139:BASELINE_MISSING,'BASELINE_MISSING',BASELINE_MISSING,module_or_model_default,runtime,ALGORITHM_STRUCTURE_LITERAL,,,False
app/engine_paper/production_preparation.py,140:READONLY_REPORTING_NOT_DEPLOYED,'READONLY_REPORTING_NOT_DEPLOYED',READONLY_REPORTING_NOT_DEPLOYED,module_or_model_default,runtime,ALGORITHM_STRUCTURE_LITERAL,,,False
app/engine_paper/production_preparation.py,141:EXISTING_ROLE_PRIVILEGE_DRIFT,'EXISTING_ROLE_PRIVILEGE_DRIFT',EXISTING_ROLE_PRIVILEGE_DRIFT,module_or_model_default,runtime,ALGORITHM_STRUCTURE_LITERAL,,,False
app/engine_paper/production_preparation.py,142:TARGET_ENVIRONMENT_MISMATCH,'TARGET_ENVIRONMENT_MISMATCH',TARGET_ENVIRONMENT_MISMATCH,module_or_model_default,runtime,ALGORITHM_STRUCTURE_LITERAL,,,False
app/engine_paper/production_preparation.py,143:MUTATION_BUDGET_EXCEEDED,'MUTATION_BUDGET_EXCEEDED',MUTATION_BUDGET_EXCEEDED,module_or_model_default,runtime,ALGORITHM_STRUCTURE_LITERAL,,,False
app/engine_paper/production_preparation.py,144:EXECUTION_NOT_AUTHORIZED,'EXECUTION_NOT_AUTHORIZED',EXECUTION_NOT_AUTHORIZED,module_or_model_default,runtime,ALGORITHM_STRUCTURE_LITERAL,,,False
app/engine_paper/production_preparation.py,145:SAFE_FAILURE,'SAFE_FAILURE',SAFE_FAILURE,module_or_model_default,runtime,ALGORITHM_STRUCTURE_LITERAL,,,False
app/engine_paper/production_preparation.py,151:environment,'PRODUCTION',environment,module_or_model_default,runtime,ALGORITHM_STRUCTURE_LITERAL,,,False
app/engine_paper/production_preparation.py,152:postgresql_major,16,postgresql_major,module_or_model_default,runtime,ALGORITHM_STRUCTURE_LITERAL,,,False
app/engine_paper/production_preparation.py,154:control_state,'DISABLED',control_state,module_or_model_default,runtime,ALGORITHM_STRUCTURE_LITERAL,,,False
app/engine_paper/production_preparation.py,155:live_enabled,False,live_enabled,module_or_model_default,runtime,ALGORITHM_STRUCTURE_LITERAL,,,False
app/engine_paper/production_preparation.py,167:max_runtime_role_create,1,max_runtime_role_create,module_or_model_default,runtime,POLICY_VALUE_MUST_MOVE_TO_YAML,RESOLVED_BY_CANONICAL_REGISTRY,SEE_CANONICAL_REGISTRY,False
app/engine_paper/production_preparation.py,168:max_runtime_grant_reconciliation,1,max_runtime_grant_reconciliation,module_or_model_default,runtime,POLICY_VALUE_MUST_MOVE_TO_YAML,RESOLVED_BY_CANONICAL_REGISTRY,SEE_CANONICAL_REGISTRY,False
app/engine_paper/production_preparation.py,169:max_readonly_grant_reconciliation,1,max_readonly_grant_reconciliation,module_or_model_default,runtime,POLICY_VALUE_MUST_MOVE_TO_YAML,RESOLVED_BY_CANONICAL_REGISTRY,SEE_CANONICAL_REGISTRY,False
app/engine_paper/production_preparation.py,170:max_runtime_binding_write,1,max_runtime_binding_write,module_or_model_default,runtime,POLICY_VALUE_MUST_MOVE_TO_YAML,RESOLVED_BY_CANONICAL_REGISTRY,SEE_CANONICAL_REGISTRY,False
app/engine_paper/production_preparation.py,171:max_disabled_runtime_deployment,1,max_disabled_runtime_deployment,module_or_model_default,runtime,POLICY_VALUE_MUST_MOVE_TO_YAML,RESOLVED_BY_CANONICAL_REGISTRY,SEE_CANONICAL_REGISTRY,False
app/engine_paper/production_preparation.py,172:max_readonly_api_deployment,1,max_readonly_api_deployment,module_or_model_default,runtime,POLICY_VALUE_MUST_MOVE_TO_YAML,RESOLVED_BY_CANONICAL_REGISTRY,SEE_CANONICAL_REGISTRY,False
app/engine_paper/production_preparation.py,246:login,True,login,module_or_model_default,runtime,ALGORITHM_STRUCTURE_LITERAL,,,False
app/engine_paper/production_preparation.py,247:superuser,False,superuser,module_or_model_default,runtime,ALGORITHM_STRUCTURE_LITERAL,,,False
app/engine_paper/production_preparation.py,248:createdb,False,createdb,module_or_model_default,runtime,ALGORITHM_STRUCTURE_LITERAL,,,False
app/engine_paper/production_preparation.py,249:createrole,False,createrole,module_or_model_default,runtime,ALGORITHM_STRUCTURE_LITERAL,,,False
app/engine_paper/production_preparation.py,250:replication,False,replication,module_or_model_default,runtime,ALGORITHM_STRUCTURE_LITERAL,,,False
app/engine_paper/production_preparation.py,251:bypassrls,False,bypassrls,module_or_model_default,runtime,ALGORITHM_STRUCTURE_LITERAL,,,False
app/engine_paper/production_preparation.py,252:grant_option,False,grant_option,module_or_model_default,runtime,ALGORITHM_STRUCTURE_LITERAL,,,False
app/engine_paper/production_preparation.py,253:ownership,False,ownership,module_or_model_default,runtime,ALGORITHM_STRUCTURE_LITERAL,,,False
app/engine_paper/production_preparation.py,316:ready,True,ready,module_or_model_default,runtime,ALGORITHM_STRUCTURE_LITERAL,,,False
app/engine_paper/production_preparation.py,346:privilege_drift,False,privilege_drift,module_or_model_default,runtime,ALGORITHM_STRUCTURE_LITERAL,,,False
app/engine_paper/production_preparation.py,362:production_mutations,0,production_mutations,module_or_model_default,runtime,ALGORITHM_STRUCTURE_LITERAL,,,False
app/engine_paper/production_preparation.py,404:mutations,0,mutations,module_or_model_default,runtime,ALGORITHM_STRUCTURE_LITERAL,,,False
app/engine_paper/production_preparation.py,414:binding_present,False,binding_present,module_or_model_default,runtime,ALGORITHM_STRUCTURE_LITERAL,,,False
app/engine_paper/production_preparation.py,415:binding_valid,False,binding_valid,module_or_model_default,runtime,IDENTITY_OR_PROTOCOL_LITERAL,,,False
app/engine_paper/production_preparation_backend.py,60:PRODUCTION_ADMIN_PASSWORD_KEY,'TRADERS_ML_POSTGRES_PASSWORD',PRODUCTION_ADMIN_PASSWORD_KEY,module_or_model_default,runtime,IDENTITY_OR_PROTOCOL_LITERAL,,,False
app/engine_paper/production_preparation_backend.py,61:PRODUCTION_TARGET_ID,'traders-production-primary',PRODUCTION_TARGET_ID,module_or_model_default,runtime,IDENTITY_OR_PROTOCOL_LITERAL,,,False
app/engine_paper/production_preparation_backend.py,66:RUNTIME_DATABASE_KEY,'TRADERS_PAPER_RUNTIME_DATABASE_URL',RUNTIME_DATABASE_KEY,module_or_model_default,runtime,IDENTITY_OR_PROTOCOL_LITERAL,,,False
app/engine_paper/production_preparation_backend.py,80:READONLY_SOURCE_IDENTITY_LABEL,'org.opencontainers.image.revision',READONLY_SOURCE_IDENTITY_LABEL,module_or_model_default,runtime,IDENTITY_OR_PROTOCOL_LITERAL,,,False
app/engine_paper/production_preparation_backend.py,272:valid,False,valid,module_or_model_default,runtime,IDENTITY_OR_PROTOCOL_LITERAL,,,False
app/engine_paper/production_preparation_backend.py,535:route_code,"""import json; from app.server_api.app_factory import create_app; d=create_app().openapi(); w=('post','put','patch','delete'); print(json.dumps({'get':sorted(p for p,m in d['paths'].items() if 'get' in m),'writes':sum(x in m for m in d['paths'].values() for x in w)},sort_keys=True))""",route_code,module_or_model_default,runtime,ALGORITHM_STRUCTURE_LITERAL,,,False
app/engine_paper/production_preparation_backend.py,774:changed,False,changed,module_or_model_default,runtime,ALGORITHM_STRUCTURE_LITERAL,,,False
app/engine_paper/production_preparation_backend.py,280:valid,False,valid,module_or_model_default,runtime,IDENTITY_OR_PROTOCOL_LITERAL,,,False
app/engine_paper/production_preparation_backend.py,783:changed,True,changed,module_or_model_default,runtime,ALGORITHM_STRUCTURE_LITERAL,,,False
app/engine_paper/production_preparation_cli.py,31:EXIT_SUCCESS,0,EXIT_SUCCESS,module_or_model_default,runtime,ALGORITHM_STRUCTURE_LITERAL,,,False
app/engine_paper/production_preparation_cli.py,32:EXIT_VALIDATION_BLOCKED,2,EXIT_VALIDATION_BLOCKED,module_or_model_default,runtime,IDENTITY_OR_PROTOCOL_LITERAL,,,False
app/engine_paper/production_preparation_cli.py,33:EXIT_TARGET_MISMATCH,3,EXIT_TARGET_MISMATCH,module_or_model_default,runtime,ALGORITHM_STRUCTURE_LITERAL,,,False
app/engine_paper/production_preparation_cli.py,34:EXIT_PRIVILEGE_DRIFT,4,EXIT_PRIVILEGE_DRIFT,module_or_model_default,runtime,ALGORITHM_STRUCTURE_LITERAL,,,False
app/engine_paper/production_preparation_cli.py,35:EXIT_BINDING_UNAVAILABLE,5,EXIT_BINDING_UNAVAILABLE,module_or_model_default,runtime,ALGORITHM_STRUCTURE_LITERAL,,,False
app/engine_paper/production_preparation_cli.py,36:EXIT_IDENTITY_UNAVAILABLE,6,EXIT_IDENTITY_UNAVAILABLE,module_or_model_default,runtime,IDENTITY_OR_PROTOCOL_LITERAL,,,False
app/engine_paper/production_preparation_cli.py,37:EXIT_EXECUTION_FAILURE,7,EXIT_EXECUTION_FAILURE,module_or_model_default,runtime,ALGORITHM_STRUCTURE_LITERAL,,,False
app/engine_paper/production_preparation_cli.py,38:ACKNOWLEDGEMENT,'I_ACKNOWLEDGE_PRODUCTION_PREPARATION_MUTATIONS',ACKNOWLEDGEMENT,module_or_model_default,runtime,ALGORITHM_STRUCTURE_LITERAL,,,False
app/engine_paper/production_readiness.py,17:TASK_ID,'TRADERS_ML_PAPER_TRADING_PRODUCTION_PAPER_RUNTIME_READINESS_REVIEW_01',TASK_ID,module_or_model_default,runtime,IDENTITY_OR_PROTOCOL_LITERAL,,,False
app/engine_paper/production_readiness.py,20:EXPECTED_SERVER_BRANCH,'feature/engine-platform',EXPECTED_SERVER_BRANCH,module_or_model_default,runtime,ALGORITHM_STRUCTURE_LITERAL,,,False
app/engine_paper/production_readiness.py,21:EXPECTED_SERVER_HEAD,'0988984b9d37ab22e811ba106ae19c068d374438',EXPECTED_SERVER_HEAD,module_or_model_default,runtime,ALGORITHM_STRUCTURE_LITERAL,,,False
app/engine_paper/production_readiness.py,22:EXPECTED_SERVER_TREE,'d423e5ce44c19245ed8161a9e0505c4090103057',EXPECTED_SERVER_TREE,module_or_model_default,runtime,ALGORITHM_STRUCTURE_LITERAL,,,False
app/engine_paper/production_readiness.py,23:EXPECTED_SCHEMA_BASE,'0008_engine_orchestrator_freshness_retry',EXPECTED_SCHEMA_BASE,module_or_model_default,runtime,IDENTITY_OR_PROTOCOL_LITERAL,,,False
app/engine_paper/production_readiness.py,24:EXPECTED_SCHEMA_HEAD,'0015_trading_universe_activation',EXPECTED_SCHEMA_HEAD,module_or_model_default,runtime,IDENTITY_OR_PROTOCOL_LITERAL,,,False
app/engine_paper/production_readiness.py,27:MAX_SAFE_RENDER_BYTES,65536,MAX_SAFE_RENDER_BYTES,module_or_model_default,runtime,POLICY_VALUE_MUST_MOVE_TO_YAML,RESOLVED_BY_CANONICAL_REGISTRY,SEE_CANONICAL_REGISTRY,False
app/engine_paper/production_readiness.py,28:MAX_EVIDENCE_ITEMS,32,MAX_EVIDENCE_ITEMS,module_or_model_default,runtime,IDENTITY_OR_PROTOCOL_LITERAL,,,False
app/engine_paper/production_readiness.py,29:MAX_BLOCKERS_PER_DOMAIN,8,MAX_BLOCKERS_PER_DOMAIN,module_or_model_default,runtime,POLICY_VALUE_MUST_MOVE_TO_YAML,RESOLVED_BY_CANONICAL_REGISTRY,SEE_CANONICAL_REGISTRY,False
app/engine_paper/production_readiness.py,30:MAX_TEXT_LENGTH,512,MAX_TEXT_LENGTH,module_or_model_default,runtime,POLICY_VALUE_MUST_MOVE_TO_YAML,RESOLVED_BY_CANONICAL_REGISTRY,SEE_CANONICAL_REGISTRY,False
app/engine_paper/production_readiness.py,619:followup,'preserve evidence and revalidate at enablement time',followup,function_default,runtime,ALGORITHM_STRUCTURE_LITERAL,,,False
app/engine_paper/production_readiness.py,619:gate,'exact evidence version schema and invariance match',gate,function_default,runtime,ALGORITHM_STRUCTURE_LITERAL,,,False
app/engine_paper/production_readiness.py,60:R1_SCHEMA_MIGRATION,'R1_SCHEMA_MIGRATION',R1_SCHEMA_MIGRATION,module_or_model_default,runtime,IDENTITY_OR_PROTOCOL_LITERAL,,,False
app/engine_paper/production_readiness.py,61:R2_ROLLBACK_FORWARD_FIX,'R2_ROLLBACK_FORWARD_FIX',R2_ROLLBACK_FORWARD_FIX,module_or_model_default,runtime,ALGORITHM_STRUCTURE_LITERAL,,,False
app/engine_paper/production_readiness.py,62:R3_DEPLOYMENT_TOPOLOGY,'R3_DEPLOYMENT_TOPOLOGY',R3_DEPLOYMENT_TOPOLOGY,module_or_model_default,runtime,ALGORITHM_STRUCTURE_LITERAL,,,False
app/engine_paper/production_readiness.py,63:R4_OPERATOR_AUTHORIZATION,'R4_OPERATOR_AUTHORIZATION',R4_OPERATOR_AUTHORIZATION,module_or_model_default,runtime,ALGORITHM_STRUCTURE_LITERAL,,,False
app/engine_paper/production_readiness.py,64:R5_TARGET_ISOLATION_PERMISSIONS,'R5_TARGET_ISOLATION_PERMISSIONS',R5_TARGET_ISOLATION_PERMISSIONS,module_or_model_default,runtime,ALGORITHM_STRUCTURE_LITERAL,,,False
app/engine_paper/production_readiness.py,65:R6_MARKET_DATA_INPUT,'R6_MARKET_DATA_INPUT',R6_MARKET_DATA_INPUT,module_or_model_default,runtime,ALGORITHM_STRUCTURE_LITERAL,,,False
app/engine_paper/production_readiness.py,66:R7_EXECUTION_BOUNDS_STOP_CONTROLS,'R7_EXECUTION_BOUNDS_STOP_CONTROLS',R7_EXECUTION_BOUNDS_STOP_CONTROLS,module_or_model_default,runtime,ALGORITHM_STRUCTURE_LITERAL,,,False
app/engine_paper/production_readiness.py,67:R8_IDEMPOTENCY_REPLAY_CONCURRENCY,'R8_IDEMPOTENCY_REPLAY_CONCURRENCY',R8_IDEMPOTENCY_REPLAY_CONCURRENCY,module_or_model_default,runtime,IDENTITY_OR_PROTOCOL_LITERAL,,,False
app/engine_paper/production_readiness.py,68:R9_OBSERVABILITY_ALERTING,'R9_OBSERVABILITY_ALERTING',R9_OBSERVABILITY_ALERTING,module_or_model_default,runtime,ALGORITHM_STRUCTURE_LITERAL,,,False
app/engine_paper/production_readiness.py,69:R10_INCIDENT_EMERGENCY_STOP,'R10_INCIDENT_EMERGENCY_STOP',R10_INCIDENT_EMERGENCY_STOP,module_or_model_default,runtime,IDENTITY_OR_PROTOCOL_LITERAL,,,False
app/engine_paper/production_readiness.py,70:R11_DATA_RETENTION_CLEANUP,'R11_DATA_RETENTION_CLEANUP',R11_DATA_RETENTION_CLEANUP,module_or_model_default,runtime,ALGORITHM_STRUCTURE_LITERAL,,,False
app/engine_paper/production_readiness.py,71:R12_BACKUP_RECOVERY_RECONCILIATION,'R12_BACKUP_RECOVERY_RECONCILIATION',R12_BACKUP_RECOVERY_RECONCILIATION,module_or_model_default,runtime,ALGORITHM_STRUCTURE_LITERAL,,,False
app/engine_paper/production_readiness.py,72:R13_PERFORMANCE_CAPACITY,'R13_PERFORMANCE_CAPACITY',R13_PERFORMANCE_CAPACITY,module_or_model_default,runtime,ALGORITHM_STRUCTURE_LITERAL,,,False
app/engine_paper/production_readiness.py,73:R14_API_CLIENT_EXPOSURE,'R14_API_CLIENT_EXPOSURE',R14_API_CLIENT_EXPOSURE,module_or_model_default,runtime,ALGORITHM_STRUCTURE_LITERAL,,,False
app/engine_paper/production_readiness.py,74:R15_SECURITY_SECRET_HANDLING,'R15_SECURITY_SECRET_HANDLING',R15_SECURITY_SECRET_HANDLING,module_or_model_default,runtime,ALGORITHM_STRUCTURE_LITERAL,,,False
app/engine_paper/production_readiness.py,75:R16_RELEASE_ROLLBACK_PROCEDURE,'R16_RELEASE_ROLLBACK_PROCEDURE',R16_RELEASE_ROLLBACK_PROCEDURE,module_or_model_default,runtime,ALGORITHM_STRUCTURE_LITERAL,,,False
app/engine_paper/production_readiness.py,76:R17_POST_ENABLE_VALIDATION,'R17_POST_ENABLE_VALIDATION',R17_POST_ENABLE_VALIDATION,module_or_model_default,runtime,IDENTITY_OR_PROTOCOL_LITERAL,,,False
app/engine_paper/production_readiness.py,77:R18_LIVE_SEPARATION,'R18_LIVE_SEPARATION',R18_LIVE_SEPARATION,module_or_model_default,runtime,ALGORITHM_STRUCTURE_LITERAL,,,False
app/engine_paper/production_readiness.py,81:READY,'READY',READY,module_or_model_default,runtime,ALGORITHM_STRUCTURE_LITERAL,,,False
app/engine_paper/production_readiness.py,82:NOT_READY,'NOT_READY',NOT_READY,module_or_model_default,runtime,ALGORITHM_STRUCTURE_LITERAL,,,False
app/engine_paper/production_readiness.py,83:NOT_APPLICABLE,'NOT_APPLICABLE',NOT_APPLICABLE,module_or_model_default,runtime,ALGORITHM_STRUCTURE_LITERAL,,,False
app/engine_paper/production_readiness.py,84:UNPROVEN,'UNPROVEN',UNPROVEN,module_or_model_default,runtime,ALGORITHM_STRUCTURE_LITERAL,,,False
app/engine_paper/production_readiness.py,88:CRITICAL,'CRITICAL',CRITICAL,module_or_model_default,runtime,ALGORITHM_STRUCTURE_LITERAL,,,False
app/engine_paper/production_readiness.py,89:HIGH,'HIGH',HIGH,module_or_model_default,runtime,ALGORITHM_STRUCTURE_LITERAL,,,False
app/engine_paper/production_readiness.py,90:MEDIUM,'MEDIUM',MEDIUM,module_or_model_default,runtime,ALGORITHM_STRUCTURE_LITERAL,,,False
app/engine_paper/production_readiness.py,91:LOW,'LOW',LOW,module_or_model_default,runtime,ALGORITHM_STRUCTURE_LITERAL,,,False
app/engine_paper/production_readiness.py,92:INFORMATIONAL,'INFORMATIONAL',INFORMATIONAL,module_or_model_default,runtime,ALGORITHM_STRUCTURE_LITERAL,,,False
app/engine_paper/production_readiness.py,96:ONLINE_SAFE,'ONLINE_SAFE',ONLINE_SAFE,module_or_model_default,runtime,ALGORITHM_STRUCTURE_LITERAL,,,False
app/engine_paper/production_readiness.py,97:REQUIRES_MAINTENANCE_WINDOW,'REQUIRES_MAINTENANCE_WINDOW',REQUIRES_MAINTENANCE_WINDOW,module_or_model_default,runtime,POLICY_VALUE_MUST_MOVE_TO_YAML,RESOLVED_BY_CANONICAL_REGISTRY,SEE_CANONICAL_REGISTRY,False
app/engine_paper/production_readiness.py,98:REQUIRES_WRITE_QUIESCE,'REQUIRES_WRITE_QUIESCE',REQUIRES_WRITE_QUIESCE,module_or_model_default,runtime,ALGORITHM_STRUCTURE_LITERAL,,,False
app/engine_paper/production_readiness.py,99:REQUIRES_PRE_BACKUP,'REQUIRES_PRE_BACKUP',REQUIRES_PRE_BACKUP,module_or_model_default,runtime,ALGORITHM_STRUCTURE_LITERAL,,,False
app/engine_paper/production_readiness.py,100:REQUIRES_FORWARD_FIX_ONLY,'REQUIRES_FORWARD_FIX_ONLY',REQUIRES_FORWARD_FIX_ONLY,module_or_model_default,runtime,ALGORITHM_STRUCTURE_LITERAL,,,False
app/engine_paper/production_readiness.py,101:BLOCKED,'BLOCKED',BLOCKED,module_or_model_default,runtime,ALGORITHM_STRUCTURE_LITERAL,,,False
app/engine_paper/production_readiness.py,105:FULL_DOWNGRADE_SUPPORTED,'FULL_DOWNGRADE_SUPPORTED',FULL_DOWNGRADE_SUPPORTED,module_or_model_default,runtime,ALGORITHM_STRUCTURE_LITERAL,,,False
app/engine_paper/production_readiness.py,106:SCHEMA_DOWNGRADE_ONLY,'SCHEMA_DOWNGRADE_ONLY',SCHEMA_DOWNGRADE_ONLY,module_or_model_default,runtime,IDENTITY_OR_PROTOCOL_LITERAL,,,False
app/engine_paper/production_readiness.py,107:DOWNGRADE_DESTRUCTIVE,'DOWNGRADE_DESTRUCTIVE',DOWNGRADE_DESTRUCTIVE,module_or_model_default,runtime,ALGORITHM_STRUCTURE_LITERAL,,,False
app/engine_paper/production_readiness.py,108:DOWNGRADE_UNSUPPORTED,'DOWNGRADE_UNSUPPORTED',DOWNGRADE_UNSUPPORTED,module_or_model_default,runtime,ALGORITHM_STRUCTURE_LITERAL,,,False
app/engine_paper/production_readiness.py,109:FORWARD_FIX_REQUIRED,'FORWARD_FIX_REQUIRED',FORWARD_FIX_REQUIRED,module_or_model_default,runtime,ALGORITHM_STRUCTURE_LITERAL,,,False
app/engine_paper/production_readiness.py,113:READY,'READY_FOR_SEPARATE_CONTROLLED_ENABLEMENT_TASK',READY,module_or_model_default,runtime,ALGORITHM_STRUCTURE_LITERAL,,,False
app/engine_paper/production_readiness.py,114:NOT_READY,'NOT_READY_BLOCKERS_IDENTIFIED',NOT_READY,module_or_model_default,runtime,ALGORITHM_STRUCTURE_LITERAL,,,False
app/engine_paper/production_readiness.py,396:max_symbols,1,max_symbols,module_or_model_default,runtime,POLICY_VALUE_MUST_MOVE_TO_YAML,RESOLVED_BY_CANONICAL_REGISTRY,SEE_CANONICAL_REGISTRY,False
app/engine_paper/production_readiness.py,397:max_positions,1,max_positions,module_or_model_default,runtime,POLICY_VALUE_MUST_MOVE_TO_YAML,RESOLVED_BY_CANONICAL_REGISTRY,SEE_CANONICAL_REGISTRY,False
app/engine_paper/production_readiness.py,398:max_new_commands,1,max_new_commands,module_or_model_default,runtime,POLICY_VALUE_MUST_MOVE_TO_YAML,RESOLVED_BY_CANONICAL_REGISTRY,SEE_CANONICAL_REGISTRY,False
app/engine_paper/production_readiness.py,399:max_worker_stages,1,max_worker_stages,module_or_model_default,runtime,POLICY_VALUE_MUST_MOVE_TO_YAML,RESOLVED_BY_CANONICAL_REGISTRY,SEE_CANONICAL_REGISTRY,False
app/engine_paper/production_readiness.py,400:max_runtime_seconds,300,max_runtime_seconds,module_or_model_default,runtime,POLICY_VALUE_MUST_MOVE_TO_YAML,RESOLVED_BY_CANONICAL_REGISTRY,SEE_CANONICAL_REGISTRY,False
app/engine_paper/production_readiness.py,401:max_candle_inputs,2,max_candle_inputs,module_or_model_default,runtime,POLICY_VALUE_MUST_MOVE_TO_YAML,RESOLVED_BY_CANONICAL_REGISTRY,SEE_CANONICAL_REGISTRY,False
app/engine_paper/production_readiness.py,402:max_db_rows_touched,40,max_db_rows_touched,module_or_model_default,runtime,POLICY_VALUE_MUST_MOVE_TO_YAML,RESOLVED_BY_CANONICAL_REGISTRY,SEE_CANONICAL_REGISTRY,False
app/engine_paper/production_readiness.py,403:max_event_journal_growth,20,max_event_journal_growth,module_or_model_default,runtime,POLICY_VALUE_MUST_MOVE_TO_YAML,RESOLVED_BY_CANONICAL_REGISTRY,SEE_CANONICAL_REGISTRY,False
app/engine_paper/production_readiness.py,404:max_retry_count,0,max_retry_count,module_or_model_default,runtime,POLICY_VALUE_MUST_MOVE_TO_YAML,RESOLVED_BY_CANONICAL_REGISTRY,SEE_CANONICAL_REGISTRY,False
app/engine_paper/production_readiness.py,405:max_resume_attempts,0,max_resume_attempts,module_or_model_default,runtime,POLICY_VALUE_MUST_MOVE_TO_YAML,RESOLVED_BY_CANONICAL_REGISTRY,SEE_CANONICAL_REGISTRY,False
app/engine_paper/production_readiness.py,838:next_task,'TRADERS_ML_PAPER_TRADING_PRODUCTION_PAPER_BACKUP_RESTORE_AND_RECONCILIATION_READINESS_01',next_task,module_or_model_default,runtime,ALGORITHM_STRUCTURE_LITERAL,,,False
app/engine_paper/reconciliation.py,25:PAPER_RECONCILIATION_SCHEMA_VERSION,'PAPER_RECONCILIATION_REPORT_V1',PAPER_RECONCILIATION_SCHEMA_VERSION,module_or_model_default,runtime,IDENTITY_OR_PROTOCOL_LITERAL,,,False
app/engine_paper/reconciliation.py,26:EXPECTED_SCHEMA_HEAD,'0015_trading_universe_activation',EXPECTED_SCHEMA_HEAD,module_or_model_default,runtime,IDENTITY_OR_PROTOCOL_LITERAL,,,False
app/engine_paper/reconciliation.py,29:MAX_SAFE_ID_LENGTH,128,MAX_SAFE_ID_LENGTH,module_or_model_default,runtime,IDENTITY_OR_PROTOCOL_LITERAL,,,False
app/engine_paper/reconciliation.py,30:MAX_SAFE_REPORT_BYTES,65536,MAX_SAFE_REPORT_BYTES,module_or_model_default,runtime,POLICY_VALUE_MUST_MOVE_TO_YAML,RESOLVED_BY_CANONICAL_REGISTRY,SEE_CANONICAL_REGISTRY,False
app/engine_paper/reconciliation.py,81:COMMAND_SEMANTIC_IDENTITY,'COMMAND_SEMANTIC_IDENTITY',COMMAND_SEMANTIC_IDENTITY,module_or_model_default,runtime,IDENTITY_OR_PROTOCOL_LITERAL,,,False
app/engine_paper/reconciliation.py,82:APPROVAL_LINKAGE,'APPROVAL_LINKAGE',APPROVAL_LINKAGE,module_or_model_default,runtime,ALGORITHM_STRUCTURE_LITERAL,,,False
app/engine_paper/reconciliation.py,83:ORDER_CAUSAL_IDENTITY,'ORDER_CAUSAL_IDENTITY',ORDER_CAUSAL_IDENTITY,module_or_model_default,runtime,IDENTITY_OR_PROTOCOL_LITERAL,,,False
app/engine_paper/reconciliation.py,84:ORDER_EVENT_SEQUENCE,'ORDER_EVENT_SEQUENCE',ORDER_EVENT_SEQUENCE,module_or_model_default,runtime,ALGORITHM_STRUCTURE_LITERAL,,,False
app/engine_paper/reconciliation.py,85:ORDER_FILL_RELATION,'ORDER_FILL_RELATION',ORDER_FILL_RELATION,module_or_model_default,runtime,ALGORITHM_STRUCTURE_LITERAL,,,False
app/engine_paper/reconciliation.py,86:ORDER_POSITION_COMPATIBILITY,'ORDER_POSITION_COMPATIBILITY',ORDER_POSITION_COMPATIBILITY,module_or_model_default,runtime,ALGORITHM_STRUCTURE_LITERAL,,,False
app/engine_paper/reconciliation.py,87:FILL_IDENTITY_AND_ROLE,'FILL_IDENTITY_AND_ROLE',FILL_IDENTITY_AND_ROLE,module_or_model_default,runtime,IDENTITY_OR_PROTOCOL_LITERAL,,,False
app/engine_paper/reconciliation.py,88:POSITION_LIFECYCLE,'POSITION_LIFECYCLE',POSITION_LIFECYCLE,module_or_model_default,runtime,ALGORITHM_STRUCTURE_LITERAL,,,False
app/engine_paper/reconciliation.py,89:EXIT_DECISION_CAUSALITY,'EXIT_DECISION_CAUSALITY',EXIT_DECISION_CAUSALITY,module_or_model_default,runtime,ALGORITHM_STRUCTURE_LITERAL,,,False
app/engine_paper/reconciliation.py,90:CURSOR_PROGRESS,'CURSOR_PROGRESS',CURSOR_PROGRESS,module_or_model_default,runtime,ALGORITHM_STRUCTURE_LITERAL,,,False
app/engine_paper/reconciliation.py,91:JOURNAL_COMPLETENESS,'JOURNAL_COMPLETENESS',JOURNAL_COMPLETENESS,module_or_model_default,runtime,ALGORITHM_STRUCTURE_LITERAL,,,False
app/engine_paper/reconciliation.py,92:ACCOUNTING_EXACTLY_ONCE,'ACCOUNTING_EXACTLY_ONCE',ACCOUNTING_EXACTLY_ONCE,module_or_model_default,runtime,ALGORITHM_STRUCTURE_LITERAL,,,False
app/engine_paper/reconciliation.py,93:VERSION_MONOTONICITY,'VERSION_MONOTONICITY',VERSION_MONOTONICITY,module_or_model_default,runtime,IDENTITY_OR_PROTOCOL_LITERAL,,,False
app/engine_paper/reconciliation.py,94:ORPHAN_FREEDOM,'ORPHAN_FREEDOM',ORPHAN_FREEDOM,module_or_model_default,runtime,ALGORITHM_STRUCTURE_LITERAL,,,False
app/engine_paper/reconciliation.py,98:CRITICAL,'CRITICAL',CRITICAL,module_or_model_default,runtime,ALGORITHM_STRUCTURE_LITERAL,,,False
app/engine_paper/reconciliation.py,99:HIGH,'HIGH',HIGH,module_or_model_default,runtime,ALGORITHM_STRUCTURE_LITERAL,,,False
app/engine_paper/reconciliation.py,100:MEDIUM,'MEDIUM',MEDIUM,module_or_model_default,runtime,ALGORITHM_STRUCTURE_LITERAL,,,False
app/engine_paper/reconciliation.py,101:LOW,'LOW',LOW,module_or_model_default,runtime,ALGORITHM_STRUCTURE_LITERAL,,,False
app/engine_paper/reconciliation.py,102:INFORMATIONAL,'INFORMATIONAL',INFORMATIONAL,module_or_model_default,runtime,ALGORITHM_STRUCTURE_LITERAL,,,False
app/engine_paper/reconciliation.py,106:HEALTHY,'HEALTHY',HEALTHY,module_or_model_default,runtime,ALGORITHM_STRUCTURE_LITERAL,,,False
app/engine_paper/reconciliation.py,107:INCONSISTENT,'INCONSISTENT',INCONSISTENT,module_or_model_default,runtime,ALGORITHM_STRUCTURE_LITERAL,,,False
app/engine_paper/reconciliation.py,108:PAPER_SCHEMA_NOT_DEPLOYED,'PAPER_SCHEMA_NOT_DEPLOYED',PAPER_SCHEMA_NOT_DEPLOYED,module_or_model_default,runtime,IDENTITY_OR_PROTOCOL_LITERAL,,,False
app/engine_paper/reconciliation.py,109:TARGET_REJECTED,'TARGET_REJECTED',TARGET_REJECTED,module_or_model_default,runtime,ALGORITHM_STRUCTURE_LITERAL,,,False
app/engine_paper/reconciliation.py,110:READ_ONLY_POLICY_VIOLATION,'READ_ONLY_POLICY_VIOLATION',READ_ONLY_POLICY_VIOLATION,module_or_model_default,runtime,ALGORITHM_STRUCTURE_LITERAL,,,False
app/engine_paper/reconciliation.py,111:BOUNDED_LIMIT_EXCEEDED,'BOUNDED_LIMIT_EXCEEDED',BOUNDED_LIMIT_EXCEEDED,module_or_model_default,runtime,POLICY_VALUE_MUST_MOVE_TO_YAML,RESOLVED_BY_CANONICAL_REGISTRY,SEE_CANONICAL_REGISTRY,False
app/engine_paper/reconciliation.py,112:CANCELLED,'CANCELLED',CANCELLED,module_or_model_default,runtime,ALGORITHM_STRUCTURE_LITERAL,,,False
app/engine_paper/reconciliation.py,113:SAFE_FAILURE,'SAFE_FAILURE',SAFE_FAILURE,module_or_model_default,runtime,ALGORITHM_STRUCTURE_LITERAL,,,False
app/engine_paper/reconciliation.py,117:HEALTHY,0,HEALTHY,module_or_model_default,runtime,ALGORITHM_STRUCTURE_LITERAL,,,False
app/engine_paper/reconciliation.py,118:INCONSISTENT,10,INCONSISTENT,module_or_model_default,runtime,ALGORITHM_STRUCTURE_LITERAL,,,False
app/engine_paper/reconciliation.py,119:PAPER_SCHEMA_NOT_DEPLOYED,11,PAPER_SCHEMA_NOT_DEPLOYED,module_or_model_default,runtime,IDENTITY_OR_PROTOCOL_LITERAL,,,False
app/engine_paper/reconciliation.py,120:TARGET_REJECTED,12,TARGET_REJECTED,module_or_model_default,runtime,ALGORITHM_STRUCTURE_LITERAL,,,False
app/engine_paper/reconciliation.py,121:READ_ONLY_POLICY_VIOLATION,13,READ_ONLY_POLICY_VIOLATION,module_or_model_default,runtime,ALGORITHM_STRUCTURE_LITERAL,,,False
app/engine_paper/reconciliation.py,122:BOUNDED_LIMIT_EXCEEDED,14,BOUNDED_LIMIT_EXCEEDED,module_or_model_default,runtime,POLICY_VALUE_MUST_MOVE_TO_YAML,RESOLVED_BY_CANONICAL_REGISTRY,SEE_CANONICAL_REGISTRY,False
app/engine_paper/reconciliation.py,123:CANCELLED,15,CANCELLED,module_or_model_default,runtime,ALGORITHM_STRUCTURE_LITERAL,,,False
app/engine_paper/reconciliation.py,124:SAFE_FAILURE,16,SAFE_FAILURE,module_or_model_default,runtime,ALGORITHM_STRUCTURE_LITERAL,,,False
app/engine_paper/reconciliation.py,146:full_isolated_fixture,False,full_isolated_fixture,module_or_model_default,runtime,ALGORITHM_STRUCTURE_LITERAL,,,False
app/engine_paper/reconciliation.py,147:max_positions,100,max_positions,module_or_model_default,runtime,POLICY_VALUE_MUST_MOVE_TO_YAML,RESOLVED_BY_CANONICAL_REGISTRY,SEE_CANONICAL_REGISTRY,False
app/engine_paper/reconciliation.py,148:max_orders,300,max_orders,module_or_model_default,runtime,POLICY_VALUE_MUST_MOVE_TO_YAML,RESOLVED_BY_CANONICAL_REGISTRY,SEE_CANONICAL_REGISTRY,False
app/engine_paper/reconciliation.py,149:max_fills,300,max_fills,module_or_model_default,runtime,POLICY_VALUE_MUST_MOVE_TO_YAML,RESOLVED_BY_CANONICAL_REGISTRY,SEE_CANONICAL_REGISTRY,False
app/engine_paper/reconciliation.py,150:max_events,1500,max_events,module_or_model_default,runtime,POLICY_VALUE_MUST_MOVE_TO_YAML,RESOLVED_BY_CANONICAL_REGISTRY,SEE_CANONICAL_REGISTRY,False
app/engine_paper/reconciliation.py,151:max_journal_rows,2000,max_journal_rows,module_or_model_default,runtime,POLICY_VALUE_MUST_MOVE_TO_YAML,RESOLVED_BY_CANONICAL_REGISTRY,SEE_CANONICAL_REGISTRY,False
app/engine_paper/reconciliation.py,152:max_cursors,100,max_cursors,module_or_model_default,runtime,POLICY_VALUE_MUST_MOVE_TO_YAML,RESOLVED_BY_CANONICAL_REGISTRY,SEE_CANONICAL_REGISTRY,False
app/engine_paper/reconciliation.py,153:max_exit_decisions,100,max_exit_decisions,module_or_model_default,runtime,POLICY_VALUE_MUST_MOVE_TO_YAML,RESOLVED_BY_CANONICAL_REGISTRY,SEE_CANONICAL_REGISTRY,False
app/engine_paper/reconciliation.py,154:max_commands,100,max_commands,module_or_model_default,runtime,POLICY_VALUE_MUST_MOVE_TO_YAML,RESOLVED_BY_CANONICAL_REGISTRY,SEE_CANONICAL_REGISTRY,False
app/engine_paper/reconciliation.py,155:max_findings,200,max_findings,module_or_model_default,runtime,POLICY_VALUE_MUST_MOVE_TO_YAML,RESOLVED_BY_CANONICAL_REGISTRY,SEE_CANONICAL_REGISTRY,False
app/engine_paper/reconciliation.py,203:read_only_reconcile,True,read_only_reconcile,module_or_model_default,runtime,ALGORITHM_STRUCTURE_LITERAL,,,False
app/engine_paper/reconciliation.py,239:commands,0,commands,module_or_model_default,runtime,ALGORITHM_STRUCTURE_LITERAL,,,False
app/engine_paper/reconciliation.py,240:orders,0,orders,module_or_model_default,runtime,ALGORITHM_STRUCTURE_LITERAL,,,False
app/engine_paper/reconciliation.py,241:fills,0,fills,module_or_model_default,runtime,ALGORITHM_STRUCTURE_LITERAL,,,False
app/engine_paper/reconciliation.py,242:positions,0,positions,module_or_model_default,runtime,ALGORITHM_STRUCTURE_LITERAL,,,False
app/engine_paper/reconciliation.py,243:cursors,0,cursors,module_or_model_default,runtime,ALGORITHM_STRUCTURE_LITERAL,,,False
app/engine_paper/reconciliation.py,244:exit_decisions,0,exit_decisions,module_or_model_default,runtime,ALGORITHM_STRUCTURE_LITERAL,,,False
app/engine_paper/reconciliation.py,245:events,0,events,module_or_model_default,runtime,ALGORITHM_STRUCTURE_LITERAL,,,False
app/engine_paper/reconciliation.py,246:journal_rows,0,journal_rows,module_or_model_default,runtime,ALGORITHM_STRUCTURE_LITERAL,,,False
app/engine_paper/reconciliation.py,583:changed,True,changed,module_or_model_default,runtime,ALGORITHM_STRUCTURE_LITERAL,,,False
app/engine_paper/reconciliation.py,585:changed,False,changed,module_or_model_default,runtime,ALGORITHM_STRUCTURE_LITERAL,,,False
app/engine_paper/reconciliation.py,616:changed,True,changed,module_or_model_default,runtime,ALGORITHM_STRUCTURE_LITERAL,,,False
app/engine_paper/reconciliation.py,637:changed,True,changed,module_or_model_default,runtime,ALGORITHM_STRUCTURE_LITERAL,,,False
app/engine_paper/recovery_readiness.py,19:EXPECTED_POSTGRESQL_MAJOR,16,EXPECTED_POSTGRESQL_MAJOR,module_or_model_default,runtime,ALGORITHM_STRUCTURE_LITERAL,,,False
app/engine_paper/recovery_readiness.py,20:EXPECTED_PAPER_SCHEMA_HEAD,'0015_trading_universe_activation',EXPECTED_PAPER_SCHEMA_HEAD,module_or_model_default,runtime,IDENTITY_OR_PROTOCOL_LITERAL,,,False
app/engine_paper/recovery_readiness.py,23:EXPECTED_SERVER_HEAD,'d605b28752fdd19e9086384c93f910fb2dc9f69d',EXPECTED_SERVER_HEAD,module_or_model_default,runtime,ALGORITHM_STRUCTURE_LITERAL,,,False
app/engine_paper/recovery_readiness.py,24:EXPECTED_SERVER_TREE,'fd9c413ee3b083f5dd01b8d25930a1b3d58b4625',EXPECTED_SERVER_TREE,module_or_model_default,runtime,ALGORITHM_STRUCTURE_LITERAL,,,False
app/engine_paper/recovery_readiness.py,25:MAX_SAFE_TEXT,256,MAX_SAFE_TEXT,module_or_model_default,runtime,POLICY_VALUE_MUST_MOVE_TO_YAML,RESOLVED_BY_CANONICAL_REGISTRY,SEE_CANONICAL_REGISTRY,False
app/engine_paper/recovery_readiness.py,69:CODE_ENFORCED,'CODE_ENFORCED',CODE_ENFORCED,module_or_model_default,runtime,ALGORITHM_STRUCTURE_LITERAL,,,False
app/engine_paper/recovery_readiness.py,70:DOCUMENTED_REQUIRED,'DOCUMENTED_REQUIRED',DOCUMENTED_REQUIRED,module_or_model_default,runtime,ALGORITHM_STRUCTURE_LITERAL,,,False
app/engine_paper/recovery_readiness.py,71:PRODUCTION_PROVEN,'PRODUCTION_PROVEN',PRODUCTION_PROVEN,module_or_model_default,runtime,ALGORITHM_STRUCTURE_LITERAL,,,False
app/engine_paper/recovery_readiness.py,72:PRODUCTION_UNPROVEN,'PRODUCTION_UNPROVEN',PRODUCTION_UNPROVEN,module_or_model_default,runtime,ALGORITHM_STRUCTURE_LITERAL,,,False
app/engine_paper/recovery_readiness.py,76:LOGICAL_CUSTOM,'LOGICAL_CUSTOM',LOGICAL_CUSTOM,module_or_model_default,runtime,ALGORITHM_STRUCTURE_LITERAL,,,False
app/engine_paper/recovery_readiness.py,77:LOGICAL_PLAIN,'LOGICAL_PLAIN',LOGICAL_PLAIN,module_or_model_default,runtime,ALGORITHM_STRUCTURE_LITERAL,,,False
app/engine_paper/recovery_readiness.py,78:PHYSICAL_BASE_BACKUP,'PHYSICAL_BASE_BACKUP',PHYSICAL_BASE_BACKUP,module_or_model_default,runtime,ALGORITHM_STRUCTURE_LITERAL,,,False
app/engine_paper/recovery_readiness.py,82:LOGICAL,'LOGICAL',LOGICAL,module_or_model_default,runtime,ALGORITHM_STRUCTURE_LITERAL,,,False
app/engine_paper/recovery_readiness.py,83:PHYSICAL,'PHYSICAL',PHYSICAL,module_or_model_default,runtime,ALGORITHM_STRUCTURE_LITERAL,,,False
app/engine_paper/recovery_readiness.py,87:VERIFIED,'VERIFIED',VERIFIED,module_or_model_default,runtime,ALGORITHM_STRUCTURE_LITERAL,,,False
app/engine_paper/recovery_readiness.py,88:FAILED,'FAILED',FAILED,module_or_model_default,runtime,ALGORITHM_STRUCTURE_LITERAL,,,False
app/engine_paper/recovery_readiness.py,89:UNPROVEN,'UNPROVEN',UNPROVEN,module_or_model_default,runtime,ALGORITHM_STRUCTURE_LITERAL,,,False
app/engine_paper/recovery_readiness.py,93:APPLICATION_DISABLE_PLUS_FORWARD_FIX,'APPLICATION_DISABLE_PLUS_FORWARD_FIX',APPLICATION_DISABLE_PLUS_FORWARD_FIX,module_or_model_default,runtime,ALGORITHM_STRUCTURE_LITERAL,,,False
app/engine_paper/recovery_readiness.py,94:RESTORE_APPROVED_LOGICAL_BACKUP,'RESTORE_APPROVED_LOGICAL_BACKUP',RESTORE_APPROVED_LOGICAL_BACKUP,module_or_model_default,runtime,ALGORITHM_STRUCTURE_LITERAL,,,False
app/engine_paper/recovery_readiness.py,95:RESTORE_PHYSICAL_BACKUP_AND_REPLAY_WAL,'RESTORE_PHYSICAL_BACKUP_AND_REPLAY_WAL',RESTORE_PHYSICAL_BACKUP_AND_REPLAY_WAL,module_or_model_default,runtime,ALGORITHM_STRUCTURE_LITERAL,,,False
app/engine_paper/recovery_readiness.py,96:NORMAL_SCHEMA_DOWNGRADE_FOR_RECOVERY_FORBIDDEN,'NORMAL_SCHEMA_DOWNGRADE_FOR_RECOVERY_FORBIDDEN',NORMAL_SCHEMA_DOWNGRADE_FOR_RECOVERY_FORBIDDEN,module_or_model_default,runtime,IDENTITY_OR_PROTOCOL_LITERAL,,,False
app/engine_paper/recovery_readiness.py,102:PITR_PROVEN_ISOLATED,'PITR_PROVEN_ISOLATED',PITR_PROVEN_ISOLATED,module_or_model_default,runtime,ALGORITHM_STRUCTURE_LITERAL,,,False
app/engine_paper/recovery_readiness.py,103:PITR_SUPPORTED_BUT_PRODUCTION_UNPROVEN,'PITR_SUPPORTED_BUT_PRODUCTION_UNPROVEN',PITR_SUPPORTED_BUT_PRODUCTION_UNPROVEN,module_or_model_default,runtime,ALGORITHM_STRUCTURE_LITERAL,,,False
app/engine_paper/recovery_readiness.py,106:PITR_PRODUCTION_METADATA_PROVEN,'PITR_PRODUCTION_METADATA_PROVEN',PITR_PRODUCTION_METADATA_PROVEN,module_or_model_default,runtime,ALGORITHM_STRUCTURE_LITERAL,,,False
app/engine_paper/recovery_readiness.py,107:PITR_NOT_CONFIGURED,'PITR_NOT_CONFIGURED',PITR_NOT_CONFIGURED,module_or_model_default,runtime,ALGORITHM_STRUCTURE_LITERAL,,,False
app/engine_paper/recovery_readiness.py,108:PITR_UNPROVEN,'PITR_UNPROVEN',PITR_UNPROVEN,module_or_model_default,runtime,ALGORITHM_STRUCTURE_LITERAL,,,False
app/engine_paper/recovery_readiness.py,109:PITR_UNSUPPORTED_BY_CURRENT_DEPLOYMENT,'PITR_UNSUPPORTED_BY_CURRENT_DEPLOYMENT',PITR_UNSUPPORTED_BY_CURRENT_DEPLOYMENT,module_or_model_default,runtime,ALGORITHM_STRUCTURE_LITERAL,,,False
app/engine_paper/recovery_readiness.py,115:TIMESTAMP,'TIMESTAMP',TIMESTAMP,module_or_model_default,runtime,ALGORITHM_STRUCTURE_LITERAL,,,False
app/engine_paper/recovery_readiness.py,116:RESTORE_POINT,'RESTORE_POINT',RESTORE_POINT,module_or_model_default,runtime,ALGORITHM_STRUCTURE_LITERAL,,,False
app/engine_paper/recovery_readiness.py,117:TRANSACTION_ID,'TRANSACTION_ID',TRANSACTION_ID,module_or_model_default,runtime,IDENTITY_OR_PROTOCOL_LITERAL,,,False
app/engine_paper/recovery_readiness.py,118:LSN,'LSN',LSN,module_or_model_default,runtime,ALGORITHM_STRUCTURE_LITERAL,,,False
app/engine_paper/recovery_readiness.py,137:policy_status,'PROPOSED_NOT_APPROVED',policy_status,module_or_model_default,runtime,IDENTITY_OR_PROTOCOL_LITERAL,,,False
app/engine_paper/recovery_readiness.py,420:reason,'APPROVED_NO_ECHO_PRODUCTION_METADATA_INCOMPLETE',reason,module_or_model_default,runtime,ALGORITHM_STRUCTURE_LITERAL,,,False
app/engine_paper/recovery_readiness.py,423:reason,'PRODUCTION_WAL_ARCHIVING_NOT_CONFIGURED',reason,module_or_model_default,runtime,ALGORITHM_STRUCTURE_LITERAL,,,False
app/engine_paper/recovery_readiness.py,426:reason,'PRODUCTION_BACKUP_OR_PERSISTENCE_CAPABILITY_MISSING',reason,module_or_model_default,runtime,ALGORITHM_STRUCTURE_LITERAL,,,False
app/engine_paper/recovery_readiness.py,429:reason,'APPROVED_NO_ECHO_PRODUCTION_METADATA_SUPPORTS_PITR',reason,module_or_model_default,runtime,ALGORITHM_STRUCTURE_LITERAL,,,False
app/engine_paper/repositories.py,101:MAX_GRAPH_ROWS,100,MAX_GRAPH_ROWS,module_or_model_default,runtime,POLICY_VALUE_MUST_MOVE_TO_YAML,RESOLVED_BY_CANONICAL_REGISTRY,SEE_CANONICAL_REGISTRY,False
app/engine_paper/repositories.py,102:MAX_JOURNAL_ROWS,200,MAX_JOURNAL_ROWS,module_or_model_default,runtime,POLICY_VALUE_MUST_MOVE_TO_YAML,RESOLVED_BY_CANONICAL_REGISTRY,SEE_CANONICAL_REGISTRY,False
app/engine_paper/repository_results.py,11:CREATED,'CREATED',CREATED,module_or_model_default,runtime,ALGORITHM_STRUCTURE_LITERAL,,,False
app/engine_paper/repository_results.py,12:EXISTING_IDEMPOTENT,'EXISTING_IDEMPOTENT',EXISTING_IDEMPOTENT,module_or_model_default,runtime,IDENTITY_OR_PROTOCOL_LITERAL,,,False
app/engine_paper/repository_results.py,13:UPDATED,'UPDATED',UPDATED,module_or_model_default,runtime,ALGORITHM_STRUCTURE_LITERAL,,,False
app/engine_paper/repository_results.py,14:NOT_FOUND,'NOT_FOUND',NOT_FOUND,module_or_model_default,runtime,ALGORITHM_STRUCTURE_LITERAL,,,False
app/engine_paper/repository_results.py,15:STALE_VERSION,'STALE_VERSION',STALE_VERSION,module_or_model_default,runtime,IDENTITY_OR_PROTOCOL_LITERAL,,,False
app/engine_paper/repository_results.py,16:INVALID_STATE,'INVALID_STATE',INVALID_STATE,module_or_model_default,runtime,IDENTITY_OR_PROTOCOL_LITERAL,,,False
app/engine_paper/repository_results.py,17:IDEMPOTENCY_CONFLICT,'IDEMPOTENCY_CONFLICT',IDEMPOTENCY_CONFLICT,module_or_model_default,runtime,IDENTITY_OR_PROTOCOL_LITERAL,,,False
app/engine_paper/repository_results.py,18:ACTIVE_POSITION_CONFLICT,'ACTIVE_POSITION_CONFLICT',ACTIVE_POSITION_CONFLICT,module_or_model_default,runtime,ALGORITHM_STRUCTURE_LITERAL,,,False
app/engine_paper/repository_results.py,19:CONSTRAINT_VIOLATION,'CONSTRAINT_VIOLATION',CONSTRAINT_VIOLATION,module_or_model_default,runtime,ALGORITHM_STRUCTURE_LITERAL,,,False
app/engine_paper/repository_results.py,20:TRANSIENT_DB_FAILURE,'TRANSIENT_DB_FAILURE',TRANSIENT_DB_FAILURE,module_or_model_default,runtime,ALGORITHM_STRUCTURE_LITERAL,,,False
app/engine_paper/repository_results.py,21:UNCERTAIN_COMMIT_RESOLVED_COMMITTED,'UNCERTAIN_COMMIT_RESOLVED_COMMITTED',UNCERTAIN_COMMIT_RESOLVED_COMMITTED,module_or_model_default,runtime,ALGORITHM_STRUCTURE_LITERAL,,,False
app/engine_paper/repository_results.py,22:UNCERTAIN_COMMIT_RESOLVED_NOT_COMMITTED,'UNCERTAIN_COMMIT_RESOLVED_NOT_COMMITTED',UNCERTAIN_COMMIT_RESOLVED_NOT_COMMITTED,module_or_model_default,runtime,ALGORITHM_STRUCTURE_LITERAL,,,False
app/engine_paper/repository_results.py,23:UNCERTAIN_COMMIT_UNRESOLVED,'UNCERTAIN_COMMIT_UNRESOLVED',UNCERTAIN_COMMIT_UNRESOLVED,module_or_model_default,runtime,ALGORITHM_STRUCTURE_LITERAL,,,False
app/engine_paper/repository_results.py,24:INTERNAL_INVARIANT_FAILURE,'INTERNAL_INVARIANT_FAILURE',INTERNAL_INVARIANT_FAILURE,module_or_model_default,runtime,ALGORITHM_STRUCTURE_LITERAL,,,False
app/engine_paper/repository_results.py,34:reason_code,'PAPER_REPOSITORY_OK',reason_code,module_or_model_default,runtime,ALGORITHM_STRUCTURE_LITERAL,,,False
app/engine_paper/repository_results.py,35:message,'repository operation completed',message,module_or_model_default,runtime,ALGORITHM_STRUCTURE_LITERAL,,,False
app/engine_paper/scalping_execution_readiness.py,9:SCALP_CANCEL_ENTRY_PRICE_MOVED,'SCALP_CANCEL_ENTRY_PRICE_MOVED',SCALP_CANCEL_ENTRY_PRICE_MOVED,module_or_model_default,runtime,ALGORITHM_STRUCTURE_LITERAL,,,False
app/engine_paper/scalping_opportunity_registry.py,165:admitted,True,admitted,module_or_model_default,runtime,ALGORITHM_STRUCTURE_LITERAL,,,False
app/engine_paper/scalping_paper_runner.py,65:rehydration_generation,0,rehydration_generation,module_or_model_default,runtime,ALGORITHM_STRUCTURE_LITERAL,,,False
app/engine_paper/scalping_paper_runner.py,66:snapshot_age_seconds,0.0,snapshot_age_seconds,module_or_model_default,runtime,ALGORITHM_STRUCTURE_LITERAL,,,False
app/engine_paper/scalping_paper_runner.py,114:rehydration_generation,0,rehydration_generation,module_or_model_default,runtime,ALGORITHM_STRUCTURE_LITERAL,,,False
app/engine_paper/scalping_paper_runner.py,210:ticker_status,'READY',ticker_status,module_or_model_default,runtime,IDENTITY_OR_PROTOCOL_LITERAL,,,False
app/engine_paper/scalping_paper_runner.py,211:depth_status,'READY',depth_status,module_or_model_default,runtime,IDENTITY_OR_PROTOCOL_LITERAL,,,False
app/engine_paper/scalping_paper_runner.py,514:unique_opportunity,True,unique_opportunity,module_or_model_default,runtime,ALGORITHM_STRUCTURE_LITERAL,,,False
app/engine_paper/scalping_paper_runner.py,215:ticker_status,'BOOK_TICKER_NOT_READY',ticker_status,module_or_model_default,runtime,IDENTITY_OR_PROTOCOL_LITERAL,,,False
app/engine_paper/scalping_paper_runner.py,221:depth_status,'DEPTH_NOT_READY',depth_status,module_or_model_default,runtime,IDENTITY_OR_PROTOCOL_LITERAL,,,False
app/engine_paper/scalping_paper_runner.py,426:achievable,False,achievable,module_or_model_default,runtime,ALGORITHM_STRUCTURE_LITERAL,,,False
app/engine_paper/scalping_policy_v2.py,12:PROFILE_ID,'trade-5m-v2',PROFILE_ID,module_or_model_default,runtime,IDENTITY_OR_PROTOCOL_LITERAL,,,False
app/engine_paper/scalping_policy_v2.py,13:SETUP_POLICY_VERSION,'scalping-micro-setup-v2',SETUP_POLICY_VERSION,module_or_model_default,runtime,IDENTITY_OR_PROTOCOL_LITERAL,,,False
app/engine_paper/scalping_policy_v2.py,14:ENTRY_POLICY_VERSION,'scalping-next-closed-1m-entry-v2',ENTRY_POLICY_VERSION,module_or_model_default,runtime,IDENTITY_OR_PROTOCOL_LITERAL,,,False
app/engine_paper/scalping_policy_v2.py,15:STOP_POLICY_VERSION,'scalping-causal-volatility-stop-v2',STOP_POLICY_VERSION,module_or_model_default,runtime,IDENTITY_OR_PROTOCOL_LITERAL,,,False
app/engine_paper/scalping_policy_v2.py,16:TARGET_POLICY_VERSION,'scalping-nearest-viable-target-v3',TARGET_POLICY_VERSION,module_or_model_default,runtime,IDENTITY_OR_PROTOCOL_LITERAL,,,False
app/engine_paper/scalping_policy_v2.py,17:RR_EV_POLICY_VERSION,'scalping-conservative-hierarchy-v2',RR_EV_POLICY_VERSION,module_or_model_default,runtime,IDENTITY_OR_PROTOCOL_LITERAL,,,False
app/engine_paper/scalping_policy_v2.py,18:PROBABILITY_ESTIMATOR_VERSION,'hierarchical-beta-wilson-v1',PROBABILITY_ESTIMATOR_VERSION,module_or_model_default,runtime,IDENTITY_OR_PROTOCOL_LITERAL,,,False
app/engine_paper/scalping_policy_v2.py,19:CONFIDENCE_METHOD,'WILSON_ONE_SIDED_LOWER_BOUND',CONFIDENCE_METHOD,module_or_model_default,runtime,IDENTITY_OR_PROTOCOL_LITERAL,,,False
app/engine_paper/scalping_policy_v2.py,20:TTL_POLICY_VERSION,'scalping-short-lifecycle-v2',TTL_POLICY_VERSION,module_or_model_default,runtime,IDENTITY_OR_PROTOCOL_LITERAL,,,False
app/engine_paper/scalping_policy_v2.py,21:RISK_POLICY_VERSION,'scalping-risk-capped-v2',RISK_POLICY_VERSION,module_or_model_default,runtime,IDENTITY_OR_PROTOCOL_LITERAL,,,False
app/engine_paper/scalping_policy_v2.py,22:COST_POLICY_VERSION,'scalping-round-trip-net-pnl-v2',COST_POLICY_VERSION,module_or_model_default,runtime,IDENTITY_OR_PROTOCOL_LITERAL,,,False
app/engine_paper/scalping_policy_v2.py,46:level,'exact',level,module_or_model_default,runtime,ALGORITHM_STRUCTURE_LITERAL,,,False
app/engine_paper/scalping_policy_v2.py,48:evidence_source,'PERSISTED_PAPER_OUTCOME',evidence_source,module_or_model_default,runtime,IDENTITY_OR_PROTOCOL_LITERAL,,,False
app/engine_paper/scalping_policy_v2.py,71:sample_size,0,sample_size,module_or_model_default,runtime,POLICY_VALUE_MUST_MOVE_TO_YAML,RESOLVED_BY_CANONICAL_REGISTRY,SEE_CANONICAL_REGISTRY,False
app/engine_paper/scalping_policy_v2.py,72:parent_sample_size,0,parent_sample_size,module_or_model_default,runtime,POLICY_VALUE_MUST_MOVE_TO_YAML,RESOLVED_BY_CANONICAL_REGISTRY,SEE_CANONICAL_REGISTRY,False
app/engine_paper/scalping_shadow.py,25:GEOMETRY_CALCULATION_VERSION,'scalping-cost-aware-geometry-v2',GEOMETRY_CALCULATION_VERSION,module_or_model_default,runtime,IDENTITY_OR_PROTOCOL_LITERAL,,,False
app/engine_paper/scalping_shadow.py,26:COST_MODEL_VERSION,'scalping-round-trip-net-pnl-v2',COST_MODEL_VERSION,module_or_model_default,runtime,IDENTITY_OR_PROTOCOL_LITERAL,,,False
app/engine_paper/scalping_shadow.py,27:RR_POLICY_VERSION,'scalping-required-net-rr-v2',RR_POLICY_VERSION,module_or_model_default,runtime,IDENTITY_OR_PROTOCOL_LITERAL,,,False
app/engine_paper/scalping_shadow.py,28:TARGET_POLICY_VERSION,'scalping-causal-cost-aware-target-v2',TARGET_POLICY_VERSION,module_or_model_default,runtime,IDENTITY_OR_PROTOCOL_LITERAL,,,False
app/engine_paper/scalping_shadow.py,46:validated,True,validated,module_or_model_default,runtime,IDENTITY_OR_PROTOCOL_LITERAL,,,False
app/engine_paper/scalping_shadow.py,47:relevant,True,relevant,module_or_model_default,runtime,ALGORITHM_STRUCTURE_LITERAL,,,False
app/engine_paper/scalping_shadow.py,48:achievable,True,achievable,module_or_model_default,runtime,ALGORITHM_STRUCTURE_LITERAL,,,False
app/engine_paper/scalping_shadow.py,72:entry_fee_bps,10.0,entry_fee_bps,module_or_model_default,runtime,POLICY_VALUE_MUST_MOVE_TO_YAML,RESOLVED_BY_CANONICAL_REGISTRY,SEE_CANONICAL_REGISTRY,False
app/engine_paper/scalping_shadow.py,73:exit_fee_bps,10.0,exit_fee_bps,module_or_model_default,runtime,POLICY_VALUE_MUST_MOVE_TO_YAML,RESOLVED_BY_CANONICAL_REGISTRY,SEE_CANONICAL_REGISTRY,False
app/engine_paper/scalping_shadow.py,74:entry_slippage_bps,2.0,entry_slippage_bps,module_or_model_default,runtime,POLICY_VALUE_MUST_MOVE_TO_YAML,RESOLVED_BY_CANONICAL_REGISTRY,SEE_CANONICAL_REGISTRY,False
app/engine_paper/scalping_shadow.py,75:exit_slippage_bps,2.0,exit_slippage_bps,module_or_model_default,runtime,POLICY_VALUE_MUST_MOVE_TO_YAML,RESOLVED_BY_CANONICAL_REGISTRY,SEE_CANONICAL_REGISTRY,False
app/engine_paper/scalping_shadow.py,76:safety_margin_bps,3.0,safety_margin_bps,module_or_model_default,runtime,POLICY_VALUE_MUST_MOVE_TO_YAML,RESOLVED_BY_CANONICAL_REGISTRY,SEE_CANONICAL_REGISTRY,False
app/engine_paper/scalping_shadow.py,77:adverse_fill_reserve_bps,0.0,adverse_fill_reserve_bps,module_or_model_default,runtime,POLICY_VALUE_MUST_MOVE_TO_YAML,RESOLVED_BY_CANONICAL_REGISTRY,SEE_CANONICAL_REGISTRY,False
app/engine_paper/scalping_shadow.py,80:fee_source,'CONFIGURED_CONSERVATIVE_FEE_ASSUMPTION_NOT_AUTHORITATIVE',fee_source,module_or_model_default,runtime,ALGORITHM_STRUCTURE_LITERAL,,,False
app/engine_paper/scalping_shadow.py,81:commission_authoritative,False,commission_authoritative,module_or_model_default,runtime,ALGORITHM_STRUCTURE_LITERAL,,,False
app/engine_paper/scalping_shadow.py,85:entry_liquidity_role,'TAKER',entry_liquidity_role,module_or_model_default,runtime,IDENTITY_OR_PROTOCOL_LITERAL,,,False
app/engine_paper/scalping_shadow.py,86:exit_liquidity_role,'TAKER',exit_liquidity_role,module_or_model_default,runtime,IDENTITY_OR_PROTOCOL_LITERAL,,,False
app/engine_paper/scalping_shadow.py,87:bnb_discount_state,'NOT_APPLICABLE',bnb_discount_state,module_or_model_default,runtime,ALGORITHM_STRUCTURE_LITERAL,,,False
app/engine_paper/scalping_shadow.py,88:special_commission_state,'NOT_APPLICABLE',special_commission_state,module_or_model_default,runtime,ALGORITHM_STRUCTURE_LITERAL,,,False
app/engine_paper/scalping_shadow.py,89:tax_commission_state,'NOT_APPLICABLE',tax_commission_state,module_or_model_default,runtime,ALGORITHM_STRUCTURE_LITERAL,,,False
app/engine_paper/scalping_shadow.py,90:cost_policy_version,'scalping-round-trip-net-pnl-v2',cost_policy_version,module_or_model_default,runtime,IDENTITY_OR_PROTOCOL_LITERAL,,,False
app/engine_paper/scalping_shadow.py,93:spread_authoritative,False,spread_authoritative,module_or_model_default,runtime,POLICY_VALUE_MUST_MOVE_TO_YAML,RESOLVED_BY_CANONICAL_REGISTRY,SEE_CANONICAL_REGISTRY,False
app/engine_paper/scalping_shadow.py,94:depth_authoritative,False,depth_authoritative,module_or_model_default,runtime,ALGORITHM_STRUCTURE_LITERAL,,,False
app/engine_paper/scalping_shadow.py,105:maximum_age_ms,5000,maximum_age_ms,module_or_model_default,runtime,POLICY_VALUE_MUST_MOVE_TO_YAML,RESOLVED_BY_CANONICAL_REGISTRY,SEE_CANONICAL_REGISTRY,False
app/engine_paper/scalping_shadow.py,106:require_causal_timestamp,False,require_causal_timestamp,module_or_model_default,runtime,ALGORITHM_STRUCTURE_LITERAL,,,False
app/engine_paper/scalping_shadow.py,107:connection_generation,0,connection_generation,module_or_model_default,runtime,ALGORITHM_STRUCTURE_LITERAL,,,False
app/engine_paper/scalping_shadow.py,108:market_source_status,'NOT_EVALUATED',market_source_status,module_or_model_default,runtime,IDENTITY_OR_PROTOCOL_LITERAL,,,False
app/engine_paper/scalping_shadow.py,109:fee_source_status,'NOT_EVALUATED',fee_source_status,module_or_model_default,runtime,IDENTITY_OR_PROTOCOL_LITERAL,,,False
app/engine_paper/scalping_shadow.py,110:book_source_status,'NOT_EVALUATED',book_source_status,module_or_model_default,runtime,IDENTITY_OR_PROTOCOL_LITERAL,,,False
app/engine_paper/scalping_shadow.py,111:cost_model_status,'NOT_READY',cost_model_status,module_or_model_default,runtime,IDENTITY_OR_PROTOCOL_LITERAL,,,False
app/engine_paper/scalping_shadow.py,167:structural_setup,True,structural_setup,module_or_model_default,runtime,ALGORITHM_STRUCTURE_LITERAL,,,False
app/engine_paper/scalping_shadow.py,168:strategy_admitted,True,strategy_admitted,module_or_model_default,runtime,ALGORITHM_STRUCTURE_LITERAL,,,False
app/engine_paper/scalping_shadow.py,169:repeat_candidate,False,repeat_candidate,module_or_model_default,runtime,IDENTITY_OR_PROTOCOL_LITERAL,,,False
app/engine_paper/scalping_shadow.py,170:regime_consistent,True,regime_consistent,module_or_model_default,runtime,ALGORITHM_STRUCTURE_LITERAL,,,False
app/engine_paper/scalping_shadow.py,171:direction_consistent,True,direction_consistent,module_or_model_default,runtime,ALGORITHM_STRUCTURE_LITERAL,,,False
app/engine_paper/scalping_shadow.py,203:minimum_positive_edge_bps,1.0,minimum_positive_edge_bps,module_or_model_default,runtime,POLICY_VALUE_MUST_MOVE_TO_YAML,RESOLVED_BY_CANONICAL_REGISTRY,SEE_CANONICAL_REGISTRY,False
app/engine_paper/scalping_shadow.py,204:production_rr_floor,1.5,production_rr_floor,module_or_model_default,runtime,ALGORITHM_STRUCTURE_LITERAL,,,False
app/engine_paper/scalping_shadow.py,205:max_depth_impact_bps,20.0,max_depth_impact_bps,module_or_model_default,runtime,POLICY_VALUE_MUST_MOVE_TO_YAML,RESOLVED_BY_CANONICAL_REGISTRY,SEE_CANONICAL_REGISTRY,False
app/engine_paper/scalping_shadow.py,211:minimum_empirical_samples,20,minimum_empirical_samples,module_or_model_default,runtime,POLICY_VALUE_MUST_MOVE_TO_YAML,RESOLVED_BY_CANONICAL_REGISTRY,SEE_CANONICAL_REGISTRY,False
app/engine_paper/scalping_shadow.py,212:minimum_expected_value_bps,0.0,minimum_expected_value_bps,module_or_model_default,runtime,POLICY_VALUE_MUST_MOVE_TO_YAML,RESOLVED_BY_CANONICAL_REGISTRY,SEE_CANONICAL_REGISTRY,False
app/engine_paper/scalping_shadow.py,213:minimum_positive_ev_r,0.0,minimum_positive_ev_r,module_or_model_default,runtime,POLICY_VALUE_MUST_MOVE_TO_YAML,RESOLVED_BY_CANONICAL_REGISTRY,SEE_CANONICAL_REGISTRY,False
app/engine_paper/scalping_shadow.py,214:minimum_ev_reserve_r,0.0,minimum_ev_reserve_r,module_or_model_default,runtime,POLICY_VALUE_MUST_MOVE_TO_YAML,RESOLVED_BY_CANONICAL_REGISTRY,SEE_CANONICAL_REGISTRY,False
app/engine_paper/scalping_shadow.py,256:target_available,False,target_available,module_or_model_default,runtime,ALGORITHM_STRUCTURE_LITERAL,,,False
app/engine_paper/scalping_shadow.py,257:causal_target_exists,False,causal_target_exists,module_or_model_default,runtime,ALGORITHM_STRUCTURE_LITERAL,,,False
app/engine_paper/scalping_shadow.py,258:economically_actionable_target_exists,False,economically_actionable_target_exists,module_or_model_default,runtime,ALGORITHM_STRUCTURE_LITERAL,,,False
app/engine_paper/scalping_shadow.py,265:target_candidates_considered,0,target_candidates_considered,module_or_model_default,runtime,IDENTITY_OR_PROTOCOL_LITERAL,,,False
app/engine_paper/scalping_shadow.py,299:probability_sample_size,0,probability_sample_size,module_or_model_default,runtime,POLICY_VALUE_MUST_MOVE_TO_YAML,RESOLVED_BY_CANONICAL_REGISTRY,SEE_CANONICAL_REGISTRY,False
app/engine_paper/scalping_shadow.py,300:probability_parent_sample_size,0,probability_parent_sample_size,module_or_model_default,runtime,POLICY_VALUE_MUST_MOVE_TO_YAML,RESOLVED_BY_CANONICAL_REGISTRY,SEE_CANONICAL_REGISTRY,False
app/engine_paper/scalping_shadow.py,313:commission_authoritative,False,commission_authoritative,module_or_model_default,runtime,ALGORITHM_STRUCTURE_LITERAL,,,False
app/engine_paper/scalping_shadow.py,337:connection_generation,0,connection_generation,module_or_model_default,runtime,ALGORITHM_STRUCTURE_LITERAL,,,False
app/engine_paper/scalping_shadow.py,338:market_source_status,'NOT_EVALUATED',market_source_status,module_or_model_default,runtime,IDENTITY_OR_PROTOCOL_LITERAL,,,False
app/engine_paper/scalping_shadow.py,339:fee_source_status,'NOT_EVALUATED',fee_source_status,module_or_model_default,runtime,IDENTITY_OR_PROTOCOL_LITERAL,,,False
app/engine_paper/scalping_shadow.py,340:book_source_status,'NOT_EVALUATED',book_source_status,module_or_model_default,runtime,IDENTITY_OR_PROTOCOL_LITERAL,,,False
app/engine_paper/scalping_shadow.py,341:cost_model_status,'NOT_READY',cost_model_status,module_or_model_default,runtime,IDENTITY_OR_PROTOCOL_LITERAL,,,False
app/engine_paper/scalping_shadow.py,350:economic_gate_enabled,True,economic_gate_enabled,module_or_model_default,runtime,ALGORITHM_STRUCTURE_LITERAL,,,False
app/engine_paper/scalping_shadow.py,351:economic_gate_pass,False,economic_gate_pass,module_or_model_default,runtime,ALGORITHM_STRUCTURE_LITERAL,,,False
app/engine_paper/scalping_shadow.py,358:valid_plan,False,valid_plan,module_or_model_default,runtime,IDENTITY_OR_PROTOCOL_LITERAL,,,False
app/engine_paper/scalping_shadow.py,359:final_shadow_approval,False,final_shadow_approval,module_or_model_default,runtime,ALGORITHM_STRUCTURE_LITERAL,,,False
app/engine_paper/scalping_shadow.py,360:execution_eligible,False,execution_eligible,module_or_model_default,runtime,ALGORITHM_STRUCTURE_LITERAL,,,False
app/engine_paper/scalping_shadow.py,488:reason,'FUTURE_TARGET',reason,module_or_model_default,runtime,ALGORITHM_STRUCTURE_LITERAL,,,False
app/engine_paper/scalping_shadow.py,886:rr_reason,'POST_NORMALIZATION_NET_RR_BELOW_POLICY',rr_reason,module_or_model_default,runtime,ALGORITHM_STRUCTURE_LITERAL,,,False
app/engine_paper/scalping_shadow.py,490:reason,'TARGET_NOT_VALIDATED',reason,module_or_model_default,runtime,ALGORITHM_STRUCTURE_LITERAL,,,False
app/engine_paper/scalping_shadow.py,751:reason,'BELOW_ECONOMIC_FLOOR',reason,module_or_model_default,runtime,ALGORITHM_STRUCTURE_LITERAL,,,False
app/engine_paper/scalping_shadow.py,492:reason,'WRONG_DIRECTION',reason,module_or_model_default,runtime,ALGORITHM_STRUCTURE_LITERAL,,,False
app/engine_paper/scalping_shadow.py,753:reason,'BELOW_REQUIRED_NET_RR',reason,module_or_model_default,runtime,ALGORITHM_STRUCTURE_LITERAL,,,False
app/engine_paper/scalping_shadow.py,494:reason,'TARGET_NOT_RELEVANT',reason,module_or_model_default,runtime,ALGORITHM_STRUCTURE_LITERAL,,,False
app/engine_paper/scalping_shadow.py,496:reason,'TARGET_NOT_REACHABLE_WITHIN_SCALP_HORIZON',reason,module_or_model_default,runtime,ALGORITHM_STRUCTURE_LITERAL,,,False
app/engine_paper/scalping_statistics.py,27:STATISTICS_SOURCE_VERSION,'postgres-paper-plus-causal-prospective-v2',STATISTICS_SOURCE_VERSION,module_or_model_default,runtime,IDENTITY_OR_PROTOCOL_LITERAL,,,False
app/engine_paper/scalping_statistics.py,28:PROSPECTIVE_OUTCOME_SEMANTICS,'scalping-probability-outcome-v3-decision-time-ttl30s-timestop15m-netcost',PROSPECTIVE_OUTCOME_SEMANTICS,module_or_model_default,runtime,ALGORITHM_STRUCTURE_LITERAL,,,False
app/engine_paper/scalping_statistics.py,53:default,'UNKNOWN',default,function_default,runtime,ALGORITHM_STRUCTURE_LITERAL,,,False
app/engine_paper/scalping_statistics.py,39:parameter_set_id,'legacy-unattributed',parameter_set_id,module_or_model_default,runtime,IDENTITY_OR_PROTOCOL_LITERAL,,,False
app/engine_paper/scalping_statistics.py,40:observed_at_ms,0,observed_at_ms,module_or_model_default,runtime,ALGORITHM_STRUCTURE_LITERAL,,,False
app/engine_paper/scalping_statistics.py,41:evidence_source,'CLOSED_PAPER_POSITION',evidence_source,module_or_model_default,runtime,IDENTITY_OR_PROTOCOL_LITERAL,,,False
app/engine_paper/scalping_statistics.py,42:outcome_semantics,'REALIZED_NET_PNL',outcome_semantics,module_or_model_default,runtime,ALGORITHM_STRUCTURE_LITERAL,,,False
app/engine_paper/scalping_statistics.py,50:outcome_count,0,outcome_count,module_or_model_default,runtime,ALGORITHM_STRUCTURE_LITERAL,,,False
app/engine_paper/scalping_statistics.py,125:won,True,won,module_or_model_default,runtime,ALGORITHM_STRUCTURE_LITERAL,,,False
app/engine_paper/scalping_statistics.py,127:won,False,won,module_or_model_default,runtime,ALGORITHM_STRUCTURE_LITERAL,,,False
app/engine_paper/shadow_approval_materializer.py,24:SHADOW_APPROVAL_MATERIALIZER_VERSION,'shadow-final-approval-materializer-v1',SHADOW_APPROVAL_MATERIALIZER_VERSION,module_or_model_default,runtime,IDENTITY_OR_PROTOCOL_LITERAL,,,False
app/engine_paper/shadow_approval_materializer.py,112:stage,'FINAL_APPROVAL',stage,module_or_model_default,runtime,ALGORITHM_STRUCTURE_LITERAL,,,False
app/engine_paper/shadow_approval_materializer.py,113:quantity_status,'NOT_REACHED',quantity_status,module_or_model_default,runtime,IDENTITY_OR_PROTOCOL_LITERAL,,,False
app/engine_paper/shadow_approval_materializer.py,137:stage,'QUANTITY_APPROVED',stage,module_or_model_default,runtime,ALGORITHM_STRUCTURE_LITERAL,,,False
app/engine_paper/shadow_approval_materializer.py,145:quantity_status,'PASS',quantity_status,module_or_model_default,runtime,IDENTITY_OR_PROTOCOL_LITERAL,,,False
app/engine_paper/shadow_approval_materializer.py,147:stage,'VALIDITY_APPROVED',stage,module_or_model_default,runtime,ALGORITHM_STRUCTURE_LITERAL,,,False
app/engine_paper/shadow_approval_materializer.py,157:stage,'FINAL_APPROVAL',stage,module_or_model_default,runtime,ALGORITHM_STRUCTURE_LITERAL,,,False
app/engine_paper/stale_position_shadow.py,26:POLICY_VERSION,'scalping-stale-position-shadow-v1',POLICY_VERSION,module_or_model_default,runtime,IDENTITY_OR_PROTOCOL_LITERAL,,,False
app/engine_paper/stale_position_shadow.py,27:STATUS_PATH_ENV,'TRADERS_STALE_POSITION_SHADOW_STATUS_PATH',STATUS_PATH_ENV,module_or_model_default,runtime,IDENTITY_OR_PROTOCOL_LITERAL,,,False
app/engine_paper/stale_position_shadow.py,30:TIME_STOP_SHADOW_NO_PROGRESS,'TIME_STOP_SHADOW_NO_PROGRESS',TIME_STOP_SHADOW_NO_PROGRESS,module_or_model_default,runtime,ALGORITHM_STRUCTURE_LITERAL,,,False
app/engine_paper/stale_position_shadow.py,31:TIME_STOP_SHADOW_EV_DECAY,'TIME_STOP_SHADOW_EV_DECAY',TIME_STOP_SHADOW_EV_DECAY,module_or_model_default,runtime,ALGORITHM_STRUCTURE_LITERAL,,,False
app/engine_paper/stale_position_shadow.py,32:TIME_STOP_SHADOW_HARD_LIMIT,'TIME_STOP_SHADOW_HARD_LIMIT',TIME_STOP_SHADOW_HARD_LIMIT,module_or_model_default,runtime,POLICY_VALUE_MUST_MOVE_TO_YAML,RESOLVED_BY_CANONICAL_REGISTRY,SEE_CANONICAL_REGISTRY,False
app/engine_paper/stale_position_shadow.py,33:TIME_STOP_SHADOW_BREAK_EVEN_PROTECT,'TIME_STOP_SHADOW_BREAK_EVEN_PROTECT',TIME_STOP_SHADOW_BREAK_EVEN_PROTECT,module_or_model_default,runtime,ALGORITHM_STRUCTURE_LITERAL,,,False
app/engine_paper/stale_position_shadow.py,34:TIME_STOP_SHADOW_EXTENSION_ALLOWED,'TIME_STOP_SHADOW_EXTENSION_ALLOWED',TIME_STOP_SHADOW_EXTENSION_ALLOWED,module_or_model_default,runtime,ALGORITHM_STRUCTURE_LITERAL,,,False
app/engine_paper/stale_position_shadow.py,64:extension_count,0,extension_count,module_or_model_default,runtime,ALGORITHM_STRUCTURE_LITERAL,,,False
app/engine_paper/stale_position_shadow.py,173:decision,'MONITORING',decision,module_or_model_default,runtime,ALGORITHM_STRUCTURE_LITERAL,,,False
app/engine_paper/stale_position_shadow.py,211:decision,'HYPOTHETICAL_EXIT',decision,module_or_model_default,runtime,ALGORITHM_STRUCTURE_LITERAL,,,False
app/engine_paper/trading_criteria.py,32:FIXED_THRESHOLD,'FIXED_THRESHOLD',FIXED_THRESHOLD,module_or_model_default,runtime,POLICY_VALUE_MUST_MOVE_TO_YAML,RESOLVED_BY_CANONICAL_REGISTRY,SEE_CANONICAL_REGISTRY,False
app/engine_paper/trading_criteria.py,33:DYNAMIC_RULE,'DYNAMIC_RULE',DYNAMIC_RULE,module_or_model_default,runtime,ALGORITHM_STRUCTURE_LITERAL,,,False
app/engine_paper/trading_criteria.py,34:DERIVED_VALUE,'DERIVED_VALUE',DERIVED_VALUE,module_or_model_default,runtime,ALGORITHM_STRUCTURE_LITERAL,,,False
app/engine_paper/trading_criteria.py,35:BOOLEAN_GATE,'BOOLEAN_GATE',BOOLEAN_GATE,module_or_model_default,runtime,ALGORITHM_STRUCTURE_LITERAL,,,False
app/engine_paper/trading_criteria.py,36:ENUM_ALLOWLIST,'ENUM_ALLOWLIST',ENUM_ALLOWLIST,module_or_model_default,runtime,ALGORITHM_STRUCTURE_LITERAL,,,False
app/engine_paper/trading_criteria.py,37:NOT_CONFIGURED_AS_FIXED_THRESHOLD,'NOT_CONFIGURED_AS_FIXED_THRESHOLD',NOT_CONFIGURED_AS_FIXED_THRESHOLD,module_or_model_default,runtime,POLICY_VALUE_MUST_MOVE_TO_YAML,RESOLVED_BY_CANONICAL_REGISTRY,SEE_CANONICAL_REGISTRY,False
app/engine_paper/trading_criteria.py,38:NOT_APPLICABLE,'NOT_APPLICABLE',NOT_APPLICABLE,module_or_model_default,runtime,ALGORITHM_STRUCTURE_LITERAL,,,False
app/engine_position/enums.py,6:PENDING_OPEN,'PENDING_OPEN',PENDING_OPEN,module_or_model_default,runtime,ALGORITHM_STRUCTURE_LITERAL,,,False
app/engine_position/enums.py,7:OPEN,'OPEN',OPEN,module_or_model_default,runtime,ALGORITHM_STRUCTURE_LITERAL,,,False
app/engine_position/enums.py,8:PARTIALLY_CLOSED,'PARTIALLY_CLOSED',PARTIALLY_CLOSED,module_or_model_default,runtime,ALGORITHM_STRUCTURE_LITERAL,,,False
app/engine_position/enums.py,9:CLOSED,'CLOSED',CLOSED,module_or_model_default,runtime,ALGORITHM_STRUCTURE_LITERAL,,,False
app/engine_position/enums.py,10:REJECTED,'REJECTED',REJECTED,module_or_model_default,runtime,ALGORITHM_STRUCTURE_LITERAL,,,False
app/engine_position/enums.py,11:CANCELLED,'CANCELLED',CANCELLED,module_or_model_default,runtime,ALGORITHM_STRUCTURE_LITERAL,,,False
app/engine_position/enums.py,12:DISABLED,'DISABLED',DISABLED,module_or_model_default,runtime,ALGORITHM_STRUCTURE_LITERAL,,,False
app/engine_position/enums.py,16:LONG,'LONG',LONG,module_or_model_default,runtime,ALGORITHM_STRUCTURE_LITERAL,,,False
app/engine_position/enums.py,17:SHORT,'SHORT',SHORT,module_or_model_default,runtime,ALGORITHM_STRUCTURE_LITERAL,,,False
app/engine_position/enums.py,21:OPEN,'OPEN',OPEN,module_or_model_default,runtime,ALGORITHM_STRUCTURE_LITERAL,,,False
app/engine_position/enums.py,22:CLOSE,'CLOSE',CLOSE,module_or_model_default,runtime,ALGORITHM_STRUCTURE_LITERAL,,,False
app/engine_position/enums.py,26:POSITION_READY,'POSITION_READY',POSITION_READY,module_or_model_default,runtime,ALGORITHM_STRUCTURE_LITERAL,,,False
app/engine_position/enums.py,27:POSITION_PENDING_OPEN,'POSITION_PENDING_OPEN',POSITION_PENDING_OPEN,module_or_model_default,runtime,ALGORITHM_STRUCTURE_LITERAL,,,False
app/engine_position/enums.py,28:POSITION_OPENED,'POSITION_OPENED',POSITION_OPENED,module_or_model_default,runtime,ALGORITHM_STRUCTURE_LITERAL,,,False
app/engine_position/enums.py,29:POSITION_PARTIALLY_CLOSED,'POSITION_PARTIALLY_CLOSED',POSITION_PARTIALLY_CLOSED,module_or_model_default,runtime,ALGORITHM_STRUCTURE_LITERAL,,,False
app/engine_position/enums.py,30:POSITION_CLOSED,'POSITION_CLOSED',POSITION_CLOSED,module_or_model_default,runtime,ALGORITHM_STRUCTURE_LITERAL,,,False
app/engine_position/enums.py,31:POSITION_CANCELLED,'POSITION_CANCELLED',POSITION_CANCELLED,module_or_model_default,runtime,ALGORITHM_STRUCTURE_LITERAL,,,False
app/engine_position/enums.py,32:LIVE_POSITION_MANAGEMENT_DISABLED,'LIVE_POSITION_MANAGEMENT_DISABLED',LIVE_POSITION_MANAGEMENT_DISABLED,module_or_model_default,runtime,ALGORITHM_STRUCTURE_LITERAL,,,False
app/engine_position/enums.py,33:EXECUTION_INTENT_NOT_READY,'EXECUTION_INTENT_NOT_READY',EXECUTION_INTENT_NOT_READY,module_or_model_default,runtime,ALGORITHM_STRUCTURE_LITERAL,,,False
app/engine_position/enums.py,34:EXECUTION_ACK_NOT_ACKNOWLEDGED,'EXECUTION_ACK_NOT_ACKNOWLEDGED',EXECUTION_ACK_NOT_ACKNOWLEDGED,module_or_model_default,runtime,ALGORITHM_STRUCTURE_LITERAL,,,False
app/engine_position/enums.py,35:EXECUTION_CONTRACT_MISMATCH,'EXECUTION_CONTRACT_MISMATCH',EXECUTION_CONTRACT_MISMATCH,module_or_model_default,runtime,ALGORITHM_STRUCTURE_LITERAL,,,False
app/engine_position/enums.py,36:MODE_MISMATCH,'MODE_MISMATCH',MODE_MISMATCH,module_or_model_default,runtime,IDENTITY_OR_PROTOCOL_LITERAL,,,False
app/engine_position/enums.py,37:SYMBOL_MISMATCH,'SYMBOL_MISMATCH',SYMBOL_MISMATCH,module_or_model_default,runtime,ALGORITHM_STRUCTURE_LITERAL,,,False
app/engine_position/enums.py,38:SIDE_MISMATCH,'SIDE_MISMATCH',SIDE_MISMATCH,module_or_model_default,runtime,IDENTITY_OR_PROTOCOL_LITERAL,,,False
app/engine_position/enums.py,39:INVALID_INITIAL_QUANTITY,'INVALID_INITIAL_QUANTITY',INVALID_INITIAL_QUANTITY,module_or_model_default,runtime,IDENTITY_OR_PROTOCOL_LITERAL,,,False
app/engine_position/enums.py,40:INVALID_OPEN_QUANTITY,'INVALID_OPEN_QUANTITY',INVALID_OPEN_QUANTITY,module_or_model_default,runtime,IDENTITY_OR_PROTOCOL_LITERAL,,,False
app/engine_position/enums.py,41:PARTIAL_OPEN_FILL_UNSUPPORTED,'PARTIAL_OPEN_FILL_UNSUPPORTED',PARTIAL_OPEN_FILL_UNSUPPORTED,module_or_model_default,runtime,ALGORITHM_STRUCTURE_LITERAL,,,False
app/engine_position/enums.py,42:INVALID_CLOSE_QUANTITY,'INVALID_CLOSE_QUANTITY',INVALID_CLOSE_QUANTITY,module_or_model_default,runtime,IDENTITY_OR_PROTOCOL_LITERAL,,,False
app/engine_position/enums.py,43:INVALID_ENTRY_PRICE,'INVALID_ENTRY_PRICE',INVALID_ENTRY_PRICE,module_or_model_default,runtime,IDENTITY_OR_PROTOCOL_LITERAL,,,False
app/engine_position/enums.py,44:INVALID_MARK_PRICE,'INVALID_MARK_PRICE',INVALID_MARK_PRICE,module_or_model_default,runtime,IDENTITY_OR_PROTOCOL_LITERAL,,,False
app/engine_position/enums.py,45:INVALID_CLOSE_PRICE,'INVALID_CLOSE_PRICE',INVALID_CLOSE_PRICE,module_or_model_default,runtime,IDENTITY_OR_PROTOCOL_LITERAL,,,False
app/engine_position/enums.py,46:INVALID_FEE,'INVALID_FEE',INVALID_FEE,module_or_model_default,runtime,IDENTITY_OR_PROTOCOL_LITERAL,,,False
app/engine_position/enums.py,47:INVALID_STOP_PLACEMENT,'INVALID_STOP_PLACEMENT',INVALID_STOP_PLACEMENT,module_or_model_default,runtime,IDENTITY_OR_PROTOCOL_LITERAL,,,False
app/engine_position/enums.py,48:INVALID_TARGET_PLACEMENT,'INVALID_TARGET_PLACEMENT',INVALID_TARGET_PLACEMENT,module_or_model_default,runtime,IDENTITY_OR_PROTOCOL_LITERAL,,,False
app/engine_position/enums.py,49:MISSING_SOURCE_WINDOW,'MISSING_SOURCE_WINDOW',MISSING_SOURCE_WINDOW,module_or_model_default,runtime,POLICY_VALUE_MUST_MOVE_TO_YAML,RESOLVED_BY_CANONICAL_REGISTRY,SEE_CANONICAL_REGISTRY,False
app/engine_position/enums.py,50:SOURCE_WINDOW_NOT_CLOSED,'SOURCE_WINDOW_NOT_CLOSED',SOURCE_WINDOW_NOT_CLOSED,module_or_model_default,runtime,POLICY_VALUE_MUST_MOVE_TO_YAML,RESOLVED_BY_CANONICAL_REGISTRY,SEE_CANONICAL_REGISTRY,False
app/engine_position/enums.py,51:DUPLICATE_POSITION,'DUPLICATE_POSITION',DUPLICATE_POSITION,module_or_model_default,runtime,ALGORITHM_STRUCTURE_LITERAL,,,False
app/engine_position/enums.py,52:DUPLICATE_POSITION_EVENT,'DUPLICATE_POSITION_EVENT',DUPLICATE_POSITION_EVENT,module_or_model_default,runtime,ALGORITHM_STRUCTURE_LITERAL,,,False
app/engine_position/enums.py,53:POSITION_ALREADY_TERMINAL,'POSITION_ALREADY_TERMINAL',POSITION_ALREADY_TERMINAL,module_or_model_default,runtime,POLICY_VALUE_MUST_MOVE_TO_YAML,RESOLVED_BY_CANONICAL_REGISTRY,SEE_CANONICAL_REGISTRY,False
app/engine_position/enums.py,54:INVALID_POSITION_TRANSITION,'INVALID_POSITION_TRANSITION',INVALID_POSITION_TRANSITION,module_or_model_default,runtime,IDENTITY_OR_PROTOCOL_LITERAL,,,False
app/engine_position/enums.py,55:POSITION_ID_MISMATCH,'POSITION_ID_MISMATCH',POSITION_ID_MISMATCH,module_or_model_default,runtime,IDENTITY_OR_PROTOCOL_LITERAL,,,False
app/engine_position/enums.py,56:OUT_OF_ORDER_POSITION_EVENT,'OUT_OF_ORDER_POSITION_EVENT',OUT_OF_ORDER_POSITION_EVENT,module_or_model_default,runtime,ALGORITHM_STRUCTURE_LITERAL,,,False
app/engine_position/enums.py,57:UNSUPPORTED_FILL_ACTION,'UNSUPPORTED_FILL_ACTION',UNSUPPORTED_FILL_ACTION,module_or_model_default,runtime,ALGORITHM_STRUCTURE_LITERAL,,,False
app/engine_position/enums.py,58:POSITION_STORE_CONFLICT,'POSITION_STORE_CONFLICT',POSITION_STORE_CONFLICT,module_or_model_default,runtime,ALGORITHM_STRUCTURE_LITERAL,,,False
app/engine_position/events.py,22:event_type,'POSITION_EVENT',event_type,module_or_model_default,runtime,ALGORITHM_STRUCTURE_LITERAL,,,False
app/engine_position/events.py,65:event_type,'POSITION_FILL',event_type,module_or_model_default,runtime,ALGORITHM_STRUCTURE_LITERAL,,,False
app/engine_position/events.py,75:source_window_close_ms,0,source_window_close_ms,module_or_model_default,runtime,POLICY_VALUE_MUST_MOVE_TO_YAML,RESOLVED_BY_CANONICAL_REGISTRY,SEE_CANONICAL_REGISTRY,False
app/engine_position/events.py,76:source_timeframe,'',source_timeframe,module_or_model_default,runtime,ALGORITHM_STRUCTURE_LITERAL,,,False
app/engine_position/events.py,77:event_type,'POSITION_MARK',event_type,module_or_model_default,runtime,ALGORITHM_STRUCTURE_LITERAL,,,False
app/engine_position/events.py,88:event_type,'POSITION_CLOSE',event_type,module_or_model_default,runtime,ALGORITHM_STRUCTURE_LITERAL,,,False
app/engine_position/events.py,96:event_type,'POSITION_CANCEL',event_type,module_or_model_default,runtime,ALGORITHM_STRUCTURE_LITERAL,,,False
app/engine_position/paper_models.py,25:PAPER_POSITION_MULTIPLICITY,'ONE_ACTIVE_POSITION_PER_MODE_AND_SYMBOL_PERSISTENCE_ENFORCED_LATER',PAPER_POSITION_MULTIPLICITY,module_or_model_default,runtime,ALGORITHM_STRUCTURE_LITERAL,,,False
app/engine_position/serialization.py,12:position_schema_version,1,position_schema_version,module_or_model_default,runtime,IDENTITY_OR_PROTOCOL_LITERAL,,,False
app/engine_risk/cross_profile_arbiter.py,10:ALLOW_SINGLE_CANDIDATE,'ALLOW_SINGLE_CANDIDATE',ALLOW_SINGLE_CANDIDATE,module_or_model_default,runtime,IDENTITY_OR_PROTOCOL_LITERAL,,,False
app/engine_risk/cross_profile_arbiter.py,11:DENY_SAME_SYMBOL_DOUBLE_EXPOSURE,'DENY_SAME_SYMBOL_DOUBLE_EXPOSURE',DENY_SAME_SYMBOL_DOUBLE_EXPOSURE,module_or_model_default,runtime,ALGORITHM_STRUCTURE_LITERAL,,,False
app/engine_risk/cross_profile_arbiter.py,12:CROSS_TIMEFRAME_CONFLICT,'CROSS_TIMEFRAME_CONFLICT',CROSS_TIMEFRAME_CONFLICT,module_or_model_default,runtime,ALGORITHM_STRUCTURE_LITERAL,,,False
app/engine_risk/cross_profile_arbiter.py,13:DENY_MAX_CONCURRENT_POSITIONS,'DENY_MAX_CONCURRENT_POSITIONS',DENY_MAX_CONCURRENT_POSITIONS,module_or_model_default,runtime,POLICY_VALUE_MUST_MOVE_TO_YAML,RESOLVED_BY_CANONICAL_REGISTRY,SEE_CANONICAL_REGISTRY,False
app/engine_risk/cross_profile_arbiter.py,14:DENY_TOTAL_OPEN_RISK,'DENY_TOTAL_OPEN_RISK',DENY_TOTAL_OPEN_RISK,module_or_model_default,runtime,POLICY_VALUE_MUST_MOVE_TO_YAML,RESOLVED_BY_CANONICAL_REGISTRY,SEE_CANONICAL_REGISTRY,False
app/engine_risk/cross_profile_arbiter.py,15:DENY_SAME_DIRECTION_EXPOSURE,'DENY_SAME_DIRECTION_EXPOSURE',DENY_SAME_DIRECTION_EXPOSURE,module_or_model_default,runtime,ALGORITHM_STRUCTURE_LITERAL,,,False
app/engine_risk/cross_profile_arbiter.py,16:DENY_CORRELATED_EXPOSURE,'DENY_CORRELATED_EXPOSURE',DENY_CORRELATED_EXPOSURE,module_or_model_default,runtime,ALGORITHM_STRUCTURE_LITERAL,,,False
app/engine_risk/cross_profile_arbiter.py,25:risk_bps,0.0,risk_bps,module_or_model_default,runtime,POLICY_VALUE_MUST_MOVE_TO_YAML,RESOLVED_BY_CANONICAL_REGISTRY,SEE_CANONICAL_REGISTRY,False
app/engine_risk/cross_profile_arbiter.py,33:global_account_equity_authority_shared,True,global_account_equity_authority_shared,module_or_model_default,runtime,ALGORITHM_STRUCTURE_LITERAL,,,False
app/engine_risk/cross_profile_arbiter.py,34:global_open_position_budget_shared,True,global_open_position_budget_shared,module_or_model_default,runtime,ALGORITHM_STRUCTURE_LITERAL,,,False
app/engine_risk/cross_profile_arbiter.py,35:global_daily_risk_budget_shared,True,global_daily_risk_budget_shared,module_or_model_default,runtime,POLICY_VALUE_MUST_MOVE_TO_YAML,RESOLVED_BY_CANONICAL_REGISTRY,SEE_CANONICAL_REGISTRY,False
app/engine_risk/cross_profile_arbiter.py,36:automatic_execution_allowed,False,automatic_execution_allowed,module_or_model_default,runtime,ALGORITHM_STRUCTURE_LITERAL,,,False
app/engine_risk/risk_config.py,12:policy_version,'ENGINE_RISK_01_RESEARCH_POLICY_V1',policy_version,module_or_model_default,runtime,IDENTITY_OR_PROTOCOL_LITERAL,,,False
app/engine_risk/risk_config.py,15:minimum_strategy_quality,'ACCEPTABLE',minimum_strategy_quality,module_or_model_default,runtime,POLICY_VALUE_MUST_MOVE_TO_YAML,RESOLVED_BY_CANONICAL_REGISTRY,SEE_CANONICAL_REGISTRY,False
app/engine_risk/risk_config.py,16:minimum_strategy_score,65.0,minimum_strategy_score,module_or_model_default,runtime,POLICY_VALUE_MUST_MOVE_TO_YAML,RESOLVED_BY_CANONICAL_REGISTRY,SEE_CANONICAL_REGISTRY,False
app/engine_risk/risk_config.py,20:require_risk_review_flag,True,require_risk_review_flag,module_or_model_default,runtime,POLICY_VALUE_MUST_MOVE_TO_YAML,RESOLVED_BY_CANONICAL_REGISTRY,SEE_CANONICAL_REGISTRY,False
app/engine_risk/risk_config.py,21:reject_if_source_trade_signal,True,reject_if_source_trade_signal,module_or_model_default,runtime,ALGORITHM_STRUCTURE_LITERAL,,,False
app/engine_risk/risk_config.py,22:reject_if_source_executable,True,reject_if_source_executable,module_or_model_default,runtime,ALGORITHM_STRUCTURE_LITERAL,,,False
app/engine_risk/risk_config.py,23:reject_if_future_bars_used,True,reject_if_future_bars_used,module_or_model_default,runtime,ALGORITHM_STRUCTURE_LITERAL,,,False
app/engine_risk/risk_config.py,24:max_research_preapprovals_per_symbol_per_day,20,max_research_preapprovals_per_symbol_per_day,module_or_model_default,runtime,POLICY_VALUE_MUST_MOVE_TO_YAML,RESOLVED_BY_CANONICAL_REGISTRY,SEE_CANONICAL_REGISTRY,False
app/engine_risk/risk_config.py,25:max_research_preapprovals_total_per_day,50,max_research_preapprovals_total_per_day,module_or_model_default,runtime,POLICY_VALUE_MUST_MOVE_TO_YAML,RESOLVED_BY_CANONICAL_REGISTRY,SEE_CANONICAL_REGISTRY,False
app/engine_risk/risk_config.py,26:max_research_preapprovals_per_direction_per_day,30,max_research_preapprovals_per_direction_per_day,module_or_model_default,runtime,POLICY_VALUE_MUST_MOVE_TO_YAML,RESOLVED_BY_CANONICAL_REGISTRY,SEE_CANONICAL_REGISTRY,False
app/engine_risk/risk_config.py,27:enforce_research_preapproval_limits,True,enforce_research_preapproval_limits,module_or_model_default,runtime,POLICY_VALUE_MUST_MOVE_TO_YAML,RESOLVED_BY_CANONICAL_REGISTRY,SEE_CANONICAL_REGISTRY,False
app/engine_risk/risk_config.py,28:allow_medium_risk,False,allow_medium_risk,module_or_model_default,runtime,POLICY_VALUE_MUST_MOVE_TO_YAML,RESOLVED_BY_CANONICAL_REGISTRY,SEE_CANONICAL_REGISTRY,False
app/engine_risk/risk_context.py,9:trade_profile_id,'trade-15m-v1',trade_profile_id,module_or_model_default,runtime,IDENTITY_OR_PROTOCOL_LITERAL,,,False
app/engine_risk/risk_context.py,10:research_preapproval_limits_enforced,True,research_preapproval_limits_enforced,module_or_model_default,runtime,POLICY_VALUE_MUST_MOVE_TO_YAML,RESOLVED_BY_CANONICAL_REGISTRY,SEE_CANONICAL_REGISTRY,False
app/engine_risk/risk_context.py,11:symbol_preapprovals_before,0,symbol_preapprovals_before,module_or_model_default,runtime,ALGORITHM_STRUCTURE_LITERAL,,,False
app/engine_risk/risk_context.py,12:total_preapprovals_before,0,total_preapprovals_before,module_or_model_default,runtime,ALGORITHM_STRUCTURE_LITERAL,,,False
app/engine_risk/risk_context.py,13:direction_preapprovals_before,0,direction_preapprovals_before,module_or_model_default,runtime,ALGORITHM_STRUCTURE_LITERAL,,,False
app/engine_risk/risk_decision.py,51:risk_pre_approved,False,risk_pre_approved,module_or_model_default,runtime,POLICY_VALUE_MUST_MOVE_TO_YAML,RESOLVED_BY_CANONICAL_REGISTRY,SEE_CANONICAL_REGISTRY,False
app/engine_risk/risk_decision.py,52:requires_execution_review,False,requires_execution_review,module_or_model_default,runtime,ALGORITHM_STRUCTURE_LITERAL,,,False
app/engine_risk/risk_level.py,7:LOW,'LOW',LOW,module_or_model_default,runtime,ALGORITHM_STRUCTURE_LITERAL,,,False
app/engine_risk/risk_level.py,8:MEDIUM,'MEDIUM',MEDIUM,module_or_model_default,runtime,ALGORITHM_STRUCTURE_LITERAL,,,False
app/engine_risk/risk_level.py,9:HIGH,'HIGH',HIGH,module_or_model_default,runtime,ALGORITHM_STRUCTURE_LITERAL,,,False
app/engine_risk/risk_level.py,10:BLOCKED,'BLOCKED',BLOCKED,module_or_model_default,runtime,ALGORITHM_STRUCTURE_LITERAL,,,False
app/engine_risk/risk_level.py,11:WAITING,'WAITING',WAITING,module_or_model_default,runtime,ALGORITHM_STRUCTURE_LITERAL,,,False
app/engine_risk/risk_level.py,12:UNKNOWN,'UNKNOWN',UNKNOWN,module_or_model_default,runtime,ALGORITHM_STRUCTURE_LITERAL,,,False
app/engine_risk/risk_level.py,13:ERROR,'ERROR',ERROR,module_or_model_default,runtime,ALGORITHM_STRUCTURE_LITERAL,,,False
app/engine_risk/risk_policy.py,150:allowed,True,allowed,module_or_model_default,runtime,ALGORITHM_STRUCTURE_LITERAL,,,False
app/engine_risk/risk_reason_codes.py,7:RISK_PREAPPROVE_GOOD_STRATEGY,'RISK_PREAPPROVE_GOOD_STRATEGY',RISK_PREAPPROVE_GOOD_STRATEGY,module_or_model_default,runtime,POLICY_VALUE_MUST_MOVE_TO_YAML,RESOLVED_BY_CANONICAL_REGISTRY,SEE_CANONICAL_REGISTRY,False
app/engine_risk/risk_reason_codes.py,8:RISK_PREAPPROVE_ACCEPTABLE_STRATEGY,'RISK_PREAPPROVE_ACCEPTABLE_STRATEGY',RISK_PREAPPROVE_ACCEPTABLE_STRATEGY,module_or_model_default,runtime,POLICY_VALUE_MUST_MOVE_TO_YAML,RESOLVED_BY_CANONICAL_REGISTRY,SEE_CANONICAL_REGISTRY,False
app/engine_risk/risk_reason_codes.py,9:RISK_REJECT_SOURCE_REJECTED,'RISK_REJECT_SOURCE_REJECTED',RISK_REJECT_SOURCE_REJECTED,module_or_model_default,runtime,POLICY_VALUE_MUST_MOVE_TO_YAML,RESOLVED_BY_CANONICAL_REGISTRY,SEE_CANONICAL_REGISTRY,False
app/engine_risk/risk_reason_codes.py,10:RISK_REJECT_SOURCE_ERROR,'RISK_REJECT_SOURCE_ERROR',RISK_REJECT_SOURCE_ERROR,module_or_model_default,runtime,POLICY_VALUE_MUST_MOVE_TO_YAML,RESOLVED_BY_CANONICAL_REGISTRY,SEE_CANONICAL_REGISTRY,False
app/engine_risk/risk_reason_codes.py,11:RISK_REJECT_UNSAFE_SOURCE_DECISION,'RISK_REJECT_UNSAFE_SOURCE_DECISION',RISK_REJECT_UNSAFE_SOURCE_DECISION,module_or_model_default,runtime,POLICY_VALUE_MUST_MOVE_TO_YAML,RESOLVED_BY_CANONICAL_REGISTRY,SEE_CANONICAL_REGISTRY,False
app/engine_risk/risk_reason_codes.py,12:RISK_REJECT_NOT_REQUIRING_RISK_REVIEW,'RISK_REJECT_NOT_REQUIRING_RISK_REVIEW',RISK_REJECT_NOT_REQUIRING_RISK_REVIEW,module_or_model_default,runtime,POLICY_VALUE_MUST_MOVE_TO_YAML,RESOLVED_BY_CANONICAL_REGISTRY,SEE_CANONICAL_REGISTRY,False
app/engine_risk/risk_reason_codes.py,13:RISK_REJECT_LOW_STRATEGY_QUALITY,'RISK_REJECT_LOW_STRATEGY_QUALITY',RISK_REJECT_LOW_STRATEGY_QUALITY,module_or_model_default,runtime,POLICY_VALUE_MUST_MOVE_TO_YAML,RESOLVED_BY_CANONICAL_REGISTRY,SEE_CANONICAL_REGISTRY,False
app/engine_risk/risk_reason_codes.py,14:RISK_REJECT_LOW_STRATEGY_SCORE,'RISK_REJECT_LOW_STRATEGY_SCORE',RISK_REJECT_LOW_STRATEGY_SCORE,module_or_model_default,runtime,POLICY_VALUE_MUST_MOVE_TO_YAML,RESOLVED_BY_CANONICAL_REGISTRY,SEE_CANONICAL_REGISTRY,False
app/engine_risk/risk_reason_codes.py,15:RISK_REJECT_UNSUPPORTED_STRATEGY_TYPE,'RISK_REJECT_UNSUPPORTED_STRATEGY_TYPE',RISK_REJECT_UNSUPPORTED_STRATEGY_TYPE,module_or_model_default,runtime,POLICY_VALUE_MUST_MOVE_TO_YAML,RESOLVED_BY_CANONICAL_REGISTRY,SEE_CANONICAL_REGISTRY,False
app/engine_risk/risk_reason_codes.py,16:RISK_REJECT_NEUTRAL_DIRECTION,'RISK_REJECT_NEUTRAL_DIRECTION',RISK_REJECT_NEUTRAL_DIRECTION,module_or_model_default,runtime,POLICY_VALUE_MUST_MOVE_TO_YAML,RESOLVED_BY_CANONICAL_REGISTRY,SEE_CANONICAL_REGISTRY,False
app/engine_risk/risk_reason_codes.py,17:RISK_REJECT_RESEARCH_LIMIT_EXCEEDED,'RISK_REJECT_RESEARCH_LIMIT_EXCEEDED',RISK_REJECT_RESEARCH_LIMIT_EXCEEDED,module_or_model_default,runtime,POLICY_VALUE_MUST_MOVE_TO_YAML,RESOLVED_BY_CANONICAL_REGISTRY,SEE_CANONICAL_REGISTRY,False
app/engine_risk/risk_reason_codes.py,18:RISK_REJECT_EXECUTION_BUDGET_EXCEEDED,'RISK_REJECT_EXECUTION_BUDGET_EXCEEDED',RISK_REJECT_EXECUTION_BUDGET_EXCEEDED,module_or_model_default,runtime,POLICY_VALUE_MUST_MOVE_TO_YAML,RESOLVED_BY_CANONICAL_REGISTRY,SEE_CANONICAL_REGISTRY,False
app/engine_risk/risk_reason_codes.py,19:RISK_REJECT_FUTURE_BARS,'RISK_REJECT_FUTURE_BARS',RISK_REJECT_FUTURE_BARS,module_or_model_default,runtime,POLICY_VALUE_MUST_MOVE_TO_YAML,RESOLVED_BY_CANONICAL_REGISTRY,SEE_CANONICAL_REGISTRY,False
app/engine_risk/risk_reason_codes.py,20:RISK_WAIT_SOURCE_WAITING,'RISK_WAIT_SOURCE_WAITING',RISK_WAIT_SOURCE_WAITING,module_or_model_default,runtime,POLICY_VALUE_MUST_MOVE_TO_YAML,RESOLVED_BY_CANONICAL_REGISTRY,SEE_CANONICAL_REGISTRY,False
app/engine_risk/risk_reason_codes.py,21:RISK_NO_DECISION_SOURCE_NO_DECISION,'RISK_NO_DECISION_SOURCE_NO_DECISION',RISK_NO_DECISION_SOURCE_NO_DECISION,module_or_model_default,runtime,POLICY_VALUE_MUST_MOVE_TO_YAML,RESOLVED_BY_CANONICAL_REGISTRY,SEE_CANONICAL_REGISTRY,False
app/engine_risk/risk_reason_codes.py,22:RISK_NO_DECISION_NOT_MARKED_FOR_RISK_REVIEW,'RISK_NO_DECISION_NOT_MARKED_FOR_RISK_REVIEW',RISK_NO_DECISION_NOT_MARKED_FOR_RISK_REVIEW,module_or_model_default,runtime,POLICY_VALUE_MUST_MOVE_TO_YAML,RESOLVED_BY_CANONICAL_REGISTRY,SEE_CANONICAL_REGISTRY,False
app/engine_risk/risk_reason_codes.py,23:RISK_POLICY_LOW_RISK,'RISK_POLICY_LOW_RISK',RISK_POLICY_LOW_RISK,module_or_model_default,runtime,POLICY_VALUE_MUST_MOVE_TO_YAML,RESOLVED_BY_CANONICAL_REGISTRY,SEE_CANONICAL_REGISTRY,False
app/engine_risk/risk_reason_codes.py,24:RISK_POLICY_MEDIUM_RISK,'RISK_POLICY_MEDIUM_RISK',RISK_POLICY_MEDIUM_RISK,module_or_model_default,runtime,POLICY_VALUE_MUST_MOVE_TO_YAML,RESOLVED_BY_CANONICAL_REGISTRY,SEE_CANONICAL_REGISTRY,False
app/engine_risk/risk_reason_codes.py,25:RISK_POLICY_HIGH_RISK,'RISK_POLICY_HIGH_RISK',RISK_POLICY_HIGH_RISK,module_or_model_default,runtime,POLICY_VALUE_MUST_MOVE_TO_YAML,RESOLVED_BY_CANONICAL_REGISTRY,SEE_CANONICAL_REGISTRY,False
app/engine_risk/risk_reason_codes.py,26:RISK_BLOCKED_BY_POLICY,'RISK_BLOCKED_BY_POLICY',RISK_BLOCKED_BY_POLICY,module_or_model_default,runtime,POLICY_VALUE_MUST_MOVE_TO_YAML,RESOLVED_BY_CANONICAL_REGISTRY,SEE_CANONICAL_REGISTRY,False
app/engine_risk/risk_reason_codes.py,27:RISK_NO_FUTURE_BARS_USED,'RISK_NO_FUTURE_BARS_USED',RISK_NO_FUTURE_BARS_USED,module_or_model_default,runtime,POLICY_VALUE_MUST_MOVE_TO_YAML,RESOLVED_BY_CANONICAL_REGISTRY,SEE_CANONICAL_REGISTRY,False
app/engine_risk/risk_reason_codes.py,28:RISK_NOT_EXECUTABLE,'RISK_NOT_EXECUTABLE',RISK_NOT_EXECUTABLE,module_or_model_default,runtime,POLICY_VALUE_MUST_MOVE_TO_YAML,RESOLVED_BY_CANONICAL_REGISTRY,SEE_CANONICAL_REGISTRY,False
app/engine_risk/risk_reason_codes.py,29:RISK_NOT_ORDER_APPROVED,'RISK_NOT_ORDER_APPROVED',RISK_NOT_ORDER_APPROVED,module_or_model_default,runtime,POLICY_VALUE_MUST_MOVE_TO_YAML,RESOLVED_BY_CANONICAL_REGISTRY,SEE_CANONICAL_REGISTRY,False
app/engine_risk/risk_reason_codes.py,30:RISK_ERROR_PROCESSING_FAILED,'RISK_ERROR_PROCESSING_FAILED',RISK_ERROR_PROCESSING_FAILED,module_or_model_default,runtime,POLICY_VALUE_MUST_MOVE_TO_YAML,RESOLVED_BY_CANONICAL_REGISTRY,SEE_CANONICAL_REGISTRY,False
app/engine_risk/risk_status.py,7:RISK_PRE_APPROVED_RESEARCH,'RISK_PRE_APPROVED_RESEARCH',RISK_PRE_APPROVED_RESEARCH,module_or_model_default,runtime,POLICY_VALUE_MUST_MOVE_TO_YAML,RESOLVED_BY_CANONICAL_REGISTRY,SEE_CANONICAL_REGISTRY,False
app/engine_risk/risk_status.py,8:REJECT,'REJECT',REJECT,module_or_model_default,runtime,ALGORITHM_STRUCTURE_LITERAL,,,False
app/engine_risk/risk_status.py,9:WAIT,'WAIT',WAIT,module_or_model_default,runtime,ALGORITHM_STRUCTURE_LITERAL,,,False
app/engine_risk/risk_status.py,10:NO_DECISION,'NO_DECISION',NO_DECISION,module_or_model_default,runtime,ALGORITHM_STRUCTURE_LITERAL,,,False
app/engine_risk/risk_status.py,11:ERROR,'ERROR',ERROR,module_or_model_default,runtime,ALGORITHM_STRUCTURE_LITERAL,,,False
app/engine_risk/risk_store.py,36:limit,100,limit,function_default,runtime,POLICY_VALUE_MUST_MOVE_TO_YAML,RESOLVED_BY_CANONICAL_REGISTRY,SEE_CANONICAL_REGISTRY,False
app/engine_safety/paper_domain.py,15:_MAX_MESSAGE_LENGTH,240,_MAX_MESSAGE_LENGTH,module_or_model_default,runtime,POLICY_VALUE_MUST_MOVE_TO_YAML,RESOLVED_BY_CANONICAL_REGISTRY,SEE_CANONICAL_REGISTRY,False
app/engine_safety/paper_domain.py,20:OFF,'OFF',OFF,module_or_model_default,runtime,ALGORITHM_STRUCTURE_LITERAL,,,False
app/engine_safety/paper_domain.py,21:PAPER,'PAPER',PAPER,module_or_model_default,runtime,ALGORITHM_STRUCTURE_LITERAL,,,False
app/engine_safety/paper_domain.py,22:LIVE,'LIVE',LIVE,module_or_model_default,runtime,ALGORITHM_STRUCTURE_LITERAL,,,False
app/engine_safety/paper_domain.py,26:LONG,'LONG',LONG,module_or_model_default,runtime,ALGORITHM_STRUCTURE_LITERAL,,,False
app/engine_safety/paper_domain.py,27:SHORT,'SHORT',SHORT,module_or_model_default,runtime,ALGORITHM_STRUCTURE_LITERAL,,,False
app/engine_safety/paper_domain.py,31:MARKET_SIMULATED,'MARKET_SIMULATED',MARKET_SIMULATED,module_or_model_default,runtime,ALGORITHM_STRUCTURE_LITERAL,,,False
app/engine_safety/paper_domain.py,35:CREATED,'CREATED',CREATED,module_or_model_default,runtime,ALGORITHM_STRUCTURE_LITERAL,,,False
app/engine_safety/paper_domain.py,36:VALIDATED,'VALIDATED',VALIDATED,module_or_model_default,runtime,IDENTITY_OR_PROTOCOL_LITERAL,,,False
app/engine_safety/paper_domain.py,37:OPEN,'OPEN',OPEN,module_or_model_default,runtime,ALGORITHM_STRUCTURE_LITERAL,,,False
app/engine_safety/paper_domain.py,38:FILLED,'FILLED',FILLED,module_or_model_default,runtime,ALGORITHM_STRUCTURE_LITERAL,,,False
app/engine_safety/paper_domain.py,39:REJECTED,'REJECTED',REJECTED,module_or_model_default,runtime,ALGORITHM_STRUCTURE_LITERAL,,,False
app/engine_safety/paper_domain.py,40:FAILED,'FAILED',FAILED,module_or_model_default,runtime,ALGORITHM_STRUCTURE_LITERAL,,,False
app/engine_safety/paper_domain.py,44:OPEN,'OPEN',OPEN,module_or_model_default,runtime,ALGORITHM_STRUCTURE_LITERAL,,,False
app/engine_safety/paper_domain.py,45:CLOSING,'CLOSING',CLOSING,module_or_model_default,runtime,ALGORITHM_STRUCTURE_LITERAL,,,False
app/engine_safety/paper_domain.py,46:CLOSED,'CLOSED',CLOSED,module_or_model_default,runtime,ALGORITHM_STRUCTURE_LITERAL,,,False
app/engine_safety/paper_domain.py,47:FAILED,'FAILED',FAILED,module_or_model_default,runtime,ALGORITHM_STRUCTURE_LITERAL,,,False
app/engine_safety/paper_domain.py,51:STOP_LOSS,'STOP_LOSS',STOP_LOSS,module_or_model_default,runtime,ALGORITHM_STRUCTURE_LITERAL,,,False
app/engine_safety/paper_domain.py,52:TAKE_PROFIT,'TAKE_PROFIT',TAKE_PROFIT,module_or_model_default,runtime,ALGORITHM_STRUCTURE_LITERAL,,,False
app/engine_safety/paper_domain.py,53:SYSTEM_SAFETY_EXIT,'SYSTEM_SAFETY_EXIT',SYSTEM_SAFETY_EXIT,module_or_model_default,runtime,ALGORITHM_STRUCTURE_LITERAL,,,False
app/engine_safety/paper_domain.py,54:OPERATOR_RECOVERY_CLOSE,'OPERATOR_RECOVERY_CLOSE',OPERATOR_RECOVERY_CLOSE,module_or_model_default,runtime,ALGORITHM_STRUCTURE_LITERAL,,,False
app/engine_safety/paper_domain.py,58:PAPER_COMMAND_CREATED,'PAPER_COMMAND_CREATED',PAPER_COMMAND_CREATED,module_or_model_default,runtime,ALGORITHM_STRUCTURE_LITERAL,,,False
app/engine_safety/paper_domain.py,59:PAPER_COMMAND_REJECTED,'PAPER_COMMAND_REJECTED',PAPER_COMMAND_REJECTED,module_or_model_default,runtime,ALGORITHM_STRUCTURE_LITERAL,,,False
app/engine_safety/paper_domain.py,60:PAPER_ORDER_CREATED,'PAPER_ORDER_CREATED',PAPER_ORDER_CREATED,module_or_model_default,runtime,ALGORITHM_STRUCTURE_LITERAL,,,False
app/engine_safety/paper_domain.py,61:PAPER_ORDER_VALIDATED,'PAPER_ORDER_VALIDATED',PAPER_ORDER_VALIDATED,module_or_model_default,runtime,IDENTITY_OR_PROTOCOL_LITERAL,,,False
app/engine_safety/paper_domain.py,62:PAPER_ORDER_OPENED,'PAPER_ORDER_OPENED',PAPER_ORDER_OPENED,module_or_model_default,runtime,ALGORITHM_STRUCTURE_LITERAL,,,False
app/engine_safety/paper_domain.py,63:PAPER_ORDER_FILLED,'PAPER_ORDER_FILLED',PAPER_ORDER_FILLED,module_or_model_default,runtime,ALGORITHM_STRUCTURE_LITERAL,,,False
app/engine_safety/paper_domain.py,64:PAPER_POSITION_OPENED,'PAPER_POSITION_OPENED',PAPER_POSITION_OPENED,module_or_model_default,runtime,ALGORITHM_STRUCTURE_LITERAL,,,False
app/engine_safety/paper_domain.py,65:PAPER_EXIT_TRIGGERED,'PAPER_EXIT_TRIGGERED',PAPER_EXIT_TRIGGERED,module_or_model_default,runtime,ALGORITHM_STRUCTURE_LITERAL,,,False
app/engine_safety/paper_domain.py,66:PAPER_POSITION_CLOSED,'PAPER_POSITION_CLOSED',PAPER_POSITION_CLOSED,module_or_model_default,runtime,ALGORITHM_STRUCTURE_LITERAL,,,False
app/engine_safety/paper_domain.py,67:PAPER_EXECUTION_FAILED,'PAPER_EXECUTION_FAILED',PAPER_EXECUTION_FAILED,module_or_model_default,runtime,ALGORITHM_STRUCTURE_LITERAL,,,False
app/engine_safety/paper_domain.py,68:PAPER_SAFETY_BLOCKED,'PAPER_SAFETY_BLOCKED',PAPER_SAFETY_BLOCKED,module_or_model_default,runtime,ALGORITHM_STRUCTURE_LITERAL,,,False
app/engine_safety/paper_domain.py,72:HEALTHY,'HEALTHY',HEALTHY,module_or_model_default,runtime,ALGORITHM_STRUCTURE_LITERAL,,,False
app/engine_safety/paper_domain.py,73:CURRENT,'CURRENT',CURRENT,module_or_model_default,runtime,ALGORITHM_STRUCTURE_LITERAL,,,False
app/engine_safety/paper_domain.py,74:WITHIN_GRACE,'WITHIN_GRACE',WITHIN_GRACE,module_or_model_default,runtime,ALGORITHM_STRUCTURE_LITERAL,,,False
app/engine_safety/paper_domain.py,78:PAPER_CONFIG_MODE_MISSING_OFF,'PAPER_CONFIG_MODE_MISSING_OFF',PAPER_CONFIG_MODE_MISSING_OFF,module_or_model_default,runtime,IDENTITY_OR_PROTOCOL_LITERAL,,,False
app/engine_safety/paper_domain.py,79:PAPER_CONFIG_MODE_OFF,'PAPER_CONFIG_MODE_OFF',PAPER_CONFIG_MODE_OFF,module_or_model_default,runtime,IDENTITY_OR_PROTOCOL_LITERAL,,,False
app/engine_safety/paper_domain.py,80:PAPER_CONFIG_MODE_UNKNOWN,'PAPER_CONFIG_MODE_UNKNOWN',PAPER_CONFIG_MODE_UNKNOWN,module_or_model_default,runtime,IDENTITY_OR_PROTOCOL_LITERAL,,,False
app/engine_safety/paper_domain.py,81:PAPER_CONFIG_LIVE_DISABLED,'PAPER_CONFIG_LIVE_DISABLED',PAPER_CONFIG_LIVE_DISABLED,module_or_model_default,runtime,ALGORITHM_STRUCTURE_LITERAL,,,False
app/engine_safety/paper_domain.py,82:PAPER_CONFIG_POLICY_MISSING,'PAPER_CONFIG_POLICY_MISSING',PAPER_CONFIG_POLICY_MISSING,module_or_model_default,runtime,ALGORITHM_STRUCTURE_LITERAL,,,False
app/engine_safety/paper_domain.py,83:PAPER_INPUT_SYMBOL_INVALID,'PAPER_INPUT_SYMBOL_INVALID',PAPER_INPUT_SYMBOL_INVALID,module_or_model_default,runtime,IDENTITY_OR_PROTOCOL_LITERAL,,,False
app/engine_safety/paper_domain.py,84:PAPER_INPUT_SIDE_INVALID,'PAPER_INPUT_SIDE_INVALID',PAPER_INPUT_SIDE_INVALID,module_or_model_default,runtime,IDENTITY_OR_PROTOCOL_LITERAL,,,False
app/engine_safety/paper_domain.py,85:PAPER_INPUT_QUANTITY_INVALID,'PAPER_INPUT_QUANTITY_INVALID',PAPER_INPUT_QUANTITY_INVALID,module_or_model_default,runtime,IDENTITY_OR_PROTOCOL_LITERAL,,,False
app/engine_safety/paper_domain.py,86:PAPER_INPUT_NOTIONAL_INVALID,'PAPER_INPUT_NOTIONAL_INVALID',PAPER_INPUT_NOTIONAL_INVALID,module_or_model_default,runtime,IDENTITY_OR_PROTOCOL_LITERAL,,,False
app/engine_safety/paper_domain.py,87:PAPER_INPUT_PRICE_INVALID,'PAPER_INPUT_PRICE_INVALID',PAPER_INPUT_PRICE_INVALID,module_or_model_default,runtime,IDENTITY_OR_PROTOCOL_LITERAL,,,False
app/engine_safety/paper_domain.py,88:PAPER_INPUT_STOP_TARGET_INVALID,'PAPER_INPUT_STOP_TARGET_INVALID',PAPER_INPUT_STOP_TARGET_INVALID,module_or_model_default,runtime,IDENTITY_OR_PROTOCOL_LITERAL,,,False
app/engine_safety/paper_domain.py,89:PAPER_INPUT_IDENTITY_INVALID,'PAPER_INPUT_IDENTITY_INVALID',PAPER_INPUT_IDENTITY_INVALID,module_or_model_default,runtime,IDENTITY_OR_PROTOCOL_LITERAL,,,False
app/engine_safety/paper_domain.py,90:PAPER_INPUT_VALIDITY_INVALID,'PAPER_INPUT_VALIDITY_INVALID',PAPER_INPUT_VALIDITY_INVALID,module_or_model_default,runtime,IDENTITY_OR_PROTOCOL_LITERAL,,,False
app/engine_safety/paper_domain.py,91:PAPER_INPUT_TIME_INVALID,'PAPER_INPUT_TIME_INVALID',PAPER_INPUT_TIME_INVALID,module_or_model_default,runtime,IDENTITY_OR_PROTOCOL_LITERAL,,,False
app/engine_safety/paper_domain.py,92:PAPER_INPUT_STRATEGY_MISSING,'PAPER_INPUT_STRATEGY_MISSING',PAPER_INPUT_STRATEGY_MISSING,module_or_model_default,runtime,ALGORITHM_STRUCTURE_LITERAL,,,False
app/engine_safety/paper_domain.py,93:PAPER_INPUT_RISK_MISSING,'PAPER_INPUT_RISK_MISSING',PAPER_INPUT_RISK_MISSING,module_or_model_default,runtime,POLICY_VALUE_MUST_MOVE_TO_YAML,RESOLVED_BY_CANONICAL_REGISTRY,SEE_CANONICAL_REGISTRY,False
app/engine_safety/paper_domain.py,94:PAPER_SAFETY_SOURCE_STALE,'PAPER_SAFETY_SOURCE_STALE',PAPER_SAFETY_SOURCE_STALE,module_or_model_default,runtime,ALGORITHM_STRUCTURE_LITERAL,,,False
app/engine_safety/paper_domain.py,95:PAPER_SAFETY_HEALTH_DEGRADED,'PAPER_SAFETY_HEALTH_DEGRADED',PAPER_SAFETY_HEALTH_DEGRADED,module_or_model_default,runtime,ALGORITHM_STRUCTURE_LITERAL,,,False
app/engine_safety/paper_domain.py,96:PAPER_SAFETY_HEALTH_UNKNOWN,'PAPER_SAFETY_HEALTH_UNKNOWN',PAPER_SAFETY_HEALTH_UNKNOWN,module_or_model_default,runtime,ALGORITHM_STRUCTURE_LITERAL,,,False
app/engine_safety/paper_domain.py,97:PAPER_SAFETY_FUTURE_DATA_DETECTED,'PAPER_SAFETY_FUTURE_DATA_DETECTED',PAPER_SAFETY_FUTURE_DATA_DETECTED,module_or_model_default,runtime,ALGORITHM_STRUCTURE_LITERAL,,,False
app/engine_safety/paper_domain.py,98:PAPER_RISK_APPROVAL_MISSING,'PAPER_RISK_APPROVAL_MISSING',PAPER_RISK_APPROVAL_MISSING,module_or_model_default,runtime,POLICY_VALUE_MUST_MOVE_TO_YAML,RESOLVED_BY_CANONICAL_REGISTRY,SEE_CANONICAL_REGISTRY,False
app/engine_safety/paper_domain.py,99:PAPER_RISK_NOT_APPROVED,'PAPER_RISK_NOT_APPROVED',PAPER_RISK_NOT_APPROVED,module_or_model_default,runtime,POLICY_VALUE_MUST_MOVE_TO_YAML,RESOLVED_BY_CANONICAL_REGISTRY,SEE_CANONICAL_REGISTRY,False
app/engine_safety/paper_domain.py,100:PAPER_ORDER_CREATED,'PAPER_ORDER_CREATED',PAPER_ORDER_CREATED,module_or_model_default,runtime,ALGORITHM_STRUCTURE_LITERAL,,,False
app/engine_safety/paper_domain.py,101:PAPER_ORDER_VALIDATED,'PAPER_ORDER_VALIDATED',PAPER_ORDER_VALIDATED,module_or_model_default,runtime,IDENTITY_OR_PROTOCOL_LITERAL,,,False
app/engine_safety/paper_domain.py,102:PAPER_ORDER_OPENED,'PAPER_ORDER_OPENED',PAPER_ORDER_OPENED,module_or_model_default,runtime,ALGORITHM_STRUCTURE_LITERAL,,,False
app/engine_safety/paper_domain.py,103:PAPER_ORDER_FILLED,'PAPER_ORDER_FILLED',PAPER_ORDER_FILLED,module_or_model_default,runtime,ALGORITHM_STRUCTURE_LITERAL,,,False
app/engine_safety/paper_domain.py,104:PAPER_ORDER_REJECTED,'PAPER_ORDER_REJECTED',PAPER_ORDER_REJECTED,module_or_model_default,runtime,ALGORITHM_STRUCTURE_LITERAL,,,False
app/engine_safety/paper_domain.py,105:PAPER_ORDER_FAILED,'PAPER_ORDER_FAILED',PAPER_ORDER_FAILED,module_or_model_default,runtime,ALGORITHM_STRUCTURE_LITERAL,,,False
app/engine_safety/paper_domain.py,106:PAPER_ORDER_INVALID_TRANSITION,'PAPER_ORDER_INVALID_TRANSITION',PAPER_ORDER_INVALID_TRANSITION,module_or_model_default,runtime,IDENTITY_OR_PROTOCOL_LITERAL,,,False
app/engine_safety/paper_domain.py,107:PAPER_ORDER_TERMINAL,'PAPER_ORDER_TERMINAL',PAPER_ORDER_TERMINAL,module_or_model_default,runtime,POLICY_VALUE_MUST_MOVE_TO_YAML,RESOLVED_BY_CANONICAL_REGISTRY,SEE_CANONICAL_REGISTRY,False
app/engine_safety/paper_domain.py,108:PAPER_ORDER_TYPE_UNSUPPORTED,'PAPER_ORDER_TYPE_UNSUPPORTED',PAPER_ORDER_TYPE_UNSUPPORTED,module_or_model_default,runtime,ALGORITHM_STRUCTURE_LITERAL,,,False
app/engine_safety/paper_domain.py,109:PAPER_FILL_DUPLICATE,'PAPER_FILL_DUPLICATE',PAPER_FILL_DUPLICATE,module_or_model_default,runtime,ALGORITHM_STRUCTURE_LITERAL,,,False
app/engine_safety/paper_domain.py,110:PAPER_FILL_PARTIAL_UNSUPPORTED,'PAPER_FILL_PARTIAL_UNSUPPORTED',PAPER_FILL_PARTIAL_UNSUPPORTED,module_or_model_default,runtime,ALGORITHM_STRUCTURE_LITERAL,,,False
app/engine_safety/paper_domain.py,111:PAPER_FILL_INVALID,'PAPER_FILL_INVALID',PAPER_FILL_INVALID,module_or_model_default,runtime,IDENTITY_OR_PROTOCOL_LITERAL,,,False
app/engine_safety/paper_domain.py,112:PAPER_FILL_FUTURE_DATA,'PAPER_FILL_FUTURE_DATA',PAPER_FILL_FUTURE_DATA,module_or_model_default,runtime,ALGORITHM_STRUCTURE_LITERAL,,,False
app/engine_safety/paper_domain.py,113:PAPER_POSITION_OPENED,'PAPER_POSITION_OPENED',PAPER_POSITION_OPENED,module_or_model_default,runtime,ALGORITHM_STRUCTURE_LITERAL,,,False
app/engine_safety/paper_domain.py,114:PAPER_POSITION_CLOSING,'PAPER_POSITION_CLOSING',PAPER_POSITION_CLOSING,module_or_model_default,runtime,ALGORITHM_STRUCTURE_LITERAL,,,False
app/engine_safety/paper_domain.py,115:PAPER_POSITION_CLOSED,'PAPER_POSITION_CLOSED',PAPER_POSITION_CLOSED,module_or_model_default,runtime,ALGORITHM_STRUCTURE_LITERAL,,,False
app/engine_safety/paper_domain.py,116:PAPER_POSITION_INVALID_TRANSITION,'PAPER_POSITION_INVALID_TRANSITION',PAPER_POSITION_INVALID_TRANSITION,module_or_model_default,runtime,IDENTITY_OR_PROTOCOL_LITERAL,,,False
app/engine_safety/paper_domain.py,117:PAPER_POSITION_ALREADY_CLOSED,'PAPER_POSITION_ALREADY_CLOSED',PAPER_POSITION_ALREADY_CLOSED,module_or_model_default,runtime,ALGORITHM_STRUCTURE_LITERAL,,,False
app/engine_safety/paper_domain.py,118:PAPER_POSITION_VERSION_CONFLICT,'PAPER_POSITION_VERSION_CONFLICT',PAPER_POSITION_VERSION_CONFLICT,module_or_model_default,runtime,IDENTITY_OR_PROTOCOL_LITERAL,,,False
app/engine_safety/paper_domain.py,119:PAPER_POSITION_NEGATIVE_REMAINDER,'PAPER_POSITION_NEGATIVE_REMAINDER',PAPER_POSITION_NEGATIVE_REMAINDER,module_or_model_default,runtime,ALGORITHM_STRUCTURE_LITERAL,,,False
app/engine_safety/paper_domain.py,120:PAPER_POSITION_DUPLICATE_FILL,'PAPER_POSITION_DUPLICATE_FILL',PAPER_POSITION_DUPLICATE_FILL,module_or_model_default,runtime,ALGORITHM_STRUCTURE_LITERAL,,,False
app/engine_safety/paper_domain.py,121:PAPER_EXIT_CAUSE_UNSUPPORTED,'PAPER_EXIT_CAUSE_UNSUPPORTED',PAPER_EXIT_CAUSE_UNSUPPORTED,module_or_model_default,runtime,ALGORITHM_STRUCTURE_LITERAL,,,False
app/engine_safety/paper_domain.py,122:PAPER_EXIT_STOP_FIRST_CONFLICT,'PAPER_EXIT_STOP_FIRST_CONFLICT',PAPER_EXIT_STOP_FIRST_CONFLICT,module_or_model_default,runtime,ALGORITHM_STRUCTURE_LITERAL,,,False
app/engine_safety/paper_domain.py,123:PAPER_EXIT_STOP_LOSS_TRIGGERED,'PAPER_EXIT_STOP_LOSS_TRIGGERED',PAPER_EXIT_STOP_LOSS_TRIGGERED,module_or_model_default,runtime,ALGORITHM_STRUCTURE_LITERAL,,,False
app/engine_safety/paper_domain.py,124:PAPER_EXIT_TAKE_PROFIT_TRIGGERED,'PAPER_EXIT_TAKE_PROFIT_TRIGGERED',PAPER_EXIT_TAKE_PROFIT_TRIGGERED,module_or_model_default,runtime,ALGORITHM_STRUCTURE_LITERAL,,,False
app/engine_safety/paper_domain.py,125:PAPER_EXIT_SYSTEM_SAFETY_TRIGGERED,'PAPER_EXIT_SYSTEM_SAFETY_TRIGGERED',PAPER_EXIT_SYSTEM_SAFETY_TRIGGERED,module_or_model_default,runtime,ALGORITHM_STRUCTURE_LITERAL,,,False
app/engine_safety/paper_domain.py,126:PAPER_EXIT_OPERATOR_RECOVERY_CLOSE_AFTER_MISSED_STOP,'PAPER_EXIT_OPERATOR_RECOVERY_CLOSE_AFTER_MISSED_STOP',PAPER_EXIT_OPERATOR_RECOVERY_CLOSE_AFTER_MISSED_STOP,module_or_model_default,runtime,ALGORITHM_STRUCTURE_LITERAL,,,False
app/engine_safety/paper_domain.py,129:PAPER_EXIT_NO_TRIGGER,'PAPER_EXIT_NO_TRIGGER',PAPER_EXIT_NO_TRIGGER,module_or_model_default,runtime,ALGORITHM_STRUCTURE_LITERAL,,,False
app/engine_safety/paper_domain.py,130:PAPER_EXIT_VERSION_CONFLICT,'PAPER_EXIT_VERSION_CONFLICT',PAPER_EXIT_VERSION_CONFLICT,module_or_model_default,runtime,IDENTITY_OR_PROTOCOL_LITERAL,,,False
app/engine_safety/paper_domain.py,131:PAPER_IDEMPOTENCY_KEY_INVALID,'PAPER_IDEMPOTENCY_KEY_INVALID',PAPER_IDEMPOTENCY_KEY_INVALID,module_or_model_default,runtime,IDENTITY_OR_PROTOCOL_LITERAL,,,False
app/engine_safety/paper_domain.py,132:PAPER_IDEMPOTENCY_COMMAND_REPLAY,'PAPER_IDEMPOTENCY_COMMAND_REPLAY',PAPER_IDEMPOTENCY_COMMAND_REPLAY,module_or_model_default,runtime,IDENTITY_OR_PROTOCOL_LITERAL,,,False
app/engine_safety/paper_domain.py,133:PAPER_IDEMPOTENCY_FILL_REPLAY,'PAPER_IDEMPOTENCY_FILL_REPLAY',PAPER_IDEMPOTENCY_FILL_REPLAY,module_or_model_default,runtime,IDENTITY_OR_PROTOCOL_LITERAL,,,False
app/engine_safety/paper_domain.py,134:PAPER_IDEMPOTENCY_JOURNAL_REPLAY,'PAPER_IDEMPOTENCY_JOURNAL_REPLAY',PAPER_IDEMPOTENCY_JOURNAL_REPLAY,module_or_model_default,runtime,IDENTITY_OR_PROTOCOL_LITERAL,,,False
app/engine_safety/paper_domain.py,135:PAPER_INTERNAL_INVARIANT_VIOLATION,'PAPER_INTERNAL_INVARIANT_VIOLATION',PAPER_INTERNAL_INVARIANT_VIOLATION,module_or_model_default,runtime,ALGORITHM_STRUCTURE_LITERAL,,,False
app/engine_safety/paper_production_control.py,28:SCHEMA_VERSION,'TRADERS_ML_PAPER_PRODUCTION_SAFETY/1',SCHEMA_VERSION,module_or_model_default,runtime,IDENTITY_OR_PROTOCOL_LITERAL,,,False
app/engine_safety/paper_production_control.py,29:AUDIT_SCHEMA_VERSION,'TRADERS_ML_PAPER_PRODUCTION_SAFETY_AUDIT/1',AUDIT_SCHEMA_VERSION,module_or_model_default,runtime,IDENTITY_OR_PROTOCOL_LITERAL,,,False
app/engine_safety/paper_production_control.py,30:ENVIRONMENT,'PRODUCTION',ENVIRONMENT,module_or_model_default,runtime,ALGORITHM_STRUCTURE_LITERAL,,,False
app/engine_safety/paper_production_control.py,31:MODE,'PAPER',MODE,module_or_model_default,runtime,IDENTITY_OR_PROTOCOL_LITERAL,,,False
app/engine_safety/paper_production_control.py,32:OPERATOR_ROLE,'TRADERS_LOCAL_OPERATOR',OPERATOR_ROLE,module_or_model_default,runtime,ALGORITHM_STRUCTURE_LITERAL,,,False
app/engine_safety/paper_production_control.py,34:STATE_NAME,'state.json',STATE_NAME,module_or_model_default,runtime,ALGORITHM_STRUCTURE_LITERAL,,,False
app/engine_safety/paper_production_control.py,35:AUDIT_NAME,'audit.jsonl',AUDIT_NAME,module_or_model_default,runtime,ALGORITHM_STRUCTURE_LITERAL,,,False
app/engine_safety/paper_production_control.py,36:INTERLOCK_NAME,'interlock.lock',INTERLOCK_NAME,module_or_model_default,runtime,ALGORITHM_STRUCTURE_LITERAL,,,False
app/engine_safety/paper_production_control.py,37:PENDING_NAME,'state.pending',PENDING_NAME,module_or_model_default,runtime,ALGORITHM_STRUCTURE_LITERAL,,,False
app/engine_safety/paper_production_control.py,38:MAX_REASON_LENGTH,64,MAX_REASON_LENGTH,module_or_model_default,runtime,POLICY_VALUE_MUST_MOVE_TO_YAML,RESOLVED_BY_CANONICAL_REGISTRY,SEE_CANONICAL_REGISTRY,False
app/engine_safety/paper_production_control.py,39:MAX_SYMBOLS,32,MAX_SYMBOLS,module_or_model_default,runtime,POLICY_VALUE_MUST_MOVE_TO_YAML,RESOLVED_BY_CANONICAL_REGISTRY,SEE_CANONICAL_REGISTRY,False
app/engine_safety/paper_production_control.py,48:DISABLED,'DISABLED',DISABLED,module_or_model_default,runtime,ALGORITHM_STRUCTURE_LITERAL,,,False
app/engine_safety/paper_production_control.py,49:ARMED,'ARMED',ARMED,module_or_model_default,runtime,ALGORITHM_STRUCTURE_LITERAL,,,False
app/engine_safety/paper_production_control.py,50:CONTINUOUS_ARMED,'CONTINUOUS_ARMED',CONTINUOUS_ARMED,module_or_model_default,runtime,ALGORITHM_STRUCTURE_LITERAL,,,False
app/engine_safety/paper_production_control.py,51:PAUSED_BY_RISK,'PAUSED_BY_RISK',PAUSED_BY_RISK,module_or_model_default,runtime,POLICY_VALUE_MUST_MOVE_TO_YAML,RESOLVED_BY_CANONICAL_REGISTRY,SEE_CANONICAL_REGISTRY,False
app/engine_safety/paper_production_control.py,52:EMERGENCY_STOP,'EMERGENCY_STOP',EMERGENCY_STOP,module_or_model_default,runtime,ALGORITHM_STRUCTURE_LITERAL,,,False
app/engine_safety/paper_production_control.py,53:EMERGENCY_STOPPED,'EMERGENCY_STOPPED',EMERGENCY_STOPPED,module_or_model_default,runtime,ALGORITHM_STRUCTURE_LITERAL,,,False
app/engine_safety/paper_production_control.py,57:DISABLED,'DISABLED',DISABLED,module_or_model_default,runtime,ALGORITHM_STRUCTURE_LITERAL,,,False
app/engine_safety/paper_production_control.py,58:ARMED,'ARMED',ARMED,module_or_model_default,runtime,ALGORITHM_STRUCTURE_LITERAL,,,False
app/engine_safety/paper_production_control.py,59:CONTINUOUS_ARMED,'CONTINUOUS_ARMED',CONTINUOUS_ARMED,module_or_model_default,runtime,ALGORITHM_STRUCTURE_LITERAL,,,False
app/engine_safety/paper_production_control.py,60:PAUSED_BY_RISK,'PAUSED_BY_RISK',PAUSED_BY_RISK,module_or_model_default,runtime,POLICY_VALUE_MUST_MOVE_TO_YAML,RESOLVED_BY_CANONICAL_REGISTRY,SEE_CANONICAL_REGISTRY,False
app/engine_safety/paper_production_control.py,61:EMERGENCY_STOP,'EMERGENCY_STOP',EMERGENCY_STOP,module_or_model_default,runtime,ALGORITHM_STRUCTURE_LITERAL,,,False
app/engine_safety/paper_production_control.py,62:EMERGENCY_STOPPED,'EMERGENCY_STOPPED',EMERGENCY_STOPPED,module_or_model_default,runtime,ALGORITHM_STRUCTURE_LITERAL,,,False
app/engine_safety/paper_production_control.py,63:FAIL_CLOSED,'FAIL_CLOSED',FAIL_CLOSED,module_or_model_default,runtime,ALGORITHM_STRUCTURE_LITERAL,,,False
app/engine_safety/paper_production_control.py,67:COMMAND_INGESTION,'COMMAND_INGESTION',COMMAND_INGESTION,module_or_model_default,runtime,ALGORITHM_STRUCTURE_LITERAL,,,False
app/engine_safety/paper_production_control.py,68:ENTRY_EXECUTION,'ENTRY_EXECUTION',ENTRY_EXECUTION,module_or_model_default,runtime,ALGORITHM_STRUCTURE_LITERAL,,,False
app/engine_safety/paper_production_control.py,69:EXIT_EVALUATION_MUTATION,'EXIT_EVALUATION_MUTATION',EXIT_EVALUATION_MUTATION,module_or_model_default,runtime,ALGORITHM_STRUCTURE_LITERAL,,,False
app/engine_safety/paper_production_control.py,70:CLOSE_EXECUTION,'CLOSE_EXECUTION',CLOSE_EXECUTION,module_or_model_default,runtime,ALGORITHM_STRUCTURE_LITERAL,,,False
app/engine_safety/paper_production_control.py,74:INITIALIZE_SAFE_DEFAULT,'INITIALIZE_SAFE_DEFAULT',INITIALIZE_SAFE_DEFAULT,module_or_model_default,runtime,ALGORITHM_STRUCTURE_LITERAL,,,False
app/engine_safety/paper_production_control.py,75:OPERATOR_ARM,'OPERATOR_ARM',OPERATOR_ARM,module_or_model_default,runtime,ALGORITHM_STRUCTURE_LITERAL,,,False
app/engine_safety/paper_production_control.py,76:OPERATOR_DISABLE,'OPERATOR_DISABLE',OPERATOR_DISABLE,module_or_model_default,runtime,ALGORITHM_STRUCTURE_LITERAL,,,False
app/engine_safety/paper_production_control.py,77:OPERATOR_EMERGENCY_STOP,'OPERATOR_EMERGENCY_STOP',OPERATOR_EMERGENCY_STOP,module_or_model_default,runtime,ALGORITHM_STRUCTURE_LITERAL,,,False
app/engine_safety/paper_production_control.py,78:CLEAR_EMERGENCY_STOP,'CLEAR_EMERGENCY_STOP',CLEAR_EMERGENCY_STOP,module_or_model_default,runtime,ALGORITHM_STRUCTURE_LITERAL,,,False
app/engine_safety/paper_production_control.py,79:PREPARATION_CANARY,'PREPARATION_CANARY',PREPARATION_CANARY,module_or_model_default,runtime,ALGORITHM_STRUCTURE_LITERAL,,,False
app/engine_safety/paper_production_control.py,80:CONTINUOUS_PAPER_ACTIVATION,'CONTINUOUS_PAPER_ACTIVATION',CONTINUOUS_PAPER_ACTIVATION,module_or_model_default,runtime,ALGORITHM_STRUCTURE_LITERAL,,,False
app/engine_safety/paper_production_control.py,81:DAILY_COMMAND_BUDGET_EXHAUSTED,'DAILY_COMMAND_BUDGET_EXHAUSTED',DAILY_COMMAND_BUDGET_EXHAUSTED,module_or_model_default,runtime,ALGORITHM_STRUCTURE_LITERAL,,,False
app/engine_safety/paper_production_control.py,82:DAILY_LOSS_BUDGET_EXHAUSTED,'DAILY_LOSS_BUDGET_EXHAUSTED',DAILY_LOSS_BUDGET_EXHAUSTED,module_or_model_default,runtime,ALGORITHM_STRUCTURE_LITERAL,,,False
app/engine_safety/paper_production_control.py,83:DAILY_RISK_BUDGET_EXHAUSTED,'DAILY_RISK_BUDGET_EXHAUSTED',DAILY_RISK_BUDGET_EXHAUSTED,module_or_model_default,runtime,POLICY_VALUE_MUST_MOVE_TO_YAML,RESOLVED_BY_CANONICAL_REGISTRY,SEE_CANONICAL_REGISTRY,False
app/engine_safety/paper_production_control.py,84:MAX_CONSECUTIVE_LOSSES_REACHED,'MAX_CONSECUTIVE_LOSSES_REACHED',MAX_CONSECUTIVE_LOSSES_REACHED,module_or_model_default,runtime,POLICY_VALUE_MUST_MOVE_TO_YAML,RESOLVED_BY_CANONICAL_REGISTRY,SEE_CANONICAL_REGISTRY,False
app/engine_safety/paper_production_control.py,85:TRADING_DAY_BUDGET_RESET,'TRADING_DAY_BUDGET_RESET',TRADING_DAY_BUDGET_RESET,module_or_model_default,runtime,ALGORITHM_STRUCTURE_LITERAL,,,False
app/engine_safety/paper_production_control.py,86:SAFETY_TEST,'SAFETY_TEST',SAFETY_TEST,module_or_model_default,runtime,ALGORITHM_STRUCTURE_LITERAL,,,False
app/engine_safety/paper_production_control.py,95:allow_live,False,allow_live,module_or_model_default,runtime,ALGORITHM_STRUCTURE_LITERAL,,,False
app/engine_safety/paper_production_control.py,196:new_commands_before,0,new_commands_before,module_or_model_default,runtime,ALGORITHM_STRUCTURE_LITERAL,,,False
app/engine_safety/paper_production_control.py,197:open_positions_before,0,open_positions_before,module_or_model_default,runtime,ALGORITHM_STRUCTURE_LITERAL,,,False
app/engine_safety/paper_production_control.py,208:one_atomic_stage_only,True,one_atomic_stage_only,module_or_model_default,runtime,ALGORITHM_STRUCTURE_LITERAL,,,False
app/engine_safety/paper_production_control.py,383:previous_after,0,previous_after,module_or_model_default,runtime,ALGORITHM_STRUCTURE_LITERAL,,,False
app/engine_safety/paper_production_control.py,438:reconciled,False,reconciled,module_or_model_default,runtime,ALGORITHM_STRUCTURE_LITERAL,,,False
app/engine_safety/paper_production_control.py,433:audit_valid,False,audit_valid,module_or_model_default,runtime,IDENTITY_OR_PROTOCOL_LITERAL,,,False
app/engine_safety/paper_production_control.py,442:reconciled,True,reconciled,module_or_model_default,runtime,ALGORITHM_STRUCTURE_LITERAL,,,False
app/engine_safety/paper_production_control.py,447:interlock_available,True,interlock_available,module_or_model_default,runtime,ALGORITHM_STRUCTURE_LITERAL,,,False
app/engine_safety/paper_production_control.py,449:interlock_available,False,interlock_available,module_or_model_default,runtime,ALGORITHM_STRUCTURE_LITERAL,,,False
app/engine_safety/production_backup.py,21:POSTGRESQL_MAJOR,16,POSTGRESQL_MAJOR,module_or_model_default,runtime,ALGORITHM_STRUCTURE_LITERAL,,,False
app/engine_safety/production_backup.py,22:PRODUCTION_SCHEMA_HEAD,'0008_engine_orchestrator_freshness_retry',PRODUCTION_SCHEMA_HEAD,module_or_model_default,runtime,IDENTITY_OR_PROTOCOL_LITERAL,,,False
app/engine_safety/production_backup.py,26:MIN_VALID_LOGICAL_BACKUPS,2,MIN_VALID_LOGICAL_BACKUPS,module_or_model_default,runtime,IDENTITY_OR_PROTOCOL_LITERAL,,,False
app/engine_safety/production_backup.py,30:PROJECT_OPERATOR_ROLE,'TRADERS_LOCAL_OPERATOR',PROJECT_OPERATOR_ROLE,module_or_model_default,runtime,ALGORITHM_STRUCTURE_LITERAL,,,False
app/engine_safety/production_backup.py,31:RECOVERY_APPROVAL_ROLE,'TRADERS_LOCAL_OPERATOR',RECOVERY_APPROVAL_ROLE,module_or_model_default,runtime,ALGORITHM_STRUCTURE_LITERAL,,,False
app/engine_safety/production_backup.py,32:CATALOG_LIMIT,128,CATALOG_LIMIT,module_or_model_default,runtime,POLICY_VALUE_MUST_MOVE_TO_YAML,RESOLVED_BY_CANONICAL_REGISTRY,SEE_CANONICAL_REGISTRY,False
app/engine_safety/production_backup.py,33:RETENTION_DELETE_BATCH,8,RETENTION_DELETE_BATCH,module_or_model_default,runtime,POLICY_VALUE_MUST_MOVE_TO_YAML,RESOLVED_BY_CANONICAL_REGISTRY,SEE_CANONICAL_REGISTRY,False
app/engine_safety/production_backup.py,35:TASK_BASE_HEAD,'3e4ec00ee2a6f7a24dceb93f00f14a8890e0fd34',TASK_BASE_HEAD,module_or_model_default,runtime,ALGORITHM_STRUCTURE_LITERAL,,,False
app/engine_safety/production_backup.py,36:TASK_BASE_TREE,'ff790a81f9b017ed21825f488c9811e040172c33',TASK_BASE_TREE,module_or_model_default,runtime,ALGORITHM_STRUCTURE_LITERAL,,,False
app/engine_safety/production_backup.py,77:total,0,total,module_or_model_default,runtime,ALGORITHM_STRUCTURE_LITERAL,,,False
app/engine_safety/production_backup.py,94:target_rpo_minutes,15,target_rpo_minutes,module_or_model_default,runtime,POLICY_VALUE_MUST_MOVE_TO_YAML,RESOLVED_BY_CANONICAL_REGISTRY,SEE_CANONICAL_REGISTRY,False
app/engine_safety/production_backup.py,95:target_rto_minutes,120,target_rto_minutes,module_or_model_default,runtime,POLICY_VALUE_MUST_MOVE_TO_YAML,RESOLVED_BY_CANONICAL_REGISTRY,SEE_CANONICAL_REGISTRY,False
app/engine_safety/production_backup.py,96:max_logical_backup_age_hours,24,max_logical_backup_age_hours,module_or_model_default,runtime,POLICY_VALUE_MUST_MOVE_TO_YAML,RESOLVED_BY_CANONICAL_REGISTRY,SEE_CANONICAL_REGISTRY,False
app/engine_safety/production_backup.py,97:min_valid_logical_backups,2,min_valid_logical_backups,module_or_model_default,runtime,IDENTITY_OR_PROTOCOL_LITERAL,,,False
app/engine_safety/production_backup.py,98:min_pitr_window_hours,24,min_pitr_window_hours,module_or_model_default,runtime,POLICY_VALUE_MUST_MOVE_TO_YAML,RESOLVED_BY_CANONICAL_REGISTRY,SEE_CANONICAL_REGISTRY,False
app/engine_safety/production_backup.py,99:restore_rehearsal_cadence_days,30,restore_rehearsal_cadence_days,module_or_model_default,runtime,POLICY_VALUE_MUST_MOVE_TO_YAML,RESOLVED_BY_CANONICAL_REGISTRY,SEE_CANONICAL_REGISTRY,False
app/engine_safety/production_backup.py,100:pitr_rehearsal_cadence_days,90,pitr_rehearsal_cadence_days,module_or_model_default,runtime,POLICY_VALUE_MUST_MOVE_TO_YAML,RESOLVED_BY_CANONICAL_REGISTRY,SEE_CANONICAL_REGISTRY,False
app/engine_safety/production_backup.py,103:two_person_approval_required_for_paper,False,two_person_approval_required_for_paper,module_or_model_default,runtime,ALGORITHM_STRUCTURE_LITERAL,,,False
app/engine_safety/production_backup.py,141:restore_list_valid,False,restore_list_valid,module_or_model_default,runtime,IDENTITY_OR_PROTOCOL_LITERAL,,,False
app/engine_safety/production_backup.py,142:recovery_anchor_valid,False,recovery_anchor_valid,module_or_model_default,runtime,IDENTITY_OR_PROTOCOL_LITERAL,,,False
app/engine_safety/production_backup.py,143:wal_start,'UNRECORDED',wal_start,module_or_model_default,runtime,ALGORITHM_STRUCTURE_LITERAL,,,False
app/engine_safety/production_backup.py,144:wal_stop,'UNRECORDED',wal_stop,module_or_model_default,runtime,ALGORITHM_STRUCTURE_LITERAL,,,False
app/engine_safety/production_control_root.py,16:PRODUCTION_CONTROL_ROOT_KEY,'TRADERS_PRODUCTION_CONTROL_ROOT',PRODUCTION_CONTROL_ROOT_KEY,module_or_model_default,runtime,IDENTITY_OR_PROTOCOL_LITERAL,,,False
app/engine_safety/production_wal_archive.py,21:NO_ACTIVE_FAILURE,'NO_ACTIVE_FAILURE',NO_ACTIVE_FAILURE,module_or_model_default,runtime,ALGORITHM_STRUCTURE_LITERAL,,,False
app/engine_safety/production_wal_archive.py,22:HISTORICAL_FAILURE_ALREADY_RECOVERED,'HISTORICAL_FAILURE_ALREADY_RECOVERED',HISTORICAL_FAILURE_ALREADY_RECOVERED,module_or_model_default,runtime,ALGORITHM_STRUCTURE_LITERAL,,,False
app/engine_safety/production_wal_archive.py,23:STALE_ACKNOWLEDGEMENT,'STALE_ACKNOWLEDGEMENT',STALE_ACKNOWLEDGEMENT,module_or_model_default,runtime,ALGORITHM_STRUCTURE_LITERAL,,,False
app/engine_safety/production_wal_archive.py,24:RETRY_PENDING,'RETRY_PENDING',RETRY_PENDING,module_or_model_default,runtime,POLICY_VALUE_MUST_MOVE_TO_YAML,RESOLVED_BY_CANONICAL_REGISTRY,SEE_CANONICAL_REGISTRY,False
app/engine_safety/production_wal_archive.py,25:ARCHIVE_DESTINATION_MISSING_ARTIFACT,'ARCHIVE_DESTINATION_MISSING_ARTIFACT',ARCHIVE_DESTINATION_MISSING_ARTIFACT,module_or_model_default,runtime,ALGORITHM_STRUCTURE_LITERAL,,,False
app/engine_safety/production_wal_archive.py,26:ARCHIVE_SOURCE_PENDING,'ARCHIVE_SOURCE_PENDING',ARCHIVE_SOURCE_PENDING,module_or_model_default,runtime,ALGORITHM_STRUCTURE_LITERAL,,,False
app/engine_safety/production_wal_archive.py,27:ARCHIVE_PUBLICATION_FAILURE,'ARCHIVE_PUBLICATION_FAILURE',ARCHIVE_PUBLICATION_FAILURE,module_or_model_default,runtime,ALGORITHM_STRUCTURE_LITERAL,,,False
app/engine_safety/production_wal_archive.py,28:ARCHIVE_PERMISSION_FAILURE,'ARCHIVE_PERMISSION_FAILURE',ARCHIVE_PERMISSION_FAILURE,module_or_model_default,runtime,ALGORITHM_STRUCTURE_LITERAL,,,False
app/engine_safety/production_wal_archive.py,29:PHYSICAL_WAL_GAP_RECOVERABLE,'PHYSICAL_WAL_GAP_RECOVERABLE',PHYSICAL_WAL_GAP_RECOVERABLE,module_or_model_default,runtime,ALGORITHM_STRUCTURE_LITERAL,,,False
app/engine_safety/production_wal_archive.py,30:PHYSICAL_WAL_GAP_UNRECOVERABLE,'PHYSICAL_WAL_GAP_UNRECOVERABLE',PHYSICAL_WAL_GAP_UNRECOVERABLE,module_or_model_default,runtime,ALGORITHM_STRUCTURE_LITERAL,,,False
app/engine_safety/production_wal_archive.py,31:MONITORING_CLASSIFICATION_DEFECT,'MONITORING_CLASSIFICATION_DEFECT',MONITORING_CLASSIFICATION_DEFECT,module_or_model_default,runtime,ALGORITHM_STRUCTURE_LITERAL,,,False
app/engine_safety/production_wal_archive.py,32:SAFE_DIAGNOSIS_UNAVAILABLE,'SAFE_DIAGNOSIS_UNAVAILABLE',SAFE_DIAGNOSIS_UNAVAILABLE,module_or_model_default,runtime,ALGORITHM_STRUCTURE_LITERAL,,,False
app/engine_safety/production_wal_archive.py,222:window,0,window,module_or_model_default,runtime,POLICY_VALUE_MUST_MOVE_TO_YAML,RESOLVED_BY_CANONICAL_REGISTRY,SEE_CANONICAL_REGISTRY,False
app/engine_setup/causal_planning_context.py,25:side,'resistance',side,module_or_model_default,runtime,IDENTITY_OR_PROTOCOL_LITERAL,,,False
app/engine_setup/causal_planning_context.py,29:side,'support',side,module_or_model_default,runtime,IDENTITY_OR_PROTOCOL_LITERAL,,,False
app/engine_setup/setup_diagnostics.py,13:CANDIDATE_STRUCTURE,'CANDIDATE_STRUCTURE',CANDIDATE_STRUCTURE,module_or_model_default,runtime,IDENTITY_OR_PROTOCOL_LITERAL,,,False
app/engine_setup/setup_diagnostics.py,14:PRE_SETUP_WAITING_CONFIRMATION,'PRE_SETUP_WAITING_CONFIRMATION',PRE_SETUP_WAITING_CONFIRMATION,module_or_model_default,runtime,ALGORITHM_STRUCTURE_LITERAL,,,False
app/engine_setup/setup_diagnostics.py,15:INVALIDATED_STRUCTURE,'INVALIDATED_STRUCTURE',INVALIDATED_STRUCTURE,module_or_model_default,runtime,IDENTITY_OR_PROTOCOL_LITERAL,,,False
app/engine_setup/setup_diagnostics.py,16:NO_STRUCTURAL_SETUP,'NO_STRUCTURAL_SETUP',NO_STRUCTURAL_SETUP,module_or_model_default,runtime,ALGORITHM_STRUCTURE_LITERAL,,,False
app/engine_setup/setup_diagnostics.py,17:ERROR_BUCKET,'ERROR_BUCKET',ERROR_BUCKET,module_or_model_default,runtime,ALGORITHM_STRUCTURE_LITERAL,,,False
app/engine_setup/setup_diagnostics.py,35:has_structural_trigger,False,has_structural_trigger,module_or_model_default,runtime,ALGORITHM_STRUCTURE_LITERAL,,,False
app/engine_setup/setup_diagnostics.py,36:has_directional_context,False,has_directional_context,module_or_model_default,runtime,ALGORITHM_STRUCTURE_LITERAL,,,False
app/engine_setup/setup_diagnostics.py,37:has_level_context,False,has_level_context,module_or_model_default,runtime,ALGORITHM_STRUCTURE_LITERAL,,,False
app/engine_setup/setup_diagnostics.py,38:has_confirmation_requirement,False,has_confirmation_requirement,module_or_model_default,runtime,ALGORITHM_STRUCTURE_LITERAL,,,False
app/engine_setup/setup_diagnostics.py,39:has_invalidation_context,False,has_invalidation_context,module_or_model_default,runtime,IDENTITY_OR_PROTOCOL_LITERAL,,,False
app/engine_setup/setup_diagnostics.py,40:is_choppy_noise,False,is_choppy_noise,module_or_model_default,runtime,ALGORITHM_STRUCTURE_LITERAL,,,False
app/engine_setup/setup_diagnostics.py,41:is_late_entry,False,is_late_entry,module_or_model_default,runtime,ALGORITHM_STRUCTURE_LITERAL,,,False
app/engine_setup/setup_diagnostics.py,42:is_actionable_setup_candidate,False,is_actionable_setup_candidate,module_or_model_default,runtime,IDENTITY_OR_PROTOCOL_LITERAL,,,False
app/engine_setup/setup_invalidation.py,9:ANALYSIS_NOT_ANALYZED,'ANALYSIS_NOT_ANALYZED',ANALYSIS_NOT_ANALYZED,module_or_model_default,runtime,ALGORITHM_STRUCTURE_LITERAL,,,False
app/engine_setup/setup_invalidation.py,10:ANALYSIS_ERROR,'ANALYSIS_ERROR',ANALYSIS_ERROR,module_or_model_default,runtime,ALGORITHM_STRUCTURE_LITERAL,,,False
app/engine_setup/setup_invalidation.py,11:NOT_ENOUGH_DATA,'NOT_ENOUGH_DATA',NOT_ENOUGH_DATA,module_or_model_default,runtime,ALGORITHM_STRUCTURE_LITERAL,,,False
app/engine_setup/setup_invalidation.py,12:FUTURE_BARS_REJECTED,'FUTURE_BARS_REJECTED',FUTURE_BARS_REJECTED,module_or_model_default,runtime,ALGORITHM_STRUCTURE_LITERAL,,,False
app/engine_setup/setup_invalidation.py,13:ENTRY_QUALITY_INVALID,'ENTRY_QUALITY_INVALID',ENTRY_QUALITY_INVALID,module_or_model_default,runtime,IDENTITY_OR_PROTOCOL_LITERAL,,,False
app/engine_setup/setup_invalidation.py,14:ENTRY_QUALITY_POOR,'ENTRY_QUALITY_POOR',ENTRY_QUALITY_POOR,module_or_model_default,runtime,ALGORITHM_STRUCTURE_LITERAL,,,False
app/engine_setup/setup_invalidation.py,15:LATE_CONFIRMATION_RISK,'LATE_CONFIRMATION_RISK',LATE_CONFIRMATION_RISK,module_or_model_default,runtime,POLICY_VALUE_MUST_MOVE_TO_YAML,RESOLVED_BY_CANONICAL_REGISTRY,SEE_CANONICAL_REGISTRY,False
app/engine_setup/setup_invalidation.py,16:POST_SPIKE_PULLBACK_RISK,'POST_SPIKE_PULLBACK_RISK',POST_SPIKE_PULLBACK_RISK,module_or_model_default,runtime,POLICY_VALUE_MUST_MOVE_TO_YAML,RESOLVED_BY_CANONICAL_REGISTRY,SEE_CANONICAL_REGISTRY,False
app/engine_setup/setup_invalidation.py,17:RANGE_REENTRY_RISK,'RANGE_REENTRY_RISK',RANGE_REENTRY_RISK,module_or_model_default,runtime,POLICY_VALUE_MUST_MOVE_TO_YAML,RESOLVED_BY_CANONICAL_REGISTRY,SEE_CANONICAL_REGISTRY,False
app/engine_setup/setup_invalidation.py,18:DISTRIBUTION_RISK,'DISTRIBUTION_RISK',DISTRIBUTION_RISK,module_or_model_default,runtime,POLICY_VALUE_MUST_MOVE_TO_YAML,RESOLVED_BY_CANONICAL_REGISTRY,SEE_CANONICAL_REGISTRY,False
app/engine_setup/setup_invalidation.py,19:IMPULSE_EXHAUSTION_RISK,'IMPULSE_EXHAUSTION_RISK',IMPULSE_EXHAUSTION_RISK,module_or_model_default,runtime,POLICY_VALUE_MUST_MOVE_TO_YAML,RESOLVED_BY_CANONICAL_REGISTRY,SEE_CANONICAL_REGISTRY,False
app/engine_setup/setup_invalidation.py,20:LOW_CONFIDENCE,'LOW_CONFIDENCE',LOW_CONFIDENCE,module_or_model_default,runtime,IDENTITY_OR_PROTOCOL_LITERAL,,,False
app/engine_setup/setup_invalidation.py,21:NO_STRUCTURAL_CONFIRMATION,'NO_STRUCTURAL_CONFIRMATION',NO_STRUCTURAL_CONFIRMATION,module_or_model_default,runtime,ALGORITHM_STRUCTURE_LITERAL,,,False
app/engine_setup/setup_invalidation.py,22:CONFLICTING_PHASE_CONTEXT,'CONFLICTING_PHASE_CONTEXT',CONFLICTING_PHASE_CONTEXT,module_or_model_default,runtime,ALGORITHM_STRUCTURE_LITERAL,,,False
app/engine_setup/setup_quality_diagnostics.py,46:has_sufficient_structure,False,has_sufficient_structure,module_or_model_default,runtime,ALGORITHM_STRUCTURE_LITERAL,,,False
app/engine_setup/setup_quality_diagnostics.py,47:has_confirmation_evidence,False,has_confirmation_evidence,module_or_model_default,runtime,IDENTITY_OR_PROTOCOL_LITERAL,,,False
app/engine_setup/setup_quality_diagnostics.py,48:has_context_alignment,False,has_context_alignment,module_or_model_default,runtime,ALGORITHM_STRUCTURE_LITERAL,,,False
app/engine_setup/setup_quality_diagnostics.py,49:has_conflict,False,has_conflict,module_or_model_default,runtime,ALGORITHM_STRUCTURE_LITERAL,,,False
app/engine_setup/setup_quality_diagnostics.py,50:has_hard_invalidation,False,has_hard_invalidation,module_or_model_default,runtime,IDENTITY_OR_PROTOCOL_LITERAL,,,False
app/engine_setup/setup_quality_diagnostics.py,51:capped_by_analysis_entry_quality,False,capped_by_analysis_entry_quality,module_or_model_default,runtime,ALGORITHM_STRUCTURE_LITERAL,,,False
app/engine_setup/setup_quality_diagnostics.py,148:confirmation_score,30.0,confirmation_score,module_or_model_default,runtime,ALGORITHM_STRUCTURE_LITERAL,,,False
app/engine_setup/setup_quality_diagnostics.py,151:confirmation_score,13.0,confirmation_score,module_or_model_default,runtime,ALGORITHM_STRUCTURE_LITERAL,,,False
app/engine_setup/setup_quality_diagnostics.py,154:confirmation_score,0.0,confirmation_score,module_or_model_default,runtime,ALGORITHM_STRUCTURE_LITERAL,,,False
app/engine_setup/setup_reason_codes.py,7:ANALYSIS_CONFIRMS_BREAKOUT_CONTINUATION,'ANALYSIS_CONFIRMS_BREAKOUT_CONTINUATION',ANALYSIS_CONFIRMS_BREAKOUT_CONTINUATION,module_or_model_default,runtime,ALGORITHM_STRUCTURE_LITERAL,,,False
app/engine_setup/setup_reason_codes.py,8:ANALYSIS_SUPPORTS_PULLBACK_CONTINUATION,'ANALYSIS_SUPPORTS_PULLBACK_CONTINUATION',ANALYSIS_SUPPORTS_PULLBACK_CONTINUATION,module_or_model_default,runtime,ALGORITHM_STRUCTURE_LITERAL,,,False
app/engine_setup/setup_reason_codes.py,9:RANGE_REJECTION_EVIDENCE,'RANGE_REJECTION_EVIDENCE',RANGE_REJECTION_EVIDENCE,module_or_model_default,runtime,IDENTITY_OR_PROTOCOL_LITERAL,,,False
app/engine_setup/setup_reason_codes.py,10:FALSE_BREAKOUT_EVIDENCE,'FALSE_BREAKOUT_EVIDENCE',FALSE_BREAKOUT_EVIDENCE,module_or_model_default,runtime,IDENTITY_OR_PROTOCOL_LITERAL,,,False
app/engine_setup/setup_reason_codes.py,11:MOMENTUM_EXHAUSTION_EVIDENCE,'MOMENTUM_EXHAUSTION_EVIDENCE',MOMENTUM_EXHAUSTION_EVIDENCE,module_or_model_default,runtime,IDENTITY_OR_PROTOCOL_LITERAL,,,False
app/engine_setup/setup_reason_codes.py,12:BREAKOUT_RETEST_EVIDENCE,'BREAKOUT_RETEST_EVIDENCE',BREAKOUT_RETEST_EVIDENCE,module_or_model_default,runtime,IDENTITY_OR_PROTOCOL_LITERAL,,,False
app/engine_setup/setup_reason_codes.py,13:REVERSAL_REQUIRES_CONFIRMATION,'REVERSAL_REQUIRES_CONFIRMATION',REVERSAL_REQUIRES_CONFIRMATION,module_or_model_default,runtime,ALGORITHM_STRUCTURE_LITERAL,,,False
app/engine_setup/setup_reason_codes.py,14:AWAITING_STRUCTURAL_CONFIRMATION,'AWAITING_STRUCTURAL_CONFIRMATION',AWAITING_STRUCTURAL_CONFIRMATION,module_or_model_default,runtime,ALGORITHM_STRUCTURE_LITERAL,,,False
app/engine_setup/setup_reason_codes.py,15:NO_SETUP_PATTERN,'NO_SETUP_PATTERN',NO_SETUP_PATTERN,module_or_model_default,runtime,ALGORITHM_STRUCTURE_LITERAL,,,False
app/engine_setup/setup_reason_codes.py,16:SETUP_PROCESSING_ERROR,'SETUP_PROCESSING_ERROR',SETUP_PROCESSING_ERROR,module_or_model_default,runtime,ALGORITHM_STRUCTURE_LITERAL,,,False
app/engine_setup/setup_reason_codes.py,17:NO_STRUCTURAL_SETUP,'NO_STRUCTURAL_SETUP',NO_STRUCTURAL_SETUP,module_or_model_default,runtime,ALGORITHM_STRUCTURE_LITERAL,,,False
app/engine_setup/setup_reason_codes.py,18:NO_LEVEL_INTERACTION,'NO_LEVEL_INTERACTION',NO_LEVEL_INTERACTION,module_or_model_default,runtime,ALGORITHM_STRUCTURE_LITERAL,,,False
app/engine_setup/setup_reason_codes.py,19:NO_CONFIRMATION_REQUIREMENT,'NO_CONFIRMATION_REQUIREMENT',NO_CONFIRMATION_REQUIREMENT,module_or_model_default,runtime,ALGORITHM_STRUCTURE_LITERAL,,,False
app/engine_setup/setup_reason_codes.py,20:CHOP_WITHOUT_SETUP,'CHOP_WITHOUT_SETUP',CHOP_WITHOUT_SETUP,module_or_model_default,runtime,ALGORITHM_STRUCTURE_LITERAL,,,False
app/engine_setup/setup_reason_codes.py,21:ANALYSIS_NO_ACTION_WITHOUT_SETUP_CONTEXT,'ANALYSIS_NO_ACTION_WITHOUT_SETUP_CONTEXT',ANALYSIS_NO_ACTION_WITHOUT_SETUP_CONTEXT,module_or_model_default,runtime,ALGORITHM_STRUCTURE_LITERAL,,,False
app/engine_setup/setup_reason_codes.py,22:WEAK_CONTEXT_FILTERED_TO_NO_SETUP,'WEAK_CONTEXT_FILTERED_TO_NO_SETUP',WEAK_CONTEXT_FILTERED_TO_NO_SETUP,module_or_model_default,runtime,ALGORITHM_STRUCTURE_LITERAL,,,False
app/engine_setup/setup_reason_codes.py,23:RANGE_PRESENT_BUT_NO_EDGE_TOUCH,'RANGE_PRESENT_BUT_NO_EDGE_TOUCH',RANGE_PRESENT_BUT_NO_EDGE_TOUCH,module_or_model_default,runtime,ALGORITHM_STRUCTURE_LITERAL,,,False
app/engine_setup/setup_reason_codes.py,24:DIRECTIONAL_CONTEXT_WITHOUT_SETUP_TRIGGER,'DIRECTIONAL_CONTEXT_WITHOUT_SETUP_TRIGGER',DIRECTIONAL_CONTEXT_WITHOUT_SETUP_TRIGGER,module_or_model_default,runtime,ALGORITHM_STRUCTURE_LITERAL,,,False
app/engine_setup/setup_reason_codes.py,25:INVALIDATED_EXISTING_SETUP_IDEA,'INVALIDATED_EXISTING_SETUP_IDEA',INVALIDATED_EXISTING_SETUP_IDEA,module_or_model_default,runtime,IDENTITY_OR_PROTOCOL_LITERAL,,,False
app/engine_setup/setup_reason_codes.py,26:WAITING_FOR_RETEST_CONFIRMATION,'WAITING_FOR_RETEST_CONFIRMATION',WAITING_FOR_RETEST_CONFIRMATION,module_or_model_default,runtime,ALGORITHM_STRUCTURE_LITERAL,,,False
app/engine_setup/setup_reason_codes.py,27:WAITING_FOR_REJECTION_FOLLOW_THROUGH,'WAITING_FOR_REJECTION_FOLLOW_THROUGH',WAITING_FOR_REJECTION_FOLLOW_THROUGH,module_or_model_default,runtime,ALGORITHM_STRUCTURE_LITERAL,,,False
app/engine_setup/setup_reason_codes.py,28:WAITING_FOR_BREAKOUT_HOLD,'WAITING_FOR_BREAKOUT_HOLD',WAITING_FOR_BREAKOUT_HOLD,module_or_model_default,runtime,ALGORITHM_STRUCTURE_LITERAL,,,False
app/engine_setup/setup_reason_codes.py,29:WAITING_FOR_REVERSAL_CONFIRMATION,'WAITING_FOR_REVERSAL_CONFIRMATION',WAITING_FOR_REVERSAL_CONFIRMATION,module_or_model_default,runtime,ALGORITHM_STRUCTURE_LITERAL,,,False
app/engine_setup/setup_reason_codes.py,30:QUALITY_STRONG_STRUCTURE,'QUALITY_STRONG_STRUCTURE',QUALITY_STRONG_STRUCTURE,module_or_model_default,runtime,ALGORITHM_STRUCTURE_LITERAL,,,False
app/engine_setup/setup_reason_codes.py,31:QUALITY_CONFIRMED_BY_ANALYSIS,'QUALITY_CONFIRMED_BY_ANALYSIS',QUALITY_CONFIRMED_BY_ANALYSIS,module_or_model_default,runtime,ALGORITHM_STRUCTURE_LITERAL,,,False
app/engine_setup/setup_reason_codes.py,32:QUALITY_ALIGNED_DIRECTIONAL_CONTEXT,'QUALITY_ALIGNED_DIRECTIONAL_CONTEXT',QUALITY_ALIGNED_DIRECTIONAL_CONTEXT,module_or_model_default,runtime,ALGORITHM_STRUCTURE_LITERAL,,,False
app/engine_setup/setup_reason_codes.py,33:QUALITY_ACCEPTABLE_STRUCTURE,'QUALITY_ACCEPTABLE_STRUCTURE',QUALITY_ACCEPTABLE_STRUCTURE,module_or_model_default,runtime,ALGORITHM_STRUCTURE_LITERAL,,,False
app/engine_setup/setup_reason_codes.py,34:QUALITY_WAITING_CONFIRMATION_CAP,'QUALITY_WAITING_CONFIRMATION_CAP',QUALITY_WAITING_CONFIRMATION_CAP,module_or_model_default,runtime,ALGORITHM_STRUCTURE_LITERAL,,,False
app/engine_setup/setup_reason_codes.py,35:QUALITY_WEAK_STRUCTURE,'QUALITY_WEAK_STRUCTURE',QUALITY_WEAK_STRUCTURE,module_or_model_default,runtime,ALGORITHM_STRUCTURE_LITERAL,,,False
app/engine_setup/setup_reason_codes.py,36:QUALITY_LOW_ANALYSIS_CONFIDENCE,'QUALITY_LOW_ANALYSIS_CONFIDENCE',QUALITY_LOW_ANALYSIS_CONFIDENCE,module_or_model_default,runtime,IDENTITY_OR_PROTOCOL_LITERAL,,,False
app/engine_setup/setup_reason_codes.py,37:QUALITY_CONFLICTING_CONTEXT,'QUALITY_CONFLICTING_CONTEXT',QUALITY_CONFLICTING_CONTEXT,module_or_model_default,runtime,ALGORITHM_STRUCTURE_LITERAL,,,False
app/engine_setup/setup_reason_codes.py,38:QUALITY_CAPPED_BY_ANALYSIS_ENTRY_QUALITY,'QUALITY_CAPPED_BY_ANALYSIS_ENTRY_QUALITY',QUALITY_CAPPED_BY_ANALYSIS_ENTRY_QUALITY,module_or_model_default,runtime,ALGORITHM_STRUCTURE_LITERAL,,,False
app/engine_setup/setup_reason_codes.py,39:QUALITY_INVALIDATED_BY_CONTEXT,'QUALITY_INVALIDATED_BY_CONTEXT',QUALITY_INVALIDATED_BY_CONTEXT,module_or_model_default,runtime,IDENTITY_OR_PROTOCOL_LITERAL,,,False
app/engine_setup/setup_reason_codes.py,40:QUALITY_NOT_APPLICABLE_NO_SETUP,'QUALITY_NOT_APPLICABLE_NO_SETUP',QUALITY_NOT_APPLICABLE_NO_SETUP,module_or_model_default,runtime,ALGORITHM_STRUCTURE_LITERAL,,,False
app/engine_setup/setup_reason_codes.py,41:QUALITY_UNKNOWN_INSUFFICIENT_DIAGNOSTICS,'QUALITY_UNKNOWN_INSUFFICIENT_DIAGNOSTICS',QUALITY_UNKNOWN_INSUFFICIENT_DIAGNOSTICS,module_or_model_default,runtime,ALGORITHM_STRUCTURE_LITERAL,,,False
app/engine_setup/setup_reason_codes.py,42:QUALITY_NO_FUTURE_BARS_USED,'QUALITY_NO_FUTURE_BARS_USED',QUALITY_NO_FUTURE_BARS_USED,module_or_model_default,runtime,ALGORITHM_STRUCTURE_LITERAL,,,False
app/engine_setup/setup_status.py,7:SETUP_CANDIDATE,'SETUP_CANDIDATE',SETUP_CANDIDATE,module_or_model_default,runtime,IDENTITY_OR_PROTOCOL_LITERAL,,,False
app/engine_setup/setup_status.py,8:NO_SETUP,'NO_SETUP',NO_SETUP,module_or_model_default,runtime,ALGORITHM_STRUCTURE_LITERAL,,,False
app/engine_setup/setup_status.py,9:WAIT_FOR_CONFIRMATION,'WAIT_FOR_CONFIRMATION',WAIT_FOR_CONFIRMATION,module_or_model_default,runtime,ALGORITHM_STRUCTURE_LITERAL,,,False
app/engine_setup/setup_status.py,10:SETUP_INVALID,'SETUP_INVALID',SETUP_INVALID,module_or_model_default,runtime,IDENTITY_OR_PROTOCOL_LITERAL,,,False
app/engine_setup/setup_status.py,11:ERROR,'ERROR',ERROR,module_or_model_default,runtime,ALGORITHM_STRUCTURE_LITERAL,,,False
app/engine_setup/setup_status.py,15:CONFIRMED_BY_ANALYSIS,'CONFIRMED_BY_ANALYSIS',CONFIRMED_BY_ANALYSIS,module_or_model_default,runtime,ALGORITHM_STRUCTURE_LITERAL,,,False
app/engine_setup/setup_status.py,16:AWAITING_CONFIRMATION,'AWAITING_CONFIRMATION',AWAITING_CONFIRMATION,module_or_model_default,runtime,ALGORITHM_STRUCTURE_LITERAL,,,False
app/engine_setup/setup_status.py,17:REJECTED_BY_ANALYSIS,'REJECTED_BY_ANALYSIS',REJECTED_BY_ANALYSIS,module_or_model_default,runtime,ALGORITHM_STRUCTURE_LITERAL,,,False
app/engine_setup/setup_status.py,18:INVALIDATED_BY_CONTEXT,'INVALIDATED_BY_CONTEXT',INVALIDATED_BY_CONTEXT,module_or_model_default,runtime,IDENTITY_OR_PROTOCOL_LITERAL,,,False
app/engine_setup/setup_status.py,19:NOT_APPLICABLE,'NOT_APPLICABLE',NOT_APPLICABLE,module_or_model_default,runtime,ALGORITHM_STRUCTURE_LITERAL,,,False
app/engine_setup/setup_status.py,23:GOOD,'GOOD',GOOD,module_or_model_default,runtime,ALGORITHM_STRUCTURE_LITERAL,,,False
app/engine_setup/setup_status.py,24:ACCEPTABLE,'ACCEPTABLE',ACCEPTABLE,module_or_model_default,runtime,ALGORITHM_STRUCTURE_LITERAL,,,False
app/engine_setup/setup_status.py,25:WEAK,'WEAK',WEAK,module_or_model_default,runtime,ALGORITHM_STRUCTURE_LITERAL,,,False
app/engine_setup/setup_status.py,26:POOR,'POOR',POOR,module_or_model_default,runtime,ALGORITHM_STRUCTURE_LITERAL,,,False
app/engine_setup/setup_status.py,27:INVALID,'INVALID',INVALID,module_or_model_default,runtime,IDENTITY_OR_PROTOCOL_LITERAL,,,False
app/engine_setup/setup_status.py,28:UNKNOWN,'UNKNOWN',UNKNOWN,module_or_model_default,runtime,ALGORITHM_STRUCTURE_LITERAL,,,False
app/engine_setup/setup_status.py,32:BULLISH,'BULLISH',BULLISH,module_or_model_default,runtime,ALGORITHM_STRUCTURE_LITERAL,,,False
app/engine_setup/setup_status.py,33:BEARISH,'BEARISH',BEARISH,module_or_model_default,runtime,ALGORITHM_STRUCTURE_LITERAL,,,False
app/engine_setup/setup_status.py,34:NEUTRAL,'NEUTRAL',NEUTRAL,module_or_model_default,runtime,ALGORITHM_STRUCTURE_LITERAL,,,False
app/engine_setup/setup_status.py,35:NONE,'NONE',NONE,module_or_model_default,runtime,ALGORITHM_STRUCTURE_LITERAL,,,False
app/engine_setup/setup_store.py,39:limit,100,limit,function_default,runtime,POLICY_VALUE_MUST_MOVE_TO_YAML,RESOLVED_BY_CANONICAL_REGISTRY,SEE_CANONICAL_REGISTRY,False
app/engine_setup/setup_type.py,7:SCALP_TREND_PULLBACK,'SCALP_TREND_PULLBACK',SCALP_TREND_PULLBACK,module_or_model_default,runtime,ALGORITHM_STRUCTURE_LITERAL,,,False
app/engine_setup/setup_type.py,8:SCALP_BREAKOUT,'SCALP_BREAKOUT',SCALP_BREAKOUT,module_or_model_default,runtime,ALGORITHM_STRUCTURE_LITERAL,,,False
app/engine_setup/setup_type.py,9:SCALP_BREAKOUT_RETEST,'SCALP_BREAKOUT_RETEST',SCALP_BREAKOUT_RETEST,module_or_model_default,runtime,ALGORITHM_STRUCTURE_LITERAL,,,False
app/engine_setup/setup_type.py,10:SCALP_RANGE_BOUNCE,'SCALP_RANGE_BOUNCE',SCALP_RANGE_BOUNCE,module_or_model_default,runtime,ALGORITHM_STRUCTURE_LITERAL,,,False
app/engine_setup/setup_type.py,11:SCALP_LIQUIDITY_SWEEP,'SCALP_LIQUIDITY_SWEEP',SCALP_LIQUIDITY_SWEEP,module_or_model_default,runtime,IDENTITY_OR_PROTOCOL_LITERAL,,,False
app/engine_setup/setup_type.py,12:SCALP_MOMENTUM_CONTINUATION,'SCALP_MOMENTUM_CONTINUATION',SCALP_MOMENTUM_CONTINUATION,module_or_model_default,runtime,ALGORITHM_STRUCTURE_LITERAL,,,False
app/engine_setup/setup_type.py,13:SCALP_COMPRESSION_BREAK,'SCALP_COMPRESSION_BREAK',SCALP_COMPRESSION_BREAK,module_or_model_default,runtime,ALGORITHM_STRUCTURE_LITERAL,,,False
app/engine_setup/setup_type.py,14:REVERSAL_START,'REVERSAL_START',REVERSAL_START,module_or_model_default,runtime,ALGORITHM_STRUCTURE_LITERAL,,,False
app/engine_setup/setup_type.py,15:BREAKOUT_CONTINUATION,'BREAKOUT_CONTINUATION',BREAKOUT_CONTINUATION,module_or_model_default,runtime,ALGORITHM_STRUCTURE_LITERAL,,,False
app/engine_setup/setup_type.py,16:BREAKOUT_RETEST,'BREAKOUT_RETEST',BREAKOUT_RETEST,module_or_model_default,runtime,ALGORITHM_STRUCTURE_LITERAL,,,False
app/engine_setup/setup_type.py,17:RANGE_REJECTION,'RANGE_REJECTION',RANGE_REJECTION,module_or_model_default,runtime,ALGORITHM_STRUCTURE_LITERAL,,,False
app/engine_setup/setup_type.py,18:PULLBACK_CONTINUATION,'PULLBACK_CONTINUATION',PULLBACK_CONTINUATION,module_or_model_default,runtime,ALGORITHM_STRUCTURE_LITERAL,,,False
app/engine_setup/setup_type.py,19:FALSE_BREAKOUT_REVERSAL,'FALSE_BREAKOUT_REVERSAL',FALSE_BREAKOUT_REVERSAL,module_or_model_default,runtime,ALGORITHM_STRUCTURE_LITERAL,,,False
app/engine_setup/setup_type.py,20:MOMENTUM_EXHAUSTION,'MOMENTUM_EXHAUSTION',MOMENTUM_EXHAUSTION,module_or_model_default,runtime,ALGORITHM_STRUCTURE_LITERAL,,,False
app/engine_setup/setup_type.py,21:RANGE_CONTINUATION,'RANGE_CONTINUATION',RANGE_CONTINUATION,module_or_model_default,runtime,ALGORITHM_STRUCTURE_LITERAL,,,False
app/engine_setup/setup_type.py,22:TREND_CONTINUATION,'TREND_CONTINUATION',TREND_CONTINUATION,module_or_model_default,runtime,ALGORITHM_STRUCTURE_LITERAL,,,False
app/engine_setup/setup_type.py,23:LATE_ENTRY_REJECTED,'LATE_ENTRY_REJECTED',LATE_ENTRY_REJECTED,module_or_model_default,runtime,ALGORITHM_STRUCTURE_LITERAL,,,False
app/engine_setup/setup_type.py,24:CHOP_FILTERED,'CHOP_FILTERED',CHOP_FILTERED,module_or_model_default,runtime,ALGORITHM_STRUCTURE_LITERAL,,,False
app/engine_setup/setup_type.py,25:NO_SETUP,'NO_SETUP',NO_SETUP,module_or_model_default,runtime,ALGORITHM_STRUCTURE_LITERAL,,,False
app/engine_strategy/lineage_identity.py,10:BOUNDED_LINEAGE_IDENTITY_ALGORITHM_VERSION,'bounded-lineage-sha256-v1',BOUNDED_LINEAGE_IDENTITY_ALGORITHM_VERSION,module_or_model_default,runtime,IDENTITY_OR_PROTOCOL_LITERAL,,,False
app/engine_strategy/strategy_config.py,14:allow_weak_candidates,False,allow_weak_candidates,module_or_model_default,runtime,IDENTITY_OR_PROTOCOL_LITERAL,,,False
app/engine_strategy/strategy_config.py,15:allow_weak_to_wait,True,allow_weak_to_wait,module_or_model_default,runtime,ALGORITHM_STRUCTURE_LITERAL,,,False
app/engine_strategy/strategy_config.py,19:require_confirmed_by_analysis,True,require_confirmed_by_analysis,module_or_model_default,runtime,ALGORITHM_STRUCTURE_LITERAL,,,False
app/engine_strategy/strategy_config.py,20:reject_on_invalidation_reasons,True,reject_on_invalidation_reasons,module_or_model_default,runtime,IDENTITY_OR_PROTOCOL_LITERAL,,,False
app/engine_strategy/strategy_config.py,21:reject_on_future_bars,True,reject_on_future_bars,module_or_model_default,runtime,ALGORITHM_STRUCTURE_LITERAL,,,False
app/engine_strategy/strategy_config.py,22:reject_if_source_is_trade_signal,True,reject_if_source_is_trade_signal,module_or_model_default,runtime,ALGORITHM_STRUCTURE_LITERAL,,,False
app/engine_strategy/strategy_config.py,23:require_directional_hint,True,require_directional_hint,module_or_model_default,runtime,ALGORITHM_STRUCTURE_LITERAL,,,False
app/engine_strategy/strategy_decision.py,63:requires_risk_review,False,requires_risk_review,module_or_model_default,runtime,POLICY_VALUE_MUST_MOVE_TO_YAML,RESOLVED_BY_CANONICAL_REGISTRY,SEE_CANONICAL_REGISTRY,False
app/engine_strategy/strategy_decision.py,76:strategy_cap_applied,False,strategy_cap_applied,module_or_model_default,runtime,ALGORITHM_STRUCTURE_LITERAL,,,False
app/engine_strategy/strategy_reason_codes.py,7:STRATEGY_ALLOW_GOOD_SETUP,'STRATEGY_ALLOW_GOOD_SETUP',STRATEGY_ALLOW_GOOD_SETUP,module_or_model_default,runtime,ALGORITHM_STRUCTURE_LITERAL,,,False
app/engine_strategy/strategy_reason_codes.py,8:STRATEGY_ALLOW_ACCEPTABLE_SETUP,'STRATEGY_ALLOW_ACCEPTABLE_SETUP',STRATEGY_ALLOW_ACCEPTABLE_SETUP,module_or_model_default,runtime,ALGORITHM_STRUCTURE_LITERAL,,,False
app/engine_strategy/strategy_reason_codes.py,9:STRATEGY_REJECT_NO_SETUP,'STRATEGY_REJECT_NO_SETUP',STRATEGY_REJECT_NO_SETUP,module_or_model_default,runtime,ALGORITHM_STRUCTURE_LITERAL,,,False
app/engine_strategy/strategy_reason_codes.py,10:STRATEGY_REJECT_SETUP_INVALID,'STRATEGY_REJECT_SETUP_INVALID',STRATEGY_REJECT_SETUP_INVALID,module_or_model_default,runtime,IDENTITY_OR_PROTOCOL_LITERAL,,,False
app/engine_strategy/strategy_reason_codes.py,11:STRATEGY_REJECT_WEAK_QUALITY,'STRATEGY_REJECT_WEAK_QUALITY',STRATEGY_REJECT_WEAK_QUALITY,module_or_model_default,runtime,ALGORITHM_STRUCTURE_LITERAL,,,False
app/engine_strategy/strategy_reason_codes.py,12:STRATEGY_REJECT_POOR_OR_INVALID_QUALITY,'STRATEGY_REJECT_POOR_OR_INVALID_QUALITY',STRATEGY_REJECT_POOR_OR_INVALID_QUALITY,module_or_model_default,runtime,IDENTITY_OR_PROTOCOL_LITERAL,,,False
app/engine_strategy/strategy_reason_codes.py,13:STRATEGY_REJECT_UNKNOWN_QUALITY,'STRATEGY_REJECT_UNKNOWN_QUALITY',STRATEGY_REJECT_UNKNOWN_QUALITY,module_or_model_default,runtime,ALGORITHM_STRUCTURE_LITERAL,,,False
app/engine_strategy/strategy_reason_codes.py,14:STRATEGY_REJECT_NEUTRAL_DIRECTION,'STRATEGY_REJECT_NEUTRAL_DIRECTION',STRATEGY_REJECT_NEUTRAL_DIRECTION,module_or_model_default,runtime,ALGORITHM_STRUCTURE_LITERAL,,,False
app/engine_strategy/strategy_reason_codes.py,15:STRATEGY_REJECT_UNSUPPORTED_SETUP_TYPE,'STRATEGY_REJECT_UNSUPPORTED_SETUP_TYPE',STRATEGY_REJECT_UNSUPPORTED_SETUP_TYPE,module_or_model_default,runtime,ALGORITHM_STRUCTURE_LITERAL,,,False
app/engine_strategy/strategy_reason_codes.py,16:STRATEGY_REJECT_HARD_INVALIDATION,'STRATEGY_REJECT_HARD_INVALIDATION',STRATEGY_REJECT_HARD_INVALIDATION,module_or_model_default,runtime,IDENTITY_OR_PROTOCOL_LITERAL,,,False
app/engine_strategy/strategy_reason_codes.py,17:STRATEGY_REJECT_CONFLICTING_CONTEXT,'STRATEGY_REJECT_CONFLICTING_CONTEXT',STRATEGY_REJECT_CONFLICTING_CONTEXT,module_or_model_default,runtime,ALGORITHM_STRUCTURE_LITERAL,,,False
app/engine_strategy/strategy_reason_codes.py,18:STRATEGY_WAIT_FOR_CONFIRMATION,'STRATEGY_WAIT_FOR_CONFIRMATION',STRATEGY_WAIT_FOR_CONFIRMATION,module_or_model_default,runtime,ALGORITHM_STRUCTURE_LITERAL,,,False
app/engine_strategy/strategy_reason_codes.py,19:STRATEGY_WAIT_WEAK_BUT_STRUCTURED,'STRATEGY_WAIT_WEAK_BUT_STRUCTURED',STRATEGY_WAIT_WEAK_BUT_STRUCTURED,module_or_model_default,runtime,ALGORITHM_STRUCTURE_LITERAL,,,False
app/engine_strategy/strategy_reason_codes.py,20:STRATEGY_NO_DECISION_NO_SETUP,'STRATEGY_NO_DECISION_NO_SETUP',STRATEGY_NO_DECISION_NO_SETUP,module_or_model_default,runtime,ALGORITHM_STRUCTURE_LITERAL,,,False
app/engine_strategy/strategy_reason_codes.py,21:STRATEGY_ERROR_PROCESSING_FAILED,'STRATEGY_ERROR_PROCESSING_FAILED',STRATEGY_ERROR_PROCESSING_FAILED,module_or_model_default,runtime,ALGORITHM_STRUCTURE_LITERAL,,,False
app/engine_strategy/strategy_reason_codes.py,22:STRATEGY_NO_FUTURE_BARS_USED,'STRATEGY_NO_FUTURE_BARS_USED',STRATEGY_NO_FUTURE_BARS_USED,module_or_model_default,runtime,ALGORITHM_STRUCTURE_LITERAL,,,False
app/engine_strategy/strategy_reason_codes.py,23:STRATEGY_NOT_EXECUTABLE,'STRATEGY_NOT_EXECUTABLE',STRATEGY_NOT_EXECUTABLE,module_or_model_default,runtime,ALGORITHM_STRUCTURE_LITERAL,,,False
app/engine_strategy/strategy_reason_codes.py,24:STRATEGY_REQUIRES_RISK_REVIEW,'STRATEGY_REQUIRES_RISK_REVIEW',STRATEGY_REQUIRES_RISK_REVIEW,module_or_model_default,runtime,POLICY_VALUE_MUST_MOVE_TO_YAML,RESOLVED_BY_CANONICAL_REGISTRY,SEE_CANONICAL_REGISTRY,False
app/engine_strategy/strategy_status.py,7:ALLOW_RESEARCH_TRADE_PLAN,'ALLOW_RESEARCH_TRADE_PLAN',ALLOW_RESEARCH_TRADE_PLAN,module_or_model_default,runtime,ALGORITHM_STRUCTURE_LITERAL,,,False
app/engine_strategy/strategy_status.py,8:REJECT,'REJECT',REJECT,module_or_model_default,runtime,ALGORITHM_STRUCTURE_LITERAL,,,False
app/engine_strategy/strategy_status.py,9:WAIT,'WAIT',WAIT,module_or_model_default,runtime,ALGORITHM_STRUCTURE_LITERAL,,,False
app/engine_strategy/strategy_status.py,10:NO_DECISION,'NO_DECISION',NO_DECISION,module_or_model_default,runtime,ALGORITHM_STRUCTURE_LITERAL,,,False
app/engine_strategy/strategy_status.py,11:ERROR,'ERROR',ERROR,module_or_model_default,runtime,ALGORITHM_STRUCTURE_LITERAL,,,False
app/engine_strategy/strategy_status.py,15:GOOD,'GOOD',GOOD,module_or_model_default,runtime,ALGORITHM_STRUCTURE_LITERAL,,,False
app/engine_strategy/strategy_status.py,16:ACCEPTABLE,'ACCEPTABLE',ACCEPTABLE,module_or_model_default,runtime,ALGORITHM_STRUCTURE_LITERAL,,,False
app/engine_strategy/strategy_status.py,17:WEAK,'WEAK',WEAK,module_or_model_default,runtime,ALGORITHM_STRUCTURE_LITERAL,,,False
app/engine_strategy/strategy_status.py,18:REJECTED,'REJECTED',REJECTED,module_or_model_default,runtime,ALGORITHM_STRUCTURE_LITERAL,,,False
app/engine_strategy/strategy_status.py,19:WAITING,'WAITING',WAITING,module_or_model_default,runtime,ALGORITHM_STRUCTURE_LITERAL,,,False
app/engine_strategy/strategy_status.py,20:UNKNOWN,'UNKNOWN',UNKNOWN,module_or_model_default,runtime,ALGORITHM_STRUCTURE_LITERAL,,,False
app/engine_strategy/strategy_status.py,21:ERROR,'ERROR',ERROR,module_or_model_default,runtime,ALGORITHM_STRUCTURE_LITERAL,,,False
app/engine_strategy/strategy_store.py,39:limit,100,limit,function_default,runtime,POLICY_VALUE_MUST_MOVE_TO_YAML,RESOLVED_BY_CANONICAL_REGISTRY,SEE_CANONICAL_REGISTRY,False
app/engine_strategy/strategy_type.py,7:SCALP_TREND_PULLBACK_RESEARCH,'SCALP_TREND_PULLBACK_RESEARCH',SCALP_TREND_PULLBACK_RESEARCH,module_or_model_default,runtime,ALGORITHM_STRUCTURE_LITERAL,,,False
app/engine_strategy/strategy_type.py,8:SCALP_BREAKOUT_RESEARCH,'SCALP_BREAKOUT_RESEARCH',SCALP_BREAKOUT_RESEARCH,module_or_model_default,runtime,ALGORITHM_STRUCTURE_LITERAL,,,False
app/engine_strategy/strategy_type.py,9:SCALP_BREAKOUT_RETEST_RESEARCH,'SCALP_BREAKOUT_RETEST_RESEARCH',SCALP_BREAKOUT_RETEST_RESEARCH,module_or_model_default,runtime,ALGORITHM_STRUCTURE_LITERAL,,,False
app/engine_strategy/strategy_type.py,10:SCALP_RANGE_BOUNCE_RESEARCH,'SCALP_RANGE_BOUNCE_RESEARCH',SCALP_RANGE_BOUNCE_RESEARCH,module_or_model_default,runtime,ALGORITHM_STRUCTURE_LITERAL,,,False
app/engine_strategy/strategy_type.py,11:SCALP_LIQUIDITY_SWEEP_RESEARCH,'SCALP_LIQUIDITY_SWEEP_RESEARCH',SCALP_LIQUIDITY_SWEEP_RESEARCH,module_or_model_default,runtime,IDENTITY_OR_PROTOCOL_LITERAL,,,False
app/engine_strategy/strategy_type.py,12:SCALP_MOMENTUM_CONTINUATION_RESEARCH,'SCALP_MOMENTUM_CONTINUATION_RESEARCH',SCALP_MOMENTUM_CONTINUATION_RESEARCH,module_or_model_default,runtime,ALGORITHM_STRUCTURE_LITERAL,,,False
app/engine_strategy/strategy_type.py,13:SCALP_COMPRESSION_BREAK_RESEARCH,'SCALP_COMPRESSION_BREAK_RESEARCH',SCALP_COMPRESSION_BREAK_RESEARCH,module_or_model_default,runtime,ALGORITHM_STRUCTURE_LITERAL,,,False
app/engine_strategy/strategy_type.py,14:TREND_CONTINUATION_RESEARCH,'TREND_CONTINUATION_RESEARCH',TREND_CONTINUATION_RESEARCH,module_or_model_default,runtime,ALGORITHM_STRUCTURE_LITERAL,,,False
app/engine_strategy/strategy_type.py,15:BREAKOUT_CONTINUATION_RESEARCH,'BREAKOUT_CONTINUATION_RESEARCH',BREAKOUT_CONTINUATION_RESEARCH,module_or_model_default,runtime,ALGORITHM_STRUCTURE_LITERAL,,,False
app/engine_strategy/strategy_type.py,16:PULLBACK_CONTINUATION_RESEARCH,'PULLBACK_CONTINUATION_RESEARCH',PULLBACK_CONTINUATION_RESEARCH,module_or_model_default,runtime,ALGORITHM_STRUCTURE_LITERAL,,,False
app/engine_strategy/strategy_type.py,17:RANGE_REJECTION_RESEARCH,'RANGE_REJECTION_RESEARCH',RANGE_REJECTION_RESEARCH,module_or_model_default,runtime,ALGORITHM_STRUCTURE_LITERAL,,,False
app/engine_strategy/strategy_type.py,18:FALSE_BREAKOUT_REVERSAL_RESEARCH,'FALSE_BREAKOUT_REVERSAL_RESEARCH',FALSE_BREAKOUT_REVERSAL_RESEARCH,module_or_model_default,runtime,ALGORITHM_STRUCTURE_LITERAL,,,False
app/engine_strategy/strategy_type.py,19:MOMENTUM_EXHAUSTION_RESEARCH,'MOMENTUM_EXHAUSTION_RESEARCH',MOMENTUM_EXHAUSTION_RESEARCH,module_or_model_default,runtime,ALGORITHM_STRUCTURE_LITERAL,,,False
app/engine_strategy/strategy_type.py,20:NO_STRATEGY,'NO_STRATEGY',NO_STRATEGY,module_or_model_default,runtime,ALGORITHM_STRUCTURE_LITERAL,,,False
app/i18n/catalog.py,13:RU,'ru',RU,module_or_model_default,runtime,ALGORITHM_STRUCTURE_LITERAL,,,False
app/i18n/catalog.py,14:EN,'en',EN,module_or_model_default,runtime,ALGORITHM_STRUCTURE_LITERAL,,,False
app/i18n/service.py,12:SCHEMA_VERSION,'traders-i18n/1',SCHEMA_VERSION,module_or_model_default,runtime,IDENTITY_OR_PROTOCOL_LITERAL,,,False
app/i18n/service.py,15:MAX_KEYS,2000,MAX_KEYS,module_or_model_default,runtime,IDENTITY_OR_PROTOCOL_LITERAL,,,False
app/i18n/service.py,16:MAX_KEY_LENGTH,160,MAX_KEY_LENGTH,module_or_model_default,runtime,IDENTITY_OR_PROTOCOL_LITERAL,,,False
app/i18n/service.py,17:MAX_VALUE_LENGTH,4096,MAX_VALUE_LENGTH,module_or_model_default,runtime,POLICY_VALUE_MUST_MOVE_TO_YAML,RESOLVED_BY_CANONICAL_REGISTRY,SEE_CANONICAL_REGISTRY,False
app/instrument_constraints/registry.py,19:REGISTRY_VERSION,'trading-universe-v2-binance-spot-quantity-constraints-v1',REGISTRY_VERSION,module_or_model_default,runtime,IDENTITY_OR_PROTOCOL_LITERAL,,,False
app/instrument_constraints/registry.py,20:UNIVERSE_ID,'trading-universe-v2',UNIVERSE_ID,module_or_model_default,runtime,IDENTITY_OR_PROTOCOL_LITERAL,,,False
app/instrument_constraints/registry.py,21:MARKET_TYPE,'BINANCE_SPOT',MARKET_TYPE,module_or_model_default,runtime,ALGORITHM_STRUCTURE_LITERAL,,,False
app/instrument_constraints/registry.py,22:SOURCE_ENDPOINT_KIND,'GET /api/v3/exchangeInfo?symbols=<exact-universe>',SOURCE_ENDPOINT_KIND,module_or_model_default,runtime,ALGORITHM_STRUCTURE_LITERAL,,,False
app/instrument_constraints/registry.py,23:SOURCE_OBSERVED_AT_UTC,'2026-08-14T21:32:26.053Z',SOURCE_OBSERVED_AT_UTC,module_or_model_default,runtime,ALGORITHM_STRUCTURE_LITERAL,,,False
app/instrument_constraints/registry.py,24:SOURCE_SNAPSHOT_SHA256,'9137b071376d8376970aea0e233eea06c3239644f5412bcc05cbfd6eab3207b4',SOURCE_SNAPSHOT_SHA256,module_or_model_default,runtime,ALGORITHM_STRUCTURE_LITERAL,,,False
app/observability/stability_models.py,9:SUCCESS,'SUCCESS',SUCCESS,module_or_model_default,runtime,ALGORITHM_STRUCTURE_LITERAL,,,False
app/observability/stability_models.py,10:HTTP_ERROR,'HTTP_ERROR',HTTP_ERROR,module_or_model_default,runtime,ALGORITHM_STRUCTURE_LITERAL,,,False
app/observability/stability_models.py,11:TIMEOUT,'TIMEOUT',TIMEOUT,module_or_model_default,runtime,POLICY_VALUE_MUST_MOVE_TO_YAML,RESOLVED_BY_CANONICAL_REGISTRY,SEE_CANONICAL_REGISTRY,False
app/observability/stability_models.py,12:CONNECTION_ERROR,'CONNECTION_ERROR',CONNECTION_ERROR,module_or_model_default,runtime,ALGORITHM_STRUCTURE_LITERAL,,,False
app/observability/stability_models.py,13:PARSE_ERROR,'PARSE_ERROR',PARSE_ERROR,module_or_model_default,runtime,ALGORITHM_STRUCTURE_LITERAL,,,False
app/observability/stability_models.py,17:CURRENT,'CURRENT',CURRENT,module_or_model_default,runtime,ALGORITHM_STRUCTURE_LITERAL,,,False
app/observability/stability_models.py,18:WITHIN_GRACE,'WITHIN_GRACE',WITHIN_GRACE,module_or_model_default,runtime,ALGORITHM_STRUCTURE_LITERAL,,,False
app/observability/stability_models.py,19:DEADLINE_EXPIRED,'DEADLINE_EXPIRED',DEADLINE_EXPIRED,module_or_model_default,runtime,ALGORITHM_STRUCTURE_LITERAL,,,False
app/observability/stability_models.py,20:DEGRADED,'DEGRADED',DEGRADED,module_or_model_default,runtime,ALGORITHM_STRUCTURE_LITERAL,,,False
app/observability/stability_models.py,21:UNKNOWN,'UNKNOWN',UNKNOWN,module_or_model_default,runtime,ALGORITHM_STRUCTURE_LITERAL,,,False
app/observability/stability_models.py,25:CLASSIFIED_CURRENT,'CLASSIFIED_CURRENT',CLASSIFIED_CURRENT,module_or_model_default,runtime,ALGORITHM_STRUCTURE_LITERAL,,,False
app/observability/stability_models.py,26:CLASSIFIED_WITHIN_GRACE,'CLASSIFIED_WITHIN_GRACE',CLASSIFIED_WITHIN_GRACE,module_or_model_default,runtime,ALGORITHM_STRUCTURE_LITERAL,,,False
app/observability/stability_models.py,27:CLASSIFIED_DEADLINE_EXPIRED,'CLASSIFIED_DEADLINE_EXPIRED',CLASSIFIED_DEADLINE_EXPIRED,module_or_model_default,runtime,ALGORITHM_STRUCTURE_LITERAL,,,False
app/observability/stability_models.py,28:CLASSIFIED_DEGRADED,'CLASSIFIED_DEGRADED',CLASSIFIED_DEGRADED,module_or_model_default,runtime,ALGORITHM_STRUCTURE_LITERAL,,,False
app/observability/stability_models.py,29:GENUINELY_UNKNOWN_RUNTIME_STATE,'GENUINELY_UNKNOWN_RUNTIME_STATE',GENUINELY_UNKNOWN_RUNTIME_STATE,module_or_model_default,runtime,ALGORITHM_STRUCTURE_LITERAL,,,False
app/observability/stability_models.py,30:CONTRADICTORY_HEALTH_SIGNALS,'CONTRADICTORY_HEALTH_SIGNALS',CONTRADICTORY_HEALTH_SIGNALS,module_or_model_default,runtime,ALGORITHM_STRUCTURE_LITERAL,,,False
app/observability/stability_models.py,31:REQUIRED_HEALTH_FIELD_MISSING,'REQUIRED_HEALTH_FIELD_MISSING',REQUIRED_HEALTH_FIELD_MISSING,module_or_model_default,runtime,ALGORITHM_STRUCTURE_LITERAL,,,False
app/observability/stability_models.py,32:HEALTH_FIELD_TYPE_MISMATCH,'HEALTH_FIELD_TYPE_MISMATCH',HEALTH_FIELD_TYPE_MISMATCH,module_or_model_default,runtime,ALGORITHM_STRUCTURE_LITERAL,,,False
app/observability/stability_models.py,33:UNKNOWN_HEALTH_ENUM,'UNKNOWN_HEALTH_ENUM',UNKNOWN_HEALTH_ENUM,module_or_model_default,runtime,ALGORITHM_STRUCTURE_LITERAL,,,False
app/observability/stability_models.py,34:INVALID_HEALTH_ROOT_TYPE,'INVALID_HEALTH_ROOT_TYPE',INVALID_HEALTH_ROOT_TYPE,module_or_model_default,runtime,IDENTITY_OR_PROTOCOL_LITERAL,,,False
app/observability/stability_models.py,35:HEALTH_JSON_PARSE_FAILED,'HEALTH_JSON_PARSE_FAILED',HEALTH_JSON_PARSE_FAILED,module_or_model_default,runtime,ALGORITHM_STRUCTURE_LITERAL,,,False
app/observability/stability_models.py,36:NOT_APPLICABLE,'NOT_APPLICABLE',NOT_APPLICABLE,module_or_model_default,runtime,ALGORITHM_STRUCTURE_LITERAL,,,False
app/observability/stability_models.py,40:NORMAL,'NORMAL',NORMAL,module_or_model_default,runtime,ALGORITHM_STRUCTURE_LITERAL,,,False
app/observability/stability_models.py,41:BOUNDARY,'BOUNDARY',BOUNDARY,module_or_model_default,runtime,ALGORITHM_STRUCTURE_LITERAL,,,False
app/observability/stability_models.py,42:NORMAL_AFTER_BOUNDARY,'NORMAL_AFTER_BOUNDARY',NORMAL_AFTER_BOUNDARY,module_or_model_default,runtime,ALGORITHM_STRUCTURE_LITERAL,,,False
app/observability/stability_models.py,86:classifier_branch_id,'CLASSIFIER_NOT_APPLICABLE',classifier_branch_id,module_or_model_default,runtime,IDENTITY_OR_PROTOCOL_LITERAL,,,False
app/observability/stability_models.py,106:max_normal_lateness_seconds,0.0,max_normal_lateness_seconds,module_or_model_default,runtime,POLICY_VALUE_MUST_MOVE_TO_YAML,RESOLVED_BY_CANONICAL_REGISTRY,SEE_CANONICAL_REGISTRY,False
app/observability/stability_models.py,107:max_boundary_lateness_seconds,0.0,max_boundary_lateness_seconds,module_or_model_default,runtime,POLICY_VALUE_MUST_MOVE_TO_YAML,RESOLVED_BY_CANONICAL_REGISTRY,SEE_CANONICAL_REGISTRY,False
app/observability/stability_models.py,125:observer_restarts,0,observer_restarts,module_or_model_default,runtime,ALGORITHM_STRUCTURE_LITERAL,,,False
app/observability/stability_models.py,126:partial_windows_concatenated,False,partial_windows_concatenated,module_or_model_default,runtime,POLICY_VALUE_MUST_MOVE_TO_YAML,RESOLVED_BY_CANONICAL_REGISTRY,SEE_CANONICAL_REGISTRY,False
app/observability/stability_schedule.py,14:NANOSECONDS,1000000000,NANOSECONDS,module_or_model_default,runtime,ALGORITHM_STRUCTURE_LITERAL,,,False
app/observability/stability_schedule.py,40:sample_index,0,sample_index,module_or_model_default,runtime,POLICY_VALUE_MUST_MOVE_TO_YAML,RESOLVED_BY_CANONICAL_REGISTRY,SEE_CANONICAL_REGISTRY,False
app/operator_control/app.py,53:consumed,0,consumed,module_or_model_default,runtime,ALGORITHM_STRUCTURE_LITERAL,,,False
app/operator_control/auth.py,13:CONTROL_STATUS_READ,'paper.control.status.read',CONTROL_STATUS_READ,module_or_model_default,runtime,IDENTITY_OR_PROTOCOL_LITERAL,,,False
app/operator_control/auth.py,14:CANARY_STATUS_READ,'paper.canary.status.read',CANARY_STATUS_READ,module_or_model_default,runtime,IDENTITY_OR_PROTOCOL_LITERAL,,,False
app/operator_control/auth.py,15:CANARY_ARM,'paper.canary.arm',CANARY_ARM,module_or_model_default,runtime,ALGORITHM_STRUCTURE_LITERAL,,,False
app/operator_control/auth.py,16:CANARY_START,'paper.canary.start',CANARY_START,module_or_model_default,runtime,ALGORITHM_STRUCTURE_LITERAL,,,False
app/operator_control/auth.py,17:CONTROL_DISABLE,'paper.control.disable',CONTROL_DISABLE,module_or_model_default,runtime,ALGORITHM_STRUCTURE_LITERAL,,,False
app/operator_control/auth.py,18:CONTROL_EMERGENCY_STOP,'paper.control.emergency_stop',CONTROL_EMERGENCY_STOP,module_or_model_default,runtime,ALGORITHM_STRUCTURE_LITERAL,,,False
app/operator_control/auth.py,19:CONTROL_CLEAR_EMERGENCY_STOP,'paper.control.clear_emergency_stop',CONTROL_CLEAR_EMERGENCY_STOP,module_or_model_default,runtime,ALGORITHM_STRUCTURE_LITERAL,,,False
app/operator_control/auth.py,20:PAPER_POSITION_RECOVERY_CLOSE,'paper.position.recovery_close',PAPER_POSITION_RECOVERY_CLOSE,module_or_model_default,runtime,ALGORITHM_STRUCTURE_LITERAL,,,False
app/operator_control/config.py,9:CONTROL_API_VERSION,'1',CONTROL_API_VERSION,module_or_model_default,runtime,IDENTITY_OR_PROTOCOL_LITERAL,,,False
app/operator_control/config.py,10:DEFAULT_BIND_HOST,'127.0.0.1',DEFAULT_BIND_HOST,module_or_model_default,runtime,ALGORITHM_STRUCTURE_LITERAL,,,False
app/operator_control/config.py,11:DEFAULT_PORT,8766,DEFAULT_PORT,module_or_model_default,runtime,ALGORITHM_STRUCTURE_LITERAL,,,False
app/operator_control/config.py,13:READONLY_API_PORT,8765,READONLY_API_PORT,module_or_model_default,runtime,ALGORITHM_STRUCTURE_LITERAL,,,False
app/operator_control/config.py,14:DEFAULT_MOBILE_PORT,8767,DEFAULT_MOBILE_PORT,module_or_model_default,runtime,ALGORITHM_STRUCTURE_LITERAL,,,False
app/operator_control/config.py,15:SIGNED_REQUEST_MAX_AGE_SECONDS,120,SIGNED_REQUEST_MAX_AGE_SECONDS,module_or_model_default,runtime,POLICY_VALUE_MUST_MOVE_TO_YAML,RESOLVED_BY_CANONICAL_REGISTRY,SEE_CANONICAL_REGISTRY,False
app/operator_control/config.py,16:SIGNED_REQUEST_MAX_FUTURE_SKEW_SECONDS,30,SIGNED_REQUEST_MAX_FUTURE_SKEW_SECONDS,module_or_model_default,runtime,POLICY_VALUE_MUST_MOVE_TO_YAML,RESOLVED_BY_CANONICAL_REGISTRY,SEE_CANONICAL_REGISTRY,False
app/operator_control/config.py,17:REPLAY_RETENTION_SECONDS,86400,REPLAY_RETENTION_SECONDS,module_or_model_default,runtime,ALGORITHM_STRUCTURE_LITERAL,,,False
app/operator_control/config.py,21:OPERATOR_LOOPBACK_BEARER,'operator_loopback_bearer',OPERATOR_LOOPBACK_BEARER,module_or_model_default,runtime,ALGORITHM_STRUCTURE_LITERAL,,,False
app/operator_control/config.py,22:MOBILE_DEVICE_SIGNED_TLS,'mobile_device_signed_tls',MOBILE_DEVICE_SIGNED_TLS,module_or_model_default,runtime,ALGORITHM_STRUCTURE_LITERAL,,,False
app/operator_control/config.py,26:DISABLED_FOUNDATION,'DISABLED_FOUNDATION',DISABLED_FOUNDATION,module_or_model_default,runtime,ALGORITHM_STRUCTURE_LITERAL,,,False
app/operator_control/config.py,27:ISOLATED_CONTROL_ROOT,'ISOLATED_CONTROL_ROOT',ISOLATED_CONTROL_ROOT,module_or_model_default,runtime,ALGORITHM_STRUCTURE_LITERAL,,,False
app/operator_control/config.py,28:PRODUCTION_PAPER,'PRODUCTION_PAPER',PRODUCTION_PAPER,module_or_model_default,runtime,ALGORITHM_STRUCTURE_LITERAL,,,False
app/operator_control/config.py,33:enabled,False,enabled,module_or_model_default,runtime,ALGORITHM_STRUCTURE_LITERAL,,,False
app/operator_control/config.py,39:environment,'PRODUCTION',environment,module_or_model_default,runtime,ALGORITHM_STRUCTURE_LITERAL,,,False
app/operator_control/config.py,40:mode,'PAPER',mode,module_or_model_default,runtime,IDENTITY_OR_PROTOCOL_LITERAL,,,False
app/operator_control/config.py,41:live_allowed,False,live_allowed,module_or_model_default,runtime,ALGORITHM_STRUCTURE_LITERAL,,,False
app/operator_control/config.py,42:docs_enabled,False,docs_enabled,module_or_model_default,runtime,ALGORITHM_STRUCTURE_LITERAL,,,False
app/operator_control/config.py,45:tls_enabled,False,tls_enabled,module_or_model_default,runtime,ALGORITHM_STRUCTURE_LITERAL,,,False
app/operator_control/config.py,50:mobile_persistence_configured,False,mobile_persistence_configured,module_or_model_default,runtime,ALGORITHM_STRUCTURE_LITERAL,,,False
app/operator_control/config.py,51:allow_test_mobile_plaintext,False,allow_test_mobile_plaintext,module_or_model_default,runtime,ALGORITHM_STRUCTURE_LITERAL,,,False
app/operator_control/continuation_worker.py,33:POLL_SECONDS_ENV,'TRADERS_FIRST_CANARY_CONTINUATION_POLL_SECONDS',POLL_SECONDS_ENV,module_or_model_default,runtime,POLICY_VALUE_MUST_MOVE_TO_YAML,RESOLVED_BY_CANONICAL_REGISTRY,SEE_CANONICAL_REGISTRY,False
app/operator_control/continuation_worker.py,34:DEFAULT_POLL_SECONDS,5.0,DEFAULT_POLL_SECONDS,module_or_model_default,runtime,POLICY_VALUE_MUST_MOVE_TO_YAML,RESOLVED_BY_CANONICAL_REGISTRY,SEE_CANONICAL_REGISTRY,False
app/operator_control/continuation_worker.py,35:MIN_POLL_SECONDS,5.0,MIN_POLL_SECONDS,module_or_model_default,runtime,POLICY_VALUE_MUST_MOVE_TO_YAML,RESOLVED_BY_CANONICAL_REGISTRY,SEE_CANONICAL_REGISTRY,False
app/operator_control/continuation_worker.py,36:MAX_POLL_SECONDS,3600.0,MAX_POLL_SECONDS,module_or_model_default,runtime,POLICY_VALUE_MUST_MOVE_TO_YAML,RESOLVED_BY_CANONICAL_REGISTRY,SEE_CANONICAL_REGISTRY,False
app/operator_control/deployment.py,17:SERVICE,'operator-control-api',SERVICE,module_or_model_default,runtime,ALGORITHM_STRUCTURE_LITERAL,,,False
app/operator_control/deployment.py,18:IMAGE,'traders-operator-control-api:production-v1',IMAGE,module_or_model_default,runtime,ALGORITHM_STRUCTURE_LITERAL,,,False
app/operator_control/deployment.py,19:IDENTITY_LABEL,'org.opencontainers.image.revision',IDENTITY_LABEL,module_or_model_default,runtime,IDENTITY_OR_PROTOCOL_LITERAL,,,False
app/operator_control/deployment.py,21:PROBE_SCRIPT,'/service/scripts/control_api_runtime_probe.py',PROBE_SCRIPT,module_or_model_default,runtime,ALGORITHM_STRUCTURE_LITERAL,,,False
app/operator_control/deployment.py,44:control_health,'HEALTHY',control_health,module_or_model_default,runtime,ALGORITHM_STRUCTURE_LITERAL,,,False
app/operator_control/deployment.py,45:audit_health,'PASS',audit_health,module_or_model_default,runtime,ALGORITHM_STRUCTURE_LITERAL,,,False
app/operator_control/mobile_security.py,33:SCHEME,'traders-control-mobile-v1',SCHEME,module_or_model_default,runtime,ALGORITHM_STRUCTURE_LITERAL,,,False
app/operator_control/mobile_security.py,34:ALGORITHM,'ECDSA_P256_SHA256',ALGORITHM,module_or_model_default,runtime,ALGORITHM_STRUCTURE_LITERAL,,,False
app/operator_control/mobile_security.py,35:HEADER_SCHEME,'x-traders-control-scheme',HEADER_SCHEME,module_or_model_default,runtime,ALGORITHM_STRUCTURE_LITERAL,,,False
app/operator_control/mobile_security.py,36:HEADER_DEVICE_ID,'x-traders-device-id',HEADER_DEVICE_ID,module_or_model_default,runtime,IDENTITY_OR_PROTOCOL_LITERAL,,,False
app/operator_control/mobile_security.py,37:HEADER_KEY_VERSION,'x-traders-key-version',HEADER_KEY_VERSION,module_or_model_default,runtime,IDENTITY_OR_PROTOCOL_LITERAL,,,False
app/operator_control/mobile_security.py,38:HEADER_ISSUED_AT,'x-traders-issued-at',HEADER_ISSUED_AT,module_or_model_default,runtime,ALGORITHM_STRUCTURE_LITERAL,,,False
app/operator_control/mobile_security.py,39:HEADER_NONCE,'x-traders-nonce',HEADER_NONCE,module_or_model_default,runtime,ALGORITHM_STRUCTURE_LITERAL,,,False
app/operator_control/mobile_security.py,40:HEADER_REQUEST_ID,'x-traders-request-id',HEADER_REQUEST_ID,module_or_model_default,runtime,IDENTITY_OR_PROTOCOL_LITERAL,,,False
app/operator_control/mobile_security.py,41:HEADER_ACTION,'x-traders-action',HEADER_ACTION,module_or_model_default,runtime,ALGORITHM_STRUCTURE_LITERAL,,,False
app/operator_control/mobile_security.py,42:HEADER_EXPECTED_GENERATION,'x-traders-expected-generation',HEADER_EXPECTED_GENERATION,module_or_model_default,runtime,ALGORITHM_STRUCTURE_LITERAL,,,False
app/operator_control/mobile_security.py,43:HEADER_SIGNATURE,'x-traders-signature',HEADER_SIGNATURE,module_or_model_default,runtime,ALGORITHM_STRUCTURE_LITERAL,,,False
app/operator_control/mobile_security.py,198:count,0,count,module_or_model_default,runtime,ALGORITHM_STRUCTURE_LITERAL,,,False
app/operator_control/production_executor.py,76:FOUNDATION_SIMULATION_POLICY_ID,'simulation:foundation:v1',FOUNDATION_SIMULATION_POLICY_ID,module_or_model_default,runtime,IDENTITY_OR_PROTOCOL_LITERAL,,,False
app/operator_control/production_executor.py,77:SCALPING_V2_SIMULATION_POLICY_ID,'simulation:scalping-v2:foundation:v1',SCALPING_V2_SIMULATION_POLICY_ID,module_or_model_default,runtime,IDENTITY_OR_PROTOCOL_LITERAL,,,False
app/operator_control/production_executor.py,78:SCALPING_V2_REFINEMENT_SIMULATION_POLICY_ID,'simulation:scalping-v2:1m-entry-refinement:v1',SCALPING_V2_REFINEMENT_SIMULATION_POLICY_ID,module_or_model_default,runtime,IDENTITY_OR_PROTOCOL_LITERAL,,,False
app/operator_control/production_executor.py,110:market_data_ready,False,market_data_ready,module_or_model_default,runtime,ALGORITHM_STRUCTURE_LITERAL,,,False
app/operator_control/production_executor.py,111:approval_source_ready,False,approval_source_ready,module_or_model_default,runtime,ALGORITHM_STRUCTURE_LITERAL,,,False
app/operator_control/production_executor.py,112:wal_ready,False,wal_ready,module_or_model_default,runtime,ALGORITHM_STRUCTURE_LITERAL,,,False
app/operator_control/production_executor.py,113:pitr_ready,False,pitr_ready,module_or_model_default,runtime,ALGORITHM_STRUCTURE_LITERAL,,,False
app/operator_control/production_executor.py,114:live_disabled,True,live_disabled,module_or_model_default,runtime,ALGORITHM_STRUCTURE_LITERAL,,,False
app/operator_control/production_executor.py,116:snapshot_authoritative,True,snapshot_authoritative,module_or_model_default,runtime,ALGORITHM_STRUCTURE_LITERAL,,,False
app/operator_control/production_executor.py,118:reason_source,'READONLY_PAPER_READINESS_CURRENT_SNAPSHOT',reason_source,module_or_model_default,runtime,ALGORITHM_STRUCTURE_LITERAL,,,False
app/operator_control/production_executor.py,436:authoritative_refinement_ready,False,authoritative_refinement_ready,module_or_model_default,runtime,ALGORITHM_STRUCTURE_LITERAL,,,False
app/operator_control/production_executor.py,614:attempt_recorded,False,attempt_recorded,module_or_model_default,runtime,ALGORITHM_STRUCTURE_LITERAL,,,False
app/operator_control/production_executor.py,620:attempt_recorded,True,attempt_recorded,module_or_model_default,runtime,ALGORITHM_STRUCTURE_LITERAL,,,False
app/operator_control/production_lifecycle_worker.py,79:DEFAULT_POLL_SECONDS,10.0,DEFAULT_POLL_SECONDS,module_or_model_default,runtime,POLICY_VALUE_MUST_MOVE_TO_YAML,RESOLVED_BY_CANONICAL_REGISTRY,SEE_CANONICAL_REGISTRY,False
app/operator_control/production_lifecycle_worker.py,80:MIN_POLL_SECONDS,5.0,MIN_POLL_SECONDS,module_or_model_default,runtime,POLICY_VALUE_MUST_MOVE_TO_YAML,RESOLVED_BY_CANONICAL_REGISTRY,SEE_CANONICAL_REGISTRY,False
app/operator_control/production_lifecycle_worker.py,81:MAX_POLL_SECONDS,60.0,MAX_POLL_SECONDS,module_or_model_default,runtime,POLICY_VALUE_MUST_MOVE_TO_YAML,RESOLVED_BY_CANONICAL_REGISTRY,SEE_CANONICAL_REGISTRY,False
app/operator_control/production_lifecycle_worker.py,82:MAX_CANDLES,512,MAX_CANDLES,module_or_model_default,runtime,POLICY_VALUE_MUST_MOVE_TO_YAML,RESOLVED_BY_CANONICAL_REGISTRY,SEE_CANONICAL_REGISTRY,False
app/operator_control/production_lifecycle_worker.py,230:report_available,False,report_available,module_or_model_default,runtime,ALGORITHM_STRUCTURE_LITERAL,,,False
app/operator_control/production_lifecycle_worker.py,231:paper_status,'UNHEALTHY',paper_status,module_or_model_default,runtime,IDENTITY_OR_PROTOCOL_LITERAL,,,False
app/operator_control/production_lifecycle_worker.py,232:accounting_status,'UNHEALTHY',accounting_status,module_or_model_default,runtime,IDENTITY_OR_PROTOCOL_LITERAL,,,False
app/operator_control/runtime.py,74:APPLICATION_NAME,'traders-operator-control-api',APPLICATION_NAME,module_or_model_default,runtime,ALGORITHM_STRUCTURE_LITERAL,,,False
app/operator_control/runtime.py,75:FACTORY_REFERENCE,'app.operator_control.runtime:create_runtime_app',FACTORY_REFERENCE,module_or_model_default,runtime,ALGORITHM_STRUCTURE_LITERAL,,,False
app/operator_control/runtime.py,77:RUNTIME_IDENTITY_KEY,'TRADERS_CONTROL_SOURCE_IDENTITY',RUNTIME_IDENTITY_KEY,module_or_model_default,runtime,IDENTITY_OR_PROTOCOL_LITERAL,,,False
app/operator_control/runtime.py,78:CONTAINER_LISTENER_KEY,'TRADERS_CONTROL_CONTAINER_LISTENER',CONTAINER_LISTENER_KEY,module_or_model_default,runtime,IDENTITY_OR_PROTOCOL_LITERAL,,,False
app/operator_control/runtime.py,79:READONLY_INTERNAL_URL_KEY,'TRADERS_READONLY_API_INTERNAL_URL',READONLY_INTERNAL_URL_KEY,module_or_model_default,runtime,IDENTITY_OR_PROTOCOL_LITERAL,,,False
app/operator_control/runtime.py,80:DEFAULT_READONLY_INTERNAL_URL,'http://readonly-api:8765',DEFAULT_READONLY_INTERNAL_URL,module_or_model_default,runtime,ALGORITHM_STRUCTURE_LITERAL,,,False
app/operator_control/runtime.py,81:READONLY_CURRENT_SNAPSHOT_TIMEOUT_SECONDS,10,READONLY_CURRENT_SNAPSHOT_TIMEOUT_SECONDS,module_or_model_default,runtime,POLICY_VALUE_MUST_MOVE_TO_YAML,RESOLVED_BY_CANONICAL_REGISTRY,SEE_CANONICAL_REGISTRY,False
app/operator_control/runtime.py,82:RUNTIME_DATABASE_HOST_KEY,'TRADERS_PAPER_RUNTIME_DATABASE_HOST',RUNTIME_DATABASE_HOST_KEY,module_or_model_default,runtime,IDENTITY_OR_PROTOCOL_LITERAL,,,False
app/operator_control/runtime.py,83:RUNTIME_DATABASE_PORT_KEY,'TRADERS_PAPER_RUNTIME_DATABASE_PORT',RUNTIME_DATABASE_PORT_KEY,module_or_model_default,runtime,IDENTITY_OR_PROTOCOL_LITERAL,,,False
app/operator_control/runtime.py,84:MOBILE_BIND_HOST_KEY,'TRADERS_CONTROL_MOBILE_BIND_HOST',MOBILE_BIND_HOST_KEY,module_or_model_default,runtime,IDENTITY_OR_PROTOCOL_LITERAL,,,False
app/operator_control/runtime.py,85:MOBILE_PORT_KEY,'TRADERS_CONTROL_MOBILE_PORT',MOBILE_PORT_KEY,module_or_model_default,runtime,IDENTITY_OR_PROTOCOL_LITERAL,,,False
app/operator_control/runtime.py,86:MOBILE_TLS_CERTIFICATE_KEY,'TRADERS_CONTROL_MOBILE_TLS_CERTIFICATE',MOBILE_TLS_CERTIFICATE_KEY,module_or_model_default,runtime,IDENTITY_OR_PROTOCOL_LITERAL,,,False
app/operator_control/runtime.py,87:MOBILE_TLS_PRIVATE_KEY_KEY,'TRADERS_CONTROL_MOBILE_TLS_PRIVATE_KEY',MOBILE_TLS_PRIVATE_KEY_KEY,module_or_model_default,runtime,IDENTITY_OR_PROTOCOL_LITERAL,,,False
app/operator_control/runtime.py,88:MOBILE_TLS_CHAIN_KEY,'TRADERS_CONTROL_MOBILE_TLS_CHAIN',MOBILE_TLS_CHAIN_KEY,module_or_model_default,runtime,IDENTITY_OR_PROTOCOL_LITERAL,,,False
app/operator_control/runtime.py,89:MOBILE_TLS_SERVER_IDENTITY_KEY,'TRADERS_CONTROL_MOBILE_TLS_SERVER_IDENTITY',MOBILE_TLS_SERVER_IDENTITY_KEY,module_or_model_default,runtime,IDENTITY_OR_PROTOCOL_LITERAL,,,False
app/operator_control/runtime.py,117:ready,False,ready,module_or_model_default,runtime,ALGORITHM_STRUCTURE_LITERAL,,,False
app/operator_control/runtime_health.py,14:SCHEMA,'TRADERS_PAPER_RUNTIME_HEALTH/1',SCHEMA,module_or_model_default,runtime,IDENTITY_OR_PROTOCOL_LITERAL,,,False
app/operator_control/runtime_health.py,15:FILE_NAME,'runtime-health.json',FILE_NAME,module_or_model_default,runtime,ALGORITHM_STRUCTURE_LITERAL,,,False
app/operator_control/runtime_health.py,17:PUBLISH_INTERVAL_SECONDS,5.0,PUBLISH_INTERVAL_SECONDS,module_or_model_default,runtime,ALGORITHM_STRUCTURE_LITERAL,,,False
app/operator_control/runtime_health.py,18:MAX_HEARTBEAT_AGE_SECONDS,20.0,MAX_HEARTBEAT_AGE_SECONDS,module_or_model_default,runtime,POLICY_VALUE_MUST_MOVE_TO_YAML,RESOLVED_BY_CANONICAL_REGISTRY,SEE_CANONICAL_REGISTRY,False
app/operator_control/schemas.py,64:operation,'RECOVERY_CLOSE_PAPER_POSITION',operation,module_or_model_default,runtime,ALGORITHM_STRUCTURE_LITERAL,,,False
app/operator_control/schemas.py,76:live_allowed,False,live_allowed,module_or_model_default,runtime,ALGORITHM_STRUCTURE_LITERAL,,,False
app/operator_control/schemas.py,77:binance_order_calls_allowed,False,binance_order_calls_allowed,module_or_model_default,runtime,ALGORITHM_STRUCTURE_LITERAL,,,False
app/operator_control/schemas.py,117:continuation_worker_active,False,continuation_worker_active,module_or_model_default,runtime,ALGORITHM_STRUCTURE_LITERAL,,,False
app/operator_control/schemas.py,122:NOT_CONFIGURED,'NOT_CONFIGURED',NOT_CONFIGURED,module_or_model_default,runtime,ALGORITHM_STRUCTURE_LITERAL,,,False
app/operator_control/schemas.py,123:DISABLED,'DISABLED',DISABLED,module_or_model_default,runtime,ALGORITHM_STRUCTURE_LITERAL,,,False
app/operator_control/schemas.py,124:RESERVED,'RESERVED',RESERVED,module_or_model_default,runtime,POLICY_VALUE_MUST_MOVE_TO_YAML,RESOLVED_BY_CANONICAL_REGISTRY,SEE_CANONICAL_REGISTRY,False
app/operator_control/schemas.py,125:ARMED,'ARMED',ARMED,module_or_model_default,runtime,ALGORITHM_STRUCTURE_LITERAL,,,False
app/operator_control/schemas.py,126:ARMED_WAITING,'ARMED_WAITING',ARMED_WAITING,module_or_model_default,runtime,ALGORITHM_STRUCTURE_LITERAL,,,False
app/operator_control/schemas.py,127:NO_ELIGIBLE_APPROVAL,'NO_ELIGIBLE_APPROVAL',NO_ELIGIBLE_APPROVAL,module_or_model_default,runtime,ALGORITHM_STRUCTURE_LITERAL,,,False
app/operator_control/schemas.py,128:WAITING_FOR_ELIGIBLE_APPROVAL,'WAITING_FOR_ELIGIBLE_APPROVAL',WAITING_FOR_ELIGIBLE_APPROVAL,module_or_model_default,runtime,ALGORITHM_STRUCTURE_LITERAL,,,False
app/operator_control/schemas.py,129:RUNNING,'RUNNING',RUNNING,module_or_model_default,runtime,ALGORITHM_STRUCTURE_LITERAL,,,False
app/operator_control/schemas.py,130:POSITION_OPEN,'POSITION_OPEN',POSITION_OPEN,module_or_model_default,runtime,ALGORITHM_STRUCTURE_LITERAL,,,False
app/operator_control/schemas.py,131:POSITION_CLOSING,'POSITION_CLOSING',POSITION_CLOSING,module_or_model_default,runtime,ALGORITHM_STRUCTURE_LITERAL,,,False
app/operator_control/schemas.py,132:POSITION_CLOSED,'POSITION_CLOSED',POSITION_CLOSED,module_or_model_default,runtime,ALGORITHM_STRUCTURE_LITERAL,,,False
app/operator_control/schemas.py,133:RECONCILIATION_PENDING,'RECONCILIATION_PENDING',RECONCILIATION_PENDING,module_or_model_default,runtime,ALGORITHM_STRUCTURE_LITERAL,,,False
app/operator_control/schemas.py,134:COMPLETED,'COMPLETED',COMPLETED,module_or_model_default,runtime,ALGORITHM_STRUCTURE_LITERAL,,,False
app/operator_control/schemas.py,135:STOPPED,'STOPPED',STOPPED,module_or_model_default,runtime,ALGORITHM_STRUCTURE_LITERAL,,,False
app/operator_control/schemas.py,136:FAILED_SAFE,'FAILED_SAFE',FAILED_SAFE,module_or_model_default,runtime,ALGORITHM_STRUCTURE_LITERAL,,,False
app/operator_control/schemas.py,146:environment,'PRODUCTION',environment,module_or_model_default,runtime,ALGORITHM_STRUCTURE_LITERAL,,,False
app/operator_control/schemas.py,147:mode,'PAPER',mode,module_or_model_default,runtime,IDENTITY_OR_PROTOCOL_LITERAL,,,False
app/operator_control/schemas.py,154:live_allowed,False,live_allowed,module_or_model_default,runtime,ALGORITHM_STRUCTURE_LITERAL,,,False
app/operator_control/schemas.py,155:max_new_commands,1,max_new_commands,module_or_model_default,runtime,POLICY_VALUE_MUST_MOVE_TO_YAML,RESOLVED_BY_CANONICAL_REGISTRY,SEE_CANONICAL_REGISTRY,False
app/operator_control/schemas.py,156:max_open_positions,1,max_open_positions,module_or_model_default,runtime,POLICY_VALUE_MUST_MOVE_TO_YAML,RESOLVED_BY_CANONICAL_REGISTRY,SEE_CANONICAL_REGISTRY,False
app/operator_control/schemas.py,160:command_count,0,command_count,module_or_model_default,runtime,ALGORITHM_STRUCTURE_LITERAL,,,False
app/operator_control/schemas.py,162:position_count,0,position_count,module_or_model_default,runtime,ALGORITHM_STRUCTURE_LITERAL,,,False
app/operator_control/schemas.py,164:trade_report_available,False,trade_report_available,module_or_model_default,runtime,ALGORITHM_STRUCTURE_LITERAL,,,False
app/operator_control/schemas.py,166:paper_reconciliation_status,'NOT_STARTED',paper_reconciliation_status,module_or_model_default,runtime,IDENTITY_OR_PROTOCOL_LITERAL,,,False
app/operator_control/schemas.py,167:accounting_reconciliation_status,'NOT_STARTED',accounting_reconciliation_status,module_or_model_default,runtime,IDENTITY_OR_PROTOCOL_LITERAL,,,False
app/operator_control/schemas.py,171:binance_order_calls_allowed,False,binance_order_calls_allowed,module_or_model_default,runtime,ALGORITHM_STRUCTURE_LITERAL,,,False
app/operator_control/service.py,47:safe_message,'The control request was denied.',safe_message,function_default,runtime,ALGORITHM_STRUCTURE_LITERAL,,,False
app/operator_control/service.py,62:schema_ready,False,schema_ready,module_or_model_default,runtime,IDENTITY_OR_PROTOCOL_LITERAL,,,False
app/operator_control/service.py,63:pitr_ready,False,pitr_ready,module_or_model_default,runtime,ALGORITHM_STRUCTURE_LITERAL,,,False
app/operator_control/service.py,64:wal_ready,False,wal_ready,module_or_model_default,runtime,ALGORITHM_STRUCTURE_LITERAL,,,False
app/operator_control/service.py,65:pitr_chain_valid,False,pitr_chain_valid,module_or_model_default,runtime,IDENTITY_OR_PROTOCOL_LITERAL,,,False
app/operator_control/service.py,66:market_data_ready,False,market_data_ready,module_or_model_default,runtime,ALGORITHM_STRUCTURE_LITERAL,,,False
app/operator_control/service.py,67:approval_source_ready,False,approval_source_ready,module_or_model_default,runtime,ALGORITHM_STRUCTURE_LITERAL,,,False
app/operator_control/service.py,68:baseline_ready,False,baseline_ready,module_or_model_default,runtime,ALGORITHM_STRUCTURE_LITERAL,,,False
app/operator_control/service.py,69:accounting_healthy,False,accounting_healthy,module_or_model_default,runtime,ALGORITHM_STRUCTURE_LITERAL,,,False
app/operator_control/service.py,70:paper_principal_ready,False,paper_principal_ready,module_or_model_default,runtime,ALGORITHM_STRUCTURE_LITERAL,,,False
app/operator_control/service.py,71:runtime_ready,False,runtime_ready,module_or_model_default,runtime,ALGORITHM_STRUCTURE_LITERAL,,,False
app/operator_control/service.py,72:kill_switch_ready,False,kill_switch_ready,module_or_model_default,runtime,ALGORITHM_STRUCTURE_LITERAL,,,False
app/operator_control/service.py,73:live_disabled,True,live_disabled,module_or_model_default,runtime,ALGORITHM_STRUCTURE_LITERAL,,,False
app/operator_control/service.py,74:binance_order_authority_absent,True,binance_order_authority_absent,module_or_model_default,runtime,ALGORITHM_STRUCTURE_LITERAL,,,False
app/operator_control/service.py,179:owner,False,owner,module_or_model_default,runtime,ALGORITHM_STRUCTURE_LITERAL,,,False
app/operator_control/service.py,185:owner,True,owner,module_or_model_default,runtime,ALGORITHM_STRUCTURE_LITERAL,,,False
app/server_api/errors/api_errors.py,7:INVALID_REQUEST,'INVALID_REQUEST',INVALID_REQUEST,module_or_model_default,runtime,IDENTITY_OR_PROTOCOL_LITERAL,,,False
app/server_api/errors/api_errors.py,8:INVALID_CURSOR,'INVALID_CURSOR',INVALID_CURSOR,module_or_model_default,runtime,IDENTITY_OR_PROTOCOL_LITERAL,,,False
app/server_api/errors/api_errors.py,9:VALIDATION_ERROR,'VALIDATION_ERROR',VALIDATION_ERROR,module_or_model_default,runtime,IDENTITY_OR_PROTOCOL_LITERAL,,,False
app/server_api/errors/api_errors.py,10:RESOURCE_NOT_FOUND,'RESOURCE_NOT_FOUND',RESOURCE_NOT_FOUND,module_or_model_default,runtime,ALGORITHM_STRUCTURE_LITERAL,,,False
app/server_api/errors/api_errors.py,11:CONTRACT_VERSION_UNSUPPORTED,'CONTRACT_VERSION_UNSUPPORTED',CONTRACT_VERSION_UNSUPPORTED,module_or_model_default,runtime,IDENTITY_OR_PROTOCOL_LITERAL,,,False
app/server_api/errors/api_errors.py,12:DATA_NOT_AVAILABLE,'DATA_NOT_AVAILABLE',DATA_NOT_AVAILABLE,module_or_model_default,runtime,ALGORITHM_STRUCTURE_LITERAL,,,False
app/server_api/errors/api_errors.py,13:SERVICE_NOT_CONFIGURED,'SERVICE_NOT_CONFIGURED',SERVICE_NOT_CONFIGURED,module_or_model_default,runtime,ALGORITHM_STRUCTURE_LITERAL,,,False
app/server_api/errors/api_errors.py,14:INTERNAL_ERROR,'INTERNAL_ERROR',INTERNAL_ERROR,module_or_model_default,runtime,ALGORITHM_STRUCTURE_LITERAL,,,False
app/server_api/funnel_export.py,35:EXPORT_SCHEMA_VERSION,'trading-funnel-export-v1',EXPORT_SCHEMA_VERSION,module_or_model_default,runtime,IDENTITY_OR_PROTOCOL_LITERAL,,,False
app/server_api/funnel_export.py,37:MAX_EXPORT_ROWS,2880,MAX_EXPORT_ROWS,module_or_model_default,runtime,POLICY_VALUE_MUST_MOVE_TO_YAML,RESOLVED_BY_CANONICAL_REGISTRY,SEE_CANONICAL_REGISTRY,False
app/server_api/funnel_export.py,40:DEFAULT_EXPORT_PAGE_SIZE,200,DEFAULT_EXPORT_PAGE_SIZE,module_or_model_default,runtime,ALGORITHM_STRUCTURE_LITERAL,,,False
app/server_api/funnel_export.py,41:MAX_EXPORT_PAGE_SIZE,2000,MAX_EXPORT_PAGE_SIZE,module_or_model_default,runtime,POLICY_VALUE_MUST_MOVE_TO_YAML,RESOLVED_BY_CANONICAL_REGISTRY,SEE_CANONICAL_REGISTRY,False
app/server_api/funnel_export.py,570:prefix,'',prefix,function_default,runtime,ALGORITHM_STRUCTURE_LITERAL,,,False
app/server_api/funnel_export.py,247:prior_reached,True,prior_reached,module_or_model_default,runtime,ALGORITHM_STRUCTURE_LITERAL,,,False
app/server_api/funnel_export.py,262:status,'ERROR',status,module_or_model_default,runtime,IDENTITY_OR_PROTOCOL_LITERAL,,,False
app/server_api/funnel_export.py,264:status,'APPROVED',status,module_or_model_default,runtime,IDENTITY_OR_PROTOCOL_LITERAL,,,False
app/server_api/funnel_export.py,266:status,'WAIT',status,module_or_model_default,runtime,IDENTITY_OR_PROTOCOL_LITERAL,,,False
app/server_api/funnel_export.py,273:status,'NOT_REACHED',status,module_or_model_default,runtime,IDENTITY_OR_PROTOCOL_LITERAL,,,False
app/server_api/funnel_export.py,275:status,'NO_PLAN',status,module_or_model_default,runtime,IDENTITY_OR_PROTOCOL_LITERAL,,,False
app/server_api/funnel_export.py,279:status,'REJECTED',status,module_or_model_default,runtime,IDENTITY_OR_PROTOCOL_LITERAL,,,False
app/server_api/funnel_export.py,281:status,'REJECTED',status,module_or_model_default,runtime,IDENTITY_OR_PROTOCOL_LITERAL,,,False
app/server_api/funnel_export.py,283:status,'REJECTED',status,module_or_model_default,runtime,IDENTITY_OR_PROTOCOL_LITERAL,,,False
app/server_api/funnel_export.py,285:status,'NOT_REACHED',status,module_or_model_default,runtime,IDENTITY_OR_PROTOCOL_LITERAL,,,False
app/server_api/health_policy.py,147:within_grace,True,within_grace,module_or_model_default,runtime,ALGORITHM_STRUCTURE_LITERAL,,,False
app/server_api/health_policy.py,160:within_grace,False,within_grace,module_or_model_default,runtime,ALGORITHM_STRUCTURE_LITERAL,,,False
app/server_api/mapping/contract.py,57:fallback,'UNKNOWN',fallback,function_default,runtime,ALGORITHM_STRUCTURE_LITERAL,,,False
app/server_api/mapping/contract.py,195:mapped,'SKIPPED',mapped,module_or_model_default,runtime,ALGORITHM_STRUCTURE_LITERAL,,,False
app/server_api/mapping/contract.py,197:mapped,'PENDING',mapped,module_or_model_default,runtime,ALGORITHM_STRUCTURE_LITERAL,,,False
app/server_api/paper_runtime_observation.py,57:RUNTIME_CONFIGURATION_NAME,'paper-runtime.disabled.json',RUNTIME_CONFIGURATION_NAME,module_or_model_default,runtime,ALGORITHM_STRUCTURE_LITERAL,,,False
app/server_api/paper_runtime_observation.py,58:IDENTITY_CONFIGURATION_NAME,'paper-identity.json',IDENTITY_CONFIGURATION_NAME,module_or_model_default,runtime,IDENTITY_OR_PROTOCOL_LITERAL,,,False
app/server_api/paper_runtime_observation.py,59:MINIMUM_PITR_WINDOW_SECONDS,86400,MINIMUM_PITR_WINDOW_SECONDS,module_or_model_default,runtime,POLICY_VALUE_MUST_MOVE_TO_YAML,RESOLVED_BY_CANONICAL_REGISTRY,SEE_CANONICAL_REGISTRY,False
app/server_api/paper_runtime_observation.py,62:MAX_WAL_DAEMON_AGE_SECONDS,1200,MAX_WAL_DAEMON_AGE_SECONDS,module_or_model_default,runtime,POLICY_VALUE_MUST_MOVE_TO_YAML,RESOLVED_BY_CANONICAL_REGISTRY,SEE_CANONICAL_REGISTRY,False
app/server_api/paper_runtime_observation.py,63:MAX_MARKET_HEALTH_AGE_SECONDS,180,MAX_MARKET_HEALTH_AGE_SECONDS,module_or_model_default,runtime,POLICY_VALUE_MUST_MOVE_TO_YAML,RESOLVED_BY_CANONICAL_REGISTRY,SEE_CANONICAL_REGISTRY,False
app/server_api/paper_runtime_observation.py,200:wal_ready,False,wal_ready,module_or_model_default,runtime,ALGORITHM_STRUCTURE_LITERAL,,,False
app/server_api/paper_runtime_observation.py,201:pitr_ready,False,pitr_ready,module_or_model_default,runtime,ALGORITHM_STRUCTURE_LITERAL,,,False
app/server_api/paper_runtime_observation.py,202:lineage_valid,False,lineage_valid,module_or_model_default,runtime,IDENTITY_OR_PROTOCOL_LITERAL,,,False
app/server_api/paper_runtime_observation.py,205:contiguous_duration_seconds,0,contiguous_duration_seconds,module_or_model_default,runtime,ALGORITHM_STRUCTURE_LITERAL,,,False
app/server_api/paper_runtime_observation.py,456:approval_ready,False,approval_ready,module_or_model_default,runtime,ALGORITHM_STRUCTURE_LITERAL,,,False
app/server_api/paper_runtime_observation.py,457:approval_availability,'NOT_AVAILABLE',approval_availability,module_or_model_default,runtime,ALGORITHM_STRUCTURE_LITERAL,,,False
app/server_api/paper_runtime_observation.py,380:lifecycle_state,'POSITION_OPEN',lifecycle_state,module_or_model_default,runtime,ALGORITHM_STRUCTURE_LITERAL,,,False
app/server_api/paper_runtime_observation.py,469:approval_ready,False,approval_ready,module_or_model_default,runtime,ALGORITHM_STRUCTURE_LITERAL,,,False
app/server_api/paper_runtime_observation.py,474:identity_ready,False,identity_ready,module_or_model_default,runtime,IDENTITY_OR_PROTOCOL_LITERAL,,,False
app/server_api/paper_runtime_observation.py,487:kill_switch_ready,False,kill_switch_ready,module_or_model_default,runtime,ALGORITHM_STRUCTURE_LITERAL,,,False
app/server_api/paper_runtime_observation.py,382:lifecycle_state,'POSITION_CLOSING',lifecycle_state,module_or_model_default,runtime,ALGORITHM_STRUCTURE_LITERAL,,,False
app/server_api/paper_runtime_observation.py,384:lifecycle_state,'COMPLETED',lifecycle_state,module_or_model_default,runtime,ALGORITHM_STRUCTURE_LITERAL,,,False
app/server_api/paper_runtime_observation.py,386:lifecycle_state,'EXECUTION_FAILED',lifecycle_state,module_or_model_default,runtime,ALGORITHM_STRUCTURE_LITERAL,,,False
app/server_api/paper_runtime_observation.py,387:command_status,'FAILED',command_status,module_or_model_default,runtime,IDENTITY_OR_PROTOCOL_LITERAL,,,False
app/server_api/repositories/protocols.py,79:limit,2,limit,function_default,runtime,POLICY_VALUE_MUST_MOVE_TO_YAML,RESOLVED_BY_CANONICAL_REGISTRY,SEE_CANONICAL_REGISTRY,False
app/server_api/repositories/records.py,21:timing_state,'UNKNOWN',timing_state,module_or_model_default,runtime,POLICY_VALUE_MUST_MOVE_TO_YAML,RESOLVED_BY_CANONICAL_REGISTRY,SEE_CANONICAL_REGISTRY,False
app/server_api/repositories/records.py,22:reason_code,'UNKNOWN',reason_code,module_or_model_default,runtime,ALGORITHM_STRUCTURE_LITERAL,,,False
app/server_api/repositories/records.py,23:operational,False,operational,module_or_model_default,runtime,ALGORITHM_STRUCTURE_LITERAL,,,False
app/server_api/repositories/records.py,24:ready,False,ready,module_or_model_default,runtime,ALGORITHM_STRUCTURE_LITERAL,,,False
app/server_api/repositories/records.py,25:acceptance_blocking,True,acceptance_blocking,module_or_model_default,runtime,ALGORITHM_STRUCTURE_LITERAL,,,False
app/server_api/repositories/records.py,33:timeframe,'15m',timeframe,module_or_model_default,runtime,ALGORITHM_STRUCTURE_LITERAL,,,False
app/server_api/repositories/records.py,37:setup_status,'UNKNOWN',setup_status,module_or_model_default,runtime,IDENTITY_OR_PROTOCOL_LITERAL,,,False
app/server_api/repositories/records.py,47:future_bars_used,False,future_bars_used,module_or_model_default,runtime,ALGORITHM_STRUCTURE_LITERAL,,,False
app/server_api/repositories/records.py,60:direction,'UNKNOWN',direction,module_or_model_default,runtime,ALGORITHM_STRUCTURE_LITERAL,,,False
app/server_api/repositories/records.py,79:confirmation_state,'NOT_APPLICABLE',confirmation_state,module_or_model_default,runtime,ALGORITHM_STRUCTURE_LITERAL,,,False
app/server_api/repositories/records.py,90:executable,False,executable,module_or_model_default,runtime,ALGORITHM_STRUCTURE_LITERAL,,,False
app/server_api/repositories/records.py,105:safe_description,'An operational condition was recorded.',safe_description,module_or_model_default,runtime,ALGORITHM_STRUCTURE_LITERAL,,,False
app/server_api/repositories/records.py,163:has_more,False,has_more,module_or_model_default,runtime,ALGORITHM_STRUCTURE_LITERAL,,,False
app/server_api/repositories/sqlalchemy_read.py,900:limit,2,limit,function_default,runtime,POLICY_VALUE_MUST_MOVE_TO_YAML,RESOLVED_BY_CANONICAL_REGISTRY,SEE_CANONICAL_REGISTRY,False
app/server_api/repositories/sqlalchemy_read.py,791:prefix,'pipeline:',prefix,module_or_model_default,runtime,ALGORITHM_STRUCTURE_LITERAL,,,False
app/server_api/repositories/sqlalchemy_read.py,305:status_source,'UNKNOWN',status_source,module_or_model_default,runtime,IDENTITY_OR_PROTOCOL_LITERAL,,,False
app/server_api/routes/paper.py,35:limit,50,limit,function_default,runtime,POLICY_VALUE_MUST_MOVE_TO_YAML,RESOLVED_BY_CANONICAL_REGISTRY,SEE_CANONICAL_REGISTRY,False
app/server_api/routes/paper.py,44:limit,50,limit,function_default,runtime,POLICY_VALUE_MUST_MOVE_TO_YAML,RESOLVED_BY_CANONICAL_REGISTRY,SEE_CANONICAL_REGISTRY,False
app/server_api/routes/paper.py,52:limit,50,limit,function_default,runtime,POLICY_VALUE_MUST_MOVE_TO_YAML,RESOLVED_BY_CANONICAL_REGISTRY,SEE_CANONICAL_REGISTRY,False
app/server_api/routes/paper.py,57:limit,50,limit,function_default,runtime,POLICY_VALUE_MUST_MOVE_TO_YAML,RESOLVED_BY_CANONICAL_REGISTRY,SEE_CANONICAL_REGISTRY,False
app/server_api/routes/paper.py,62:limit,50,limit,function_default,runtime,POLICY_VALUE_MUST_MOVE_TO_YAML,RESOLVED_BY_CANONICAL_REGISTRY,SEE_CANONICAL_REGISTRY,False
app/server_api/routes/v1.py,74:trade_profile,'trade-15m-v1',trade_profile,function_default,runtime,IDENTITY_OR_PROTOCOL_LITERAL,,,False
app/server_api/routes/v1.py,85:format_name,'jsonl',format_name,function_default,runtime,ALGORITHM_STRUCTURE_LITERAL,,,False
app/server_api/routes/v1.py,85:include_candles,False,include_candles,function_default,runtime,ALGORITHM_STRUCTURE_LITERAL,,,False
app/server_api/routes/v1.py,85:page_size,200,page_size,function_default,runtime,ALGORITHM_STRUCTURE_LITERAL,,,False
app/server_api/routes/v1.py,124:limit,50,limit,function_default,runtime,POLICY_VALUE_MUST_MOVE_TO_YAML,RESOLVED_BY_CANONICAL_REGISTRY,SEE_CANONICAL_REGISTRY,False
app/server_api/routes/v1.py,146:limit,50,limit,function_default,runtime,POLICY_VALUE_MUST_MOVE_TO_YAML,RESOLVED_BY_CANONICAL_REGISTRY,SEE_CANONICAL_REGISTRY,False
app/server_api/runtime.py,41:APPLICATION_NAME,'traders-readonly-api',APPLICATION_NAME,module_or_model_default,runtime,ALGORITHM_STRUCTURE_LITERAL,,,False
app/server_api/runtime.py,42:FACTORY_REFERENCE,'app.server_api.runtime:create_runtime_app',FACTORY_REFERENCE,module_or_model_default,runtime,ALGORITHM_STRUCTURE_LITERAL,,,False
app/server_api/runtime_config.py,13:ENV_PREFIX,'TRADERS_READONLY_API_',ENV_PREFIX,module_or_model_default,runtime,ALGORITHM_STRUCTURE_LITERAL,,,False
app/server_api/runtime_config.py,15:MAX_STATEMENT_TIMEOUT_MS,300000,MAX_STATEMENT_TIMEOUT_MS,module_or_model_default,runtime,POLICY_VALUE_MUST_MOVE_TO_YAML,RESOLVED_BY_CANONICAL_REGISTRY,SEE_CANONICAL_REGISTRY,False
app/server_api/runtime_config.py,16:MAX_POOL_SIZE,32,MAX_POOL_SIZE,module_or_model_default,runtime,POLICY_VALUE_MUST_MOVE_TO_YAML,RESOLVED_BY_CANONICAL_REGISTRY,SEE_CANONICAL_REGISTRY,False
app/server_api/runtime_config.py,17:MAX_POOL_TIMEOUT_SECONDS,120,MAX_POOL_TIMEOUT_SECONDS,module_or_model_default,runtime,POLICY_VALUE_MUST_MOVE_TO_YAML,RESOLVED_BY_CANONICAL_REGISTRY,SEE_CANONICAL_REGISTRY,False
app/server_api/runtime_config.py,86:host,'127.0.0.1',host,module_or_model_default,runtime,ALGORITHM_STRUCTURE_LITERAL,,,False
app/server_api/runtime_config.py,87:port,8080,port,module_or_model_default,runtime,ALGORITHM_STRUCTURE_LITERAL,,,False
app/server_api/runtime_config.py,88:log_level,'info',log_level,module_or_model_default,runtime,ALGORITHM_STRUCTURE_LITERAL,,,False
app/server_api/runtime_config.py,89:statement_timeout_ms,30000,statement_timeout_ms,module_or_model_default,runtime,POLICY_VALUE_MUST_MOVE_TO_YAML,RESOLVED_BY_CANONICAL_REGISTRY,SEE_CANONICAL_REGISTRY,False
app/server_api/runtime_config.py,90:pool_size,5,pool_size,module_or_model_default,runtime,ALGORITHM_STRUCTURE_LITERAL,,,False
app/server_api/runtime_config.py,91:pool_timeout_seconds,30,pool_timeout_seconds,module_or_model_default,runtime,POLICY_VALUE_MUST_MOVE_TO_YAML,RESOLVED_BY_CANONICAL_REGISTRY,SEE_CANONICAL_REGISTRY,False
app/server_api/schema_compatibility.py,27:READONLY_SCHEMA_0016,'0016_control_mobile_device_security',READONLY_SCHEMA_0016,module_or_model_default,runtime,IDENTITY_OR_PROTOCOL_LITERAL,,,False
app/server_api/schema_compatibility.py,28:READONLY_SCHEMA_0017,'0017_parallel_trade_profiles',READONLY_SCHEMA_0017,module_or_model_default,runtime,IDENTITY_OR_PROTOCOL_LITERAL,,,False
app/server_api/schema_compatibility.py,29:READONLY_SCHEMA_0018,'0018_promote_5m_production_search',READONLY_SCHEMA_0018,module_or_model_default,runtime,IDENTITY_OR_PROTOCOL_LITERAL,,,False
app/server_api/schema_compatibility.py,30:READONLY_SCHEMA_0019,'0019_first_class_15m_domain',READONLY_SCHEMA_0019,module_or_model_default,runtime,IDENTITY_OR_PROTOCOL_LITERAL,,,False
app/server_api/schema_compatibility.py,31:READONLY_SCHEMA_0020,'0020_paper_plan_execution_outcomes',READONLY_SCHEMA_0020,module_or_model_default,runtime,IDENTITY_OR_PROTOCOL_LITERAL,,,False
app/server_api/schema_compatibility.py,32:READONLY_SCHEMA_0021,'0021_independent_scalping_profile_v2',READONLY_SCHEMA_0021,module_or_model_default,runtime,IDENTITY_OR_PROTOCOL_LITERAL,,,False
app/server_api/schema_compatibility.py,33:READONLY_SCHEMA_0022,'0022_scalping_v2_paper_simulation_policy',READONLY_SCHEMA_0022,module_or_model_default,runtime,IDENTITY_OR_PROTOCOL_LITERAL,,,False
app/server_api/schema_compatibility.py,34:READONLY_SCHEMA_0023,'0023_scalping_v2_journal_causality',READONLY_SCHEMA_0023,module_or_model_default,runtime,IDENTITY_OR_PROTOCOL_LITERAL,,,False
app/server_api/schema_compatibility.py,35:READONLY_SCHEMA_0024,'0024_continuous_paper_authority',READONLY_SCHEMA_0024,module_or_model_default,runtime,IDENTITY_OR_PROTOCOL_LITERAL,,,False
app/server_api/schema_compatibility.py,36:READONLY_SCHEMA_0025,'0025_paper_budget_policy',READONLY_SCHEMA_0025,module_or_model_default,runtime,IDENTITY_OR_PROTOCOL_LITERAL,,,False
app/server_api/schema_compatibility.py,37:READONLY_SCHEMA_0026,'0026_scalping_1m_entry_refinement',READONLY_SCHEMA_0026,module_or_model_default,runtime,IDENTITY_OR_PROTOCOL_LITERAL,,,False
app/server_api/schema_compatibility.py,38:READONLY_SCHEMA_0027,'0027_scalping_profitability_integration',READONLY_SCHEMA_0027,module_or_model_default,runtime,IDENTITY_OR_PROTOCOL_LITERAL,,,False
app/server_api/schema_compatibility.py,39:READONLY_SCHEMA_0028,'0028_scalping_profitability_grants',READONLY_SCHEMA_0028,module_or_model_default,runtime,IDENTITY_OR_PROTOCOL_LITERAL,,,False
app/server_api/schema_compatibility.py,40:READONLY_SCHEMA_0029,'0029_stale_position_shadow',READONLY_SCHEMA_0029,module_or_model_default,runtime,IDENTITY_OR_PROTOCOL_LITERAL,,,False
app/server_api/schema_compatibility.py,41:READONLY_SCHEMA_0030,'0030_paper_recovery_close',READONLY_SCHEMA_0030,module_or_model_default,runtime,IDENTITY_OR_PROTOCOL_LITERAL,,,False
app/server_api/schema_compatibility.py,42:READONLY_SCHEMA_0031,'0031_scalping_parameter_sets',READONLY_SCHEMA_0031,module_or_model_default,runtime,IDENTITY_OR_PROTOCOL_LITERAL,,,False
app/server_api/schema_compatibility.py,43:PAPER_SCHEMA_MINIMUM,'0015_trading_universe_activation',PAPER_SCHEMA_MINIMUM,module_or_model_default,runtime,IDENTITY_OR_PROTOCOL_LITERAL,,,False
app/server_api/schema_compatibility.py,54:BASE_MARKET_READONLY,'BASE_MARKET_READONLY',BASE_MARKET_READONLY,module_or_model_default,runtime,ALGORITHM_STRUCTURE_LITERAL,,,False
app/server_api/schema_compatibility.py,55:ANALYSIS_READONLY,'ANALYSIS_READONLY',ANALYSIS_READONLY,module_or_model_default,runtime,ALGORITHM_STRUCTURE_LITERAL,,,False
app/server_api/schema_compatibility.py,56:SETUP_READONLY,'SETUP_READONLY',SETUP_READONLY,module_or_model_default,runtime,ALGORITHM_STRUCTURE_LITERAL,,,False
app/server_api/schema_compatibility.py,57:PAPER_READONLY,'PAPER_READONLY',PAPER_READONLY,module_or_model_default,runtime,ALGORITHM_STRUCTURE_LITERAL,,,False
app/server_api/schema_compatibility.py,58:I18N_READONLY,'I18N_READONLY',I18N_READONLY,module_or_model_default,runtime,ALGORITHM_STRUCTURE_LITERAL,,,False
app/server_api/schema_compatibility.py,59:PARALLEL_TRADE_PROFILES,'PARALLEL_TRADE_PROFILES',PARALLEL_TRADE_PROFILES,module_or_model_default,runtime,IDENTITY_OR_PROTOCOL_LITERAL,,,False
app/server_api/schema_compatibility.py,60:PAPER_PLAN_EXECUTION_OUTCOMES,'PAPER_PLAN_EXECUTION_OUTCOMES',PAPER_PLAN_EXECUTION_OUTCOMES,module_or_model_default,runtime,ALGORITHM_STRUCTURE_LITERAL,,,False
app/server_api/schemas/models.py,20:UNKNOWN,'UNKNOWN',UNKNOWN,module_or_model_default,runtime,ALGORITHM_STRUCTURE_LITERAL,,,False
app/server_api/schemas/models.py,21:OK,'OK',OK,module_or_model_default,runtime,ALGORITHM_STRUCTURE_LITERAL,,,False
app/server_api/schemas/models.py,22:STALE,'STALE',STALE,module_or_model_default,runtime,ALGORITHM_STRUCTURE_LITERAL,,,False
app/server_api/schemas/models.py,23:DEGRADED,'DEGRADED',DEGRADED,module_or_model_default,runtime,ALGORITHM_STRUCTURE_LITERAL,,,False
app/server_api/schemas/models.py,24:NOT_AVAILABLE,'NOT_AVAILABLE',NOT_AVAILABLE,module_or_model_default,runtime,ALGORITHM_STRUCTURE_LITERAL,,,False
app/server_api/schemas/models.py,25:ERROR,'ERROR',ERROR,module_or_model_default,runtime,ALGORITHM_STRUCTURE_LITERAL,,,False
app/server_api/schemas/models.py,26:OFFLINE,'OFFLINE',OFFLINE,module_or_model_default,runtime,ALGORITHM_STRUCTURE_LITERAL,,,False
app/server_api/schemas/models.py,30:UNKNOWN,'UNKNOWN',UNKNOWN,module_or_model_default,runtime,ALGORITHM_STRUCTURE_LITERAL,,,False
app/server_api/schemas/models.py,31:BULLISH,'BULLISH',BULLISH,module_or_model_default,runtime,ALGORITHM_STRUCTURE_LITERAL,,,False
app/server_api/schemas/models.py,32:BEARISH,'BEARISH',BEARISH,module_or_model_default,runtime,ALGORITHM_STRUCTURE_LITERAL,,,False
app/server_api/schemas/models.py,33:NEUTRAL,'NEUTRAL',NEUTRAL,module_or_model_default,runtime,ALGORITHM_STRUCTURE_LITERAL,,,False
app/server_api/schemas/models.py,34:NONE,'NONE',NONE,module_or_model_default,runtime,ALGORITHM_STRUCTURE_LITERAL,,,False
app/server_api/schemas/models.py,35:NOT_APPLICABLE,'NOT_APPLICABLE',NOT_APPLICABLE,module_or_model_default,runtime,ALGORITHM_STRUCTURE_LITERAL,,,False
app/server_api/schemas/models.py,39:UNKNOWN,'UNKNOWN',UNKNOWN,module_or_model_default,runtime,ALGORITHM_STRUCTURE_LITERAL,,,False
app/server_api/schemas/models.py,40:ANALYZED,'ANALYZED',ANALYZED,module_or_model_default,runtime,ALGORITHM_STRUCTURE_LITERAL,,,False
app/server_api/schemas/models.py,41:SKIPPED_NOT_ENOUGH_DATA,'SKIPPED_NOT_ENOUGH_DATA',SKIPPED_NOT_ENOUGH_DATA,module_or_model_default,runtime,ALGORITHM_STRUCTURE_LITERAL,,,False
app/server_api/schemas/models.py,42:SKIPPED_DEGRADED_MARKET_DATA,'SKIPPED_DEGRADED_MARKET_DATA',SKIPPED_DEGRADED_MARKET_DATA,module_or_model_default,runtime,ALGORITHM_STRUCTURE_LITERAL,,,False
app/server_api/schemas/models.py,43:SKIPPED_DUPLICATE_WINDOW,'SKIPPED_DUPLICATE_WINDOW',SKIPPED_DUPLICATE_WINDOW,module_or_model_default,runtime,POLICY_VALUE_MUST_MOVE_TO_YAML,RESOLVED_BY_CANONICAL_REGISTRY,SEE_CANONICAL_REGISTRY,False
app/server_api/schemas/models.py,44:SKIPPED_INVALID_SNAPSHOT,'SKIPPED_INVALID_SNAPSHOT',SKIPPED_INVALID_SNAPSHOT,module_or_model_default,runtime,IDENTITY_OR_PROTOCOL_LITERAL,,,False
app/server_api/schemas/models.py,45:ERROR,'ERROR',ERROR,module_or_model_default,runtime,ALGORITHM_STRUCTURE_LITERAL,,,False
app/server_api/schemas/models.py,49:UNKNOWN,'UNKNOWN',UNKNOWN,module_or_model_default,runtime,ALGORITHM_STRUCTURE_LITERAL,,,False
app/server_api/schemas/models.py,50:SETUP_CANDIDATE,'SETUP_CANDIDATE',SETUP_CANDIDATE,module_or_model_default,runtime,IDENTITY_OR_PROTOCOL_LITERAL,,,False
app/server_api/schemas/models.py,51:NO_SETUP,'NO_SETUP',NO_SETUP,module_or_model_default,runtime,ALGORITHM_STRUCTURE_LITERAL,,,False
app/server_api/schemas/models.py,52:WAIT_FOR_CONFIRMATION,'WAIT_FOR_CONFIRMATION',WAIT_FOR_CONFIRMATION,module_or_model_default,runtime,ALGORITHM_STRUCTURE_LITERAL,,,False
app/server_api/schemas/models.py,53:SETUP_INVALID,'SETUP_INVALID',SETUP_INVALID,module_or_model_default,runtime,IDENTITY_OR_PROTOCOL_LITERAL,,,False
app/server_api/schemas/models.py,54:ERROR,'ERROR',ERROR,module_or_model_default,runtime,ALGORITHM_STRUCTURE_LITERAL,,,False
app/server_api/schemas/models.py,58:UNKNOWN,'UNKNOWN',UNKNOWN,module_or_model_default,runtime,ALGORITHM_STRUCTURE_LITERAL,,,False
app/server_api/schemas/models.py,59:OPEN,'OPEN',OPEN,module_or_model_default,runtime,ALGORITHM_STRUCTURE_LITERAL,,,False
app/server_api/schemas/models.py,60:UPDATED,'UPDATED',UPDATED,module_or_model_default,runtime,ALGORITHM_STRUCTURE_LITERAL,,,False
app/server_api/schemas/models.py,61:RESOLVED,'RESOLVED',RESOLVED,module_or_model_default,runtime,ALGORITHM_STRUCTURE_LITERAL,,,False
app/server_api/schemas/models.py,65:UNKNOWN,'UNKNOWN',UNKNOWN,module_or_model_default,runtime,ALGORITHM_STRUCTURE_LITERAL,,,False
app/server_api/schemas/models.py,66:INFO,'INFO',INFO,module_or_model_default,runtime,ALGORITHM_STRUCTURE_LITERAL,,,False
app/server_api/schemas/models.py,67:WARNING,'WARNING',WARNING,module_or_model_default,runtime,ALGORITHM_STRUCTURE_LITERAL,,,False
app/server_api/schemas/models.py,68:ERROR,'ERROR',ERROR,module_or_model_default,runtime,ALGORITHM_STRUCTURE_LITERAL,,,False
app/server_api/schemas/models.py,69:CRITICAL,'CRITICAL',CRITICAL,module_or_model_default,runtime,ALGORITHM_STRUCTURE_LITERAL,,,False
app/server_api/schemas/models.py,73:UNKNOWN,'UNKNOWN',UNKNOWN,module_or_model_default,runtime,ALGORITHM_STRUCTURE_LITERAL,,,False
app/server_api/schemas/models.py,74:PENDING,'PENDING',PENDING,module_or_model_default,runtime,ALGORITHM_STRUCTURE_LITERAL,,,False
app/server_api/schemas/models.py,75:WAITING_FOR_REQUIRED_BOUNDARY,'WAITING_FOR_REQUIRED_BOUNDARY',WAITING_FOR_REQUIRED_BOUNDARY,module_or_model_default,runtime,ALGORITHM_STRUCTURE_LITERAL,,,False
app/server_api/schemas/models.py,76:READY_TO_RUN,'READY_TO_RUN',READY_TO_RUN,module_or_model_default,runtime,ALGORITHM_STRUCTURE_LITERAL,,,False
app/server_api/schemas/models.py,77:RUNNING,'RUNNING',RUNNING,module_or_model_default,runtime,ALGORITHM_STRUCTURE_LITERAL,,,False
app/server_api/schemas/models.py,78:COMPLETED,'COMPLETED',COMPLETED,module_or_model_default,runtime,ALGORITHM_STRUCTURE_LITERAL,,,False
app/server_api/schemas/models.py,79:SKIPPED,'SKIPPED',SKIPPED,module_or_model_default,runtime,ALGORITHM_STRUCTURE_LITERAL,,,False
app/server_api/schemas/models.py,80:MODULE_ERROR,'MODULE_ERROR',MODULE_ERROR,module_or_model_default,runtime,ALGORITHM_STRUCTURE_LITERAL,,,False
app/server_api/schemas/models.py,81:ERROR,'ERROR',ERROR,module_or_model_default,runtime,ALGORITHM_STRUCTURE_LITERAL,,,False
app/server_api/schemas/models.py,128:future_bars_used,False,future_bars_used,module_or_model_default,runtime,ALGORITHM_STRUCTURE_LITERAL,,,False
app/server_api/schemas/models.py,175:executable,False,executable,module_or_model_default,runtime,ALGORITHM_STRUCTURE_LITERAL,,,False
app/server_api/schemas/models.py,223:total_streams,6,total_streams,module_or_model_default,runtime,ALGORITHM_STRUCTURE_LITERAL,,,False
app/server_api/schemas/models.py,238:target_symbol_count,10,target_symbol_count,module_or_model_default,runtime,ALGORITHM_STRUCTURE_LITERAL,,,False
app/server_api/schemas/models.py,240:target_market_data_streams,60,target_market_data_streams,module_or_model_default,runtime,ALGORITHM_STRUCTURE_LITERAL,,,False
app/server_api/schemas/models.py,270:api_version,'v1',api_version,module_or_model_default,runtime,IDENTITY_OR_PROTOCOL_LITERAL,,,False
app/server_api/schemas/models.py,276:api_version,'v1',api_version,module_or_model_default,runtime,IDENTITY_OR_PROTOCOL_LITERAL,,,False
app/server_api/schemas/models.py,285:api_version,'v1',api_version,module_or_model_default,runtime,IDENTITY_OR_PROTOCOL_LITERAL,,,False
app/server_api/schemas/models.py,291:api_version,'v1',api_version,module_or_model_default,runtime,IDENTITY_OR_PROTOCOL_LITERAL,,,False
app/server_api/schemas/models.py,308:execution_eligible,False,execution_eligible,module_or_model_default,runtime,ALGORITHM_STRUCTURE_LITERAL,,,False
app/server_api/schemas/models.py,309:production_eligibility_outcome,'NOT_CLASSIFIED',production_eligibility_outcome,module_or_model_default,runtime,ALGORITHM_STRUCTURE_LITERAL,,,False
app/server_api/schemas/models.py,368:trade_profile_id,'trade-15m-v1',trade_profile_id,module_or_model_default,runtime,IDENTITY_OR_PROTOCOL_LITERAL,,,False
app/server_api/schemas/models.py,369:trade_mode,'TRADE_15M',trade_mode,module_or_model_default,runtime,IDENTITY_OR_PROTOCOL_LITERAL,,,False
app/server_api/schemas/models.py,370:display_i18n_key,'trading.profile.trade_15m.title',display_i18n_key,module_or_model_default,runtime,IDENTITY_OR_PROTOCOL_LITERAL,,,False
app/server_api/schemas/models.py,371:primary_timeframe,'15m',primary_timeframe,module_or_model_default,runtime,ALGORITHM_STRUCTURE_LITERAL,,,False
app/server_api/schemas/models.py,374:trigger_timeframe,'15m',trigger_timeframe,module_or_model_default,runtime,ALGORITHM_STRUCTURE_LITERAL,,,False
app/server_api/schemas/models.py,375:profile_mode,'PRODUCTION_SEARCH',profile_mode,module_or_model_default,runtime,IDENTITY_OR_PROTOCOL_LITERAL,,,False
app/server_api/schemas/models.py,395:expected_1h_cycle_count,4,expected_1h_cycle_count,module_or_model_default,runtime,ALGORITHM_STRUCTURE_LITERAL,,,False
app/server_api/schemas/models.py,396:expected_4h_cycle_count,16,expected_4h_cycle_count,module_or_model_default,runtime,ALGORITHM_STRUCTURE_LITERAL,,,False
app/server_api/schemas/models.py,397:paper_command_creation_enabled,True,paper_command_creation_enabled,module_or_model_default,runtime,ALGORITHM_STRUCTURE_LITERAL,,,False
app/server_api/schemas/models.py,398:position_opening_enabled,True,position_opening_enabled,module_or_model_default,runtime,ALGORITHM_STRUCTURE_LITERAL,,,False
app/server_api/schemas/models.py,406:api_version,'v1',api_version,module_or_model_default,runtime,IDENTITY_OR_PROTOCOL_LITERAL,,,False
app/server_api/schemas/models.py,412:api_version,'v1',api_version,module_or_model_default,runtime,IDENTITY_OR_PROTOCOL_LITERAL,,,False
app/server_api/schemas/models.py,418:api_version,'v1',api_version,module_or_model_default,runtime,IDENTITY_OR_PROTOCOL_LITERAL,,,False
app/server_api/schemas/models.py,424:api_version,'v1',api_version,module_or_model_default,runtime,IDENTITY_OR_PROTOCOL_LITERAL,,,False
app/server_api/schemas/models.py,436:api_version,'v1',api_version,module_or_model_default,runtime,IDENTITY_OR_PROTOCOL_LITERAL,,,False
app/server_api/schemas/models.py,442:api_version,'v1',api_version,module_or_model_default,runtime,IDENTITY_OR_PROTOCOL_LITERAL,,,False
app/server_api/schemas/models.py,448:api_version,'v1',api_version,module_or_model_default,runtime,IDENTITY_OR_PROTOCOL_LITERAL,,,False
app/server_api/schemas/models.py,454:api_version,'v1',api_version,module_or_model_default,runtime,IDENTITY_OR_PROTOCOL_LITERAL,,,False
app/server_api/schemas/models.py,460:api_version,'v1',api_version,module_or_model_default,runtime,IDENTITY_OR_PROTOCOL_LITERAL,,,False
app/server_api/schemas/paper.py,14:api_version,'v1',api_version,module_or_model_default,runtime,IDENTITY_OR_PROTOCOL_LITERAL,,,False
app/server_api/schemas/paper.py,15:paper_reporting_api_version,1,paper_reporting_api_version,module_or_model_default,runtime,IDENTITY_OR_PROTOCOL_LITERAL,,,False
app/server_api/schemas/paper.py,30:mode,'PAPER',mode,module_or_model_default,runtime,IDENTITY_OR_PROTOCOL_LITERAL,,,False
app/server_api/schemas/paper.py,31:paper_schema_expected,'0030_paper_recovery_close',paper_schema_expected,module_or_model_default,runtime,IDENTITY_OR_PROTOCOL_LITERAL,,,False
app/server_api/schemas/paper.py,45:live_allowed,False,live_allowed,module_or_model_default,runtime,ALGORITHM_STRUCTURE_LITERAL,,,False
app/server_api/schemas/paper.py,70:current_mutation_ready,False,current_mutation_ready,module_or_model_default,runtime,ALGORITHM_STRUCTURE_LITERAL,,,False
app/server_api/schemas/paper.py,72:authority_mode,'FIRST_CANARY_HISTORICAL',authority_mode,module_or_model_default,runtime,IDENTITY_OR_PROTOCOL_LITERAL,,,False
app/server_api/schemas/paper.py,243:refinement_mode,'OFF',refinement_mode,module_or_model_default,runtime,IDENTITY_OR_PROTOCOL_LITERAL,,,False
app/server_api/schemas/paper.py,244:refinement_state,'NOT_REACHED',refinement_state,module_or_model_default,runtime,ALGORITHM_STRUCTURE_LITERAL,,,False
app/server_api/schemas/paper.py,245:refinement_reason,'ENTRY_REFINEMENT_NOT_APPLICABLE',refinement_reason,module_or_model_default,runtime,ALGORITHM_STRUCTURE_LITERAL,,,False
app/server_api/schemas/paper.py,264:mode,'PAPER',mode,module_or_model_default,runtime,IDENTITY_OR_PROTOCOL_LITERAL,,,False
app/server_api/schemas/paper.py,270:live_allowed,False,live_allowed,module_or_model_default,runtime,ALGORITHM_STRUCTURE_LITERAL,,,False
app/server_api/schemas/paper.py,301:authority_mode,'FIRST_CANARY_HISTORICAL',authority_mode,module_or_model_default,runtime,IDENTITY_OR_PROTOCOL_LITERAL,,,False
app/server_api/schemas/paper.py,403:snapshot_availability,'LEGACY_UNAVAILABLE',snapshot_availability,module_or_model_default,runtime,ALGORITHM_STRUCTURE_LITERAL,,,False
app/server_api/services/paper_reporting.py,59:PAPER_REPORTING_API_VERSION,1,PAPER_REPORTING_API_VERSION,module_or_model_default,runtime,IDENTITY_OR_PROTOCOL_LITERAL,,,False
app/server_api/services/paper_reporting.py,60:MAX_RECONCILIATION_CLOSED_TRADES,10000,MAX_RECONCILIATION_CLOSED_TRADES,module_or_model_default,runtime,POLICY_VALUE_MUST_MOVE_TO_YAML,RESOLVED_BY_CANONICAL_REGISTRY,SEE_CANONICAL_REGISTRY,False
app/server_api/services/paper_reporting.py,68:environment,'NOT_DEPLOYED',environment,module_or_model_default,runtime,ALGORITHM_STRUCTURE_LITERAL,,,False
app/server_api/services/paper_reporting.py,69:runtime_enabled,False,runtime_enabled,module_or_model_default,runtime,ALGORITHM_STRUCTURE_LITERAL,,,False
app/server_api/services/paper_reporting.py,70:daemon_enabled,False,daemon_enabled,module_or_model_default,runtime,ALGORITHM_STRUCTURE_LITERAL,,,False
app/server_api/services/paper_reporting.py,71:scheduler_enabled,False,scheduler_enabled,module_or_model_default,runtime,ALGORITHM_STRUCTURE_LITERAL,,,False
app/server_api/services/paper_reporting.py,72:dry_run,True,dry_run,module_or_model_default,runtime,ALGORITHM_STRUCTURE_LITERAL,,,False
app/server_api/services/paper_reporting.py,73:mutation_enabled,False,mutation_enabled,module_or_model_default,runtime,ALGORITHM_STRUCTURE_LITERAL,,,False
app/server_api/services/paper_reporting.py,85:current_approval_availability,'NOT_AVAILABLE',current_approval_availability,module_or_model_default,runtime,ALGORITHM_STRUCTURE_LITERAL,,,False
app/server_api/services/paper_reporting.py,86:paper_principal_ready,False,paper_principal_ready,module_or_model_default,runtime,ALGORITHM_STRUCTURE_LITERAL,,,False
app/server_api/services/paper_reporting.py,91:runtime_config_ready,False,runtime_config_ready,module_or_model_default,runtime,ALGORITHM_STRUCTURE_LITERAL,,,False
app/server_api/services/paper_reporting.py,92:kill_switch_ready,False,kill_switch_ready,module_or_model_default,runtime,ALGORITHM_STRUCTURE_LITERAL,,,False
app/server_api/services/paper_reporting.py,93:canary_scope_valid,False,canary_scope_valid,module_or_model_default,runtime,IDENTITY_OR_PROTOCOL_LITERAL,,,False
app/server_api/services/paper_reporting.py,94:live_enabled,False,live_enabled,module_or_model_default,runtime,ALGORITHM_STRUCTURE_LITERAL,,,False
app/server_api/services/paper_reporting.py,219:accounting_status,'NOT_DEPLOYED',accounting_status,module_or_model_default,runtime,IDENTITY_OR_PROTOCOL_LITERAL,,,False
app/server_api/services/paper_reporting.py,220:paper_status,'NOT_DEPLOYED',paper_status,module_or_model_default,runtime,IDENTITY_OR_PROTOCOL_LITERAL,,,False
app/server_api/services/paper_reporting.py,484:status,'HEALTHY',status,module_or_model_default,runtime,IDENTITY_OR_PROTOCOL_LITERAL,,,False
app/server_api/services/paper_reporting.py,226:accounting_status,'BASELINE_MISSING',accounting_status,module_or_model_default,runtime,IDENTITY_OR_PROTOCOL_LITERAL,,,False
app/server_api/services/paper_reporting.py,227:paper_status,'UNHEALTHY',paper_status,module_or_model_default,runtime,IDENTITY_OR_PROTOCOL_LITERAL,,,False
app/server_api/services/paper_reporting.py,229:accounting_status,'ACCOUNTING_NOT_AUTHORITATIVE',accounting_status,module_or_model_default,runtime,IDENTITY_OR_PROTOCOL_LITERAL,,,False
app/server_api/services/paper_reporting.py,230:paper_status,'UNHEALTHY',paper_status,module_or_model_default,runtime,IDENTITY_OR_PROTOCOL_LITERAL,,,False
app/server_api/services/paper_reporting.py,234:accounting_status,'SCOPE_EXCEEDED',accounting_status,module_or_model_default,runtime,IDENTITY_OR_PROTOCOL_LITERAL,,,False
app/server_api/services/paper_reporting.py,235:paper_status,'SCOPE_EXCEEDED',paper_status,module_or_model_default,runtime,IDENTITY_OR_PROTOCOL_LITERAL,,,False
app/server_api/services/query_service.py,171:trade_profile_id,'trade-15m-v1',trade_profile_id,function_default,runtime,IDENTITY_OR_PROTOCOL_LITERAL,,,False
app/server_api/settings.py,6:api_version,'v1',api_version,module_or_model_default,runtime,IDENTITY_OR_PROTOCOL_LITERAL,,,False
app/server_api/settings.py,7:default_page_limit,50,default_page_limit,module_or_model_default,runtime,POLICY_VALUE_MUST_MOVE_TO_YAML,RESOLVED_BY_CANONICAL_REGISTRY,SEE_CANONICAL_REGISTRY,False
app/server_api/settings.py,8:dashboard_run_limit,20,dashboard_run_limit,module_or_model_default,runtime,POLICY_VALUE_MUST_MOVE_TO_YAML,RESOLVED_BY_CANONICAL_REGISTRY,SEE_CANONICAL_REGISTRY,False
app/server_api/settings.py,9:primary_timeframe,'15m',primary_timeframe,module_or_model_default,runtime,ALGORITHM_STRUCTURE_LITERAL,,,False
app/server_api/trading_funnel.py,51:PROJECTION_VERSION,'trading-funnel-v1',PROJECTION_VERSION,module_or_model_default,runtime,IDENTITY_OR_PROTOCOL_LITERAL,,,False
app/server_api/trading_funnel.py,52:PRIMARY_TIMEFRAME,'15m',PRIMARY_TIMEFRAME,module_or_model_default,runtime,ALGORITHM_STRUCTURE_LITERAL,,,False
app/server_api/trading_funnel.py,78:ROW_CACHE_TTL_SECONDS,30.0,ROW_CACHE_TTL_SECONDS,module_or_model_default,runtime,POLICY_VALUE_MUST_MOVE_TO_YAML,RESOLVED_BY_CANONICAL_REGISTRY,SEE_CANONICAL_REGISTRY,False
app/server_api/trading_funnel.py,856:state,'AVAILABLE',state,module_or_model_default,runtime,ALGORITHM_STRUCTURE_LITERAL,,,False
app/server_api/trading_funnel.py,858:state,'NOT_APPLICABLE',state,module_or_model_default,runtime,ALGORITHM_STRUCTURE_LITERAL,,,False
app/server_api/trading_funnel.py,1823:execution_terminal,'EXPIRED_BEFORE_EXECUTION',execution_terminal,module_or_model_default,runtime,POLICY_VALUE_MUST_MOVE_TO_YAML,RESOLVED_BY_CANONICAL_REGISTRY,SEE_CANONICAL_REGISTRY,False
app/server_api/trading_funnel.py,1835:execution_lifecycle_state,'EXECUTED_TO_PAPER_POSITION',execution_lifecycle_state,module_or_model_default,runtime,ALGORITHM_STRUCTURE_LITERAL,,,False
app/server_api/trading_funnel.py,860:state,'NOT_REACHED',state,module_or_model_default,runtime,ALGORITHM_STRUCTURE_LITERAL,,,False
app/server_api/trading_funnel.py,865:state,'INSUFFICIENT_SAMPLE',state,module_or_model_default,runtime,ALGORITHM_STRUCTURE_LITERAL,,,False
app/server_api/trading_funnel.py,877:state,'LEGACY_RECORD',state,module_or_model_default,runtime,ALGORITHM_STRUCTURE_LITERAL,,,False
app/server_api/trading_funnel.py,879:state,'NOT_RECORDED',state,module_or_model_default,runtime,ALGORITHM_STRUCTURE_LITERAL,,,False
app/server_api/trading_funnel.py,867:state,'LEGACY_RECORD',state,module_or_model_default,runtime,ALGORITHM_STRUCTURE_LITERAL,,,False
app/server_api/trading_funnel.py,869:state,'NOT_RECORDED',state,module_or_model_default,runtime,ALGORITHM_STRUCTURE_LITERAL,,,False
app/trading_universe/domain.py,20:ACTIVE,'ACTIVE',ACTIVE,module_or_model_default,runtime,ALGORITHM_STRUCTURE_LITERAL,,,False
app/trading_universe/domain.py,21:PREPARED_NOT_ACTIVE,'PREPARED_NOT_ACTIVE',PREPARED_NOT_ACTIVE,module_or_model_default,runtime,ALGORITHM_STRUCTURE_LITERAL,,,False
scripts/audit_set2_runtime_provenance.py,15:sql,"""SELECT row_to_json(x) FROM (\n      SELECT symbol, closed_until_ms AS cycle_boundary, run_id,\n             paper_payload_json AS paper, risk_payload_json AS risk,\n             safety_counters_json AS safety\n      FROM online_pipeline_results WHERE trade_profile_id='trade-5m-v2'\n      AND closed_until_ms>=1788885600000\n      ORDER BY closed_until_ms DESC, id DESC LIMIT 120) x""",sql,module_or_model_default,runtime,ALGORITHM_STRUCTURE_LITERAL,,,False
scripts/audit_yaml_authority.py,35:prefix,'',prefix,function_default,runtime,ALGORITHM_STRUCTURE_LITERAL,,,False
scripts/audit_yaml_authority.py,116:classification,'TEST_EXPECTED_VALUE_DERIVED_FROM_YAML',classification,module_or_model_default,runtime,ALGORITHM_STRUCTURE_LITERAL,,,False
scripts/audit_yaml_authority.py,118:classification,'IDENTITY_OR_PROTOCOL_LITERAL',classification,module_or_model_default,runtime,ALGORITHM_STRUCTURE_LITERAL,,,False
scripts/audit_yaml_authority.py,93:name,'',name,module_or_model_default,runtime,ALGORITHM_STRUCTURE_LITERAL,,,False
scripts/audit_yaml_authority.py,95:role,'literal',role,module_or_model_default,runtime,ALGORITHM_STRUCTURE_LITERAL,,,False
scripts/audit_yaml_authority.py,120:classification,'POLICY_VALUE_MUST_MOVE_TO_YAML',classification,module_or_model_default,runtime,ALGORITHM_STRUCTURE_LITERAL,,,False
scripts/audit_yaml_authority.py,122:classification,'ALGORITHM_STRUCTURE_LITERAL',classification,module_or_model_default,runtime,ALGORITHM_STRUCTURE_LITERAL,,,False
scripts/authorize_paper_commission_stub_rehydration.py,14:SCHEMA,'USER_AUTHORIZED_STUB_REHYDRATION_V1',SCHEMA,module_or_model_default,runtime,IDENTITY_OR_PROTOCOL_LITERAL,,,False
scripts/benchmark_scalping_modules.py,24:boundary,1800000000000,boundary,module_or_model_default,runtime,ALGORITHM_STRUCTURE_LITERAL,,,False
scripts/calibrate_5m_strategy_cap_shadow.py,19:TASK,'TRADERS_5M_STRATEGY_CAP_SHADOW_CALIBRATION_EXPERIMENT_01',TASK,module_or_model_default,runtime,ALGORITHM_STRUCTURE_LITERAL,,,False
scripts/calibrate_5m_strategy_cap_shadow.py,20:FORENSIC_PARAMETER_START_BOUNDARY,1787658000000,FORENSIC_PARAMETER_START_BOUNDARY,module_or_model_default,runtime,ALGORITHM_STRUCTURE_LITERAL,,,False
scripts/calibrate_scalping_independent_profile.py,31:PROFILE_ID,'trade-5m-v2',PROFILE_ID,module_or_model_default,runtime,IDENTITY_OR_PROTOCOL_LITERAL,,,False
scripts/calibrate_scalping_independent_profile.py,42:BASE_COST_BPS,27.0,BASE_COST_BPS,module_or_model_default,runtime,POLICY_VALUE_MUST_MOVE_TO_YAML,RESOLVED_BY_CANONICAL_REGISTRY,SEE_CANONICAL_REGISTRY,False
scripts/calibrate_scalping_independent_profile.py,143:outcome,'TIME',outcome,module_or_model_default,runtime,ALGORITHM_STRUCTURE_LITERAL,,,False
scripts/calibrate_scalping_independent_profile.py,195:equity,0.0,equity,module_or_model_default,runtime,ALGORITHM_STRUCTURE_LITERAL,,,False
scripts/calibrate_scalping_independent_profile.py,196:streak,0,streak,module_or_model_default,runtime,ALGORITHM_STRUCTURE_LITERAL,,,False
scripts/calibrate_scalping_opportunity_cadence.py,20:PROFILE_ID,'trade-5m-v2',PROFILE_ID,module_or_model_default,runtime,IDENTITY_OR_PROTOCOL_LITERAL,,,False
scripts/calibrate_scalping_opportunity_cadence.py,21:FEE_BPS,20.0,FEE_BPS,module_or_model_default,runtime,POLICY_VALUE_MUST_MOVE_TO_YAML,RESOLVED_BY_CANONICAL_REGISTRY,SEE_CANONICAL_REGISTRY,False
scripts/calibrate_scalping_opportunity_cadence.py,22:SLIPPAGE_BPS,4.0,SLIPPAGE_BPS,module_or_model_default,runtime,POLICY_VALUE_MUST_MOVE_TO_YAML,RESOLVED_BY_CANONICAL_REGISTRY,SEE_CANONICAL_REGISTRY,False
scripts/calibrate_scalping_opportunity_cadence.py,23:SAFETY_MARGIN_BPS,3.0,SAFETY_MARGIN_BPS,module_or_model_default,runtime,POLICY_VALUE_MUST_MOVE_TO_YAML,RESOLVED_BY_CANONICAL_REGISTRY,SEE_CANONICAL_REGISTRY,False
scripts/calibrate_scalping_opportunity_cadence.py,149:observation_rows,0,observation_rows,module_or_model_default,runtime,ALGORITHM_STRUCTURE_LITERAL,,,False
scripts/calibrate_scalping_opportunity_cadence.py,230:equity,0.0,equity,module_or_model_default,runtime,ALGORITHM_STRUCTURE_LITERAL,,,False
scripts/calibrate_scalping_opportunity_cadence.py,231:streak,0,streak,module_or_model_default,runtime,ALGORITHM_STRUCTURE_LITERAL,,,False
scripts/control_api_protected_binding.py,28:command,'$a=Get-Acl -LiteralPath $env:ACL_SOURCE; Set-Acl -LiteralPath $env:ACL_TARGET -AclObject $a',command,module_or_model_default,runtime,ALGORITHM_STRUCTURE_LITERAL,,,False
scripts/control_api_runtime_probe.py,12:BASE,'http://127.0.0.1:8766',BASE,module_or_model_default,runtime,ALGORITHM_STRUCTURE_LITERAL,,,False
scripts/control_api_runtime_probe.py,14:RUNTIME_IDENTITY_KEY,'TRADERS_CONTROL_SOURCE_IDENTITY',RUNTIME_IDENTITY_KEY,module_or_model_default,runtime,IDENTITY_OR_PROTOCOL_LITERAL,,,False
scripts/control_api_runtime_probe.py,33:unauthenticated,401,unauthenticated,module_or_model_default,runtime,ALGORITHM_STRUCTURE_LITERAL,,,False
scripts/diagnose_scalping_night_funnel.py,33:PROFILE,'trade-5m-v2',PROFILE,module_or_model_default,runtime,IDENTITY_OR_PROTOCOL_LITERAL,,,False
scripts/diagnose_scalping_night_funnel.py,176:reached,True,reached,module_or_model_default,runtime,ALGORITHM_STRUCTURE_LITERAL,,,False
scripts/diagnose_scalping_night_funnel.py,424:after_final_pick,0,after_final_pick,module_or_model_default,runtime,ALGORITHM_STRUCTURE_LITERAL,,,False
scripts/engine_execution_dry_run.py,35:exit_code,1,exit_code,function_default,runtime,ALGORITHM_STRUCTURE_LITERAL,,,False
scripts/export_5m_scalping_analysis_report.py,34:PROFILE,'trade-5m-v2',PROFILE,module_or_model_default,runtime,IDENTITY_OR_PROTOCOL_LITERAL,,,False
scripts/export_5m_scalping_analysis_report.py,36:RUNTIME_SOURCE_COMMIT,'8a2413f00dc0ba6ba398faa8d08ac98e1cacf58a',RUNTIME_SOURCE_COMMIT,module_or_model_default,runtime,ALGORITHM_STRUCTURE_LITERAL,,,False
scripts/export_5m_scalping_analysis_report.py,37:RUNTIME_ARTIFACT_ID,'sha256:41f836ed3ecc41b8f5e323b49c39ce06d17059c2b0152a0751100e5e1b9efc9b',RUNTIME_ARTIFACT_ID,module_or_model_default,runtime,IDENTITY_OR_PROTOCOL_LITERAL,,,False
scripts/export_5m_scalping_analysis_report.py,38:ALEMBIC_HEAD,'0018_promote_5m_production_search',ALEMBIC_HEAD,module_or_model_default,runtime,ALGORITHM_STRUCTURE_LITERAL,,,False
scripts/export_5m_scalping_analysis_report.py,78:digits,4,digits,function_default,runtime,ALGORITHM_STRUCTURE_LITERAL,,,False
scripts/export_5m_scalping_analysis_report.py,87:retries,3,retries,function_default,runtime,ALGORITHM_STRUCTURE_LITERAL,,,False
scripts/export_5m_scalping_analysis_report.py,107:page_size,200,page_size,function_default,runtime,ALGORITHM_STRUCTURE_LITERAL,,,False
scripts/export_5m_scalping_analysis_report.py,112:pages,0,pages,module_or_model_default,runtime,ALGORITHM_STRUCTURE_LITERAL,,,False
scripts/export_5m_scalping_analysis_report.py,338:future_leaks,0,future_leaks,module_or_model_default,runtime,ALGORITHM_STRUCTURE_LITERAL,,,False
scripts/export_5m_scalping_analysis_report.py,339:closed_errors,0,closed_errors,module_or_model_default,runtime,ALGORITHM_STRUCTURE_LITERAL,,,False
scripts/export_5m_scalping_analysis_report.py,373:stop_clip_violations,0,stop_clip_violations,module_or_model_default,runtime,ALGORITHM_STRUCTURE_LITERAL,,,False
scripts/export_5m_scalping_analysis_report.py,385:repeats,0,repeats,module_or_model_default,runtime,ALGORITHM_STRUCTURE_LITERAL,,,False
scripts/export_5m_scalping_analysis_report.py,424:status,'NOT_READY',status,module_or_model_default,runtime,IDENTITY_OR_PROTOCOL_LITERAL,,,False
scripts/export_5m_scalping_analysis_report.py,622:body_marker,'## Machine-readable footer',body_marker,module_or_model_default,runtime,ALGORITHM_STRUCTURE_LITERAL,,,False
scripts/export_5m_scalping_analysis_report.py,148:key,'final_approval',key,module_or_model_default,runtime,IDENTITY_OR_PROTOCOL_LITERAL,,,False
scripts/export_5m_scalping_analysis_report.py,196:stage,'STRATEGY_ADMITTED',stage,module_or_model_default,runtime,ALGORITHM_STRUCTURE_LITERAL,,,False
scripts/export_5m_scalping_analysis_report.py,198:stage,'COST_GATE_PASS',stage,module_or_model_default,runtime,ALGORITHM_STRUCTURE_LITERAL,,,False
scripts/export_5m_scalping_analysis_report.py,200:stage,'GEOMETRY_VALID',stage,module_or_model_default,runtime,ALGORITHM_STRUCTURE_LITERAL,,,False
scripts/export_5m_scalping_analysis_report.py,202:stage,'STRUCTURAL_SETUP',stage,module_or_model_default,runtime,ALGORITHM_STRUCTURE_LITERAL,,,False
scripts/forensic_5m_strategy_cap_replay.py,24:TASK,'TRADERS_5M_STRATEGY_SCORE_CAP_GATES_FORENSIC_TRACE_AND_DOWNSTREAM_SHADOW_REPLAY_01',TASK,module_or_model_default,research,ALGORITHM_STRUCTURE_LITERAL,,,False
scripts/forensic_5m_strategy_cap_replay.py,25:PARAMETER_START,1787658000000,PARAMETER_START,module_or_model_default,research,ALGORITHM_STRUCTURE_LITERAL,,,False
scripts/forensic_5m_strategy_cap_replay.py,26:BASELINE_BOUNDARIES,80,BASELINE_BOUNDARIES,module_or_model_default,research,ALGORITHM_STRUCTURE_LITERAL,,,False
scripts/forensic_5m_strategy_cap_replay.py,27:MAX_CURRENT_BOUNDARIES,288,MAX_CURRENT_BOUNDARIES,module_or_model_default,research,POLICY_VALUE_MUST_MOVE_TO_YAML,RESOLVED_BY_CANONICAL_REGISTRY,SEE_CANONICAL_REGISTRY,False
scripts/forensic_dynamic_rr_calibration.py,32:OUTCOME_SEMANTICS,'scalping-probability-outcome-v2-ttl30s-timestop15m-netcost',OUTCOME_SEMANTICS,module_or_model_default,research,ALGORITHM_STRUCTURE_LITERAL,,,False
scripts/forensic_dynamic_rr_calibration.py,382:equity,0.0,equity,module_or_model_default,research,ALGORITHM_STRUCTURE_LITERAL,,,False
scripts/forensic_dynamic_rr_calibration.py,273:feasibility,'ACHIEVABLE',feasibility,module_or_model_default,research,ALGORITHM_STRUCTURE_LITERAL,,,False
scripts/forensic_dynamic_rr_calibration.py,275:feasibility,'MARGINALLY_ACHIEVABLE',feasibility,module_or_model_default,research,ALGORITHM_STRUCTURE_LITERAL,,,False
scripts/forensic_dynamic_rr_calibration.py,277:feasibility,'STRUCTURALLY_UNACHIEVABLE',feasibility,module_or_model_default,research,ALGORITHM_STRUCTURE_LITERAL,,,False
scripts/forensic_impulse_calibration.py,22:PROFILE,'trade-5m-v2',PROFILE,module_or_model_default,research,IDENTITY_OR_PROTOCOL_LITERAL,,,False
scripts/forensic_impulse_calibration.py,23:PARAMETER_SET,'scalping-v2-set-2',PARAMETER_SET,module_or_model_default,research,ALGORITHM_STRUCTURE_LITERAL,,,False
scripts/forensic_impulse_calibration.py,25:V3,'scalping-probability-outcome-v3-decision-time-ttl30s-timestop15m-netcost',V3,module_or_model_default,research,ALGORITHM_STRUCTURE_LITERAL,,,False
scripts/forensic_impulse_calibration.py,173:equity,0.0,equity,module_or_model_default,research,ALGORITHM_STRUCTURE_LITERAL,,,False
scripts/forensic_impulse_calibration.py,179:z,1.6448536269514722,z,module_or_model_default,research,ALGORITHM_STRUCTURE_LITERAL,,,False
scripts/forensic_postfix_setup_regime.py,18:PROFILE,'trade-5m-v2',PROFILE,module_or_model_default,research,IDENTITY_OR_PROTOCOL_LITERAL,,,False
scripts/forensic_postfix_setup_regime.py,19:PARAMETER_SET,'scalping-v2-set-2',PARAMETER_SET,module_or_model_default,research,ALGORITHM_STRUCTURE_LITERAL,,,False
scripts/forensic_postfix_setup_regime.py,20:OUTCOME_SEMANTICS,'scalping-probability-outcome-v2-ttl30s-timestop15m-netcost',OUTCOME_SEMANTICS,module_or_model_default,research,ALGORITHM_STRUCTURE_LITERAL,,,False
scripts/forensic_postfix_setup_regime.py,93:prefix,'COMPOSER_',prefix,function_default,research,ALGORITHM_STRUCTURE_LITERAL,,,False
scripts/forensic_postfix_setup_regime.py,182:equity,0.0,equity,module_or_model_default,research,ALGORITHM_STRUCTURE_LITERAL,,,False
scripts/forensic_probability_authority.py,28:PROFILE,'trade-5m-v2',PROFILE,module_or_model_default,research,IDENTITY_OR_PROTOCOL_LITERAL,,,False
scripts/forensic_probability_authority.py,29:SET_ID,'scalping-v2-set-2',SET_ID,module_or_model_default,research,IDENTITY_OR_PROTOCOL_LITERAL,,,False
scripts/forensic_probability_authority.py,43:default,'UNKNOWN',default,function_default,research,ALGORITHM_STRUCTURE_LITERAL,,,False
scripts/forensic_scalping_rr_dynamic_anchor.py,21:PROFILE,'trade-5m-v2',PROFILE,module_or_model_default,research,IDENTITY_OR_PROTOCOL_LITERAL,,,False
scripts/forensic_scalping_rr_dynamic_anchor.py,22:PARAMETER_SET,'scalping-v2-set-2',PARAMETER_SET,module_or_model_default,research,ALGORITHM_STRUCTURE_LITERAL,,,False
scripts/forensic_scalping_rr_dynamic_anchor.py,23:ACTIVATION_CUTOFF_MS,1788885600000,ACTIVATION_CUTOFF_MS,module_or_model_default,research,ALGORITHM_STRUCTURE_LITERAL,,,False
scripts/forensic_scalping_rr_dynamic_anchor.py,149:classification,'INSUFFICIENT_STATISTICS',classification,module_or_model_default,research,ALGORITHM_STRUCTURE_LITERAL,,,False
scripts/forensic_scalping_rr_dynamic_anchor.py,153:classification,'LEGITIMATE_FAIL',classification,module_or_model_default,research,ALGORITHM_STRUCTURE_LITERAL,,,False
scripts/forensic_strategy_edge_geometry.py,32:OUTCOME_SEMANTICS,'scalping-probability-outcome-v2-ttl30s-timestop15m-netcost',OUTCOME_SEMANTICS,module_or_model_default,research,ALGORITHM_STRUCTURE_LITERAL,,,False
scripts/forensic_strategy_edge_geometry.py,272:outcome_key,'net_outcome_r',outcome_key,function_default,research,IDENTITY_OR_PROTOCOL_LITERAL,,,False
scripts/forensic_strategy_edge_geometry.py,87:verdict,'TIMEOUT',verdict,module_or_model_default,research,ALGORITHM_STRUCTURE_LITERAL,,,False
scripts/forensic_strategy_edge_geometry.py,165:hours,72,hours,module_or_model_default,research,ALGORITHM_STRUCTURE_LITERAL,,,False
scripts/forensic_strategy_edge_geometry.py,275:equity,0.0,equity,module_or_model_default,research,ALGORITHM_STRUCTURE_LITERAL,,,False
scripts/generate_dependency_locks.py,77:common,'pip-compile pyproject.toml --constraint <CURRENT_LOCK> --generate-hashes --resolver backtracking --no-emit-index-url --no-header --no-annotate --strip-extras',common,module_or_model_default,runtime,ALGORITHM_STRUCTURE_LITERAL,,,False
scripts/generate_dependency_locks.py,78:target,'CPython 3.11; all-platform lock with PEP 508 markers; Linux production evaluation',target,module_or_model_default,runtime,ALGORITHM_STRUCTURE_LITERAL,,,False
scripts/market_data_image_contract.py,96:current,'',current,module_or_model_default,runtime,ALGORITHM_STRUCTURE_LITERAL,,,False
scripts/market_data_image_contract.py,105:current,'',current,module_or_model_default,runtime,ALGORITHM_STRUCTURE_LITERAL,,,False
scripts/observe_5m_scalping_calibration.py,24:CONTAINER,'traders-ml-postgres-1',CONTAINER,module_or_model_default,runtime,ALGORITHM_STRUCTURE_LITERAL,,,False
scripts/observe_5m_scalping_calibration.py,25:START_BOUNDARY,1787594700000,START_BOUNDARY,module_or_model_default,runtime,ALGORITHM_STRUCTURE_LITERAL,,,False
scripts/observe_5m_scalping_calibration.py,26:PROFILE,'trade-5m-v2',PROFILE,module_or_model_default,runtime,IDENTITY_OR_PROTOCOL_LITERAL,,,False
scripts/observe_5m_scalping_calibration.py,28:MAX_BOUNDARIES,288,MAX_BOUNDARIES,module_or_model_default,runtime,POLICY_VALUE_MUST_MOVE_TO_YAML,RESOLVED_BY_CANONICAL_REGISTRY,SEE_CANONICAL_REGISTRY,False
scripts/production_approval_adapter_proof.py,112:failed,False,failed,module_or_model_default,runtime,ALGORITHM_STRUCTURE_LITERAL,,,False
scripts/production_backup.py,40:CONTAINER,'traders-ml-postgres-1',CONTAINER,module_or_model_default,runtime,ALGORITHM_STRUCTURE_LITERAL,,,False
scripts/production_backup.py,41:DB_USER,'traders_ml',DB_USER,module_or_model_default,runtime,ALGORITHM_STRUCTURE_LITERAL,,,False
scripts/production_backup.py,42:DB_NAME,'traders_ml',DB_NAME,module_or_model_default,runtime,ALGORITHM_STRUCTURE_LITERAL,,,False
scripts/production_backup.py,43:CONTAINER_RECOVERY_ROOT,'/var/lib/postgresql/recovery',CONTAINER_RECOVERY_ROOT,module_or_model_default,runtime,ALGORITHM_STRUCTURE_LITERAL,,,False
scripts/production_backup.py,185:cleaned,0,cleaned,module_or_model_default,runtime,ALGORITHM_STRUCTURE_LITERAL,,,False
scripts/production_backup.py,296:paused,False,paused,module_or_model_default,runtime,ALGORITHM_STRUCTURE_LITERAL,,,False
scripts/production_backup.py,301:paused,True,paused,module_or_model_default,runtime,ALGORITHM_STRUCTURE_LITERAL,,,False
scripts/production_db_credential_rotation.py,37:POSTGRES,'traders-ml-postgres-1',POSTGRES,module_or_model_default,runtime,ALGORITHM_STRUCTURE_LITERAL,,,False
scripts/production_db_credential_rotation.py,38:PRINCIPAL,'traders_ml',PRINCIPAL,module_or_model_default,runtime,ALGORITHM_STRUCTURE_LITERAL,,,False
scripts/production_db_credential_rotation.py,39:DATABASE,'traders_ml',DATABASE,module_or_model_default,runtime,ALGORITHM_STRUCTURE_LITERAL,,,False
scripts/production_db_credential_rotation.py,218:code,"""import psycopg;p=open('/run/secrets/traders_shared_db_password','r',encoding='ascii').read().strip();c=psycopg.connect(host='postgres',port=5432,dbname='traders_ml',user='traders_ml',password=p,connect_timeout=5);v=c.execute('SELECT current_user,current_database()').fetchone();c.close();raise SystemExit(0 if v==('traders_ml','traders_ml') else 1)""",code,module_or_model_default,runtime,ALGORITHM_STRUCTURE_LITERAL,,,False
scripts/production_db_security_remediation.py,52:POSTGRES,'traders-ml-postgres-1',POSTGRES,module_or_model_default,runtime,ALGORITHM_STRUCTURE_LITERAL,,,False
scripts/production_db_security_remediation.py,53:DATABASE,'traders_ml',DATABASE,module_or_model_default,runtime,ALGORITHM_STRUCTURE_LITERAL,,,False
scripts/production_db_security_remediation.py,54:HOST,'127.0.0.1',HOST,module_or_model_default,runtime,ALGORITHM_STRUCTURE_LITERAL,,,False
scripts/production_db_security_remediation.py,55:PORT,5433,PORT,module_or_model_default,runtime,ALGORITHM_STRUCTURE_LITERAL,,,False
scripts/production_db_security_remediation.py,68:ADMIN_PASSWORD_KEY,'TRADERS_ML_POSTGRES_PASSWORD',ADMIN_PASSWORD_KEY,module_or_model_default,runtime,IDENTITY_OR_PROTOCOL_LITERAL,,,False
scripts/production_db_security_remediation.py,69:READONLY_CONTAINER,'traders-readonly-api-readonly-api-1',READONLY_CONTAINER,module_or_model_default,runtime,ALGORITHM_STRUCTURE_LITERAL,,,False
scripts/production_db_security_remediation.py,70:CONTROL_CONTAINER,'traders-operator-control-api-operator-control-api-1',CONTROL_CONTAINER,module_or_model_default,runtime,ALGORITHM_STRUCTURE_LITERAL,,,False
scripts/production_db_security_remediation.py,369:findings,0,findings,module_or_model_default,runtime,ALGORITHM_STRUCTURE_LITERAL,,,False
scripts/production_market_data_adapter_proof.py,67:failed,False,failed,module_or_model_default,runtime,ALGORITHM_STRUCTURE_LITERAL,,,False
scripts/production_wal_archive_remediation.py,33:DB_USER,'traders_ml',DB_USER,module_or_model_default,runtime,ALGORITHM_STRUCTURE_LITERAL,,,False
scripts/production_wal_archive_remediation.py,34:DB_NAME,'traders_ml',DB_NAME,module_or_model_default,runtime,ALGORITHM_STRUCTURE_LITERAL,,,False
scripts/production_wal_archive_remediation.py,36:HOST_ACK_ARCHIVE_COMMAND,'if [ -f /var/lib/postgresql/wal_export/%f ]; then cmp -s %p /var/lib/postgresql/wal_export/%f; else mkdir -p /var/lib/postgresql/wal_export && cp %p /var/lib/postgresql/wal_export/%f; fi || exit 1; i=0; while [ $i -lt 300 ] && [ ! -f /var/lib/postgresql/wal_export/%f.ack ]; do sleep 1; i=$((i+1)); done; test -f /var/lib/postgresql/wal_export/%f.ack',HOST_ACK_ARCHIVE_COMMAND,module_or_model_default,runtime,ALGORITHM_STRUCTURE_LITERAL,,,False
scripts/production_wal_archive_remediation.py,46:DAEMON_STATE_WRITE_ATTEMPTS,5,DAEMON_STATE_WRITE_ATTEMPTS,module_or_model_default,runtime,ALGORITHM_STRUCTURE_LITERAL,,,False
scripts/production_wal_archive_remediation.py,47:DAEMON_STATE_WRITE_RETRY_SECONDS,0.2,DAEMON_STATE_WRITE_RETRY_SECONDS,module_or_model_default,runtime,POLICY_VALUE_MUST_MOVE_TO_YAML,RESOLVED_BY_CANONICAL_REGISTRY,SEE_CANONICAL_REGISTRY,False
scripts/production_wal_archive_remediation.py,48:WINDOWS_AUTOSTART_TASK,'TradersML-WALAckDaemon',WINDOWS_AUTOSTART_TASK,module_or_model_default,runtime,POLICY_VALUE_MUST_MOVE_TO_YAML,RESOLVED_BY_CANONICAL_REGISTRY,SEE_CANONICAL_REGISTRY,False
scripts/production_wal_archive_remediation.py,49:WINDOWS_STARTUP_LAUNCHER,'TradersML-WALAckDaemon.vbs',WINDOWS_STARTUP_LAUNCHER,module_or_model_default,runtime,POLICY_VALUE_MUST_MOVE_TO_YAML,RESOLVED_BY_CANONICAL_REGISTRY,SEE_CANONICAL_REGISTRY,False
scripts/production_wal_archive_remediation.py,106:script,"'for f in ""$1""/*; do [ -f ""$f"" ] && basename ""$f""; done 2>/dev/null || true'",script,module_or_model_default,runtime,ALGORITHM_STRUCTURE_LITERAL,,,False
scripts/production_wal_archive_remediation.py,115:sql,"'SELECT archived_count, failed_count, COALESCE(last_archived_wal,\'\'), COALESCE(last_failed_wal,\'\'), COALESCE(EXTRACT(EPOCH FROM clock_timestamp()-last_archived_time)::bigint,-1), COALESCE(to_char(last_archived_time AT TIME ZONE \'UTC\',\'YYYY-MM-DD""T""HH24:MI:SS.US""Z""\'),\'\'), current_setting(\'archive_mode\'), current_setting(\'wal_level\') FROM pg_stat_archiver'",sql,module_or_model_default,runtime,ALGORITHM_STRUCTURE_LITERAL,,,False
scripts/production_wal_archive_remediation.py,216:attempts,0,attempts,module_or_model_default,runtime,ALGORITHM_STRUCTURE_LITERAL,,,False
scripts/production_wal_archive_remediation.py,384:published,0,published,module_or_model_default,runtime,ALGORITHM_STRUCTURE_LITERAL,,,False
scripts/production_wal_archive_remediation.py,162:destination_accessible,False,destination_accessible,module_or_model_default,runtime,ALGORITHM_STRUCTURE_LITERAL,,,False
scripts/readonly_api_client_smoke.py,51:timeout,12.0,timeout,function_default,runtime,POLICY_VALUE_MUST_MOVE_TO_YAML,RESOLVED_BY_CANONICAL_REGISTRY,SEE_CANONICAL_REGISTRY,False
scripts/readonly_api_credential_rotation_control.py,17:SUCCESS,'SUCCESS',SUCCESS,module_or_model_default,runtime,ALGORITHM_STRUCTURE_LITERAL,,,False
scripts/readonly_api_credential_rotation_control.py,18:FAILURE,'FAILURE',FAILURE,module_or_model_default,runtime,ALGORITHM_STRUCTURE_LITERAL,,,False
scripts/readonly_api_credential_rotation_control.py,19:FAILURE_HARD_STOP,'FAILURE_HARD_STOP',FAILURE_HARD_STOP,module_or_model_default,runtime,ALGORITHM_STRUCTURE_LITERAL,,,False
scripts/readonly_api_credential_rotation_control.py,24:started,False,started,module_or_model_default,runtime,ALGORITHM_STRUCTURE_LITERAL,,,False
scripts/readonly_api_credential_rotation_control.py,123:rollback_calls,0,rollback_calls,module_or_model_default,runtime,ALGORITHM_STRUCTURE_LITERAL,,,False
scripts/readonly_api_credential_rotation_control.py,126:rollback_calls,1,rollback_calls,module_or_model_default,runtime,ALGORITHM_STRUCTURE_LITERAL,,,False
scripts/readonly_api_credential_rotation_control.py,136:rollback_succeeded,True,rollback_succeeded,module_or_model_default,runtime,ALGORITHM_STRUCTURE_LITERAL,,,False
scripts/readonly_api_credential_rotation_control.py,153:finalizer_succeeded,True,finalizer_succeeded,module_or_model_default,runtime,ALGORITHM_STRUCTURE_LITERAL,,,False
scripts/readonly_api_credential_rotation_control.py,130:rollback_succeeded,False,rollback_succeeded,module_or_model_default,runtime,ALGORITHM_STRUCTURE_LITERAL,,,False
scripts/readonly_api_credential_rotation_control.py,149:finalizer_succeeded,False,finalizer_succeeded,module_or_model_default,runtime,ALGORITHM_STRUCTURE_LITERAL,,,False
scripts/readonly_api_stability_observer.py,43:MAX_RESPONSE_BYTES,2000000,MAX_RESPONSE_BYTES,module_or_model_default,runtime,POLICY_VALUE_MUST_MOVE_TO_YAML,RESOLVED_BY_CANONICAL_REGISTRY,SEE_CANONICAL_REGISTRY,False
scripts/readonly_api_stability_observer.py,44:SAFE_OUTPUT_BYTES,4096,SAFE_OUTPUT_BYTES,module_or_model_default,runtime,ALGORITHM_STRUCTURE_LITERAL,,,False
scripts/readonly_api_stability_observer.py,45:MAX_UNKNOWN_DETAILS,20,MAX_UNKNOWN_DETAILS,module_or_model_default,runtime,POLICY_VALUE_MUST_MOVE_TO_YAML,RESOLVED_BY_CANONICAL_REGISTRY,SEE_CANONICAL_REGISTRY,False
scripts/readonly_api_stability_observer.py,336:template,'{{.Id}}|{{.Image}}|{{.RestartCount}}|{{.State.Status}}',template,module_or_model_default,runtime,ALGORITHM_STRUCTURE_LITERAL,,,False
scripts/readonly_api_stability_observer.py,355:template,'{{.Name}}|{{.CPUPerc}}|{{.MemUsage}}|{{.PIDs}}|{{.NetIO}}|{{.BlockIO}}',template,module_or_model_default,runtime,ALGORITHM_STRUCTURE_LITERAL,,,False
scripts/readonly_api_stability_observer.py,376:query,"""SELECT count(*) FILTER (WHERE usename='traders_readonly_api'),count(*) FILTER (WHERE usename='traders_readonly_api' AND state='idle'),count(*) FILTER (WHERE usename='traders_readonly_api' AND state='idle in transaction'),count(*) FILTER (WHERE usename='traders_readonly_api' AND state='active' AND clock_timestamp()-query_start > interval '30 seconds'),count(*) FILTER (WHERE wait_event_type='Lock'),count(*) FILTER (WHERE cardinality(pg_blocking_pids(pid))>0),(SELECT coalesce(max(closed_until_ms),0) FROM online_pipeline_runs WHERE symbol='BTCUSDT'),(SELECT coalesce(max(closed_until_ms),0) FROM online_pipeline_results WHERE symbol='BTCUSDT') FROM pg_stat_activity""",query,module_or_model_default,runtime,ALGORITHM_STRUCTURE_LITERAL,,,False
scripts/readonly_api_stability_observer.py,489:start,10000000000,start,module_or_model_default,runtime,ALGORITHM_STRUCTURE_LITERAL,,,False
scripts/readonly_api_stability_observer.py,584:checkpoint_index,0,checkpoint_index,module_or_model_default,runtime,ALGORITHM_STRUCTURE_LITERAL,,,False
scripts/readonly_api_stability_observer.py,589:midpoint_started,False,midpoint_started,module_or_model_default,runtime,IDENTITY_OR_PROTOCOL_LITERAL,,,False
scripts/readonly_api_stability_observer.py,688:returned_current,False,returned_current,module_or_model_default,runtime,ALGORITHM_STRUCTURE_LITERAL,,,False
scripts/readonly_api_stability_observer.py,689:saw_grace,False,saw_grace,module_or_model_default,runtime,ALGORITHM_STRUCTURE_LITERAL,,,False
scripts/readonly_api_stability_observer.py,629:midpoint_started,True,midpoint_started,module_or_model_default,runtime,IDENTITY_OR_PROTOCOL_LITERAL,,,False
scripts/readonly_api_stability_observer.py,692:saw_grace,True,saw_grace,module_or_model_default,runtime,ALGORITHM_STRUCTURE_LITERAL,,,False
scripts/readonly_api_stability_observer.py,694:returned_current,True,returned_current,module_or_model_default,runtime,ALGORITHM_STRUCTURE_LITERAL,,,False
scripts/replay_5m_causal_target_hierarchy.py,32:CONTAINER,'traders-ml-postgres-1',CONTAINER,module_or_model_default,research,ALGORITHM_STRUCTURE_LITERAL,,,False
scripts/replay_5m_causal_target_hierarchy.py,33:PROFILE,'trade-5m-v2',PROFILE,module_or_model_default,research,IDENTITY_OR_PROTOCOL_LITERAL,,,False
scripts/replay_5m_causal_target_hierarchy.py,83:horizon_minutes,60,horizon_minutes,function_default,research,POLICY_VALUE_MUST_MOVE_TO_YAML,RESOLVED_BY_CANONICAL_REGISTRY,SEE_CANONICAL_REGISTRY,False
scripts/replay_5m_causal_target_hierarchy.py,97:horizon_minutes,60,horizon_minutes,function_default,research,POLICY_VALUE_MUST_MOVE_TO_YAML,RESOLVED_BY_CANONICAL_REGISTRY,SEE_CANONICAL_REGISTRY,False
scripts/replay_5m_causal_target_hierarchy.py,102:mfe,0.0,mfe,module_or_model_default,research,ALGORITHM_STRUCTURE_LITERAL,,,False
scripts/replay_5m_causal_target_hierarchy.py,103:outcome,'NEITHER',outcome,module_or_model_default,research,ALGORITHM_STRUCTURE_LITERAL,,,False
scripts/replay_5m_causal_target_hierarchy.py,170:achievable,True,achievable,module_or_model_default,research,ALGORITHM_STRUCTURE_LITERAL,,,False
scripts/replay_scalping_1m_entry_refinement.py,76:equity,0.0,equity,module_or_model_default,research,ALGORITHM_STRUCTURE_LITERAL,,,False
scripts/replay_scalping_v2_candles.py,19:PROFILE,'trade-5m-v2',PROFILE,module_or_model_default,research,IDENTITY_OR_PROTOCOL_LITERAL,,,False
scripts/replay_scalping_v2_candles.py,20:BASE_COST_BPS,27.0,BASE_COST_BPS,module_or_model_default,research,POLICY_VALUE_MUST_MOVE_TO_YAML,RESOLVED_BY_CANONICAL_REGISTRY,SEE_CANONICAL_REGISTRY,False
scripts/replay_scalping_v2_candles.py,56:periods,12,periods,function_default,research,ALGORITHM_STRUCTURE_LITERAL,,,False
scripts/replay_scalping_v2_candles.py,199:equity,0.0,equity,module_or_model_default,research,ALGORITHM_STRUCTURE_LITERAL,,,False
scripts/replay_scalping_v2_candles.py,200:streak,0,streak,module_or_model_default,research,ALGORITHM_STRUCTURE_LITERAL,,,False
scripts/run_5m_scalping_shadow_matrix.py,18:BOUNDARY,1700000000000,BOUNDARY,module_or_model_default,runtime,ALGORITHM_STRUCTURE_LITERAL,,,False
scripts/run_5m_scalping_shadow_matrix.py,22:source,'LOCAL_5M',source,function_default,runtime,ALGORITHM_STRUCTURE_LITERAL,,,False
scripts/run_5m_scalping_shadow_matrix.py,22:known_offset,0,known_offset,function_default,runtime,ALGORITHM_STRUCTURE_LITERAL,,,False
scripts/safe_control_status_inspector.py,15:URL,'http://127.0.0.1:8766/control/v1/status',URL,module_or_model_default,runtime,ALGORITHM_STRUCTURE_LITERAL,,,False
scripts/safe_docker_inspection.py,21:REDACTED,'***',REDACTED,module_or_model_default,runtime,ALGORITHM_STRUCTURE_LITERAL,,,False
scripts/safe_production_inspector.py,57:status,0,status,module_or_model_default,runtime,IDENTITY_OR_PROTOCOL_LITERAL,,,False
scripts/safe_production_inspector.py,73:status,1,status,module_or_model_default,runtime,IDENTITY_OR_PROTOCOL_LITERAL,,,False
scripts/safe_production_inspector.py,65:status,1,status,module_or_model_default,runtime,IDENTITY_OR_PROTOCOL_LITERAL,,,False
scripts/safe_wal_ack_inspector.py,24:script,"'$p=Get-CimInstance Win32_Process -Filter ""ProcessId=$env:ACK_PID"";if($null -eq $p){exit 3};[ordered]@{Id=[int]$p.ProcessId;Name=[string]$p.Name;CommandLine=[string]$p.CommandLine}|ConvertTo-Json -Compress'",script,module_or_model_default,runtime,ALGORITHM_STRUCTURE_LITERAL,,,False
scripts/scan_all_production_db_secret_exposure.py,37:findings,0,findings,module_or_model_default,runtime,ALGORITHM_STRUCTURE_LITERAL,,,False
scripts/scan_all_production_db_secret_exposure.py,50:findings,0,findings,module_or_model_default,runtime,ALGORITHM_STRUCTURE_LITERAL,,,False
scripts/scan_production_db_secret_exposure.py,42:findings,0,findings,module_or_model_default,runtime,ALGORITHM_STRUCTURE_LITERAL,,,False
scripts/scan_production_db_secret_exposure.py,53:findings,0,findings,module_or_model_default,runtime,ALGORITHM_STRUCTURE_LITERAL,,,False
scripts/security_retry_controls.py,26:PROTECTED_BINDING_NAME,'.env.production.local',PROTECTED_BINDING_NAME,module_or_model_default,runtime,ALGORITHM_STRUCTURE_LITERAL,,,False
scripts/security_retry_controls.py,27:POSTGRES_PASSWORD_KEY_PATH,'services.postgres.environment.POSTGRES_PASSWORD_FILE',POSTGRES_PASSWORD_KEY_PATH,module_or_model_default,runtime,IDENTITY_OR_PROTOCOL_LITERAL,,,False
scripts/security_retry_controls.py,28:POSTGRES_PASSWORD_REFERENCE_KEY,'TRADERS_ML_POSTGRES_PASSWORD',POSTGRES_PASSWORD_REFERENCE_KEY,module_or_model_default,runtime,IDENTITY_OR_PROTOCOL_LITERAL,,,False
scripts/security_retry_controls.py,95:REQUIRED_ENV_REFERENCE,'REQUIRED_ENV_REFERENCE',REQUIRED_ENV_REFERENCE,module_or_model_default,runtime,ALGORITHM_STRUCTURE_LITERAL,,,False
scripts/security_retry_controls.py,96:ENV_REFERENCE_WITH_DEFAULT,'ENV_REFERENCE_WITH_DEFAULT',ENV_REFERENCE_WITH_DEFAULT,module_or_model_default,runtime,ALGORITHM_STRUCTURE_LITERAL,,,False
scripts/security_retry_controls.py,97:ENV_REFERENCE_NOT_REQUIRED,'ENV_REFERENCE_NOT_REQUIRED',ENV_REFERENCE_NOT_REQUIRED,module_or_model_default,runtime,ALGORITHM_STRUCTURE_LITERAL,,,False
scripts/security_retry_controls.py,98:APPROVED_EXTERNAL_SECRET_REFERENCE,'APPROVED_EXTERNAL_SECRET_REFERENCE',APPROVED_EXTERNAL_SECRET_REFERENCE,module_or_model_default,runtime,ALGORITHM_STRUCTURE_LITERAL,,,False
scripts/security_retry_controls.py,99:SAFE_EXAMPLE_PLACEHOLDER,'SAFE_EXAMPLE_PLACEHOLDER',SAFE_EXAMPLE_PLACEHOLDER,module_or_model_default,runtime,ALGORITHM_STRUCTURE_LITERAL,,,False
scripts/security_retry_controls.py,100:LITERAL_SECRET,'LITERAL_SECRET',LITERAL_SECRET,module_or_model_default,runtime,ALGORITHM_STRUCTURE_LITERAL,,,False
scripts/security_retry_controls.py,101:CREDENTIAL_BEARING_URL,'CREDENTIAL_BEARING_URL',CREDENTIAL_BEARING_URL,module_or_model_default,runtime,ALGORITHM_STRUCTURE_LITERAL,,,False
scripts/security_retry_controls.py,102:NON_SECRET,'NON_SECRET',NON_SECRET,module_or_model_default,runtime,ALGORITHM_STRUCTURE_LITERAL,,,False
scripts/security_retry_controls.py,103:MISSING,'MISSING',MISSING,module_or_model_default,runtime,ALGORITHM_STRUCTURE_LITERAL,,,False
scripts/security_retry_controls.py,104:PARSE_ERROR,'PARSE_ERROR',PARSE_ERROR,module_or_model_default,runtime,ALGORITHM_STRUCTURE_LITERAL,,,False
scripts/security_retry_controls.py,108:PASS,'PASS',PASS,module_or_model_default,runtime,ALGORITHM_STRUCTURE_LITERAL,,,False
scripts/security_retry_controls.py,109:FAIL,'FAIL',FAIL,module_or_model_default,runtime,ALGORITHM_STRUCTURE_LITERAL,,,False
scripts/security_retry_controls.py,208:document_index,0,document_index,module_or_model_default,runtime,ALGORITHM_STRUCTURE_LITERAL,,,False
scripts/security_retry_controls.py,210:block_path,'',block_path,module_or_model_default,runtime,ALGORITHM_STRUCTURE_LITERAL,,,False
scripts/security_retry_controls.py,211:block_document_index,0,block_document_index,module_or_model_default,runtime,ALGORITHM_STRUCTURE_LITERAL,,,False
scripts/security_retry_controls.py,883:template,'{{.Id}}|{{.Image}}|{{.RestartCount}}|{{.State.Running}}',template,module_or_model_default,runtime,ALGORITHM_STRUCTURE_LITERAL,,,False
scripts/security_retry_controls.py,945:PERSISTENT_EXTERNAL_VOLUME,'PERSISTENT_EXTERNAL_VOLUME',PERSISTENT_EXTERNAL_VOLUME,module_or_model_default,runtime,ALGORITHM_STRUCTURE_LITERAL,,,False
scripts/security_retry_controls.py,946:PERSISTENT_HOST_BIND,'PERSISTENT_HOST_BIND',PERSISTENT_HOST_BIND,module_or_model_default,runtime,ALGORITHM_STRUCTURE_LITERAL,,,False
scripts/security_retry_controls.py,947:MANAGED_PERSISTENT_STORAGE,'MANAGED_PERSISTENT_STORAGE',MANAGED_PERSISTENT_STORAGE,module_or_model_default,runtime,ALGORITHM_STRUCTURE_LITERAL,,,False
scripts/security_retry_controls.py,948:EPHEMERAL_CONTAINER_STORAGE,'EPHEMERAL_CONTAINER_STORAGE',EPHEMERAL_CONTAINER_STORAGE,module_or_model_default,runtime,ALGORITHM_STRUCTURE_LITERAL,,,False
scripts/security_retry_controls.py,949:UNPROVEN,'UNPROVEN',UNPROVEN,module_or_model_default,runtime,ALGORITHM_STRUCTURE_LITERAL,,,False
scripts/security_retry_controls.py,953:MINIMAL,'MINIMAL',MINIMAL,module_or_model_default,runtime,POLICY_VALUE_MUST_MOVE_TO_YAML,RESOLVED_BY_CANONICAL_REGISTRY,SEE_CANONICAL_REGISTRY,False
scripts/security_retry_controls.py,954:REPLICA_OR_HIGHER,'REPLICA_OR_HIGHER',REPLICA_OR_HIGHER,module_or_model_default,runtime,ALGORITHM_STRUCTURE_LITERAL,,,False
scripts/security_retry_controls.py,955:UNPROVEN,'UNPROVEN',UNPROVEN,module_or_model_default,runtime,ALGORITHM_STRUCTURE_LITERAL,,,False
scripts/security_retry_controls.py,959:DISABLED,'DISABLED',DISABLED,module_or_model_default,runtime,ALGORITHM_STRUCTURE_LITERAL,,,False
scripts/security_retry_controls.py,960:AT_MOST_15_MINUTES,'AT_MOST_15_MINUTES',AT_MOST_15_MINUTES,module_or_model_default,runtime,POLICY_VALUE_MUST_MOVE_TO_YAML,RESOLVED_BY_CANONICAL_REGISTRY,SEE_CANONICAL_REGISTRY,False
scripts/security_retry_controls.py,961:OVER_15_MINUTES,'OVER_15_MINUTES',OVER_15_MINUTES,module_or_model_default,runtime,POLICY_VALUE_MUST_MOVE_TO_YAML,RESOLVED_BY_CANONICAL_REGISTRY,SEE_CANONICAL_REGISTRY,False
scripts/security_retry_controls.py,962:UNPROVEN,'UNPROVEN',UNPROVEN,module_or_model_default,runtime,ALGORITHM_STRUCTURE_LITERAL,,,False
scripts/security_retry_controls.py,1098:sql,"""SELECT archived_count || '|' || failed_count || '|' || (last_archived_wal IS NOT NULL)::int || '|' || (last_failed_wal IS NOT NULL AND (last_archived_time IS NULL OR last_failed_time > last_archived_time))::int || '|' || COALESCE(EXTRACT(EPOCH FROM clock_timestamp() - last_archived_time)::bigint, -1) FROM pg_stat_archiver""",sql,module_or_model_default,runtime,ALGORITHM_STRUCTURE_LITERAL,,,False
scripts/security_retry_controls.py,1187:sql,"""SELECT current_setting('server_version_num')::int/10000 || '|' || current_setting('archive_mode') || '|' || current_setting('wal_level') || '|' || (current_setting('archive_command') <> '')::int || '|' || (current_setting('archive_library') <> '')::int || '|' || EXTRACT(EPOCH FROM current_setting('archive_timeout')::interval)::int""",sql,module_or_model_default,runtime,ALGORITHM_STRUCTURE_LITERAL,,,False
scripts/security_retry_controls.py,1269:endpoint,'/api/v1/health',endpoint,module_or_model_default,runtime,ALGORITHM_STRUCTURE_LITERAL,,,False
scripts/security_retry_controls.py,229:block_path,'',block_path,module_or_model_default,runtime,ALGORITHM_STRUCTURE_LITERAL,,,False
scripts/trade_5m_historical_replay.py,36:PROFILE_ID,'trade-5m-v2',PROFILE_ID,module_or_model_default,research,IDENTITY_OR_PROTOCOL_LITERAL,,,False
scripts/trade_5m_historical_replay.py,37:TRIGGER_TIMEFRAME,'5m',TRIGGER_TIMEFRAME,module_or_model_default,research,ALGORITHM_STRUCTURE_LITERAL,,,False
scripts/trade_5m_historical_replay.py,39:ANALYSIS_HISTORY,288,ANALYSIS_HISTORY,module_or_model_default,research,ALGORITHM_STRUCTURE_LITERAL,,,False
scripts/trade_5m_historical_replay.py,62:cost_diagnostics,0,cost_diagnostics,module_or_model_default,research,ALGORITHM_STRUCTURE_LITERAL,,,False
scripts/trade_5m_historical_replay.py,87:context_ok,True,context_ok,module_or_model_default,research,ALGORITHM_STRUCTURE_LITERAL,,,False
scripts/trade_5m_historical_replay.py,93:context_ok,False,context_ok,module_or_model_default,research,ALGORITHM_STRUCTURE_LITERAL,,,False
scripts/verify_api_dependency_lock.py,48:current,'',current,module_or_model_default,runtime,ALGORITHM_STRUCTURE_LITERAL,,,False
scripts/verify_api_dependency_lock.py,58:current,'',current,module_or_model_default,runtime,ALGORITHM_STRUCTURE_LITERAL,,,False
scripts/verify_persistent_secret_binding.py,18:GITIGNORE_RULE,'/.env.production.local',GITIGNORE_RULE,module_or_model_default,runtime,ALGORITHM_STRUCTURE_LITERAL,,,False
scripts/verify_persistent_secret_binding.py,19:DOCKERIGNORE_RULE,'.env.production.local',DOCKERIGNORE_RULE,module_or_model_default,runtime,ALGORITHM_STRUCTURE_LITERAL,,,False
scripts/verify_persistent_secret_binding.py,20:DATABASE_KEY,'TRADERS_READONLY_API_DATABASE_URL',DATABASE_KEY,module_or_model_default,runtime,IDENTITY_OR_PROTOCOL_LITERAL,,,False
scripts/verify_persistent_secret_binding.py,21:HOST_KEY,'TRADERS_READONLY_API_HOST',HOST_KEY,module_or_model_default,runtime,IDENTITY_OR_PROTOCOL_LITERAL,,,False
scripts/verify_persistent_secret_binding.py,22:PORT_KEY,'TRADERS_READONLY_API_PORT',PORT_KEY,module_or_model_default,runtime,IDENTITY_OR_PROTOCOL_LITERAL,,,False
scripts/verify_persistent_secret_binding.py,156:script,'$a=Get-Acl -LiteralPath $env:ACL_TARGET;$s=([System.Security.Principal.WindowsIdentity]::GetCurrent()).User.Value;[ordered]@{sddl=[string]$a.Sddl;protected=[bool]$a.AreAccessRulesProtected;current_sid=[string]$s}|ConvertTo-Json -Compress',script,module_or_model_default,runtime,ALGORITHM_STRUCTURE_LITERAL,,,False
scripts/verify_readonly_api_canary_contract.py,19:SERVICE,'readonly-api-canary',SERVICE,module_or_model_default,runtime,ALGORITHM_STRUCTURE_LITERAL,,,False
scripts/verify_readonly_api_canary_contract.py,20:PROFILE,'readonly-api-canary',PROFILE,module_or_model_default,runtime,IDENTITY_OR_PROTOCOL_LITERAL,,,False
scripts/verify_readonly_api_canary_contract.py,21:IMAGE,'traders-readonly-api:880264b1-canary-preparation',IMAGE,module_or_model_default,runtime,ALGORITHM_STRUCTURE_LITERAL,,,False
scripts/verify_shared_db_secret_binding.py,14:GITIGNORE_RULE,'/.secrets.production.local/',GITIGNORE_RULE,module_or_model_default,runtime,ALGORITHM_STRUCTURE_LITERAL,,,False
scripts/verify_shared_db_secret_binding.py,15:DOCKERIGNORE_RULE,'.secrets.production.local',DOCKERIGNORE_RULE,module_or_model_default,runtime,ALGORITHM_STRUCTURE_LITERAL,,,False
tests/control_mobile_security/test_postgres_least_privilege.py,16:ROLE,'mobile_security_contract_test',ROLE,module_or_model_default,test,TEST_EXPECTED_VALUE_DERIVED_FROM_YAML,,,False
tests/control_mobile_security/test_postgres_least_privilege.py,17:DEVICE_ID,'f3dd84a0-2278-4e27-8d40-aed4494744a1',DEVICE_ID,module_or_model_default,test,TEST_EXPECTED_VALUE_DERIVED_FROM_YAML,,,False
tests/engine_analysis/conftest.py,15:kind,'up',kind,function_default,test,TEST_EXPECTED_VALUE_DERIVED_FROM_YAML,,,False
tests/engine_analysis/conftest.py,15:count,120,count,function_default,test,TEST_EXPECTED_VALUE_DERIVED_FROM_YAML,,,False
tests/engine_analysis/test_quality_online_and_contract.py,96:calls,0,calls,module_or_model_default,test,TEST_EXPECTED_VALUE_DERIVED_FROM_YAML,,,False
tests/engine_analysis_online_01_helpers.py,13:count,3,count,function_default,test,TEST_EXPECTED_VALUE_DERIVED_FROM_YAML,,,False
tests/engine_analysis_online_01_helpers.py,27:count,3,count,function_default,test,TEST_EXPECTED_VALUE_DERIVED_FROM_YAML,,,False
tests/engine_execution/test_approval_policy.py,9:mode,'DRY_RUN',mode,function_default,test,TEST_EXPECTED_VALUE_DERIVED_FROM_YAML,,,False
tests/engine_execution/test_builder_validation.py,6:mode,'DRY_RUN',mode,function_default,test,TEST_EXPECTED_VALUE_DERIVED_FROM_YAML,,,False
tests/engine_execution/test_idempotency.py,11:mode,'DRY_RUN',mode,function_default,test,TEST_EXPECTED_VALUE_DERIVED_FROM_YAML,,,False
tests/engine_market_data_02_helpers.py,24:now_ms,86400002000,now_ms,function_default,test,TEST_EXPECTED_VALUE_DERIVED_FROM_YAML,,,False
tests/engine_market_data_03_helpers.py,8:timeframe,'1m',timeframe,function_default,test,TEST_EXPECTED_VALUE_DERIVED_FROM_YAML,,,False
tests/engine_market_data_03_helpers.py,40:now_ms,600001,now_ms,function_default,test,TEST_EXPECTED_VALUE_DERIVED_FROM_YAML,,,False
tests/engine_observation_01_helpers.py,9:index,0,index,function_default,test,TEST_EXPECTED_VALUE_DERIVED_FROM_YAML,,,False
tests/engine_observation_01_helpers.py,9:symbol,'BTCUSDT',symbol,function_default,test,TEST_EXPECTED_VALUE_DERIVED_FROM_YAML,,,False
tests/engine_orchestrator/test_5m_runtime_parameterization_and_owner.py,485:attempts,4,attempts,module_or_model_default,test,TEST_EXPECTED_VALUE_DERIVED_FROM_YAML,,,False
tests/engine_orchestrator/test_5m_runtime_parameterization_and_owner.py,230:duration,300000,duration,module_or_model_default,test,TEST_EXPECTED_VALUE_DERIVED_FROM_YAML,,,False
tests/engine_orchestrator/test_5m_shadow_full_funnel.py,30:BOUNDARY,1800000000000,BOUNDARY,module_or_model_default,test,TEST_EXPECTED_VALUE_DERIVED_FROM_YAML,,,False
tests/engine_orchestrator/test_5m_shadow_full_funnel.py,175:preview_calls,0,preview_calls,module_or_model_default,test,TEST_EXPECTED_VALUE_DERIVED_FROM_YAML,,,False
tests/engine_orchestrator/test_5m_shadow_full_funnel.py,176:reserve_calls,0,reserve_calls,module_or_model_default,test,TEST_EXPECTED_VALUE_DERIVED_FROM_YAML,,,False
tests/engine_orchestrator/test_failed_boundary_prompt_retry_integration.py,40:duplicates,1,duplicates,function_default,test,TEST_EXPECTED_VALUE_DERIVED_FROM_YAML,,,False
tests/engine_orchestrator/test_freshness_retry_audit_regression.py,13:missing_forever,False,missing_forever,function_default,test,TEST_EXPECTED_VALUE_DERIVED_FROM_YAML,,,False
tests/engine_orchestrator/test_freshness_retry_audit_regression.py,40:completed,0,completed,module_or_model_default,test,TEST_EXPECTED_VALUE_DERIVED_FROM_YAML,,,False
tests/engine_orchestrator/test_freshness_retry_audit_regression.py,54:waited,False,waited,module_or_model_default,test,TEST_EXPECTED_VALUE_DERIVED_FROM_YAML,,,False
tests/engine_orchestrator/test_freshness_retry_audit_regression.py,29:unavailable,True,unavailable,module_or_model_default,test,TEST_EXPECTED_VALUE_DERIVED_FROM_YAML,,,False
tests/engine_orchestrator/test_freshness_retry_audit_regression.py,70:waited,True,waited,module_or_model_default,test,TEST_EXPECTED_VALUE_DERIVED_FROM_YAML,,,False
tests/engine_orchestrator/test_freshness_retry_gate.py,10:HOUR,3600000,HOUR,module_or_model_default,test,TEST_EXPECTED_VALUE_DERIVED_FROM_YAML,,,False
tests/engine_orchestrator/test_freshness_retry_gate.py,11:BOUNDARY,1768176000000,BOUNDARY,module_or_model_default,test,TEST_EXPECTED_VALUE_DERIVED_FROM_YAML,,,False
tests/engine_orchestrator/test_freshness_retry_store.py,23:url,'sqlite+pysqlite:///:memory:',url,function_default,test,TEST_EXPECTED_VALUE_DERIVED_FROM_YAML,,,False
tests/engine_orchestrator/test_parallel_trade_profiles.py,165:fails,False,fails,function_default,test,TEST_EXPECTED_VALUE_DERIVED_FROM_YAML,,,False
tests/engine_orchestrator/test_parameter_set_cycle_binding.py,13:active,'scalping-v2-set-1',active,function_default,test,TEST_EXPECTED_VALUE_DERIVED_FROM_YAML,,,False
tests/engine_orchestrator/test_parameter_set_cycle_binding.py,13:previous,'scalping-v2-set-1',previous,function_default,test,TEST_EXPECTED_VALUE_DERIVED_FROM_YAML,,,False
tests/engine_orchestrator/test_pipeline_result_json_safe.py,10:RECOVERING,'RECOVERING',RECOVERING,module_or_model_default,test,TEST_EXPECTED_VALUE_DERIVED_FROM_YAML,,,False
tests/engine_orchestrator_01_helpers.py,8:BOUNDARY,1800000000000,BOUNDARY,module_or_model_default,test,TEST_EXPECTED_VALUE_DERIVED_FROM_YAML,,,False
tests/engine_orchestrator_01_helpers.py,21:timeframe,'15m',timeframe,function_default,test,TEST_EXPECTED_VALUE_DERIVED_FROM_YAML,,,False
tests/engine_orchestrator_01_helpers.py,33:enough,True,enough,function_default,test,TEST_EXPECTED_VALUE_DERIVED_FROM_YAML,,,False
tests/engine_paper/test_binance_account_commission.py,31:symbol,'BTCUSDT',symbol,function_default,test,TEST_EXPECTED_VALUE_DERIVED_FROM_YAML,,,False
tests/engine_paper/test_binance_account_commission.py,52:status_code,200,status_code,module_or_model_default,test,TEST_EXPECTED_VALUE_DERIVED_FROM_YAML,,,False
tests/engine_paper/test_entry_refinement.py,19:BOUNDARY,1800000,BOUNDARY,module_or_model_default,test,TEST_EXPECTED_VALUE_DERIVED_FROM_YAML,,,False
tests/engine_paper/test_scalping_opportunity_registry.py,8:identity,'opportunity:abc',identity,module_or_model_default,test,TEST_EXPECTED_VALUE_DERIVED_FROM_YAML,,,False
tests/engine_paper/test_scalping_statistics.py,10:symbol,'BTCUSDT',symbol,function_default,test,TEST_EXPECTED_VALUE_DERIVED_FROM_YAML,,,False
tests/engine_paper/test_scalping_statistics.py,10:setup,'SCALP_BREAKOUT',setup,function_default,test,TEST_EXPECTED_VALUE_DERIVED_FROM_YAML,,,False
tests/engine_paper/test_scalping_statistics.py,10:direction,'BULLISH',direction,function_default,test,TEST_EXPECTED_VALUE_DERIVED_FROM_YAML,,,False
tests/engine_paper/test_scalping_statistics.py,10:regime,'UP',regime,function_default,test,TEST_EXPECTED_VALUE_DERIVED_FROM_YAML,,,False
tests/engine_paper/test_scalping_statistics.py,10:cost,'LOW',cost,function_default,test,TEST_EXPECTED_VALUE_DERIVED_FROM_YAML,,,False
tests/engine_paper/test_scalping_statistics.py,10:won,True,won,function_default,test,TEST_EXPECTED_VALUE_DERIVED_FROM_YAML,,,False
tests/engine_position/test_cli.py,9:mode,'DRY_RUN',mode,function_default,test,TEST_EXPECTED_VALUE_DERIVED_FROM_YAML,,,False
tests/engine_position/test_lifecycle.py,5:id,'close',id,function_default,test,TEST_EXPECTED_VALUE_DERIVED_FROM_YAML,,,False
tests/engine_position/test_lifecycle.py,5:q,'1',q,function_default,test,TEST_EXPECTED_VALUE_DERIVED_FROM_YAML,,,False
tests/engine_position/test_lifecycle.py,5:price,'110',price,function_default,test,TEST_EXPECTED_VALUE_DERIVED_FROM_YAML,,,False
tests/engine_position/test_pnl.py,7:id,'m',id,function_default,test,TEST_EXPECTED_VALUE_DERIVED_FROM_YAML,,,False
tests/engine_position/test_pnl.py,9:fee,'0',fee,function_default,test,TEST_EXPECTED_VALUE_DERIVED_FROM_YAML,,,False
tests/engine_position/test_pnl.py,9:id,'c',id,function_default,test,TEST_EXPECTED_VALUE_DERIVED_FROM_YAML,,,False
tests/engine_risk/test_cross_profile_arbiter.py,8:direction,'BULLISH',direction,function_default,test,TEST_EXPECTED_VALUE_DERIVED_FROM_YAML,,,False
tests/final_approval_generation_integration/test_natural_materialization.py,53:BOUNDARY,1800000000000,BOUNDARY,module_or_model_default,test,TEST_EXPECTED_VALUE_DERIVED_FROM_YAML,,,False
tests/final_approval_generation_integration/test_natural_materialization.py,59:symbol,'BTCUSDT',symbol,function_default,test,TEST_EXPECTED_VALUE_DERIVED_FROM_YAML,,,False
tests/final_approval_generation_integration/test_natural_materialization.py,59:timeframe,'15m',timeframe,function_default,test,TEST_EXPECTED_VALUE_DERIVED_FROM_YAML,,,False
tests/final_approval_generation_integration/test_natural_materialization.py,226:symbol,'AVAXUSDT',symbol,module_or_model_default,test,TEST_EXPECTED_VALUE_DERIVED_FROM_YAML,,,False
tests/final_approval_generation_integration/test_natural_materialization.py,227:setup_id,'setup:AVAXUSDT:15m:1800000000000:BREAKOUT_CONTINUATION:SETUP_CANDIDATE:09b38de71b8e518d',setup_id,module_or_model_default,test,TEST_EXPECTED_VALUE_DERIVED_FROM_YAML,,,False
tests/final_approval_generation_integration/test_natural_materialization.py,536:run_id,'orchestrator:natural:real-snapshot:1',run_id,module_or_model_default,test,TEST_EXPECTED_VALUE_DERIVED_FROM_YAML,,,False
tests/instrument_quantity_registry/test_registry_and_authorities.py,38:CLOSED,1700000099999,CLOSED,module_or_model_default,test,TEST_EXPECTED_VALUE_DERIVED_FROM_YAML,,,False
tests/instrument_quantity_registry/test_registry_and_authorities.py,50:symbol,'BTCUSDT',symbol,function_default,test,TEST_EXPECTED_VALUE_DERIVED_FROM_YAML,,,False
tests/integration/paper_natural_execution_e2e/conftest.py,16:EXPECTED_HEAD,'0031_scalping_parameter_sets',EXPECTED_HEAD,module_or_model_default,test,TEST_EXPECTED_VALUE_DERIVED_FROM_YAML,,,False
tests/integration/paper_natural_execution_e2e/test_natural_approval_opens_position.py,113:SYMBOL,'BTCUSDT',SYMBOL,module_or_model_default,test,TEST_EXPECTED_VALUE_DERIVED_FROM_YAML,,,False
tests/integration/paper_natural_execution_e2e/test_natural_approval_opens_position.py,117:BOUNDARY,1800000000000,BOUNDARY,module_or_model_default,test,TEST_EXPECTED_VALUE_DERIVED_FROM_YAML,,,False
tests/integration/paper_natural_execution_e2e/test_natural_approval_opens_position.py,356:profile_id,'trade-5m-v2',profile_id,module_or_model_default,test,TEST_EXPECTED_VALUE_DERIVED_FROM_YAML,,,False
tests/integration/paper_natural_execution_e2e/test_natural_approval_opens_position.py,621:state,'READY_TO_ENTER',state,function_default,test,TEST_EXPECTED_VALUE_DERIVED_FROM_YAML,,,False
tests/integration/paper_natural_execution_e2e/test_natural_approval_opens_position.py,621:reason,'ENTRY_REFINEMENT_CONFIRMED',reason,function_default,test,TEST_EXPECTED_VALUE_DERIVED_FROM_YAML,,,False
tests/integration/paper_natural_execution_e2e/test_natural_approval_opens_position.py,1120:profile_id,'trade-5m-v2',profile_id,module_or_model_default,test,TEST_EXPECTED_VALUE_DERIVED_FROM_YAML,,,False
tests/integration/paper_natural_execution_e2e/test_probability_authority_accumulation_postgres.py,9:segment,'pg-e2e-set2',segment,module_or_model_default,test,TEST_EXPECTED_VALUE_DERIVED_FROM_YAML,,,False
tests/integration/paper_natural_execution_e2e/test_rr_dynamic_anchor_postgres.py,8:anchor,1788900000000,anchor,module_or_model_default,test,TEST_EXPECTED_VALUE_DERIVED_FROM_YAML,,,False
tests/integration/stale_position_shadow/test_postgres_e2e.py,51:real_order_calls,0,real_order_calls,module_or_model_default,test,TEST_EXPECTED_VALUE_DERIVED_FROM_YAML,,,False
tests/integration/test_freshness_observer_combined.py,15:name,'service_health',name,module_or_model_default,test,TEST_EXPECTED_VALUE_DERIVED_FROM_YAML,,,False
tests/integration/test_freshness_observer_combined.py,28:run_id,'orchestrator:combined-canary',run_id,module_or_model_default,test,TEST_EXPECTED_VALUE_DERIVED_FROM_YAML,,,False
tests/lineage_identity_remediation/test_bounded_lineage_identity.py,22:SYMBOL,'AVAXUSDT',SYMBOL,module_or_model_default,test,TEST_EXPECTED_VALUE_DERIVED_FROM_YAML,,,False
tests/lineage_identity_remediation/test_bounded_lineage_identity.py,23:TIMEFRAME,'15m',TIMEFRAME,module_or_model_default,test,TEST_EXPECTED_VALUE_DERIVED_FROM_YAML,,,False
tests/lineage_identity_remediation/test_bounded_lineage_identity.py,24:BOUNDARY,1786891500000,BOUNDARY,module_or_model_default,test,TEST_EXPECTED_VALUE_DERIVED_FROM_YAML,,,False
tests/lineage_identity_remediation/test_bounded_lineage_identity.py,25:SETUP_ID,'setup:AVAXUSDT:15m:1786891500000:BREAKOUT_CONTINUATION:SETUP_CANDIDATE:09b38de71b8e518d',SETUP_ID,module_or_model_default,test,TEST_EXPECTED_VALUE_DERIVED_FROM_YAML,,,False
tests/operator_control_production_deployment/test_eligible_approval_continuation.py,34:CANARY_ID,'8c52768d-2a3a-47cb-acdc-3d1cb1b6ce9d',CANARY_ID,module_or_model_default,test,TEST_EXPECTED_VALUE_DERIVED_FROM_YAML,,,False
tests/operator_control_production_deployment/test_eligible_approval_continuation.py,35:START_REQUEST_ID,'client-start-4df3c10a480248c9bff16cf398b06dfe',START_REQUEST_ID,module_or_model_default,test,TEST_EXPECTED_VALUE_DERIVED_FROM_YAML,,,False
tests/operator_control_production_deployment/test_eligible_approval_continuation.py,36:TRANSITION_ID,'transition-original-arm',TRANSITION_ID,module_or_model_default,test,TEST_EXPECTED_VALUE_DERIVED_FROM_YAML,,,False
tests/operator_control_production_deployment/test_first_canary_executor_recovery.py,34:CANARY_ID,'8c52768d-2a3a-47cb-acdc-3d1cb1b6ce9d',CANARY_ID,module_or_model_default,test,TEST_EXPECTED_VALUE_DERIVED_FROM_YAML,,,False
tests/operator_control_production_deployment/test_first_canary_executor_recovery.py,35:REQUEST_ID,'client-start-4df3c10a480248c9bff16cf398b06dfe',REQUEST_ID,module_or_model_default,test,TEST_EXPECTED_VALUE_DERIVED_FROM_YAML,,,False
tests/operator_control_production_deployment/test_multi_symbol_eligible_approval_ranking.py,75:boundary_ms,1900000000000,boundary_ms,module_or_model_default,test,TEST_EXPECTED_VALUE_DERIVED_FROM_YAML,,,False
tests/operator_control_production_deployment/test_mutation_foundation_enablement.py,26:generation,3,generation,function_default,test,TEST_EXPECTED_VALUE_DERIVED_FROM_YAML,,,False
tests/operator_control_production_deployment/test_mutation_foundation_enablement.py,93:path,'/control/v1/arm-first-canary',path,module_or_model_default,test,TEST_EXPECTED_VALUE_DERIVED_FROM_YAML,,,False
tests/operator_control_production_deployment/test_mutation_foundation_enablement.py,140:status,200,status,module_or_model_default,test,TEST_EXPECTED_VALUE_DERIVED_FROM_YAML,,,False
tests/operator_control_production_deployment/test_mutation_foundation_enablement.py,175:status,200,status,module_or_model_default,test,TEST_EXPECTED_VALUE_DERIVED_FROM_YAML,,,False
tests/operator_control_production_deployment/test_mutation_foundation_enablement.py,204:status,200,status,module_or_model_default,test,TEST_EXPECTED_VALUE_DERIVED_FROM_YAML,,,False
tests/paper_account_baseline_persistence_schema_extension/test_postgres_0012.py,36:amount,'100',amount,function_default,test,TEST_EXPECTED_VALUE_DERIVED_FROM_YAML,,,False
tests/paper_account_baseline_persistence_schema_extension/test_postgres_0012.py,36:suffix,'1',suffix,function_default,test,TEST_EXPECTED_VALUE_DERIVED_FROM_YAML,,,False
tests/paper_approval_remediation/conftest.py,19:CLOSED,1700000000000,CLOSED,module_or_model_default,test,TEST_EXPECTED_VALUE_DERIVED_FROM_YAML,,,False
tests/paper_approval_remediation/test_migration_0010.py,17:REVISION,'0010_paper_final_approval_and_order_transition_event_vocabulary',REVISION,module_or_model_default,test,TEST_EXPECTED_VALUE_DERIVED_FROM_YAML,,,False
tests/paper_approval_remediation/test_migration_0010.py,18:BASELINE,'0009_paper_trading_persistence_foundation',BASELINE,module_or_model_default,test,TEST_EXPECTED_VALUE_DERIVED_FROM_YAML,,,False
tests/paper_backup_restore_reconciliation_readiness/test_postgres_pitr_rehearsal.py,25:SOURCE,'traders-ml-paper-pitr-source-01',SOURCE,module_or_model_default,test,TEST_EXPECTED_VALUE_DERIVED_FROM_YAML,,,False
tests/paper_backup_restore_reconciliation_readiness/test_postgres_pitr_rehearsal.py,26:RESTORE,'traders-ml-paper-pitr-restore-01',RESTORE,module_or_model_default,test,TEST_EXPECTED_VALUE_DERIVED_FROM_YAML,,,False
tests/paper_backup_restore_reconciliation_readiness/test_postgres_pitr_rehearsal.py,27:SOURCE_VOLUME,'traders_ml_paper_pitr_source_01',SOURCE_VOLUME,module_or_model_default,test,TEST_EXPECTED_VALUE_DERIVED_FROM_YAML,,,False
tests/paper_backup_restore_reconciliation_readiness/test_postgres_pitr_rehearsal.py,28:BASE_VOLUME,'traders_ml_paper_pitr_base_01',BASE_VOLUME,module_or_model_default,test,TEST_EXPECTED_VALUE_DERIVED_FROM_YAML,,,False
tests/paper_backup_restore_reconciliation_readiness/test_postgres_pitr_rehearsal.py,29:ARCHIVE_VOLUME,'traders_ml_paper_pitr_archive_01',ARCHIVE_VOLUME,module_or_model_default,test,TEST_EXPECTED_VALUE_DERIVED_FROM_YAML,,,False
tests/paper_backup_restore_reconciliation_readiness/test_postgres_pitr_rehearsal.py,30:RESTORE_VOLUME,'traders_ml_paper_pitr_restore_01',RESTORE_VOLUME,module_or_model_default,test,TEST_EXPECTED_VALUE_DERIVED_FROM_YAML,,,False
tests/paper_backup_restore_reconciliation_readiness/test_postgres_pitr_rehearsal.py,31:PORT,'55440',PORT,module_or_model_default,test,TEST_EXPECTED_VALUE_DERIVED_FROM_YAML,,,False
tests/paper_backup_restore_reconciliation_readiness/test_postgres_pitr_rehearsal.py,32:USER,'paper_pitr_task',USER,module_or_model_default,test,TEST_EXPECTED_VALUE_DERIVED_FROM_YAML,,,False
tests/paper_backup_restore_reconciliation_readiness/test_postgres_pitr_rehearsal.py,33:DATABASE,'paper_test_pitr_01',DATABASE,module_or_model_default,test,TEST_EXPECTED_VALUE_DERIVED_FROM_YAML,,,False
tests/paper_backup_restore_reconciliation_readiness/test_postgres_pitr_rehearsal.py,46:consecutive,0,consecutive,module_or_model_default,test,TEST_EXPECTED_VALUE_DERIVED_FROM_YAML,,,False
tests/paper_backup_restore_reconciliation_readiness/test_postgres_pitr_rehearsal.py,159:configuration,"'cp -a /base/backup/. /restore/ && touch /restore/recovery.signal && printf \'%s\\n\' ""restore_command = \'cp /archive/%f %p\'"" ""recovery_target_name = \'paper_recovery_target_01\'"" ""recovery_target_action = \'promote\'"" >> /restore/postgresql.auto.conf && chown -R postgres:postgres /restore'",configuration,module_or_model_default,test,TEST_EXPECTED_VALUE_DERIVED_FROM_YAML,,,False
tests/paper_backup_restore_reconciliation_readiness/test_postgres_pitr_rehearsal.py,53:consecutive,0,consecutive,module_or_model_default,test,TEST_EXPECTED_VALUE_DERIVED_FROM_YAML,,,False
tests/paper_backup_restore_reconciliation_readiness/test_reconciliation_matrix.py,51:state,'OPEN',state,function_default,test,TEST_EXPECTED_VALUE_DERIVED_FROM_YAML,,,False
tests/paper_backup_restore_reconciliation_readiness/test_reconciliation_matrix.py,51:include_close,False,include_close,function_default,test,TEST_EXPECTED_VALUE_DERIVED_FROM_YAML,,,False
tests/paper_backup_restore_reconciliation_readiness/test_reconciliation_matrix.py,204:calls,0,calls,module_or_model_default,test,TEST_EXPECTED_VALUE_DERIVED_FROM_YAML,,,False
tests/paper_backup_restore_reconciliation_readiness/test_reconciliation_matrix.py,216:called,False,called,module_or_model_default,test,TEST_EXPECTED_VALUE_DERIVED_FROM_YAML,,,False
tests/paper_backup_restore_reconciliation_readiness/test_reconciliation_matrix.py,219:called,True,called,module_or_model_default,test,TEST_EXPECTED_VALUE_DERIVED_FROM_YAML,,,False
tests/paper_close_causal_cursor_remediation/conftest.py,53:T0,1785340800000,T0,module_or_model_default,test,TEST_EXPECTED_VALUE_DERIVED_FROM_YAML,,,False
tests/paper_close_causal_cursor_remediation/conftest.py,263:candle_count,1,candle_count,function_default,test,TEST_EXPECTED_VALUE_DERIVED_FROM_YAML,,,False
tests/paper_close_causal_cursor_remediation/conftest.py,237:policy_id,'exit-evaluation:stop-target:v1',policy_id,module_or_model_default,test,TEST_EXPECTED_VALUE_DERIVED_FROM_YAML,,,False
tests/paper_close_causal_cursor_remediation/test_cursor_domain_and_bounded_progression.py,193:remaining,10000,remaining,module_or_model_default,test,TEST_EXPECTED_VALUE_DERIVED_FROM_YAML,,,False
tests/paper_close_causal_cursor_remediation/test_cursor_domain_and_bounded_progression.py,194:windows,0,windows,module_or_model_default,test,TEST_EXPECTED_VALUE_DERIVED_FROM_YAML,,,False
tests/paper_command_ingestion_retry/conftest.py,30:CLOSED,1800000000000,CLOSED,module_or_model_default,test,TEST_EXPECTED_VALUE_DERIVED_FROM_YAML,,,False
tests/paper_command_ingestion_retry/test_postgres_ingestion_service.py,227:stage,'',stage,module_or_model_default,test,TEST_EXPECTED_VALUE_DERIVED_FROM_YAML,,,False
tests/paper_controlled_runtime_canary/conftest.py,247:database_name,'paper_test_single_cycle_canary_01',database_name,module_or_model_default,test,TEST_EXPECTED_VALUE_DERIVED_FROM_YAML,,,False
tests/paper_controlled_runtime_canary/conftest.py,248:role_name,'paper_canary_01_role',role_name,module_or_model_default,test,TEST_EXPECTED_VALUE_DERIVED_FROM_YAML,,,False
tests/paper_controlled_runtime_canary/test_postgres_canary.py,111:database_name,'paper_test_single_cycle_canary_01',database_name,module_or_model_default,test,TEST_EXPECTED_VALUE_DERIVED_FROM_YAML,,,False
tests/paper_controlled_runtime_canary/test_postgres_canary.py,112:role_name,'paper_canary_01_role',role_name,module_or_model_default,test,TEST_EXPECTED_VALUE_DERIVED_FROM_YAML,,,False
tests/paper_controlled_runtime_dry_run/test_postgres_readonly.py,226:exit_decision_id,'exit:postgres:runtime-dry-trigger',exit_decision_id,module_or_model_default,test,TEST_EXPECTED_VALUE_DERIVED_FROM_YAML,,,False
tests/paper_controlled_runtime_dry_run/test_postgres_readonly.py,227:close_order_id,'order:postgres:close:runtime-dry-trigger',close_order_id,module_or_model_default,test,TEST_EXPECTED_VALUE_DERIVED_FROM_YAML,,,False
tests/paper_controlled_runtime_sequence_canary/test_postgres_sequence.py,386:cancelled,False,cancelled,module_or_model_default,test,TEST_EXPECTED_VALUE_DERIVED_FROM_YAML,,,False
tests/paper_controlled_runtime_sequence_canary/test_postgres_sequence.py,453:seen,0,seen,module_or_model_default,test,TEST_EXPECTED_VALUE_DERIVED_FROM_YAML,,,False
tests/paper_controlled_worker_retry/test_postgres_full_lifecycle.py,337:exit_decision_id,'exit:postgres:trigger',exit_decision_id,module_or_model_default,test,TEST_EXPECTED_VALUE_DERIVED_FROM_YAML,,,False
tests/paper_controlled_worker_retry/test_postgres_full_lifecycle.py,338:close_order_id,'order:postgres:close:trigger',close_order_id,module_or_model_default,test,TEST_EXPECTED_VALUE_DERIVED_FROM_YAML,,,False
tests/paper_exit_evaluation_retry/test_evaluator_matrix.py,19:T0,1785340800000,T0,module_or_model_default,test,TEST_EXPECTED_VALUE_DERIVED_FROM_YAML,,,False
tests/paper_exit_evaluation_retry/test_evaluator_matrix.py,21:POLICY,'exit-evaluation:stop-target:v1',POLICY,module_or_model_default,test,TEST_EXPECTED_VALUE_DERIVED_FROM_YAML,,,False
tests/paper_fill_simulator/conftest.py,40:COMMAND_BOUNDARY_MS,3600000,COMMAND_BOUNDARY_MS,module_or_model_default,test,TEST_EXPECTED_VALUE_DERIVED_FROM_YAML,,,False
tests/paper_fill_simulator/conftest.py,41:EXPECTED_CLOSE_BOUNDARY_MS,3660000,EXPECTED_CLOSE_BOUNDARY_MS,module_or_model_default,test,TEST_EXPECTED_VALUE_DERIVED_FROM_YAML,,,False
tests/paper_first_canary_correlation_readiness_remediation/test_postgres16_correlation.py,57:request_id,'arm-request-0001',request_id,function_default,test,TEST_EXPECTED_VALUE_DERIVED_FROM_YAML,,,False
tests/paper_operator_bounded_runtime_runner/test_postgres_runner.py,49:database_name,'paper_test_single_cycle_canary_01',database_name,module_or_model_default,test,TEST_EXPECTED_VALUE_DERIVED_FROM_YAML,,,False
tests/paper_operator_bounded_runtime_runner/test_postgres_runner.py,50:role_name,'paper_canary_01_role',role_name,module_or_model_default,test,TEST_EXPECTED_VALUE_DERIVED_FROM_YAML,,,False
tests/paper_operator_control_api_disabled_foundation/conftest.py,33:TOKEN,'isolated-operator-capability-0000000000000001',TOKEN,module_or_model_default,test,TEST_EXPECTED_VALUE_DERIVED_FROM_YAML,,,False
tests/paper_operator_control_api_disabled_foundation/conftest.py,94:request_id,'request-arm-0001',request_id,function_default,test,TEST_EXPECTED_VALUE_DERIVED_FROM_YAML,,,False
tests/paper_operator_control_api_disabled_foundation/conftest.py,94:generation,1,generation,function_default,test,TEST_EXPECTED_VALUE_DERIVED_FROM_YAML,,,False
tests/paper_operator_control_api_disabled_foundation/conftest.py,39:started,0,started,module_or_model_default,test,TEST_EXPECTED_VALUE_DERIVED_FROM_YAML,,,False
tests/paper_operator_control_api_disabled_foundation/test_faults_performance_evidence.py,92:started,0,started,module_or_model_default,test,TEST_EXPECTED_VALUE_DERIVED_FROM_YAML,,,False
tests/paper_persistence/test_postgres_constraints.py,48:suffix,'1',suffix,function_default,test,TEST_EXPECTED_VALUE_DERIVED_FROM_YAML,,,False
tests/paper_persistence/test_postgres_constraints.py,83:suffix,'1',suffix,function_default,test,TEST_EXPECTED_VALUE_DERIVED_FROM_YAML,,,False
tests/paper_persistence/test_postgres_constraints.py,108:suffix,'1',suffix,function_default,test,TEST_EXPECTED_VALUE_DERIVED_FROM_YAML,,,False
tests/paper_persistence/test_postgres_constraints.py,132:suffix,'1',suffix,function_default,test,TEST_EXPECTED_VALUE_DERIVED_FROM_YAML,,,False
tests/paper_persistence/test_postgres_constraints.py,165:suffix,'1',suffix,function_default,test,TEST_EXPECTED_VALUE_DERIVED_FROM_YAML,,,False
tests/paper_persistence/test_postgres_constraints.py,182:suffix,'1',suffix,function_default,test,TEST_EXPECTED_VALUE_DERIVED_FROM_YAML,,,False
tests/paper_persistence/test_postgres_constraints.py,204:suffix,'1',suffix,function_default,test,TEST_EXPECTED_VALUE_DERIVED_FROM_YAML,,,False
tests/paper_persistence/test_postgres_constraints.py,208:suffix,'1',suffix,function_default,test,TEST_EXPECTED_VALUE_DERIVED_FROM_YAML,,,False
tests/paper_persistence/test_postgres_constraints.py,213:suffix,'1',suffix,function_default,test,TEST_EXPECTED_VALUE_DERIVED_FROM_YAML,,,False
tests/paper_persistence/test_postgres_constraints.py,218:suffix,'1',suffix,function_default,test,TEST_EXPECTED_VALUE_DERIVED_FROM_YAML,,,False
tests/paper_persistence/test_postgres_constraints.py,482:suffix,'1',suffix,function_default,test,TEST_EXPECTED_VALUE_DERIVED_FROM_YAML,,,False
tests/paper_plan_execution_outcomes/test_outcome_store.py,17:BOUNDARY,1900000000000,BOUNDARY,module_or_model_default,test,TEST_EXPECTED_VALUE_DERIVED_FROM_YAML,,,False
tests/paper_plan_execution_outcomes/test_outcome_store.py,22:risk,'90',risk,function_default,test,TEST_EXPECTED_VALUE_DERIVED_FROM_YAML,,,False
tests/paper_production_approval_source_adapter/test_adapter_contract.py,26:CLOSED,1900000000000,CLOSED,module_or_model_default,test,TEST_EXPECTED_VALUE_DERIVED_FROM_YAML,,,False
tests/paper_production_approval_source_adapter/test_adapter_contract.py,83:value,True,value,function_default,test,TEST_EXPECTED_VALUE_DERIVED_FROM_YAML,,,False
tests/paper_production_kill_switch_emergency_stop/test_concurrency_and_matrix.py,140:environment,'PRODUCTION',environment,module_or_model_default,test,TEST_EXPECTED_VALUE_DERIVED_FROM_YAML,,,False
tests/paper_production_kill_switch_emergency_stop/test_concurrency_and_matrix.py,141:mode,'PAPER',mode,module_or_model_default,test,TEST_EXPECTED_VALUE_DERIVED_FROM_YAML,,,False
tests/paper_production_kill_switch_emergency_stop/test_concurrency_and_matrix.py,142:symbol,'BTCUSDT',symbol,module_or_model_default,test,TEST_EXPECTED_VALUE_DERIVED_FROM_YAML,,,False
tests/paper_production_kill_switch_emergency_stop/test_concurrency_and_matrix.py,143:generation,2,generation,module_or_model_default,test,TEST_EXPECTED_VALUE_DERIVED_FROM_YAML,,,False
tests/paper_production_kill_switch_emergency_stop/test_concurrency_and_matrix.py,144:commands,0,commands,module_or_model_default,test,TEST_EXPECTED_VALUE_DERIVED_FROM_YAML,,,False
tests/paper_production_kill_switch_emergency_stop/test_concurrency_and_matrix.py,145:positions,0,positions,module_or_model_default,test,TEST_EXPECTED_VALUE_DERIVED_FROM_YAML,,,False
tests/paper_production_kill_switch_emergency_stop/test_concurrency_and_matrix.py,149:environment,'STAGING',environment,module_or_model_default,test,TEST_EXPECTED_VALUE_DERIVED_FROM_YAML,,,False
tests/paper_production_kill_switch_emergency_stop/test_concurrency_and_matrix.py,150:mode,'LIVE',mode,module_or_model_default,test,TEST_EXPECTED_VALUE_DERIVED_FROM_YAML,,,False
tests/paper_production_kill_switch_emergency_stop/test_concurrency_and_matrix.py,151:symbol,'ETHUSDT',symbol,module_or_model_default,test,TEST_EXPECTED_VALUE_DERIVED_FROM_YAML,,,False
tests/paper_production_kill_switch_emergency_stop/test_concurrency_and_matrix.py,152:generation,1,generation,module_or_model_default,test,TEST_EXPECTED_VALUE_DERIVED_FROM_YAML,,,False
tests/paper_production_kill_switch_emergency_stop/test_concurrency_and_matrix.py,159:commands,1,commands,module_or_model_default,test,TEST_EXPECTED_VALUE_DERIVED_FROM_YAML,,,False
tests/paper_production_kill_switch_emergency_stop/test_concurrency_and_matrix.py,162:positions,1,positions,module_or_model_default,test,TEST_EXPECTED_VALUE_DERIVED_FROM_YAML,,,False
tests/paper_production_kill_switch_emergency_stop/test_fail_closed_and_atomicity.py,132:fired,False,fired,module_or_model_default,test,TEST_EXPECTED_VALUE_DERIVED_FROM_YAML,,,False
tests/paper_production_kill_switch_emergency_stop/test_fail_closed_and_atomicity.py,137:fired,True,fired,module_or_model_default,test,TEST_EXPECTED_VALUE_DERIVED_FROM_YAML,,,False
tests/paper_production_market_data_input_adapter/test_adapter_contract.py,19:BASE_BOUNDARY,2000000000000,BASE_BOUNDARY,module_or_model_default,test,TEST_EXPECTED_VALUE_DERIVED_FROM_YAML,,,False
tests/paper_production_market_data_input_adapter/test_adapter_contract.py,122:history,3,history,function_default,test,TEST_EXPECTED_VALUE_DERIVED_FROM_YAML,,,False
tests/paper_production_market_data_input_adapter/test_adapter_contract.py,63:history,3,history,function_default,test,TEST_EXPECTED_VALUE_DERIVED_FROM_YAML,,,False
tests/paper_production_market_data_input_adapter/test_adapter_contract.py,286:value,True,value,function_default,test,TEST_EXPECTED_VALUE_DERIVED_FROM_YAML,,,False
tests/paper_production_preparation_backend_remediation/test_adapters_cli_security.py,171:calls,0,calls,module_or_model_default,test,TEST_EXPECTED_VALUE_DERIVED_FROM_YAML,,,False
tests/paper_production_preparation_backend_remediation/test_adapters_cli_security.py,174:status,200,status,module_or_model_default,test,TEST_EXPECTED_VALUE_DERIVED_FROM_YAML,,,False
tests/paper_production_preparation_backend_remediation/test_postgres16_cli_acceptance.py,89:mode,'execute',mode,function_default,test,TEST_EXPECTED_VALUE_DERIVED_FROM_YAML,,,False
tests/paper_production_preparation_disabled_wiring/test_stage_safety.py,20:generation,1,generation,function_default,test,TEST_EXPECTED_VALUE_DERIVED_FROM_YAML,,,False
tests/paper_production_preparation_disabled_wiring/test_stage_safety.py,20:mode,'PAPER',mode,function_default,test,TEST_EXPECTED_VALUE_DERIVED_FROM_YAML,,,False
tests/paper_production_readiness_review/test_contract_matrix.py,170:database_identity,'opaque-db-identity',database_identity,function_default,test,TEST_EXPECTED_VALUE_DERIVED_FROM_YAML,,,False
tests/paper_production_source_contract_remediation/test_frozen_migration.py,12:EXPECTED,'08f9f65acfef946e89dd41297ba14a1dbeb113b62a91a22331a64b5adf620f54',EXPECTED,module_or_model_default,test,TEST_EXPECTED_VALUE_DERIVED_FROM_YAML,,,False
tests/paper_production_source_contract_remediation/test_identity_and_executor.py,37:state,'ABSENT',state,function_default,test,TEST_EXPECTED_VALUE_DERIVED_FROM_YAML,,,False
tests/paper_production_source_contract_remediation/test_identity_and_executor.py,37:binding,False,binding,function_default,test,TEST_EXPECTED_VALUE_DERIVED_FROM_YAML,,,False
tests/paper_production_source_contract_remediation/test_postgres16_acceptance.py,68:role_runtime,'paper_source_contract_runtime',role_runtime,module_or_model_default,test,TEST_EXPECTED_VALUE_DERIVED_FROM_YAML,,,False
tests/paper_production_source_contract_remediation/test_postgres16_acceptance.py,69:role_readonly,'paper_source_contract_readonly',role_readonly,module_or_model_default,test,TEST_EXPECTED_VALUE_DERIVED_FROM_YAML,,,False
tests/paper_readonly_reporting_api/test_api_contract.py,129:state,'DISABLED',state,function_default,test,TEST_EXPECTED_VALUE_DERIVED_FROM_YAML,,,False
tests/paper_readonly_reporting_api/test_api_contract.py,129:generation,3,generation,function_default,test,TEST_EXPECTED_VALUE_DERIVED_FROM_YAML,,,False
tests/paper_readonly_reporting_api/test_api_contract.py,69:limit,2,limit,function_default,test,TEST_EXPECTED_VALUE_DERIVED_FROM_YAML,,,False
tests/paper_readonly_reporting_api/test_api_contract.py,368:canary_id,'8c52768d-2a3a-47cb-acdc-3d1cb1b6ce9d',canary_id,module_or_model_default,test,TEST_EXPECTED_VALUE_DERIVED_FROM_YAML,,,False
tests/paper_readonly_reporting_api/test_postgres16.py,121:before,'COMPLETE',before,module_or_model_default,test,TEST_EXPECTED_VALUE_DERIVED_FROM_YAML,,,False
tests/paper_repository/test_atomic_lifecycle_and_concurrency.py,65:suffix,'1',suffix,function_default,test,TEST_EXPECTED_VALUE_DERIVED_FROM_YAML,,,False
tests/paper_repository/test_atomic_lifecycle_and_concurrency.py,92:role,'ENTRY',role,function_default,test,TEST_EXPECTED_VALUE_DERIVED_FROM_YAML,,,False
tests/paper_repository/test_atomic_lifecycle_and_concurrency.py,144:suffix,'1',suffix,function_default,test,TEST_EXPECTED_VALUE_DERIVED_FROM_YAML,,,False
tests/paper_repository/test_atomic_lifecycle_and_concurrency.py,192:suffix,'1',suffix,function_default,test,TEST_EXPECTED_VALUE_DERIVED_FROM_YAML,,,False
tests/production_backup_pitr_controlled_change/test_catalog_retention_and_safety.py,15:age_days,0,age_days,function_default,test,TEST_EXPECTED_VALUE_DERIVED_FROM_YAML,,,False
tests/production_wal_archive_unresolved_failure_remediation/test_contracts.py,18:timeline,1,timeline,function_default,test,TEST_EXPECTED_VALUE_DERIVED_FROM_YAML,,,False
tests/production_wal_archive_unresolved_failure_remediation/test_isolated_postgres16_transient_retry.py,11:SOURCE,'traders-ml-wal-remediation-source-01',SOURCE,module_or_model_default,test,TEST_EXPECTED_VALUE_DERIVED_FROM_YAML,,,False
tests/production_wal_archive_unresolved_failure_remediation/test_isolated_postgres16_transient_retry.py,12:RESTORE,'traders-ml-wal-remediation-restore-01',RESTORE,module_or_model_default,test,TEST_EXPECTED_VALUE_DERIVED_FROM_YAML,,,False
tests/production_wal_archive_unresolved_failure_remediation/test_isolated_postgres16_transient_retry.py,13:BROKEN,'traders-ml-wal-remediation-broken-01',BROKEN,module_or_model_default,test,TEST_EXPECTED_VALUE_DERIVED_FROM_YAML,,,False
tests/production_wal_archive_unresolved_failure_remediation/test_isolated_postgres16_transient_retry.py,14:DATA,'traders_ml_wal_remediation_source_01',DATA,module_or_model_default,test,TEST_EXPECTED_VALUE_DERIVED_FROM_YAML,,,False
tests/production_wal_archive_unresolved_failure_remediation/test_isolated_postgres16_transient_retry.py,15:BASE,'traders_ml_wal_remediation_base_01',BASE,module_or_model_default,test,TEST_EXPECTED_VALUE_DERIVED_FROM_YAML,,,False
tests/production_wal_archive_unresolved_failure_remediation/test_isolated_postgres16_transient_retry.py,16:ARCHIVE,'traders_ml_wal_remediation_archive_01',ARCHIVE,module_or_model_default,test,TEST_EXPECTED_VALUE_DERIVED_FROM_YAML,,,False
tests/production_wal_archive_unresolved_failure_remediation/test_isolated_postgres16_transient_retry.py,17:RESTORE_DATA,'traders_ml_wal_remediation_restore_01',RESTORE_DATA,module_or_model_default,test,TEST_EXPECTED_VALUE_DERIVED_FROM_YAML,,,False
tests/production_wal_archive_unresolved_failure_remediation/test_isolated_postgres16_transient_retry.py,18:BROKEN_DATA,'traders_ml_wal_remediation_broken_01',BROKEN_DATA,module_or_model_default,test,TEST_EXPECTED_VALUE_DERIVED_FROM_YAML,,,False
tests/production_wal_archive_unresolved_failure_remediation/test_isolated_postgres16_transient_retry.py,51:command,"'cp -a /base/backup/. /target/ && touch /target/recovery.signal && printf \'%s\\n\' ""restore_command = \'cp /archive/%f %p\'"" ""recovery_target_name = \'wal_retry_target\'"" ""recovery_target_action = \'promote\'"" >> /target/postgresql.auto.conf && chown -R postgres:postgres /target'",command,module_or_model_default,test,TEST_EXPECTED_VALUE_DERIVED_FROM_YAML,,,False
tests/production_wal_archive_unresolved_failure_remediation/test_isolated_postgres16_transient_retry.py,69:archive_command,'if [ ! -f /archive/.failed_once ]; then touch /archive/.failed_once; exit 1; fi; if [ -f /archive/%f ]; then cmp -s %p /archive/%f; else cp %p /archive/%f; fi',archive_command,module_or_model_default,test,TEST_EXPECTED_VALUE_DERIVED_FROM_YAML,,,False
tests/production_wal_archive_unresolved_failure_remediation/test_isolated_postgres16_transient_retry.py,85:last_archived,'',last_archived,module_or_model_default,test,TEST_EXPECTED_VALUE_DERIVED_FROM_YAML,,,False
tests/production_wal_archive_unresolved_failure_remediation/test_operator_safety.py,51:calls,0,calls,module_or_model_default,test,TEST_EXPECTED_VALUE_DERIVED_FROM_YAML,,,False
tests/production_wal_archive_unresolved_failure_remediation/test_operator_safety.py,228:wal,'000000010000000000000001',wal,module_or_model_default,test,TEST_EXPECTED_VALUE_DERIVED_FROM_YAML,,,False
tests/readonly_production_runtime_observation/test_observation.py,104:daemon_attempts,0,daemon_attempts,module_or_model_default,test,TEST_EXPECTED_VALUE_DERIVED_FROM_YAML,,,False
tests/research/test_parameter_sweep_artifact_writer.py,27:calls,0,calls,module_or_model_default,test,TEST_EXPECTED_VALUE_DERIVED_FROM_YAML,,,False
tests/research/test_parameter_sweep_artifact_writer.py,65:called,False,called,module_or_model_default,test,TEST_EXPECTED_VALUE_DERIVED_FROM_YAML,,,False
tests/research/test_parameter_sweep_artifact_writer.py,85:calls,0,calls,module_or_model_default,test,TEST_EXPECTED_VALUE_DERIVED_FROM_YAML,,,False
tests/research/test_parameter_sweep_artifact_writer.py,71:called,True,called,module_or_model_default,test,TEST_EXPECTED_VALUE_DERIVED_FROM_YAML,,,False
tests/research/test_scalping_v2_parameter_sweep.py,425:failures,0,failures,module_or_model_default,test,TEST_EXPECTED_VALUE_DERIVED_FROM_YAML,,,False
tests/research/test_scalping_v2_parameter_sweep.py,674:stop,False,stop,module_or_model_default,test,TEST_EXPECTED_VALUE_DERIVED_FROM_YAML,,,False
tests/research/test_scalping_v2_parameter_sweep.py,681:stop,True,stop,module_or_model_default,test,TEST_EXPECTED_VALUE_DERIVED_FROM_YAML,,,False
tests/security_retry/test_compose_policy_matrix.py,64:credential,'synthetic',credential,module_or_model_default,test,TEST_EXPECTED_VALUE_DERIVED_FROM_YAML,,,False
tests/security_retry/test_control_and_quarantine_matrix.py,15:ARCHITECTURE_NOTE,'docs/architecture/paper_controlled_runtime_configuration_and_dry_run.md',ARCHITECTURE_NOTE,module_or_model_default,test,TEST_EXPECTED_VALUE_DERIVED_FROM_YAML,,,False
tests/security_retry/test_control_and_quarantine_matrix.py,131:BASELINE,"'\nfrom enum import Enum\nclass PaperControlledRuntimeAction(Enum):\n    VALIDATE = ""VALIDATE""\nclass PaperDatabaseAccessMode(Enum):\n    READ_ONLY = ""READ_ONLY""\ndef evaluate_controlled_runtime_startup_gate(action, access):\n    return action, access\n'",BASELINE,module_or_model_default,test,TEST_EXPECTED_VALUE_DERIVED_FROM_YAML,,,False
tests/security_retry/test_control_and_quarantine_matrix.py,140:CANDIDATE,"'\nfrom enum import Enum\nclass PaperControlledRuntimeAction(Enum):\n    VALIDATE = ""VALIDATE""\n    SINGLE_CYCLE_CANARY = ""SINGLE_CYCLE_CANARY""\nclass PaperDatabaseAccessMode(Enum):\n    READ_ONLY = ""READ_ONLY""\n    ISOLATED_CANARY_READ_WRITE = ""ISOLATED_CANARY_READ_WRITE""\ndef evaluate_controlled_runtime_startup_gate(action, access):\n    expected_access = PaperDatabaseAccessMode.ISOLATED_CANARY_READ_WRITE\n    if action is PaperControlledRuntimeAction.SINGLE_CYCLE_CANARY:\n        return action, expected_access\n    return action, access\n'",CANDIDATE,module_or_model_default,test,TEST_EXPECTED_VALUE_DERIVED_FROM_YAML,,,False
tests/security_retry/test_control_and_quarantine_matrix.py,75:old_calls,0,old_calls,module_or_model_default,test,TEST_EXPECTED_VALUE_DERIVED_FROM_YAML,,,False
tests/security_retry/test_safe_inspection_and_output_matrix.py,70:called,False,called,module_or_model_default,test,TEST_EXPECTED_VALUE_DERIVED_FROM_YAML,,,False
tests/security_retry/test_safe_inspection_and_output_matrix.py,266:read_calls,0,read_calls,module_or_model_default,test,TEST_EXPECTED_VALUE_DERIVED_FROM_YAML,,,False
tests/security_retry/test_safe_inspection_and_output_matrix.py,74:called,True,called,module_or_model_default,test,TEST_EXPECTED_VALUE_DERIVED_FROM_YAML,,,False
tests/security_retry/test_safe_inspection_and_output_matrix.py,230:status,200,status,module_or_model_default,test,TEST_EXPECTED_VALUE_DERIVED_FROM_YAML,,,False
tests/server_api/test_canary_configuration.py,16:SERVICE,'readonly-api-canary',SERVICE,module_or_model_default,test,TEST_EXPECTED_VALUE_DERIVED_FROM_YAML,,,False
tests/server_api/test_canary_configuration.py,17:PROFILE,'readonly-api-canary',PROFILE,module_or_model_default,test,TEST_EXPECTED_VALUE_DERIVED_FROM_YAML,,,False
tests/server_api/test_contract_and_safety.py,23:SOURCE_SHA256,'683f5460131e683e89c9ce82be9f05c716f2bbae4e01e07e54db58ea381a7cd4',SOURCE_SHA256,module_or_model_default,test,TEST_EXPECTED_VALUE_DERIVED_FROM_YAML,,,False
tests/server_api/test_contract_and_safety.py,63:path,'$',path,function_default,test,TEST_EXPECTED_VALUE_DERIVED_FROM_YAML,,,False
tests/server_api/test_funnel_export.py,19:FROM,'2030-03-17T17:00:00Z',FROM,module_or_model_default,test,TEST_EXPECTED_VALUE_DERIVED_FROM_YAML,,,False
tests/server_api/test_funnel_export.py,20:TO,'2030-03-17T18:00:00Z',TO,module_or_model_default,test,TEST_EXPECTED_VALUE_DERIVED_FROM_YAML,,,False
tests/server_api/test_funnel_export.py,23:profile,'trade-15m-v1',profile,function_default,test,TEST_EXPECTED_VALUE_DERIVED_FROM_YAML,,,False
tests/server_api/test_funnel_export.py,23:symbol,'BTCUSDT',symbol,function_default,test,TEST_EXPECTED_VALUE_DERIVED_FROM_YAML,,,False
tests/server_api/test_funnel_export.py,23:boundary,1900000200000,boundary,function_default,test,TEST_EXPECTED_VALUE_DERIVED_FROM_YAML,,,False
tests/server_api/test_funnel_export.py,23:rejected,False,rejected,function_default,test,TEST_EXPECTED_VALUE_DERIVED_FROM_YAML,,,False
tests/server_api/test_funnel_export.py,350:boundary,1900000200000,boundary,module_or_model_default,test,TEST_EXPECTED_VALUE_DERIVED_FROM_YAML,,,False
tests/server_api/test_funnel_export.py,254:calls,0,calls,module_or_model_default,test,TEST_EXPECTED_VALUE_DERIVED_FROM_YAML,,,False
tests/server_api/test_runtime_entrypoint.py,42:mode,'on',mode,function_default,test,TEST_EXPECTED_VALUE_DERIVED_FROM_YAML,,,False
tests/server_api/test_runtime_entrypoint.py,54:mode,'on',mode,function_default,test,TEST_EXPECTED_VALUE_DERIVED_FROM_YAML,,,False
tests/server_api/test_trading_funnel.py,24:NOW_MS,1900000800000,NOW_MS,module_or_model_default,test,TEST_EXPECTED_VALUE_DERIVED_FROM_YAML,,,False
tests/server_api/test_trading_funnel.py,25:BOUNDARY,1900000200000,BOUNDARY,module_or_model_default,test,TEST_EXPECTED_VALUE_DERIVED_FROM_YAML,,,False
tests/server_api/test_trading_funnel.py,243:reason,'CONTINUOUS_ENTRY_FILL_WINDOW_MISSED',reason,module_or_model_default,test,TEST_EXPECTED_VALUE_DERIVED_FROM_YAML,,,False
tests/server_api/test_trading_funnel.py,839:trade_profile_id,'trade-15m-v1',trade_profile_id,function_default,test,TEST_EXPECTED_VALUE_DERIVED_FROM_YAML,,,False
tests/server_api/test_trading_funnel.py,888:execute_count,0,execute_count,module_or_model_default,test,TEST_EXPECTED_VALUE_DERIVED_FROM_YAML,,,False
tests/test_15m_first_class_domain_remediation.py,72:profile,'trade-15m-v1',profile,function_default,test,TEST_EXPECTED_VALUE_DERIVED_FROM_YAML,,,False
tests/test_15m_first_class_domain_remediation.py,72:symbol,'BTCUSDT',symbol,function_default,test,TEST_EXPECTED_VALUE_DERIVED_FROM_YAML,,,False
tests/test_5m_scalping_calibration_baseline.py,5:boundary,1800000000000,boundary,function_default,test,TEST_EXPECTED_VALUE_DERIVED_FROM_YAML,,,False
tests/test_5m_scalping_calibration_baseline.py,5:symbol,'BTCUSDT',symbol,function_default,test,TEST_EXPECTED_VALUE_DERIVED_FROM_YAML,,,False
tests/test_5m_scalping_calibration_baseline.py,5:direction,'BULLISH',direction,function_default,test,TEST_EXPECTED_VALUE_DERIVED_FROM_YAML,,,False
tests/test_5m_scalping_calibration_baseline.py,82:stdout,'144\n',stdout,module_or_model_default,test,TEST_EXPECTED_VALUE_DERIVED_FROM_YAML,,,False
tests/test_5m_scalping_geometry_quota_cost_remediation.py,31:BOUNDARY,1700000000000,BOUNDARY,module_or_model_default,test,TEST_EXPECTED_VALUE_DERIVED_FROM_YAML,,,False
tests/test_5m_scalping_geometry_quota_cost_remediation.py,435:status_code,200,status_code,module_or_model_default,test,TEST_EXPECTED_VALUE_DERIVED_FROM_YAML,,,False
tests/test_5m_strategy_cap_shadow_calibration.py,125:calls,0,calls,module_or_model_default,test,TEST_EXPECTED_VALUE_DERIVED_FROM_YAML,,,False
tests/test_5m_strategy_target_actionability_shadow_calibration.py,14:BOUNDARY,1800000000000,BOUNDARY,module_or_model_default,test,TEST_EXPECTED_VALUE_DERIVED_FROM_YAML,,,False
tests/test_engine_market_data_01_binance_rest_mapping.py,9:status_code,200,status_code,module_or_model_default,test,TEST_EXPECTED_VALUE_DERIVED_FROM_YAML,,,False
tests/test_engine_market_data_01_market_data_snapshot.py,6:closed,True,closed,function_default,test,TEST_EXPECTED_VALUE_DERIVED_FROM_YAML,,,False
tests/test_engine_market_data_04_boundary_aware_health.py,160:timeframe,'1m',timeframe,module_or_model_default,test,TEST_EXPECTED_VALUE_DERIVED_FROM_YAML,,,False
tests/test_engine_market_data_04_boundary_aware_health.py,181:timeframe,'1h',timeframe,module_or_model_default,test,TEST_EXPECTED_VALUE_DERIVED_FROM_YAML,,,False
tests/test_engine_market_data_04_boundary_aware_health.py,234:timeframe,'1m',timeframe,module_or_model_default,test,TEST_EXPECTED_VALUE_DERIVED_FROM_YAML,,,False
tests/test_engine_market_data_04_boundary_aware_health.py,305:boundary,600000,boundary,module_or_model_default,test,TEST_EXPECTED_VALUE_DERIVED_FROM_YAML,,,False
tests/test_engine_market_data_04_chunked_recovery.py,81:now,180001,now,module_or_model_default,test,TEST_EXPECTED_VALUE_DERIVED_FROM_YAML,,,False
tests/test_engine_market_data_04_daemon_dry_run.py,7:now,600001,now,module_or_model_default,test,TEST_EXPECTED_VALUE_DERIVED_FROM_YAML,,,False
tests/test_engine_market_data_04_daemon_once_mode.py,7:now,600001,now,module_or_model_default,test,TEST_EXPECTED_VALUE_DERIVED_FROM_YAML,,,False
tests/test_engine_market_data_04_downtime_recovery_logic.py,7:now,360001,now,module_or_model_default,test,TEST_EXPECTED_VALUE_DERIVED_FROM_YAML,,,False
tests/test_engine_market_data_04_failed_boundary_prompt_retry.py,94:timeframe,'1h',timeframe,function_default,test,TEST_EXPECTED_VALUE_DERIVED_FROM_YAML,,,False
tests/test_engine_market_data_04_failed_boundary_prompt_retry.py,94:symbol,'BTCUSDT',symbol,function_default,test,TEST_EXPECTED_VALUE_DERIVED_FROM_YAML,,,False
tests/test_engine_market_data_04_failed_boundary_prompt_retry.py,229:now,7200000,now,module_or_model_default,test,TEST_EXPECTED_VALUE_DERIVED_FROM_YAML,,,False
tests/test_engine_market_data_04_failed_boundary_prompt_retry.py,368:status_code,401,status_code,module_or_model_default,test,TEST_EXPECTED_VALUE_DERIVED_FROM_YAML,,,False
tests/test_engine_market_data_04_freshness_monitor.py,6:boundary,600000,boundary,module_or_model_default,test,TEST_EXPECTED_VALUE_DERIVED_FROM_YAML,,,False
tests/test_engine_market_data_04_health_consumers.py,42:boundary,600000,boundary,module_or_model_default,test,TEST_EXPECTED_VALUE_DERIVED_FROM_YAML,,,False
tests/test_engine_market_data_04_health_consumers.py,59:boundary,600000,boundary,module_or_model_default,test,TEST_EXPECTED_VALUE_DERIVED_FROM_YAML,,,False
tests/test_engine_market_data_04_recovered_pair_health_reset.py,77:timeframe,'1h',timeframe,module_or_model_default,test,TEST_EXPECTED_VALUE_DERIVED_FROM_YAML,,,False
tests/test_engine_market_data_04_recovered_pair_health_reset.py,97:timeframe,'1h',timeframe,module_or_model_default,test,TEST_EXPECTED_VALUE_DERIVED_FROM_YAML,,,False
tests/test_engine_market_data_04_recovered_pair_health_reset.py,118:timeframe,'15m',timeframe,module_or_model_default,test,TEST_EXPECTED_VALUE_DERIVED_FROM_YAML,,,False
tests/test_engine_market_data_04_recovered_pair_health_reset.py,147:timeframe,'1m',timeframe,module_or_model_default,test,TEST_EXPECTED_VALUE_DERIVED_FROM_YAML,,,False
tests/test_engine_market_data_04_recovered_pair_health_reset.py,149:now,180001,now,module_or_model_default,test,TEST_EXPECTED_VALUE_DERIVED_FROM_YAML,,,False
tests/test_engine_market_data_04_recovered_pair_health_reset.py,170:timeframe,'1m',timeframe,module_or_model_default,test,TEST_EXPECTED_VALUE_DERIVED_FROM_YAML,,,False
tests/test_engine_market_data_04_recovered_pair_health_reset.py,171:now,180001,now,module_or_model_default,test,TEST_EXPECTED_VALUE_DERIVED_FROM_YAML,,,False
tests/test_engine_observer_reliability.py,40:name,'success',name,module_or_model_default,test,TEST_EXPECTED_VALUE_DERIVED_FROM_YAML,,,False
tests/test_engine_observer_reliability.py,47:name,'failed',name,module_or_model_default,test,TEST_EXPECTED_VALUE_DERIVED_FROM_YAML,,,False
tests/test_engine_observer_reliability.py,57:name,'exploding',name,module_or_model_default,test,TEST_EXPECTED_VALUE_DERIVED_FROM_YAML,,,False
tests/test_engine_observer_semantic.py,21:ANCHOR,1800000000000,ANCHOR,module_or_model_default,test,TEST_EXPECTED_VALUE_DERIVED_FROM_YAML,,,False
tests/test_engine_observer_semantic.py,38:index,1,index,function_default,test,TEST_EXPECTED_VALUE_DERIVED_FROM_YAML,,,False
tests/test_engine_observer_semantic.py,46:suffix,'1',suffix,function_default,test,TEST_EXPECTED_VALUE_DERIVED_FROM_YAML,,,False
tests/test_engine_observer_semantic.py,50:window_index,1,window_index,function_default,test,TEST_EXPECTED_VALUE_DERIVED_FROM_YAML,,,False
tests/test_persistent_secret_binding_contract.py,98:opaque,'runtime-only-sensitive-value',opaque,module_or_model_default,test,TEST_EXPECTED_VALUE_DERIVED_FROM_YAML,,,False
tests/test_postgres_connection_failure.py,23:sqlstate,'28P01',sqlstate,module_or_model_default,test,TEST_EXPECTED_VALUE_DERIVED_FROM_YAML,,,False
tests/test_postgres_connection_failure.py,27:sqlstate,'42P01',sqlstate,module_or_model_default,test,TEST_EXPECTED_VALUE_DERIVED_FROM_YAML,,,False
tests/test_probability_authority_accumulation.py,16:segment,'segment-set2',segment,module_or_model_default,test,TEST_EXPECTED_VALUE_DERIVED_FROM_YAML,,,False
tests/test_readonly_api_credential_rotation_control.py,91:rollback_calls,0,rollback_calls,module_or_model_default,test,TEST_EXPECTED_VALUE_DERIVED_FROM_YAML,,,False
tests/test_readonly_api_credential_rotation_control.py,108:rollback_calls,0,rollback_calls,module_or_model_default,test,TEST_EXPECTED_VALUE_DERIVED_FROM_YAML,,,False
tests/test_readonly_api_credential_rotation_control.py,125:rollback_calls,0,rollback_calls,module_or_model_default,test,TEST_EXPECTED_VALUE_DERIVED_FROM_YAML,,,False
tests/test_readonly_api_credential_rotation_control.py,156:rollback_calls,0,rollback_calls,module_or_model_default,test,TEST_EXPECTED_VALUE_DERIVED_FROM_YAML,,,False
tests/test_readonly_api_health_classifier_diagnostic.py,31:timing,'CURRENT',timing,function_default,test,TEST_EXPECTED_VALUE_DERIVED_FROM_YAML,,,False
tests/test_readonly_api_health_classifier_diagnostic.py,179:status,200,status,module_or_model_default,test,TEST_EXPECTED_VALUE_DERIVED_FROM_YAML,,,False
tests/test_readonly_api_health_classifier_diagnostic.py,314:status,200,status,module_or_model_default,test,TEST_EXPECTED_VALUE_DERIVED_FROM_YAML,,,False
tests/test_readonly_api_stability_observer.py,162:timeout,1.0,timeout,function_default,test,TEST_EXPECTED_VALUE_DERIVED_FROM_YAML,,,False
tests/test_readonly_api_stability_observer.py,23:status,200,status,module_or_model_default,test,TEST_EXPECTED_VALUE_DERIVED_FROM_YAML,,,False
tests/test_safe_docker_inspection.py,16:SENTINEL,'SENTINEL_FAKE_SECRET_DO_NOT_LEAK',SENTINEL,module_or_model_default,test,TEST_EXPECTED_VALUE_DERIVED_FROM_YAML,,,False
tests/test_scalping_independent_profile_v2.py,23:FROZEN_15M_ID,'trade-15m-v1-runtime-v1-44aa91202a60146c',FROZEN_15M_ID,module_or_model_default,test,TEST_EXPECTED_VALUE_DERIVED_FROM_YAML,,,False
tests/test_scalping_independent_profile_v2.py,24:FROZEN_15M_HASH,'e48878b06f3ea1bf26a5b3dad67bdf41bb7ea50470cd5789b935f568fa94425b',FROZEN_15M_HASH,module_or_model_default,test,TEST_EXPECTED_VALUE_DERIVED_FROM_YAML,,,False
tests/test_scalping_prospective_collector.py,22:PARAMETERS,'trade-5m-v1-runtime-v1-87b8a882d06b3539',PARAMETERS,module_or_model_default,test,TEST_EXPECTED_VALUE_DERIVED_FROM_YAML,,,False
tests/test_scalping_prospective_collector.py,23:SOURCE,'3aad38787a0ccb0af760a0ac7796913d965f2368',SOURCE,module_or_model_default,test,TEST_EXPECTED_VALUE_DERIVED_FROM_YAML,,,False
tests/test_scalping_prospective_collector.py,89:result_id,1,result_id,function_default,test,TEST_EXPECTED_VALUE_DERIVED_FROM_YAML,,,False
tests/test_scalping_prospective_collector.py,145:close,100,close,function_default,test,TEST_EXPECTED_VALUE_DERIVED_FROM_YAML,,,False
tests/test_scalping_prospective_collector.py,51:latest,1000,latest,function_default,test,TEST_EXPECTED_VALUE_DERIVED_FROM_YAML,,,False
tests/test_scalping_prospective_collector.py,245:boundary,2000,boundary,module_or_model_default,test,TEST_EXPECTED_VALUE_DERIVED_FROM_YAML,,,False
tests/test_scalping_prospective_collector.py,267:boundary,2000,boundary,module_or_model_default,test,TEST_EXPECTED_VALUE_DERIVED_FROM_YAML,,,False
tests/test_scalping_prospective_collector.py,287:boundary,2000,boundary,module_or_model_default,test,TEST_EXPECTED_VALUE_DERIVED_FROM_YAML,,,False
tests/test_scalping_prospective_collector.py,305:good,2000,good,module_or_model_default,test,TEST_EXPECTED_VALUE_DERIVED_FROM_YAML,,,False
tests/test_scalping_prospective_collector.py,306:mixed,3000,mixed,module_or_model_default,test,TEST_EXPECTED_VALUE_DERIVED_FROM_YAML,,,False
tests/test_scalping_prospective_collector.py,307:recovered,4000,recovered,module_or_model_default,test,TEST_EXPECTED_VALUE_DERIVED_FROM_YAML,,,False
tests/test_scalping_prospective_collector.py,371:first_boundary,2000,first_boundary,module_or_model_default,test,TEST_EXPECTED_VALUE_DERIVED_FROM_YAML,,,False
tests/test_scalping_prospective_collector.py,372:next_boundary,3000,next_boundary,module_or_model_default,test,TEST_EXPECTED_VALUE_DERIVED_FROM_YAML,,,False
tests/test_scalping_rr_dynamic_anchor_forensic.py,38:anchor,1788900000000,anchor,module_or_model_default,test,TEST_EXPECTED_VALUE_DERIVED_FROM_YAML,,,False
tests/test_scalping_rr_dynamic_anchor_forensic.py,46:anchor,1788900000000,anchor,module_or_model_default,test,TEST_EXPECTED_VALUE_DERIVED_FROM_YAML,,,False
tests/test_scalping_rr_dynamic_anchor_forensic.py,55:anchor,1788900000000,anchor,module_or_model_default,test,TEST_EXPECTED_VALUE_DERIVED_FROM_YAML,,,False
tests/test_security_scanner_path_policy.py,23:SYNTHETIC_SECRET,'synthetic-value-that-must-never-be-rendered',SYNTHETIC_SECRET,module_or_model_default,test,TEST_EXPECTED_VALUE_DERIVED_FROM_YAML,,,False
tests/test_security_scanner_path_policy.py,95:strict,False,strict,function_default,test,TEST_EXPECTED_VALUE_DERIVED_FROM_YAML,,,False
tests/test_stability_acceptance.py,15:duration,4500.0,duration,function_default,test,TEST_EXPECTED_VALUE_DERIVED_FROM_YAML,,,False
tests/test_strategy_edge_geometry_forensic.py,76:boundary,2000,boundary,module_or_model_default,test,TEST_EXPECTED_VALUE_DERIVED_FROM_YAML,,,False
tests/trading_universe/test_domain_and_readonly.py,20:active_version,'trading-universe-v1',active_version,function_default,test,TEST_EXPECTED_VALUE_DERIVED_FROM_YAML,,,False
../traders-client/src/traders_client/__init__.py,3:__version__,'0.1.0',__version__,module_or_model_default,ui,IDENTITY_OR_PROTOCOL_LITERAL,,,False
../traders-client/src/traders_client/api_contract/__init__.py,8:API_VERSION,'v1',API_VERSION,module_or_model_default,ui,IDENTITY_OR_PROTOCOL_LITERAL,,,False
../traders-client/src/traders_client/api_contract/enums.py,11:UNKNOWN,'UNKNOWN',UNKNOWN,module_or_model_default,ui,ALGORITHM_STRUCTURE_LITERAL,,,False
../traders-client/src/traders_client/api_contract/enums.py,12:OK,'OK',OK,module_or_model_default,ui,ALGORITHM_STRUCTURE_LITERAL,,,False
../traders-client/src/traders_client/api_contract/enums.py,13:STALE,'STALE',STALE,module_or_model_default,ui,ALGORITHM_STRUCTURE_LITERAL,,,False
../traders-client/src/traders_client/api_contract/enums.py,14:DEGRADED,'DEGRADED',DEGRADED,module_or_model_default,ui,ALGORITHM_STRUCTURE_LITERAL,,,False
../traders-client/src/traders_client/api_contract/enums.py,15:NOT_AVAILABLE,'NOT_AVAILABLE',NOT_AVAILABLE,module_or_model_default,ui,ALGORITHM_STRUCTURE_LITERAL,,,False
../traders-client/src/traders_client/api_contract/enums.py,16:ERROR,'ERROR',ERROR,module_or_model_default,ui,ALGORITHM_STRUCTURE_LITERAL,,,False
../traders-client/src/traders_client/api_contract/enums.py,17:OFFLINE,'OFFLINE',OFFLINE,module_or_model_default,ui,ALGORITHM_STRUCTURE_LITERAL,,,False
../traders-client/src/traders_client/api_contract/enums.py,21:UNKNOWN,'UNKNOWN',UNKNOWN,module_or_model_default,ui,ALGORITHM_STRUCTURE_LITERAL,,,False
../traders-client/src/traders_client/api_contract/enums.py,22:AVAILABLE,'AVAILABLE',AVAILABLE,module_or_model_default,ui,ALGORITHM_STRUCTURE_LITERAL,,,False
../traders-client/src/traders_client/api_contract/enums.py,23:NOT_AVAILABLE,'NOT_AVAILABLE',NOT_AVAILABLE,module_or_model_default,ui,ALGORITHM_STRUCTURE_LITERAL,,,False
../traders-client/src/traders_client/api_contract/enums.py,24:NOT_APPLICABLE,'NOT_APPLICABLE',NOT_APPLICABLE,module_or_model_default,ui,ALGORITHM_STRUCTURE_LITERAL,,,False
../traders-client/src/traders_client/api_contract/enums.py,25:STALE,'STALE',STALE,module_or_model_default,ui,ALGORITHM_STRUCTURE_LITERAL,,,False
../traders-client/src/traders_client/api_contract/enums.py,26:DEGRADED,'DEGRADED',DEGRADED,module_or_model_default,ui,ALGORITHM_STRUCTURE_LITERAL,,,False
../traders-client/src/traders_client/api_contract/enums.py,30:UNKNOWN,'UNKNOWN',UNKNOWN,module_or_model_default,ui,ALGORITHM_STRUCTURE_LITERAL,,,False
../traders-client/src/traders_client/api_contract/enums.py,31:BULLISH,'BULLISH',BULLISH,module_or_model_default,ui,ALGORITHM_STRUCTURE_LITERAL,,,False
../traders-client/src/traders_client/api_contract/enums.py,32:BEARISH,'BEARISH',BEARISH,module_or_model_default,ui,ALGORITHM_STRUCTURE_LITERAL,,,False
../traders-client/src/traders_client/api_contract/enums.py,33:NEUTRAL,'NEUTRAL',NEUTRAL,module_or_model_default,ui,ALGORITHM_STRUCTURE_LITERAL,,,False
../traders-client/src/traders_client/api_contract/enums.py,34:NONE,'NONE',NONE,module_or_model_default,ui,ALGORITHM_STRUCTURE_LITERAL,,,False
../traders-client/src/traders_client/api_contract/enums.py,35:NOT_APPLICABLE,'NOT_APPLICABLE',NOT_APPLICABLE,module_or_model_default,ui,ALGORITHM_STRUCTURE_LITERAL,,,False
../traders-client/src/traders_client/api_contract/enums.py,39:UNKNOWN,'UNKNOWN',UNKNOWN,module_or_model_default,ui,ALGORITHM_STRUCTURE_LITERAL,,,False
../traders-client/src/traders_client/api_contract/enums.py,40:ANALYZED,'ANALYZED',ANALYZED,module_or_model_default,ui,ALGORITHM_STRUCTURE_LITERAL,,,False
../traders-client/src/traders_client/api_contract/enums.py,41:SKIPPED_NOT_ENOUGH_DATA,'SKIPPED_NOT_ENOUGH_DATA',SKIPPED_NOT_ENOUGH_DATA,module_or_model_default,ui,ALGORITHM_STRUCTURE_LITERAL,,,False
../traders-client/src/traders_client/api_contract/enums.py,42:SKIPPED_DEGRADED_MARKET_DATA,'SKIPPED_DEGRADED_MARKET_DATA',SKIPPED_DEGRADED_MARKET_DATA,module_or_model_default,ui,ALGORITHM_STRUCTURE_LITERAL,,,False
../traders-client/src/traders_client/api_contract/enums.py,43:SKIPPED_DUPLICATE_WINDOW,'SKIPPED_DUPLICATE_WINDOW',SKIPPED_DUPLICATE_WINDOW,module_or_model_default,ui,POLICY_VALUE_MUST_MOVE_TO_YAML,RESOLVED_BY_CANONICAL_REGISTRY,SEE_CANONICAL_REGISTRY,False
../traders-client/src/traders_client/api_contract/enums.py,44:SKIPPED_INVALID_SNAPSHOT,'SKIPPED_INVALID_SNAPSHOT',SKIPPED_INVALID_SNAPSHOT,module_or_model_default,ui,IDENTITY_OR_PROTOCOL_LITERAL,,,False
../traders-client/src/traders_client/api_contract/enums.py,45:ERROR,'ERROR',ERROR,module_or_model_default,ui,ALGORITHM_STRUCTURE_LITERAL,,,False
../traders-client/src/traders_client/api_contract/enums.py,49:UNKNOWN,'UNKNOWN',UNKNOWN,module_or_model_default,ui,ALGORITHM_STRUCTURE_LITERAL,,,False
../traders-client/src/traders_client/api_contract/enums.py,50:SETUP_CANDIDATE,'SETUP_CANDIDATE',SETUP_CANDIDATE,module_or_model_default,ui,IDENTITY_OR_PROTOCOL_LITERAL,,,False
../traders-client/src/traders_client/api_contract/enums.py,51:NO_SETUP,'NO_SETUP',NO_SETUP,module_or_model_default,ui,ALGORITHM_STRUCTURE_LITERAL,,,False
../traders-client/src/traders_client/api_contract/enums.py,52:WAIT_FOR_CONFIRMATION,'WAIT_FOR_CONFIRMATION',WAIT_FOR_CONFIRMATION,module_or_model_default,ui,ALGORITHM_STRUCTURE_LITERAL,,,False
../traders-client/src/traders_client/api_contract/enums.py,53:SETUP_INVALID,'SETUP_INVALID',SETUP_INVALID,module_or_model_default,ui,IDENTITY_OR_PROTOCOL_LITERAL,,,False
../traders-client/src/traders_client/api_contract/enums.py,54:ERROR,'ERROR',ERROR,module_or_model_default,ui,ALGORITHM_STRUCTURE_LITERAL,,,False
../traders-client/src/traders_client/api_contract/enums.py,58:UNKNOWN,'UNKNOWN',UNKNOWN,module_or_model_default,ui,ALGORITHM_STRUCTURE_LITERAL,,,False
../traders-client/src/traders_client/api_contract/enums.py,59:OPEN,'OPEN',OPEN,module_or_model_default,ui,ALGORITHM_STRUCTURE_LITERAL,,,False
../traders-client/src/traders_client/api_contract/enums.py,60:UPDATED,'UPDATED',UPDATED,module_or_model_default,ui,ALGORITHM_STRUCTURE_LITERAL,,,False
../traders-client/src/traders_client/api_contract/enums.py,61:RESOLVED,'RESOLVED',RESOLVED,module_or_model_default,ui,ALGORITHM_STRUCTURE_LITERAL,,,False
../traders-client/src/traders_client/api_contract/enums.py,65:UNKNOWN,'UNKNOWN',UNKNOWN,module_or_model_default,ui,ALGORITHM_STRUCTURE_LITERAL,,,False
../traders-client/src/traders_client/api_contract/enums.py,66:INFO,'INFO',INFO,module_or_model_default,ui,ALGORITHM_STRUCTURE_LITERAL,,,False
../traders-client/src/traders_client/api_contract/enums.py,67:WARNING,'WARNING',WARNING,module_or_model_default,ui,ALGORITHM_STRUCTURE_LITERAL,,,False
../traders-client/src/traders_client/api_contract/enums.py,68:ERROR,'ERROR',ERROR,module_or_model_default,ui,ALGORITHM_STRUCTURE_LITERAL,,,False
../traders-client/src/traders_client/api_contract/enums.py,69:CRITICAL,'CRITICAL',CRITICAL,module_or_model_default,ui,ALGORITHM_STRUCTURE_LITERAL,,,False
../traders-client/src/traders_client/api_contract/enums.py,73:UNKNOWN,'UNKNOWN',UNKNOWN,module_or_model_default,ui,ALGORITHM_STRUCTURE_LITERAL,,,False
../traders-client/src/traders_client/api_contract/enums.py,74:PENDING,'PENDING',PENDING,module_or_model_default,ui,ALGORITHM_STRUCTURE_LITERAL,,,False
../traders-client/src/traders_client/api_contract/enums.py,75:WAITING_FOR_REQUIRED_BOUNDARY,'WAITING_FOR_REQUIRED_BOUNDARY',WAITING_FOR_REQUIRED_BOUNDARY,module_or_model_default,ui,ALGORITHM_STRUCTURE_LITERAL,,,False
../traders-client/src/traders_client/api_contract/enums.py,76:READY_TO_RUN,'READY_TO_RUN',READY_TO_RUN,module_or_model_default,ui,ALGORITHM_STRUCTURE_LITERAL,,,False
../traders-client/src/traders_client/api_contract/enums.py,77:RUNNING,'RUNNING',RUNNING,module_or_model_default,ui,ALGORITHM_STRUCTURE_LITERAL,,,False
../traders-client/src/traders_client/api_contract/enums.py,78:COMPLETED,'COMPLETED',COMPLETED,module_or_model_default,ui,ALGORITHM_STRUCTURE_LITERAL,,,False
../traders-client/src/traders_client/api_contract/enums.py,79:SKIPPED,'SKIPPED',SKIPPED,module_or_model_default,ui,ALGORITHM_STRUCTURE_LITERAL,,,False
../traders-client/src/traders_client/api_contract/enums.py,80:MODULE_ERROR,'MODULE_ERROR',MODULE_ERROR,module_or_model_default,ui,ALGORITHM_STRUCTURE_LITERAL,,,False
../traders-client/src/traders_client/api_contract/enums.py,81:ERROR,'ERROR',ERROR,module_or_model_default,ui,ALGORITHM_STRUCTURE_LITERAL,,,False
../traders-client/src/traders_client/api_contract/models.py,388:trade_profile_id,'trade-15m-v1',trade_profile_id,module_or_model_default,ui,IDENTITY_OR_PROTOCOL_LITERAL,,,False
../traders-client/src/traders_client/api_contract/models.py,389:trigger_timeframe,'15m',trigger_timeframe,module_or_model_default,ui,ALGORITHM_STRUCTURE_LITERAL,,,False
../traders-client/src/traders_client/api_contract/models.py,390:profile_mode,'PRODUCTION_SEARCH',profile_mode,module_or_model_default,ui,IDENTITY_OR_PROTOCOL_LITERAL,,,False
../traders-client/src/traders_client/api_contract/models.py,391:expected_1h_cycle_count,4,expected_1h_cycle_count,module_or_model_default,ui,ALGORITHM_STRUCTURE_LITERAL,,,False
../traders-client/src/traders_client/api_contract/models.py,392:expected_4h_cycle_count,16,expected_4h_cycle_count,module_or_model_default,ui,ALGORITHM_STRUCTURE_LITERAL,,,False
../traders-client/src/traders_client/api_contract/models.py,393:paper_command_creation_enabled,True,paper_command_creation_enabled,module_or_model_default,ui,ALGORITHM_STRUCTURE_LITERAL,,,False
../traders-client/src/traders_client/api_contract/models.py,394:position_opening_enabled,True,position_opening_enabled,module_or_model_default,ui,ALGORITHM_STRUCTURE_LITERAL,,,False
../traders-client/src/traders_client/api_contract/models.py,400:trade_mode,'TRADE_15M',trade_mode,module_or_model_default,ui,IDENTITY_OR_PROTOCOL_LITERAL,,,False
../traders-client/src/traders_client/api_contract/models.py,401:display_i18n_key,'trading.profile.trade_15m.title',display_i18n_key,module_or_model_default,ui,IDENTITY_OR_PROTOCOL_LITERAL,,,False
../traders-client/src/traders_client/api_contract/models.py,402:primary_timeframe,'15m',primary_timeframe,module_or_model_default,ui,ALGORITHM_STRUCTURE_LITERAL,,,False
../traders-client/src/traders_client/api_contract/models.py,448:limit,50,limit,module_or_model_default,ui,POLICY_VALUE_MUST_MOVE_TO_YAML,RESOLVED_BY_CANONICAL_REGISTRY,SEE_CANONICAL_REGISTRY,False
../traders-client/src/traders_client/api_contract/models.py,472:limit,50,limit,module_or_model_default,ui,POLICY_VALUE_MUST_MOVE_TO_YAML,RESOLVED_BY_CANONICAL_REGISTRY,SEE_CANONICAL_REGISTRY,False
../traders-client/src/traders_client/application/client_state.py,38:message_key,'loading.not_loaded',message_key,module_or_model_default,ui,IDENTITY_OR_PROTOCOL_LITERAL,,,False
../traders-client/src/traders_client/application/client_state.py,39:has_data,False,has_data,module_or_model_default,ui,ALGORITHM_STRUCTURE_LITERAL,,,False
../traders-client/src/traders_client/application/client_state.py,45:reporting_connection_state,'IDLE',reporting_connection_state,module_or_model_default,ui,ALGORITHM_STRUCTURE_LITERAL,,,False
../traders-client/src/traders_client/application/client_state.py,46:control_connection_state,'IDLE',control_connection_state,module_or_model_default,ui,ALGORITHM_STRUCTURE_LITERAL,,,False
../traders-client/src/traders_client/application/client_state.py,56:trade_report_loading,False,trade_report_loading,module_or_model_default,ui,ALGORITHM_STRUCTURE_LITERAL,,,False
../traders-client/src/traders_client/application/client_state.py,64:first_canary_workflow_status,'NOT_READY',first_canary_workflow_status,module_or_model_default,ui,IDENTITY_OR_PROTOCOL_LITERAL,,,False
../traders-client/src/traders_client/application/client_state.py,80:refresh_outcome,'IDLE',refresh_outcome,module_or_model_default,ui,ALGORITHM_STRUCTURE_LITERAL,,,False
../traders-client/src/traders_client/application/client_state.py,94:selected_page,'Dashboard',selected_page,module_or_model_default,ui,ALGORITHM_STRUCTURE_LITERAL,,,False
../traders-client/src/traders_client/application/client_state.py,105:selected_trade_profile,'trade-15m-v1',selected_trade_profile,module_or_model_default,ui,IDENTITY_OR_PROTOCOL_LITERAL,,,False
../traders-client/src/traders_client/async_loading/controller.py,30:submitted,0,submitted,module_or_model_default,ui,ALGORITHM_STRUCTURE_LITERAL,,,False
../traders-client/src/traders_client/async_loading/controller.py,31:delivered_success,0,delivered_success,module_or_model_default,ui,ALGORITHM_STRUCTURE_LITERAL,,,False
../traders-client/src/traders_client/async_loading/controller.py,32:delivered_failure,0,delivered_failure,module_or_model_default,ui,ALGORITHM_STRUCTURE_LITERAL,,,False
../traders-client/src/traders_client/async_loading/controller.py,33:cancelled,0,cancelled,module_or_model_default,ui,ALGORITHM_STRUCTURE_LITERAL,,,False
../traders-client/src/traders_client/async_loading/controller.py,34:suppressed_stale,0,suppressed_stale,module_or_model_default,ui,ALGORITHM_STRUCTURE_LITERAL,,,False
../traders-client/src/traders_client/async_loading/controller.py,35:queue_full,0,queue_full,module_or_model_default,ui,ALGORITHM_STRUCTURE_LITERAL,,,False
../traders-client/src/traders_client/async_loading/controller.py,36:callback_errors,0,callback_errors,module_or_model_default,ui,ALGORITHM_STRUCTURE_LITERAL,,,False
../traders-client/src/traders_client/async_loading/controller.py,142:max_results,20,max_results,function_default,ui,POLICY_VALUE_MUST_MOVE_TO_YAML,RESOLVED_BY_CANONICAL_REGISTRY,SEE_CANONICAL_REGISTRY,False
../traders-client/src/traders_client/async_loading/controller.py,146:processed,0,processed,module_or_model_default,ui,ALGORITHM_STRUCTURE_LITERAL,,,False
../traders-client/src/traders_client/async_loading/dispatcher.py,14:DEFAULT_DRAIN_INTERVAL_MS,40,DEFAULT_DRAIN_INTERVAL_MS,module_or_model_default,ui,ALGORITHM_STRUCTURE_LITERAL,,,False
../traders-client/src/traders_client/async_loading/dispatcher.py,15:DEFAULT_MAX_RESULTS_PER_TICK,20,DEFAULT_MAX_RESULTS_PER_TICK,module_or_model_default,ui,POLICY_VALUE_MUST_MOVE_TO_YAML,RESOLVED_BY_CANONICAL_REGISTRY,SEE_CANONICAL_REGISTRY,False
../traders-client/src/traders_client/async_loading/executor.py,16:DEFAULT_MAX_WORKERS,2,DEFAULT_MAX_WORKERS,module_or_model_default,ui,POLICY_VALUE_MUST_MOVE_TO_YAML,RESOLVED_BY_CANONICAL_REGISTRY,SEE_CANONICAL_REGISTRY,False
../traders-client/src/traders_client/async_loading/executor.py,17:DEFAULT_MAX_PENDING_REQUESTS,16,DEFAULT_MAX_PENDING_REQUESTS,module_or_model_default,ui,POLICY_VALUE_MUST_MOVE_TO_YAML,RESOLVED_BY_CANONICAL_REGISTRY,SEE_CANONICAL_REGISTRY,False
../traders-client/src/traders_client/async_loading/models.py,58:IDLE,'IDLE',IDLE,module_or_model_default,ui,IDENTITY_OR_PROTOCOL_LITERAL,,,False
../traders-client/src/traders_client/async_loading/models.py,59:LOADING,'LOADING',LOADING,module_or_model_default,ui,ALGORITHM_STRUCTURE_LITERAL,,,False
../traders-client/src/traders_client/async_loading/models.py,60:SUCCESS,'SUCCESS',SUCCESS,module_or_model_default,ui,ALGORITHM_STRUCTURE_LITERAL,,,False
../traders-client/src/traders_client/async_loading/models.py,61:EMPTY,'EMPTY',EMPTY,module_or_model_default,ui,ALGORITHM_STRUCTURE_LITERAL,,,False
../traders-client/src/traders_client/async_loading/models.py,62:ERROR,'ERROR',ERROR,module_or_model_default,ui,ALGORITHM_STRUCTURE_LITERAL,,,False
../traders-client/src/traders_client/config/settings.py,10:DEFAULT_SERVER_URL,'http://127.0.0.1:8765',DEFAULT_SERVER_URL,module_or_model_default,ui,ALGORITHM_STRUCTURE_LITERAL,,,False
../traders-client/src/traders_client/config/settings.py,11:DEFAULT_PAPER_REPORTING_URL,'http://127.0.0.1:8765',DEFAULT_PAPER_REPORTING_URL,module_or_model_default,ui,ALGORITHM_STRUCTURE_LITERAL,,,False
../traders-client/src/traders_client/config/settings.py,12:DEFAULT_PAPER_CONTROL_URL,'http://127.0.0.1:8766',DEFAULT_PAPER_CONTROL_URL,module_or_model_default,ui,ALGORITHM_STRUCTURE_LITERAL,,,False
../traders-client/src/traders_client/config/settings.py,13:DEFAULT_TIMEOUT_SECONDS,60.0,DEFAULT_TIMEOUT_SECONDS,module_or_model_default,ui,POLICY_VALUE_MUST_MOVE_TO_YAML,RESOLVED_BY_CANONICAL_REGISTRY,SEE_CANONICAL_REGISTRY,False
../traders-client/src/traders_client/config/settings.py,14:DEFAULT_MAX_RESPONSE_BYTES,2000000,DEFAULT_MAX_RESPONSE_BYTES,module_or_model_default,ui,POLICY_VALUE_MUST_MOVE_TO_YAML,RESOLVED_BY_CANONICAL_REGISTRY,SEE_CANONICAL_REGISTRY,False
../traders-client/src/traders_client/config/settings.py,15:MAX_TIMEOUT_SECONDS,120.0,MAX_TIMEOUT_SECONDS,module_or_model_default,ui,POLICY_VALUE_MUST_MOVE_TO_YAML,RESOLVED_BY_CANONICAL_REGISTRY,SEE_CANONICAL_REGISTRY,False
../traders-client/src/traders_client/config/settings.py,16:MIN_PRODUCTION_READ_TIMEOUT_SECONDS,60.0,MIN_PRODUCTION_READ_TIMEOUT_SECONDS,module_or_model_default,ui,POLICY_VALUE_MUST_MOVE_TO_YAML,RESOLVED_BY_CANONICAL_REGISTRY,SEE_CANONICAL_REGISTRY,False
../traders-client/src/traders_client/config/settings.py,21:MOCK,'MOCK',MOCK,module_or_model_default,ui,ALGORITHM_STRUCTURE_LITERAL,,,False
../traders-client/src/traders_client/config/settings.py,22:PRODUCTION_READONLY_HTTP,'PRODUCTION_READONLY_HTTP',PRODUCTION_READONLY_HTTP,module_or_model_default,ui,ALGORITHM_STRUCTURE_LITERAL,,,False
../traders-client/src/traders_client/config/settings.py,24:SERVER,'PRODUCTION_READONLY_HTTP',SERVER,module_or_model_default,ui,ALGORITHM_STRUCTURE_LITERAL,,,False
../traders-client/src/traders_client/config/settings.py,28:MOCK,'MOCK',MOCK,module_or_model_default,ui,ALGORITHM_STRUCTURE_LITERAL,,,False
../traders-client/src/traders_client/config/settings.py,29:HTTP_DISABLED,'HTTP_DISABLED',HTTP_DISABLED,module_or_model_default,ui,ALGORITHM_STRUCTURE_LITERAL,,,False
../traders-client/src/traders_client/config/settings.py,31:PRODUCTION_HTTP,'HTTP_DISABLED',PRODUCTION_HTTP,module_or_model_default,ui,ALGORITHM_STRUCTURE_LITERAL,,,False
../traders-client/src/traders_client/config/settings.py,70:allow_remote_hosts,False,allow_remote_hosts,module_or_model_default,ui,ALGORITHM_STRUCTURE_LITERAL,,,False
../traders-client/src/traders_client/config/settings.py,105:allow_remote_hosts,False,allow_remote_hosts,module_or_model_default,ui,ALGORITHM_STRUCTURE_LITERAL,,,False
../traders-client/src/traders_client/first_canary_workflow.py,25:NOT_READY,'NOT_READY',NOT_READY,module_or_model_default,ui,ALGORITHM_STRUCTURE_LITERAL,,,False
../traders-client/src/traders_client/first_canary_workflow.py,26:READY_TO_ARM,'READY_TO_ARM',READY_TO_ARM,module_or_model_default,ui,ALGORITHM_STRUCTURE_LITERAL,,,False
../traders-client/src/traders_client/first_canary_workflow.py,27:ARMING,'ARMING',ARMING,module_or_model_default,ui,POLICY_VALUE_MUST_MOVE_TO_YAML,RESOLVED_BY_CANONICAL_REGISTRY,SEE_CANONICAL_REGISTRY,False
../traders-client/src/traders_client/first_canary_workflow.py,28:ARMED,'ARMED',ARMED,module_or_model_default,ui,ALGORITHM_STRUCTURE_LITERAL,,,False
../traders-client/src/traders_client/first_canary_workflow.py,29:STARTING,'STARTING',STARTING,module_or_model_default,ui,ALGORITHM_STRUCTURE_LITERAL,,,False
../traders-client/src/traders_client/first_canary_workflow.py,30:WAITING_FOR_APPROVAL,'WAITING_FOR_APPROVAL',WAITING_FOR_APPROVAL,module_or_model_default,ui,ALGORITHM_STRUCTURE_LITERAL,,,False
../traders-client/src/traders_client/first_canary_workflow.py,31:NO_TRADE_HEALTHY,'NO_TRADE_HEALTHY',NO_TRADE_HEALTHY,module_or_model_default,ui,ALGORITHM_STRUCTURE_LITERAL,,,False
../traders-client/src/traders_client/first_canary_workflow.py,32:RUNNING,'RUNNING',RUNNING,module_or_model_default,ui,ALGORITHM_STRUCTURE_LITERAL,,,False
../traders-client/src/traders_client/first_canary_workflow.py,33:POSITION_OPEN,'POSITION_OPEN',POSITION_OPEN,module_or_model_default,ui,ALGORITHM_STRUCTURE_LITERAL,,,False
../traders-client/src/traders_client/first_canary_workflow.py,34:POSITION_CLOSING,'POSITION_CLOSING',POSITION_CLOSING,module_or_model_default,ui,ALGORITHM_STRUCTURE_LITERAL,,,False
../traders-client/src/traders_client/first_canary_workflow.py,35:POSITION_CLOSED,'POSITION_CLOSED',POSITION_CLOSED,module_or_model_default,ui,ALGORITHM_STRUCTURE_LITERAL,,,False
../traders-client/src/traders_client/first_canary_workflow.py,36:RECONCILIATION_PENDING,'RECONCILIATION_PENDING',RECONCILIATION_PENDING,module_or_model_default,ui,ALGORITHM_STRUCTURE_LITERAL,,,False
../traders-client/src/traders_client/first_canary_workflow.py,37:COMPLETED,'COMPLETED',COMPLETED,module_or_model_default,ui,ALGORITHM_STRUCTURE_LITERAL,,,False
../traders-client/src/traders_client/first_canary_workflow.py,38:EMERGENCY_STOP,'EMERGENCY_STOP',EMERGENCY_STOP,module_or_model_default,ui,ALGORITHM_STRUCTURE_LITERAL,,,False
../traders-client/src/traders_client/first_canary_workflow.py,39:RESULT_UNKNOWN,'RESULT_UNKNOWN',RESULT_UNKNOWN,module_or_model_default,ui,ALGORITHM_STRUCTURE_LITERAL,,,False
../traders-client/src/traders_client/first_canary_workflow.py,40:FAILED_SAFE,'FAILED_SAFE',FAILED_SAFE,module_or_model_default,ui,ALGORITHM_STRUCTURE_LITERAL,,,False
../traders-client/src/traders_client/first_canary_workflow.py,138:arm_recovered,False,arm_recovered,module_or_model_default,ui,ALGORITHM_STRUCTURE_LITERAL,,,False
../traders-client/src/traders_client/first_canary_workflow.py,144:start_recovered,False,start_recovered,module_or_model_default,ui,ALGORITHM_STRUCTURE_LITERAL,,,False
../traders-client/src/traders_client/first_canary_workflow.py,151:arm_recovered,False,arm_recovered,module_or_model_default,ui,ALGORITHM_STRUCTURE_LITERAL,,,False
../traders-client/src/traders_client/first_canary_workflow.py,152:start_recovered,False,start_recovered,module_or_model_default,ui,ALGORITHM_STRUCTURE_LITERAL,,,False
../traders-client/src/traders_client/first_canary_workflow.py,282:active_interval_seconds,3.0,active_interval_seconds,module_or_model_default,ui,ALGORITHM_STRUCTURE_LITERAL,,,False
../traders-client/src/traders_client/first_canary_workflow.py,283:quiet_interval_seconds,6.0,quiet_interval_seconds,module_or_model_default,ui,ALGORITHM_STRUCTURE_LITERAL,,,False
../traders-client/src/traders_client/first_canary_workflow.py,284:requests_per_cycle,5,requests_per_cycle,module_or_model_default,ui,ALGORITHM_STRUCTURE_LITERAL,,,False
../traders-client/src/traders_client/first_canary_workflow.py,189:arm_recovered,False,arm_recovered,module_or_model_default,ui,ALGORITHM_STRUCTURE_LITERAL,,,False
../traders-client/src/traders_client/first_canary_workflow.py,248:start_recovered,False,start_recovered,module_or_model_default,ui,ALGORITHM_STRUCTURE_LITERAL,,,False
../traders-client/src/traders_client/first_canary_workflow.py,203:arm_recovered,True,arm_recovered,module_or_model_default,ui,ALGORITHM_STRUCTURE_LITERAL,,,False
../traders-client/src/traders_client/first_canary_workflow.py,258:start_recovered,True,start_recovered,module_or_model_default,ui,ALGORITHM_STRUCTURE_LITERAL,,,False
../traders-client/src/traders_client/funnel_export.py,22:EXPORT_SCHEMA_VERSION,'trading-funnel-export-v1',EXPORT_SCHEMA_VERSION,module_or_model_default,ui,IDENTITY_OR_PROTOCOL_LITERAL,,,False
../traders-client/src/traders_client/funnel_export.py,23:DEFAULT_PAGE_SIZE,200,DEFAULT_PAGE_SIZE,module_or_model_default,ui,ALGORITHM_STRUCTURE_LITERAL,,,False
../traders-client/src/traders_client/funnel_export.py,24:MAX_PAGE_SIZE,2000,MAX_PAGE_SIZE,module_or_model_default,ui,POLICY_VALUE_MUST_MOVE_TO_YAML,RESOLVED_BY_CANONICAL_REGISTRY,SEE_CANONICAL_REGISTRY,False
../traders-client/src/traders_client/funnel_export.py,25:MAX_PAGE_ATTEMPTS,3,MAX_PAGE_ATTEMPTS,module_or_model_default,ui,POLICY_VALUE_MUST_MOVE_TO_YAML,RESOLVED_BY_CANONICAL_REGISTRY,SEE_CANONICAL_REGISTRY,False
../traders-client/src/traders_client/funnel_export.py,26:PAGE_READ_TIMEOUT_SECONDS,10.0,PAGE_READ_TIMEOUT_SECONDS,module_or_model_default,ui,POLICY_VALUE_MUST_MOVE_TO_YAML,RESOLVED_BY_CANONICAL_REGISTRY,SEE_CANONICAL_REGISTRY,False
../traders-client/src/traders_client/funnel_export.py,140:prefix,'',prefix,function_default,ui,ALGORITHM_STRUCTURE_LITERAL,,,False
../traders-client/src/traders_client/funnel_export.py,35:format_name,'jsonl',format_name,module_or_model_default,ui,ALGORITHM_STRUCTURE_LITERAL,,,False
../traders-client/src/traders_client/funnel_export.py,126:retry_attempt,0,retry_attempt,module_or_model_default,ui,POLICY_VALUE_MUST_MOVE_TO_YAML,RESOLVED_BY_CANONICAL_REGISTRY,SEE_CANONICAL_REGISTRY,False
../traders-client/src/traders_client/funnel_export.py,133:row_count,0,row_count,module_or_model_default,ui,ALGORITHM_STRUCTURE_LITERAL,,,False
../traders-client/src/traders_client/funnel_export.py,227:boundaries,0,boundaries,module_or_model_default,ui,ALGORITHM_STRUCTURE_LITERAL,,,False
../traders-client/src/traders_client/i18n/distribution.py,17:SCHEMA_VERSION,'traders-i18n/1',SCHEMA_VERSION,module_or_model_default,ui,IDENTITY_OR_PROTOCOL_LITERAL,,,False
../traders-client/src/traders_client/i18n/distribution.py,18:MAX_TRANSLATIONS,2000,MAX_TRANSLATIONS,module_or_model_default,ui,POLICY_VALUE_MUST_MOVE_TO_YAML,RESOLVED_BY_CANONICAL_REGISTRY,SEE_CANONICAL_REGISTRY,False
../traders-client/src/traders_client/i18n/locale.py,7:RU,'ru',RU,module_or_model_default,ui,ALGORITHM_STRUCTURE_LITERAL,,,False
../traders-client/src/traders_client/i18n/locale.py,8:EN,'en',EN,module_or_model_default,ui,ALGORITHM_STRUCTURE_LITERAL,,,False
../traders-client/src/traders_client/i18n/service.py,23:_active,True,_active,module_or_model_default,ui,ALGORITHM_STRUCTURE_LITERAL,,,False
../traders-client/src/traders_client/models/health.py,9:UNKNOWN,'UNKNOWN',UNKNOWN,module_or_model_default,ui,ALGORITHM_STRUCTURE_LITERAL,,,False
../traders-client/src/traders_client/models/health.py,10:CONNECTING,'CONNECTING',CONNECTING,module_or_model_default,ui,ALGORITHM_STRUCTURE_LITERAL,,,False
../traders-client/src/traders_client/models/health.py,11:OK,'OK',OK,module_or_model_default,ui,ALGORITHM_STRUCTURE_LITERAL,,,False
../traders-client/src/traders_client/models/health.py,12:DEGRADED,'DEGRADED',DEGRADED,module_or_model_default,ui,ALGORITHM_STRUCTURE_LITERAL,,,False
../traders-client/src/traders_client/models/health.py,13:ERROR,'ERROR',ERROR,module_or_model_default,ui,ALGORITHM_STRUCTURE_LITERAL,,,False
../traders-client/src/traders_client/models/health.py,14:OFFLINE,'OFFLINE',OFFLINE,module_or_model_default,ui,ALGORITHM_STRUCTURE_LITERAL,,,False
../traders-client/src/traders_client/models/paper.py,39:has_more,False,has_more,module_or_model_default,ui,ALGORITHM_STRUCTURE_LITERAL,,,False
../traders-client/src/traders_client/models/paper.py,69:authority_mode,'FIRST_CANARY_HISTORICAL',authority_mode,module_or_model_default,ui,IDENTITY_OR_PROTOCOL_LITERAL,,,False
../traders-client/src/traders_client/models/paper.py,185:accounting_session_id,'',accounting_session_id,module_or_model_default,ui,IDENTITY_OR_PROTOCOL_LITERAL,,,False
../traders-client/src/traders_client/models/paper.py,186:currency,'USDT',currency,module_or_model_default,ui,ALGORITHM_STRUCTURE_LITERAL,,,False
../traders-client/src/traders_client/models/paper.py,193:report_semantic_id,'',report_semantic_id,module_or_model_default,ui,IDENTITY_OR_PROTOCOL_LITERAL,,,False
../traders-client/src/traders_client/models/paper.py,200:rows_scanned,0,rows_scanned,module_or_model_default,ui,ALGORITHM_STRUCTURE_LITERAL,,,False
../traders-client/src/traders_client/models/paper.py,231:refinement_mode,'OFF',refinement_mode,module_or_model_default,ui,IDENTITY_OR_PROTOCOL_LITERAL,,,False
../traders-client/src/traders_client/models/paper.py,232:refinement_state,'NOT_REACHED',refinement_state,module_or_model_default,ui,ALGORITHM_STRUCTURE_LITERAL,,,False
../traders-client/src/traders_client/models/paper.py,233:refinement_reason,'ENTRY_REFINEMENT_NOT_APPLICABLE',refinement_reason,module_or_model_default,ui,ALGORITHM_STRUCTURE_LITERAL,,,False
../traders-client/src/traders_client/models/paper.py,274:environment,'PRODUCTION',environment,module_or_model_default,ui,ALGORITHM_STRUCTURE_LITERAL,,,False
../traders-client/src/traders_client/models/paper.py,275:mode,'PAPER',mode,module_or_model_default,ui,IDENTITY_OR_PROTOCOL_LITERAL,,,False
../traders-client/src/traders_client/models/paper.py,276:service_enabled,False,service_enabled,module_or_model_default,ui,ALGORITHM_STRUCTURE_LITERAL,,,False
../traders-client/src/traders_client/models/paper.py,277:live_allowed,False,live_allowed,module_or_model_default,ui,ALGORITHM_STRUCTURE_LITERAL,,,False
../traders-client/src/traders_client/models/paper.py,278:production_mutation_enabled,False,production_mutation_enabled,module_or_model_default,ui,ALGORITHM_STRUCTURE_LITERAL,,,False
../traders-client/src/traders_client/models/paper.py,279:authority_mode,'FIRST_CANARY_HISTORICAL',authority_mode,module_or_model_default,ui,IDENTITY_OR_PROTOCOL_LITERAL,,,False
../traders-client/src/traders_client/models/paper.py,327:source_component,'',source_component,module_or_model_default,ui,ALGORITHM_STRUCTURE_LITERAL,,,False
../traders-client/src/traders_client/models/paper.py,349:environment,'PRODUCTION',environment,module_or_model_default,ui,ALGORITHM_STRUCTURE_LITERAL,,,False
../traders-client/src/traders_client/models/paper.py,350:mode,'PAPER',mode,module_or_model_default,ui,IDENTITY_OR_PROTOCOL_LITERAL,,,False
../traders-client/src/traders_client/models/paper.py,357:live_allowed,False,live_allowed,module_or_model_default,ui,ALGORITHM_STRUCTURE_LITERAL,,,False
../traders-client/src/traders_client/models/paper.py,358:max_new_commands,1,max_new_commands,module_or_model_default,ui,POLICY_VALUE_MUST_MOVE_TO_YAML,RESOLVED_BY_CANONICAL_REGISTRY,SEE_CANONICAL_REGISTRY,False
../traders-client/src/traders_client/models/paper.py,359:max_open_positions,1,max_open_positions,module_or_model_default,ui,POLICY_VALUE_MUST_MOVE_TO_YAML,RESOLVED_BY_CANONICAL_REGISTRY,SEE_CANONICAL_REGISTRY,False
../traders-client/src/traders_client/models/paper.py,363:command_count,0,command_count,module_or_model_default,ui,ALGORITHM_STRUCTURE_LITERAL,,,False
../traders-client/src/traders_client/models/paper.py,365:position_count,0,position_count,module_or_model_default,ui,ALGORITHM_STRUCTURE_LITERAL,,,False
../traders-client/src/traders_client/models/paper.py,367:trade_report_available,False,trade_report_available,module_or_model_default,ui,ALGORITHM_STRUCTURE_LITERAL,,,False
../traders-client/src/traders_client/models/paper.py,369:paper_reconciliation_status,'NOT_STARTED',paper_reconciliation_status,module_or_model_default,ui,IDENTITY_OR_PROTOCOL_LITERAL,,,False
../traders-client/src/traders_client/models/paper.py,370:accounting_reconciliation_status,'NOT_STARTED',accounting_reconciliation_status,module_or_model_default,ui,IDENTITY_OR_PROTOCOL_LITERAL,,,False
../traders-client/src/traders_client/models/paper.py,374:binance_order_calls_allowed,False,binance_order_calls_allowed,module_or_model_default,ui,ALGORITHM_STRUCTURE_LITERAL,,,False
../traders-client/src/traders_client/models/paper.py,381:environment,'PRODUCTION',environment,module_or_model_default,ui,ALGORITHM_STRUCTURE_LITERAL,,,False
../traders-client/src/traders_client/models/paper.py,382:mode,'PAPER',mode,module_or_model_default,ui,IDENTITY_OR_PROTOCOL_LITERAL,,,False
../traders-client/src/traders_client/models/paper.py,383:max_new_commands,1,max_new_commands,module_or_model_default,ui,POLICY_VALUE_MUST_MOVE_TO_YAML,RESOLVED_BY_CANONICAL_REGISTRY,SEE_CANONICAL_REGISTRY,False
../traders-client/src/traders_client/models/paper.py,384:max_open_positions,1,max_open_positions,module_or_model_default,ui,POLICY_VALUE_MUST_MOVE_TO_YAML,RESOLVED_BY_CANONICAL_REGISTRY,SEE_CANONICAL_REGISTRY,False
../traders-client/src/traders_client/models/paper.py,386:operator_acknowledgement,True,operator_acknowledgement,module_or_model_default,ui,ALGORITHM_STRUCTURE_LITERAL,,,False
../traders-client/src/traders_client/models/paper.py,387:paper_acknowledgement,True,paper_acknowledgement,module_or_model_default,ui,ALGORITHM_STRUCTURE_LITERAL,,,False
../traders-client/src/traders_client/models/paper.py,388:live_forbidden_acknowledgement,True,live_forbidden_acknowledgement,module_or_model_default,ui,IDENTITY_OR_PROTOCOL_LITERAL,,,False
../traders-client/src/traders_client/models/paper.py,396:canary_id,'',canary_id,module_or_model_default,ui,IDENTITY_OR_PROTOCOL_LITERAL,,,False
../traders-client/src/traders_client/models/paper.py,397:canary_acknowledgement,True,canary_acknowledgement,module_or_model_default,ui,ALGORITHM_STRUCTURE_LITERAL,,,False
../traders-client/src/traders_client/models/paper.py,404:operator_acknowledgement,True,operator_acknowledgement,module_or_model_default,ui,ALGORITHM_STRUCTURE_LITERAL,,,False
../traders-client/src/traders_client/models/paper.py,405:clear_emergency_stop_acknowledgement,False,clear_emergency_stop_acknowledgement,module_or_model_default,ui,ALGORITHM_STRUCTURE_LITERAL,,,False
../traders-client/src/traders_client/models/paper.py,429:message,'',message,module_or_model_default,ui,ALGORITHM_STRUCTURE_LITERAL,,,False
../traders-client/src/traders_client/models/paper.py,430:status_code,0,status_code,module_or_model_default,ui,IDENTITY_OR_PROTOCOL_LITERAL,,,False
../traders-client/src/traders_client/paper_foundation.py,3:TASK_ID,'TRADERS_CLIENT_PAPER_TRADING_OPERATOR_AND_REPORTING_FOUNDATION_01',TASK_ID,module_or_model_default,ui,IDENTITY_OR_PROTOCOL_LITERAL,,,False
../traders-client/src/traders_client/paper_foundation.py,4:TASK_BASE_HEAD,'70eaaec98c1c1eec63e00d650781932b30df5f72',TASK_BASE_HEAD,module_or_model_default,ui,ALGORITHM_STRUCTURE_LITERAL,,,False
../traders-client/src/traders_client/paper_foundation.py,5:TASK_BASE_TREE,'5c5fb640b30a1dacc5d117a0ce3ee1fbbe53c622',TASK_BASE_TREE,module_or_model_default,ui,ALGORITHM_STRUCTURE_LITERAL,,,False
../traders-client/src/traders_client/paper_foundation.py,6:DATA_SOURCE,'MOCK / DISABLED FOUNDATION',DATA_SOURCE,module_or_model_default,ui,ALGORITHM_STRUCTURE_LITERAL,,,False
../traders-client/src/traders_client/paper_foundation.py,7:REPORTING_PRODUCTION_HTTP_CALLS,0,REPORTING_PRODUCTION_HTTP_CALLS,module_or_model_default,ui,ALGORITHM_STRUCTURE_LITERAL,,,False
../traders-client/src/traders_client/paper_foundation.py,8:CONTROL_PRODUCTION_HTTP_CALLS,0,CONTROL_PRODUCTION_HTTP_CALLS,module_or_model_default,ui,ALGORITHM_STRUCTURE_LITERAL,,,False
../traders-client/src/traders_client/paper_foundation.py,9:PRODUCTION_CONTROL_TRANSITIONS,0,PRODUCTION_CONTROL_TRANSITIONS,module_or_model_default,ui,ALGORITHM_STRUCTURE_LITERAL,,,False
../traders-client/src/traders_client/paper_foundation.py,10:PRODUCTION_PAPER_MUTATIONS,0,PRODUCTION_PAPER_MUTATIONS,module_or_model_default,ui,ALGORITHM_STRUCTURE_LITERAL,,,False
../traders-client/src/traders_client/paper_foundation.py,11:BINANCE_ORDER_API_CALLS,0,BINANCE_ORDER_API_CALLS,module_or_model_default,ui,ALGORITHM_STRUCTURE_LITERAL,,,False
../traders-client/src/traders_client/paper_foundation.py,12:DIRECT_DATABASE_CONNECTIONS,0,DIRECT_DATABASE_CONNECTIONS,module_or_model_default,ui,ALGORITHM_STRUCTURE_LITERAL,,,False
../traders-client/src/traders_client/paper_foundation.py,13:LIVE_UI_CONTROLS_CREATED,0,LIVE_UI_CONTROLS_CREATED,module_or_model_default,ui,ALGORITHM_STRUCTURE_LITERAL,,,False
../traders-client/src/traders_client/paper_foundation.py,14:MANUAL_TRADING_CONTROLS_CREATED,0,MANUAL_TRADING_CONTROLS_CREATED,module_or_model_default,ui,ALGORITHM_STRUCTURE_LITERAL,,,False
../traders-client/src/traders_client/providers/control_credentials.py,11:PRODUCTION_CONTROL_CREDENTIAL_TARGET,'TradersClient/PaperOperatorControl/Production',PRODUCTION_CONTROL_CREDENTIAL_TARGET,module_or_model_default,ui,ALGORITHM_STRUCTURE_LITERAL,,,False
../traders-client/src/traders_client/providers/control_credentials.py,12:_CRED_TYPE_GENERIC,1,_CRED_TYPE_GENERIC,module_or_model_default,ui,ALGORITHM_STRUCTURE_LITERAL,,,False
../traders-client/src/traders_client/providers/control_credentials.py,13:_ERROR_NOT_FOUND,1168,_ERROR_NOT_FOUND,module_or_model_default,ui,ALGORITHM_STRUCTURE_LITERAL,,,False
../traders-client/src/traders_client/providers/mock_provider.py,61:connected,True,connected,function_default,ui,ALGORITHM_STRUCTURE_LITERAL,,,False
../traders-client/src/traders_client/providers/mock_provider.py,262:start,0,start,module_or_model_default,ui,ALGORITHM_STRUCTURE_LITERAL,,,False
../traders-client/src/traders_client/providers/paper.py,21:PAPER_DEFAULT_LIMIT,50,PAPER_DEFAULT_LIMIT,module_or_model_default,ui,POLICY_VALUE_MUST_MOVE_TO_YAML,RESOLVED_BY_CANONICAL_REGISTRY,SEE_CANONICAL_REGISTRY,False
../traders-client/src/traders_client/providers/paper.py,22:PAPER_MAX_LIMIT,100,PAPER_MAX_LIMIT,module_or_model_default,ui,POLICY_VALUE_MUST_MOVE_TO_YAML,RESOLVED_BY_CANONICAL_REGISTRY,SEE_CANONICAL_REGISTRY,False
../traders-client/src/traders_client/providers/paper.py,142:kind,'profit',kind,function_default,ui,ALGORITHM_STRUCTURE_LITERAL,,,False
../traders-client/src/traders_client/providers/paper.py,90:scenario,'READY_NO_APPROVAL',scenario,module_or_model_default,ui,ALGORITHM_STRUCTURE_LITERAL,,,False
../traders-client/src/traders_client/providers/paper.py,91:control_state,'DISABLED',control_state,module_or_model_default,ui,ALGORITHM_STRUCTURE_LITERAL,,,False
../traders-client/src/traders_client/providers/paper.py,92:canary_state,'DISABLED',canary_state,module_or_model_default,ui,ALGORITHM_STRUCTURE_LITERAL,,,False
../traders-client/src/traders_client/providers/paper.py,93:generation,1,generation,module_or_model_default,ui,ALGORITHM_STRUCTURE_LITERAL,,,False
../traders-client/src/traders_client/providers/paper.py,95:reporting_available,True,reporting_available,module_or_model_default,ui,ALGORITHM_STRUCTURE_LITERAL,,,False
../traders-client/src/traders_client/providers/paper.py,96:control_available,True,control_available,module_or_model_default,ui,ALGORITHM_STRUCTURE_LITERAL,,,False
../traders-client/src/traders_client/providers/paper.py,164:data_source,'MOCK / DISABLED FOUNDATION',data_source,module_or_model_default,ui,ALGORITHM_STRUCTURE_LITERAL,,,False
../traders-client/src/traders_client/providers/paper.py,275:data_source,'MOCK / DISABLED FOUNDATION',data_source,module_or_model_default,ui,ALGORITHM_STRUCTURE_LITERAL,,,False
../traders-client/src/traders_client/providers/paper_http.py,148:data_source,'PRODUCTION READONLY HTTP',data_source,module_or_model_default,ui,ALGORITHM_STRUCTURE_LITERAL,,,False
../traders-client/src/traders_client/providers/paper_http.py,423:data_source,'PRODUCTION OPERATOR CONTROL HTTP',data_source,module_or_model_default,ui,ALGORITHM_STRUCTURE_LITERAL,,,False
../traders-client/src/traders_client/providers/server_provider.py,182:safe_message,'Server authentication failed.',safe_message,module_or_model_default,ui,ALGORITHM_STRUCTURE_LITERAL,,,False
../traders-client/src/traders_client/providers/server_provider.py,185:safe_message,'The requested server resource was not found.',safe_message,module_or_model_default,ui,ALGORITHM_STRUCTURE_LITERAL,,,False
../traders-client/src/traders_client/providers/server_provider.py,188:safe_message,'The server rejected the request.',safe_message,module_or_model_default,ui,ALGORITHM_STRUCTURE_LITERAL,,,False
../traders-client/src/traders_client/providers/server_provider.py,191:safe_message,'The server could not complete the request.',safe_message,module_or_model_default,ui,ALGORITHM_STRUCTURE_LITERAL,,,False
../traders-client/src/traders_client/providers/server_provider.py,194:safe_message,'The server returned an HTTP error.',safe_message,module_or_model_default,ui,ALGORITHM_STRUCTURE_LITERAL,,,False
../traders-client/src/traders_client/trade_profiles.py,3:TRADE_15M_PROFILE,'trade-15m-v1',TRADE_15M_PROFILE,module_or_model_default,ui,IDENTITY_OR_PROTOCOL_LITERAL,,,False
../traders-client/src/traders_client/trade_profiles.py,4:SCALPING_V1_HISTORICAL_PROFILE,'trade-5m-v1',SCALPING_V1_HISTORICAL_PROFILE,module_or_model_default,ui,IDENTITY_OR_PROTOCOL_LITERAL,,,False
../traders-client/src/traders_client/trade_profiles.py,5:SCALPING_V2_PROFILE,'trade-5m-v2',SCALPING_V2_PROFILE,module_or_model_default,ui,IDENTITY_OR_PROTOCOL_LITERAL,,,False
../traders-client/src/traders_client/ui/auto_refresh.py,17:AUTO_REFRESH_POLICY_VERSION,'page-aware-readonly-refresh-v1',AUTO_REFRESH_POLICY_VERSION,module_or_model_default,ui,IDENTITY_OR_PROTOCOL_LITERAL,,,False
../traders-client/src/traders_client/ui/auto_refresh.py,23:PAPER,'PAPER Trading',PAPER,module_or_model_default,ui,ALGORITHM_STRUCTURE_LITERAL,,,False
../traders-client/src/traders_client/ui/auto_refresh.py,24:OVERVIEW,'Dashboard',OVERVIEW,module_or_model_default,ui,ALGORITHM_STRUCTURE_LITERAL,,,False
../traders-client/src/traders_client/ui/auto_refresh.py,25:MARKET,'Market',MARKET,module_or_model_default,ui,ALGORITHM_STRUCTURE_LITERAL,,,False
../traders-client/src/traders_client/ui/auto_refresh.py,26:TRADING_PAIRS,'Trading Universe',TRADING_PAIRS,module_or_model_default,ui,ALGORITHM_STRUCTURE_LITERAL,,,False
../traders-client/src/traders_client/ui/auto_refresh.py,27:TRADING_FUNNEL,'Trading Funnel',TRADING_FUNNEL,module_or_model_default,ui,ALGORITHM_STRUCTURE_LITERAL,,,False
../traders-client/src/traders_client/ui/auto_refresh.py,28:ANALYSIS,'Analysis',ANALYSIS,module_or_model_default,ui,ALGORITHM_STRUCTURE_LITERAL,,,False
../traders-client/src/traders_client/ui/auto_refresh.py,29:SCENARIOS,'Setups',SCENARIOS,module_or_model_default,ui,ALGORITHM_STRUCTURE_LITERAL,,,False
../traders-client/src/traders_client/ui/auto_refresh.py,30:INCIDENTS,'Incidents',INCIDENTS,module_or_model_default,ui,IDENTITY_OR_PROTOCOL_LITERAL,,,False
../traders-client/src/traders_client/ui/auto_refresh.py,31:SETTINGS,'Settings',SETTINGS,module_or_model_default,ui,ALGORITHM_STRUCTURE_LITERAL,,,False
../traders-client/src/traders_client/ui/auto_refresh.py,32:HELP,'Help',HELP,module_or_model_default,ui,ALGORITHM_STRUCTURE_LITERAL,,,False
../traders-client/src/traders_client/ui/funnel_export_dialog.py,23:custom_from,'',custom_from,function_default,ui,ALGORITHM_STRUCTURE_LITERAL,,,False
../traders-client/src/traders_client/ui/funnel_export_dialog.py,23:custom_to,'',custom_to,function_default,ui,ALGORITHM_STRUCTURE_LITERAL,,,False
../traders-client/src/traders_client/ui/funnel_export_dialog.py,151:unavailable,'UNAVAILABLE',unavailable,module_or_model_default,ui,ALGORITHM_STRUCTURE_LITERAL,,,False
../traders-client/src/traders_client/ui/funnel_export_dialog.py,156:unavailable,'NOT_APPLICABLE',unavailable,module_or_model_default,ui,ALGORITHM_STRUCTURE_LITERAL,,,False
../traders-client/src/traders_client/ui/help_view.py,77:topic_id,'global',topic_id,module_or_model_default,ui,IDENTITY_OR_PROTOCOL_LITERAL,,,False
../traders-client/src/traders_client/ui/keyboard_shortcuts.py,33:_CONTROL_MASK,4,_CONTROL_MASK,module_or_model_default,ui,ALGORITHM_STRUCTURE_LITERAL,,,False
../traders-client/src/traders_client/ui/keyboard_shortcuts.py,34:_ALT_MASK,8,_ALT_MASK,module_or_model_default,ui,ALGORITHM_STRUCTURE_LITERAL,,,False
../traders-client/src/traders_client/ui/main_window.py,311:key,'funnel.export.cancelled',key,module_or_model_default,ui,IDENTITY_OR_PROTOCOL_LITERAL,,,False
../traders-client/src/traders_client/ui/main_window.py,345:visible,False,visible,module_or_model_default,ui,ALGORITHM_STRUCTURE_LITERAL,,,False
../traders-client/src/traders_client/ui/main_window.py,312:key,'funnel.export.file_error',key,module_or_model_default,ui,IDENTITY_OR_PROTOCOL_LITERAL,,,False
../traders-client/src/traders_client/ui/main_window.py,313:key,'funnel.export.read_timeout',key,module_or_model_default,ui,IDENTITY_OR_PROTOCOL_LITERAL,,,False
../traders-client/src/traders_client/ui/main_window.py,314:key,'funnel.export.connection_error',key,module_or_model_default,ui,IDENTITY_OR_PROTOCOL_LITERAL,,,False
../traders-client/src/traders_client/ui/paper_trading_view.py,345:budget_text,'',budget_text,module_or_model_default,ui,ALGORITHM_STRUCTURE_LITERAL,,,False
../traders-client/src/traders_client/ui/presentation.py,35:scroll_fraction,0.0,scroll_fraction,module_or_model_default,ui,ALGORITHM_STRUCTURE_LITERAL,,,False
../traders-client/tests/fakes.py,41:limit,100,limit,function_default,test,TEST_EXPECTED_VALUE_DERIVED_FROM_YAML,,,False
../traders-client/tests/fakes.py,42:count,0,count,module_or_model_default,test,TEST_EXPECTED_VALUE_DERIVED_FROM_YAML,,,False
../traders-client/tests/test_api_contract.py,35:NOW,'2026-07-24T12:00:00Z',NOW,module_or_model_default,test,TEST_EXPECTED_VALUE_DERIVED_FROM_YAML,,,False
../traders-client/tests/test_api_contract.py,36:BOUNDARY,'2026-07-24T11:45:00Z',BOUNDARY,module_or_model_default,test,TEST_EXPECTED_VALUE_DERIVED_FROM_YAML,,,False
../traders-client/tests/test_api_contract.py,37:BOUNDARY_MS,1784893500000,BOUNDARY_MS,module_or_model_default,test,TEST_EXPECTED_VALUE_DERIVED_FROM_YAML,,,False
../traders-client/tests/test_async_loading.py,18:timeout,2.0,timeout,function_default,test,TEST_EXPECTED_VALUE_DERIVED_FROM_YAML,,,False
../traders-client/tests/test_auto_refresh.py,84:state,'SUCCESS',state,function_default,test,TEST_EXPECTED_VALUE_DERIVED_FROM_YAML,,,False
../traders-client/tests/test_auto_refresh.py,408:editable_filter,'BTC typed by user',editable_filter,module_or_model_default,test,TEST_EXPECTED_VALUE_DERIVED_FROM_YAML,,,False
../traders-client/tests/test_client_state.py,19:timeout,2.0,timeout,function_default,test,TEST_EXPECTED_VALUE_DERIVED_FROM_YAML,,,False
../traders-client/tests/test_first_canary_workflow_readiness_retry_1600.py,27:UUID,'11111111-1111-4111-8111-111111111111',UUID,module_or_model_default,test,TEST_EXPECTED_VALUE_DERIVED_FROM_YAML,,,False
../traders-client/tests/test_first_canary_workflow_readiness_retry_1600.py,28:TRANSITION,'transition-identity-0001',TRANSITION,module_or_model_default,test,TEST_EXPECTED_VALUE_DERIVED_FROM_YAML,,,False
../traders-client/tests/test_first_canary_workflow_readiness_retry_1600.py,31:state,'ARMED_WAITING',state,function_default,test,TEST_EXPECTED_VALUE_DERIVED_FROM_YAML,,,False
../traders-client/tests/test_first_canary_workflow_readiness_retry_1600.py,147:BASE,'73a987157d9a1330a786c9dd79dc9bb9ce194b9c',BASE,module_or_model_default,test,TEST_EXPECTED_VALUE_DERIVED_FROM_YAML,,,False
../traders-client/tests/test_first_canary_workflow_readiness_retry_1600.py,148:TREE,'04b49ea64ec77bb80753bfe61ce6ecfc0cf865f0',TREE,module_or_model_default,test,TEST_EXPECTED_VALUE_DERIVED_FROM_YAML,,,False
../traders-client/tests/test_first_canary_workflow_readiness_retry_1600.py,149:PRESERVED,'feature/traders-client-paper-first-canary-workflow-readiness-01',PRESERVED,module_or_model_default,test,TEST_EXPECTED_VALUE_DERIVED_FROM_YAML,,,False
../traders-client/tests/test_first_canary_workflow_readiness_retry_1600.py,290:cases,0,cases,module_or_model_default,test,TEST_EXPECTED_VALUE_DERIVED_FROM_YAML,,,False
../traders-client/tests/test_first_canary_workflow_readiness_retry_1600.py,365:token,'controller-isolated-capability-000001',token,module_or_model_default,test,TEST_EXPECTED_VALUE_DERIVED_FROM_YAML,,,False
../traders-client/tests/test_first_canary_workflow_readiness_retry_1600.py,493:token,'resume-isolated-capability-0000001',token,module_or_model_default,test,TEST_EXPECTED_VALUE_DERIVED_FROM_YAML,,,False
../traders-client/tests/test_funnel_export.py,30:timeout,2.0,timeout,function_default,test,TEST_EXPECTED_VALUE_DERIVED_FROM_YAML,,,False
../traders-client/tests/test_http_transport.py,54:content_type,'application/json',content_type,function_default,test,TEST_EXPECTED_VALUE_DERIVED_FROM_YAML,,,False
../traders-client/tests/test_http_transport.py,22:content_type,'application/json; charset=utf-8',content_type,function_default,test,TEST_EXPECTED_VALUE_DERIVED_FROM_YAML,,,False
../traders-client/tests/test_i18n_gui.py,35:deadline,100,deadline,module_or_model_default,test,TEST_EXPECTED_VALUE_DERIVED_FROM_YAML,,,False
../traders-client/tests/test_keyboard_shortcuts.py,32:char,'',char,function_default,test,TEST_EXPECTED_VALUE_DERIVED_FROM_YAML,,,False
../traders-client/tests/test_keyboard_shortcuts.py,32:keysym,'',keysym,function_default,test,TEST_EXPECTED_VALUE_DERIVED_FROM_YAML,,,False
../traders-client/tests/test_keyboard_shortcuts.py,32:state,8,state,function_default,test,TEST_EXPECTED_VALUE_DERIVED_FROM_YAML,,,False
../traders-client/tests/test_market_strategy_status_remediation.py,18:NOW,'2026-07-24T12:00:00Z',NOW,module_or_model_default,test,TEST_EXPECTED_VALUE_DERIVED_FROM_YAML,,,False
../traders-client/tests/test_market_strategy_status_remediation.py,19:BOUNDARY,'2026-07-24T11:45:00Z',BOUNDARY,module_or_model_default,test,TEST_EXPECTED_VALUE_DERIVED_FROM_YAML,,,False
../traders-client/tests/test_market_strategy_status_remediation.py,20:BOUNDARY_MS,1784893500000,BOUNDARY_MS,module_or_model_default,test,TEST_EXPECTED_VALUE_DERIVED_FROM_YAML,,,False
../traders-client/tests/test_market_strategy_status_remediation.py,42:symbol,'BTCUSDT',symbol,function_default,test,TEST_EXPECTED_VALUE_DERIVED_FROM_YAML,,,False
../traders-client/tests/test_market_strategy_status_remediation.py,42:strategy_status,'ALLOW_RESEARCH_TRADE_PLAN',strategy_status,function_default,test,TEST_EXPECTED_VALUE_DERIVED_FROM_YAML,,,False
../traders-client/tests/test_market_strategy_status_remediation.py,75:value,'',value,function_default,test,TEST_EXPECTED_VALUE_DERIVED_FROM_YAML,,,False
../traders-client/tests/test_market_strategy_status_remediation.py,199:raw,'FUTURE_STRATEGY_STATE',raw,module_or_model_default,test,TEST_EXPECTED_VALUE_DERIVED_FROM_YAML,,,False
../traders-client/tests/test_openapi_and_safety.py,82:script,"'\nfrom unittest import mock\ntargets = (\n    ""urllib."" + ""request.urlopen"",\n    ""urllib."" + ""request.OpenerDirector.open"",\n    ""socket."" + ""create_connection"",\n    ""socket."" + ""socket.connect"",\n    ""socket."" + ""socket.bind"",\n    ""threading."" + ""Thread.start"",\n)\npatches = [mock.patch(target, side_effect=AssertionError(target)) for target in targets]\nguards = [patcher.start() for patcher in patches]\ntry:\n    from traders_client.config import ClientSettings, ProviderMode\n    from traders_client.providers import create_provider\n    provider = create_provider(\n        ProviderMode.SERVER,\n        settings=ClientSettings(provider_mode=ProviderMode.SERVER),\n    )\n    assert provider is not None\n    assert all(guard.call_count == 0 for guard in guards)\nfinally:\n    for patcher in reversed(patches):\n        patcher.stop()\nprint(""IMPORT_CALLS=0 PROVIDER_CONSTRUCTION_CALLS=0 THREADS=0 BINDS=0"")\n'",script,module_or_model_default,test,TEST_EXPECTED_VALUE_DERIVED_FROM_YAML,,,False
../traders-client/tests/test_paper_execution_sync.py,29:position_id,'position-profit',position_id,function_default,test,TEST_EXPECTED_VALUE_DERIVED_FROM_YAML,,,False
../traders-client/tests/test_paper_foundation.py,36:timeout,2.0,timeout,function_default,test,TEST_EXPECTED_VALUE_DERIVED_FROM_YAML,,,False
../traders-client/tests/test_production_paper_connection.py,31:TOKEN,'production-control-test-capability-000001',TOKEN,module_or_model_default,test,TEST_EXPECTED_VALUE_DERIVED_FROM_YAML,,,False
../traders-client/tests/test_production_paper_connection.py,75:state,'DISABLED',state,function_default,test,TEST_EXPECTED_VALUE_DERIVED_FROM_YAML,,,False
../traders-client/tests/test_real_server_http_interop.py,59:TOKEN,'client-isolated-capability-00000000000001',TOKEN,module_or_model_default,test,TEST_EXPECTED_VALUE_DERIVED_FROM_YAML,,,False
../traders-client/tests/test_real_server_http_interop.py,95:revision,'0015_trading_universe_activation',revision,function_default,test,TEST_EXPECTED_VALUE_DERIVED_FROM_YAML,,,False
../traders-client/tests/test_real_server_http_interop.py,102:limit,2,limit,function_default,test,TEST_EXPECTED_VALUE_DERIVED_FROM_YAML,,,False
../traders-client/tests/test_server_provider.py,31:NOW,'2026-07-24T12:00:00Z',NOW,module_or_model_default,test,TEST_EXPECTED_VALUE_DERIVED_FROM_YAML,,,False
../traders-client/tests/test_server_provider.py,32:BOUNDARY,'2026-07-24T11:45:00Z',BOUNDARY,module_or_model_default,test,TEST_EXPECTED_VALUE_DERIVED_FROM_YAML,,,False
../traders-client/tests/test_server_provider.py,33:BOUNDARY_MS,1784893500000,BOUNDARY_MS,module_or_model_default,test,TEST_EXPECTED_VALUE_DERIVED_FROM_YAML,,,False
../traders-client/tests/test_server_provider.py,36:status,'OK',status,function_default,test,TEST_EXPECTED_VALUE_DERIVED_FROM_YAML,,,False
../traders-client/tests/test_trading_funnel.py,19:boundary,1900000200000,boundary,function_default,test,TEST_EXPECTED_VALUE_DERIVED_FROM_YAML,,,False
../traders-client/tests/test_trading_funnel.py,19:complete,False,complete,function_default,test,TEST_EXPECTED_VALUE_DERIVED_FROM_YAML,,,False
../traders-client/tests/test_trading_funnel.py,35:current,True,current,function_default,test,TEST_EXPECTED_VALUE_DERIVED_FROM_YAML,,,False
../traders-client/tests/test_trading_funnel.py,35:completed,True,completed,function_default,test,TEST_EXPECTED_VALUE_DERIVED_FROM_YAML,,,False
