candidate_id,family,symbol,direction,entry_time,label,net_return_pct,net_r,bars_to_outcome
ET27-00001,TRAP_REVERSAL,SOLUSDT,LONG,2025-01-04T04:00:00Z,TP_BEFORE_SL,0.20560185185184132,0.8823025582299209,4
ET27-00002,SHORT_CONTINUATION_PRACTICAL_TARGET,SOLUSDT,SHORT,2025-01-04T10:00:00Z,SL_BEFORE_TP,-0.9615805175531459,-1.3326032149729201,7
ET27-00003,TRAP_REVERSAL,BTCUSDT,LONG,2025-01-05T01:30:00Z,TP_BEFORE_SL,-0.09438183573740977,-0.8456859609212659,10
ET27-00004,SHORT_CONTINUATION_PRACTICAL_TARGET,ETHUSDT,SHORT,2025-01-05T08:00:00Z,SL_BEFORE_TP,-0.9193912815690228,-1.3532574033710456,38
ET27-00005,SHORT_CONTINUATION_PRACTICAL_TARGET,SOLUSDT,SHORT,2025-01-05T09:15:00Z,SL_BEFORE_TP,-1.2922422509003366,-1.2280843596563884,70
ET27-00006,MOMENTUM_BREAKDOWN_PULLBACK,SOLUSDT,SHORT,2025-01-05T09:30:00Z,AMBIGUOUS_INTRACANDLE,,,1
ET27-00007,SHORT_CONTINUATION_PRACTICAL_TARGET,BTCUSDT,SHORT,2025-01-05T09:45:00Z,SL_BEFORE_TP,-0.55100524493956,-1.7716911656799903,12
ET27-00008,SHORT_CONTINUATION_PRACTICAL_TARGET,SOLUSDT,SHORT,2025-01-05T13:45:00Z,SL_BEFORE_TP,-1.2243392731470932,-1.2438183729403387,48
ET27-00009,MOMENTUM_BREAKDOWN_PULLBACK,SOLUSDT,SHORT,2025-01-06T01:00:00Z,SL_BEFORE_TP,-0.6455165169069432,-1.5918377920351747,2
ET27-00010,TRAP_REVERSAL,ETHUSDT,LONG,2025-01-06T10:00:00Z,TP_BEFORE_SL,0.32120037807183865,1.4226861662510057,9
ET27-00011,RANGE_BOUNDARY_REJECTION,ETHUSDT,LONG,2025-01-06T10:15:00Z,SL_BEFORE_TP,-0.36679053460579436,-2.892885780048063,1
ET27-00012,SHORT_CONTINUATION_PRACTICAL_TARGET,SOLUSDT,SHORT,2025-01-07T02:45:00Z,TP_BEFORE_SL,1.8739024902135648,1.7729318158135543,48
ET27-00013,SHORT_CONTINUATION_PRACTICAL_TARGET,ETHUSDT,SHORT,2025-01-07T09:30:00Z,TP_BEFORE_SL,0.9183790968379619,1.5856278818305163,20
ET27-00014,SHORT_CONTINUATION_PRACTICAL_TARGET,BTCUSDT,SHORT,2025-01-07T11:30:00Z,TP_BEFORE_SL,1.505205413589759,1.63500375702357,14
ET27-00015,SHORT_CONTINUATION_PRACTICAL_TARGET,SOLUSDT,SHORT,2025-01-07T11:30:00Z,TP_BEFORE_SL,1.3349449034004794,1.6952274336939488,14
ET27-00016,MOMENTUM_BREAKDOWN_PULLBACK,ETHUSDT,SHORT,2025-01-07T12:15:00Z,SL_BEFORE_TP,-0.7165652028068472,-1.5036037012070151,4
ET27-00017,MOMENTUM_BREAKDOWN_PULLBACK,SOLUSDT,SHORT,2025-01-07T12:15:00Z,TP_BEFORE_SL,0.9288287470108894,1.191999361822125,11
ET27-00018,SHORT_CONTINUATION_PRACTICAL_TARGET,BTCUSDT,SHORT,2025-01-07T14:45:00Z,TP_BEFORE_SL,1.7849598755492087,1.7629582660891914,3
ET27-00019,MOMENTUM_BREAKDOWN_PULLBACK,BTCUSDT,SHORT,2025-01-07T15:00:00Z,TP_BEFORE_SL,2.1958558397958132,1.352208002576135,21
ET27-00020,SHORT_CONTINUATION_PRACTICAL_TARGET,ETHUSDT,SHORT,2025-01-07T15:00:00Z,NEITHER_EXPIRED,4.730474531628362,1.4748931434974983,96
ET27-00021,MOMENTUM_BREAKDOWN_PULLBACK,SOLUSDT,SHORT,2025-01-07T15:00:00Z,TP_BEFORE_SL,2.649785821499983,1.375423293545974,27
ET27-00022,SHORT_CONTINUATION_PRACTICAL_TARGET,ETHUSDT,SHORT,2025-01-07T21:45:00Z,TP_BEFORE_SL,2.139365783427997,1.3486991775256387,77
ET27-00023,SHORT_CONTINUATION_PRACTICAL_TARGET,SOLUSDT,SHORT,2025-01-08T03:00:00Z,TP_BEFORE_SL,2.862546181917785,1.845288362572158,56
ET27-00024,MOMENTUM_BREAKDOWN_PULLBACK,SOLUSDT,SHORT,2025-01-08T03:30:00Z,TP_BEFORE_SL,1.2880932831640903,1.2644122881984148,11
ET27-00025,SHORT_CONTINUATION_PRACTICAL_TARGET,SOLUSDT,SHORT,2025-01-08T05:45:00Z,SL_BEFORE_TP,-1.4837818289363542,-1.1929598860639739,34
ET27-00026,SHORT_CONTINUATION_PRACTICAL_TARGET,BTCUSDT,SHORT,2025-01-08T06:30:00Z,TP_BEFORE_SL,1.6659443248048678,1.7481563371222069,42
ET27-00027,MOMENTUM_BREAKDOWN_PULLBACK,BTCUSDT,SHORT,2025-01-08T06:45:00Z,SL_BEFORE_TP,-0.8612409420475384,-1.3863235401211447,6
ET27-00028,SHORT_CONTINUATION_PRACTICAL_TARGET,ETHUSDT,SHORT,2025-01-08T06:45:00Z,SL_BEFORE_TP,-2.238625695641632,-1.1200825149618379,6
ET27-00029,SHORT_CONTINUATION_PRACTICAL_TARGET,BTCUSDT,SHORT,2025-01-08T17:00:00Z,NEITHER_EXPIRED,-0.3912899116371028,-0.21003678153249816,96
ET27-00030,MOMENTUM_BREAKDOWN_PULLBACK,SOLUSDT,SHORT,2025-01-08T17:00:00Z,SL_BEFORE_TP,-2.0168528286771137,-1.1350702748852208,4
ET27-00031,MOMENTUM_BREAKDOWN_PULLBACK,BTCUSDT,SHORT,2025-01-08T17:15:00Z,SL_BEFORE_TP,-1.453055370312032,-1.197847522770758,3
ET27-00032,MOMENTUM_BREAKDOWN_PULLBACK,SOLUSDT,SHORT,2025-01-09T07:00:00Z,TP_BEFORE_SL,0.8211235647121691,1.1607369660123887,2
ET27-00033,MOMENTUM_BREAKDOWN_PULLBACK,BTCUSDT,SHORT,2025-01-09T07:30:00Z,TP_BEFORE_SL,0.10772174148028513,0.46468941381851736,1
ET27-00034,MOMENTUM_BREAKDOWN_PULLBACK,ETHUSDT,SHORT,2025-01-09T08:00:00Z,SL_BEFORE_TP,-1.0284942787126776,-1.3043776048595204,2
ET27-00035,MOMENTUM_BREAKDOWN_PULLBACK,SOLUSDT,SHORT,2025-01-09T13:30:00Z,SL_BEFORE_TP,-1.6205220434902898,-1.1738472783768252,7
ET27-00036,MOMENTUM_BREAKDOWN_PULLBACK,ETHUSDT,SHORT,2025-01-09T13:45:00Z,SL_BEFORE_TP,-1.4270418443812263,-1.2021832685477956,6
ET27-00037,SHORT_CONTINUATION_PRACTICAL_TARGET,BTCUSDT,SHORT,2025-01-09T19:45:00Z,SL_BEFORE_TP,-1.7997029126915842,-1.1538754579779755,26
ET27-00038,SHORT_CONTINUATION_PRACTICAL_TARGET,ETHUSDT,SHORT,2025-01-09T19:45:00Z,SL_BEFORE_TP,-2.649778495992132,-1.099594215982573,39
ET27-00039,SHORT_CONTINUATION_PRACTICAL_TARGET,SOLUSDT,SHORT,2025-01-09T19:45:00Z,SL_BEFORE_TP,-2.2178305650177697,-1.1213450758851244,33
ET27-00040,MOMENTUM_BREAKDOWN_PULLBACK,BTCUSDT,SHORT,2025-01-09T20:00:00Z,SL_BEFORE_TP,-0.9727635627700348,-1.3275272027620182,5
ET27-00041,SHORT_FAILED_REBOUND,SOLUSDT,SHORT,2025-01-10T14:30:00Z,TP_BEFORE_SL,0.7774667553945689,0.9551500715778486,2
ET27-00042,SHORT_CONTINUATION_PRACTICAL_TARGET,ETHUSDT,SHORT,2025-01-10T15:00:00Z,SL_BEFORE_TP,-2.87486151216327,-1.0910863811597276,9
ET27-00043,SHORT_CONTINUATION_PRACTICAL_TARGET,SOLUSDT,SHORT,2025-01-10T15:00:00Z,SL_BEFORE_TP,-3.397973206697567,-1.075998111539071,11
ET27-00044,SHORT_CONTINUATION_PRACTICAL_TARGET,SOLUSDT,SHORT,2025-01-11T01:15:00Z,SL_BEFORE_TP,-1.3583861961831263,-1.2145949233092126,77
ET27-00045,MOMENTUM_BREAKDOWN_PULLBACK,SOLUSDT,SHORT,2025-01-11T01:30:00Z,SL_BEFORE_TP,-0.5872150651237805,-1.6912142476146337,2
ET27-00046,SHORT_CONTINUATION_PRACTICAL_TARGET,BTCUSDT,SHORT,2025-01-11T03:00:00Z,SL_BEFORE_TP,-0.5394698424459305,-1.8014162562740592,31
ET27-00047,RANGE_BOUNDARY_REJECTION,BTCUSDT,SHORT,2025-01-11T22:30:00Z,TP_BEFORE_SL,0.05699775905172266,0.2962629502016474,11
ET27-00048,TRAP_REVERSAL,BTCUSDT,SHORT,2025-01-11T22:30:00Z,TP_BEFORE_SL,0.05699775905172266,0.2962629502016474,11
ET27-00049,SHORT_CONTINUATION_PRACTICAL_TARGET,ETHUSDT,SHORT,2025-01-12T07:00:00Z,TP_BEFORE_SL,0.5000229967277885,1.0135286314184326,7
ET27-00050,MOMENTUM_BREAKDOWN_PULLBACK,ETHUSDT,SHORT,2025-01-12T08:45:00Z,SL_BEFORE_TP,-0.6537982930571938,-1.579992725989394,11
ET27-00051,SHORT_CONTINUATION_PRACTICAL_TARGET,ETHUSDT,SHORT,2025-01-12T09:15:00Z,SL_BEFORE_TP,-1.488641328502082,-1.1922089190239387,19
ET27-00052,SHORT_CONTINUATION_PRACTICAL_TARGET,BTCUSDT,SHORT,2025-01-12T22:00:00Z,SL_BEFORE_TP,-0.9885026421290901,-1.3206401507379162,9
ET27-00053,SHORT_CONTINUATION_PRACTICAL_TARGET,ETHUSDT,SHORT,2025-01-12T22:15:00Z,SL_BEFORE_TP,-1.6576200562086054,-1.1692978305074737,8
ET27-00054,SHORT_CONTINUATION_PRACTICAL_TARGET,ETHUSDT,SHORT,2025-01-13T06:30:00Z,TP_BEFORE_SL,1.5389814015240726,1.730182676677351,12
ET27-00055,MOMENTUM_BREAKDOWN_PULLBACK,BTCUSDT,SHORT,2025-01-13T06:45:00Z,SL_BEFORE_TP,-0.5533838120161205,-1.7658340692711159,3
ET27-00056,MOMENTUM_BREAKDOWN_PULLBACK,ETHUSDT,SHORT,2025-01-13T06:45:00Z,SL_BEFORE_TP,-0.792430909491203,-1.434443467728921,3
ET27-00057,SHORT_CONTINUATION_PRACTICAL_TARGET,SOLUSDT,SHORT,2025-01-13T06:45:00Z,TP_BEFORE_SL,2.7164100984353876,1.8376409280112969,19
ET27-00058,SHORT_CONTINUATION_PRACTICAL_TARGET,BTCUSDT,SHORT,2025-01-13T09:15:00Z,TP_BEFORE_SL,1.1817876839069543,1.246797637878843,6
ET27-00059,SHORT_CONTINUATION_PRACTICAL_TARGET,ETHUSDT,SHORT,2025-01-13T09:15:00Z,TP_BEFORE_SL,2.99479264458125,1.8516133635940868,11
ET27-00060,SHORT_CONTINUATION_PRACTICAL_TARGET,SOLUSDT,SHORT,2025-01-13T09:15:00Z,TP_BEFORE_SL,2.0433534920910077,1.3423371583738812,10
ET27-00061,MOMENTUM_BREAKDOWN_PULLBACK,ETHUSDT,SHORT,2025-01-13T10:00:00Z,TP_BEFORE_SL,0.6954617716410141,1.1151633226353252,1
ET27-00062,SHORT_FAILED_REBOUND,ETHUSDT,SHORT,2025-01-13T10:00:00Z,TP_BEFORE_SL,0.4518716392418084,0.8163935577287764,1
ET27-00063,MOMENTUM_BREAKDOWN_PULLBACK,SOLUSDT,SHORT,2025-01-13T11:00:00Z,TP_BEFORE_SL,1.5957206869621927,1.3038917344251595,14
ET27-00064,SHORT_CONTINUATION_PRACTICAL_TARGET,BTCUSDT,SHORT,2025-01-13T11:30:00Z,SL_BEFORE_TP,-2.1006739046150606,-1.1289855247632183,15
ET27-00065,SHORT_CONTINUATION_PRACTICAL_TARGET,ETHUSDT,SHORT,2025-01-13T11:30:00Z,SL_BEFORE_TP,-2.7711548224023446,-1.0948183800832119,54
ET27-00066,SHORT_CONTINUATION_PRACTICAL_TARGET,SOLUSDT,SHORT,2025-01-13T11:30:00Z,TP_BEFORE_SL,2.8819568716207185,1.3846877087660978,12
ET27-00067,SHORT_CONTINUATION_PRACTICAL_TARGET,ETHUSDT,SHORT,2025-01-15T11:15:00Z,SL_BEFORE_TP,-1.0917147894684982,-1.281784469364174,8
ET27-00068,SHORT_CONTINUATION_PRACTICAL_TARGET,SOLUSDT,SHORT,2025-01-15T11:15:00Z,SL_BEFORE_TP,-1.1892396507662548,-1.2528339390440177,9
ET27-00069,MOMENTUM_BREAKDOWN_PULLBACK,ETHUSDT,SHORT,2025-01-15T12:00:00Z,SL_BEFORE_TP,-0.5624796887300958,-1.744232918808327,2
ET27-00070,MOMENTUM_BREAKDOWN_PULLBACK,ETHUSDT,SHORT,2025-01-16T08:30:00Z,SL_BEFORE_TP,-1.2169025094012298,-1.2456744636136747,15
ET27-00071,TRAP_REVERSAL,BTCUSDT,LONG,2025-01-16T13:15:00Z,TP_BEFORE_SL,0.06046584715073294,0.6054220055578989,1
ET27-00072,SHORT_CONTINUATION_PRACTICAL_TARGET,BTCUSDT,SHORT,2025-01-16T14:30:00Z,SL_BEFORE_TP,-1.5017165902148655,-1.1902170438760173,6
ET27-00073,MOMENTUM_BREAKDOWN_PULLBACK,BTCUSDT,SHORT,2025-01-16T14:45:00Z,SL_BEFORE_TP,-0.9494673202414944,-1.3382819661352503,2
ET27-00074,MOMENTUM_BREAKDOWN_PULLBACK,ETHUSDT,SHORT,2025-01-16T14:45:00Z,SL_BEFORE_TP,-0.8619746704549811,-1.3858678036268541,1
ET27-00075,SHORT_CONTINUATION_PRACTICAL_TARGET,ETHUSDT,SHORT,2025-01-16T22:15:00Z,SL_BEFORE_TP,-1.7091835908886035,-1.163356030851693,12
ET27-00076,SHORT_CONTINUATION_PRACTICAL_TARGET,ETHUSDT,SHORT,2025-01-18T05:00:00Z,NEITHER_EXPIRED,2.0203507048244393,1.1373248891947647,96
ET27-00077,MOMENTUM_BREAKDOWN_PULLBACK,ETHUSDT,SHORT,2025-01-18T05:30:00Z,TP_BEFORE_SL,1.3882075742491347,1.2788979699556933,10
ET27-00078,SHORT_CONTINUATION_PRACTICAL_TARGET,ETHUSDT,SHORT,2025-01-18T10:00:00Z,SL_BEFORE_TP,-1.9481406494375881,-1.1405036523655243,6
ET27-00079,MOMENTUM_BREAKDOWN_PULLBACK,ETHUSDT,SHORT,2025-01-19T08:30:00Z,TP_BEFORE_SL,0.8033902484638082,1.1549708984437694,2
ET27-00080,MOMENTUM_BREAKDOWN_PULLBACK,SOLUSDT,SHORT,2025-01-19T21:45:00Z,TP_BEFORE_SL,9.649926287839733,1.4635993242495,21
ET27-00081,MOMENTUM_BREAKDOWN_PULLBACK,BTCUSDT,SHORT,2025-01-19T23:15:00Z,SL_BEFORE_TP,-1.5557135038974892,-1.1824105318437919,2
ET27-00082,SHORT_CONTINUATION_PRACTICAL_TARGET,SOLUSDT,SHORT,2025-01-20T00:45:00Z,SL_BEFORE_TP,-8.493109712174624,-1.0290799478463206,24
ET27-00083,TRAP_REVERSAL,ETHUSDT,SHORT,2025-01-20T16:30:00Z,TP_BEFORE_SL,1.086950196689667,1.3010356848234386,2
ET27-00084,SHORT_CONTINUATION_PRACTICAL_TARGET,SOLUSDT,SHORT,2025-01-20T17:15:00Z,NEITHER_EXPIRED,-0.2155789816435336,-0.045602818919612875,96
ET27-00085,SHORT_CONTINUATION_PRACTICAL_TARGET,BTCUSDT,SHORT,2025-01-20T17:30:00Z,NEITHER_EXPIRED,-5.2527770405189225,-0.8244198060290318,96
ET27-00086,MOMENTUM_BREAKDOWN_PULLBACK,SOLUSDT,SHORT,2025-01-20T17:30:00Z,SL_BEFORE_TP,-5.883033146845612,-1.0425303190242923,4
ET27-00087,SHORT_CONTINUATION_PRACTICAL_TARGET,ETHUSDT,SHORT,2025-01-21T00:15:00Z,SL_BEFORE_TP,-2.588105083355164,-1.1022100764149227,48
ET27-00088,MOMENTUM_BREAKDOWN_PULLBACK,SOLUSDT,SHORT,2025-01-21T00:15:00Z,SL_BEFORE_TP,-3.6357858422649727,-1.0706758350343792,63
ET27-00089,SHORT_CONTINUATION_PRACTICAL_TARGET,BTCUSDT,SHORT,2025-01-21T00:45:00Z,SL_BEFORE_TP,-2.506068429751796,-1.1059103056416912,41
ET27-00090,MOMENTUM_BREAKDOWN_PULLBACK,ETHUSDT,SHORT,2025-01-21T00:45:00Z,SL_BEFORE_TP,-1.803210982779451,-1.1535301393374748,37
ET27-00091,MOMENTUM_BREAKDOWN_PULLBACK,BTCUSDT,SHORT,2025-01-21T01:15:00Z,SL_BEFORE_TP,-2.1105181889497033,-1.1283066913852144,3
ET27-00092,RANGE_BOUNDARY_REJECTION,SOLUSDT,SHORT,2025-01-21T16:30:00Z,SL_BEFORE_TP,-1.447674275590266,-1.1987290818815337,5
ET27-00093,SHORT_CONTINUATION_PRACTICAL_TARGET,ETHUSDT,SHORT,2025-01-22T07:30:00Z,SL_BEFORE_TP,-1.2790768856484274,-1.2309742458087978,17
ET27-00094,MOMENTUM_BREAKDOWN_PULLBACK,BTCUSDT,SHORT,2025-01-22T08:00:00Z,SL_BEFORE_TP,-0.5176682341752489,-1.8643408588413652,3
ET27-00095,SHORT_CONTINUATION_PRACTICAL_TARGET,BTCUSDT,SHORT,2025-01-22T08:15:00Z,TP_BEFORE_SL,1.0543651409797923,1.2218713726116728,33
ET27-00096,SHORT_CONTINUATION_PRACTICAL_TARGET,ETHUSDT,SHORT,2025-01-22T16:00:00Z,NEITHER_EXPIRED,-0.9117124225447835,-0.6996195516969886,96
ET27-00097,SHORT_CONTINUATION_PRACTICAL_TARGET,BTCUSDT,SHORT,2025-01-22T16:30:00Z,SL_BEFORE_TP,-1.9452355595275082,-1.1407430185577998,89
ET27-00098,SHORT_CONTINUATION_PRACTICAL_TARGET,ETHUSDT,SHORT,2025-01-22T18:45:00Z,SL_BEFORE_TP,-1.5616552961163017,-1.181590465157778,86
ET27-00099,SHORT_CONTINUATION_PRACTICAL_TARGET,BTCUSDT,SHORT,2025-01-23T02:00:00Z,SL_BEFORE_TP,-1.388848469742454,-1.2089048349899465,50
ET27-00100,SHORT_CONTINUATION_PRACTICAL_TARGET,SOLUSDT,SHORT,2025-01-23T02:00:00Z,SL_BEFORE_TP,-3.0711039490422074,-1.0847725849420664,73
ET27-00101,SHORT_CONTINUATION_PRACTICAL_TARGET,BTCUSDT,SHORT,2025-01-23T04:15:00Z,SL_BEFORE_TP,-1.456689289322788,-1.197256606190381,41
ET27-00102,SHORT_CONTINUATION_PRACTICAL_TARGET,BTCUSDT,SHORT,2025-01-23T09:30:00Z,SL_BEFORE_TP,-0.9553453983974964,-1.3355022630153819,17
ET27-00103,SHORT_FAILED_REBOUND,SOLUSDT,SHORT,2025-01-23T09:30:00Z,TP_BEFORE_SL,0.35415545046683605,0.6482866535201672,1
ET27-00104,MOMENTUM_BREAKDOWN_PULLBACK,BTCUSDT,SHORT,2025-01-23T09:45:00Z,SL_BEFORE_TP,-0.5886553820050205,-1.688358798937296,2
ET27-00105,MOMENTUM_BREAKDOWN_PULLBACK,ETHUSDT,SHORT,2025-01-23T09:45:00Z,SL_BEFORE_TP,-0.6888753193000423,-1.5346696280255419,2
ET27-00106,MOMENTUM_BREAKDOWN_PULLBACK,SOLUSDT,SHORT,2025-01-24T20:45:00Z,SL_BEFORE_TP,-1.0454342070753617,-1.2979759214243853,3
ET27-00107,SHORT_CONTINUATION_PRACTICAL_TARGET,SOLUSDT,SHORT,2025-01-24T22:00:00Z,NEITHER_EXPIRED,-1.1708510638297853,-0.502012604884386,96
ET27-00108,SHORT_CONTINUATION_PRACTICAL_TARGET,BTCUSDT,SHORT,2025-01-24T23:00:00Z,NEITHER_EXPIRED,-0.6239162730314393,-0.6891272347664981,96
ET27-00109,SHORT_CONTINUATION_PRACTICAL_TARGET,ETHUSDT,SHORT,2025-01-24T23:00:00Z,SL_BEFORE_TP,-1.0796709477941602,-1.2858262520937362,65
ET27-00110,SHORT_CONTINUATION_PRACTICAL_TARGET,SOLUSDT,SHORT,2025-01-25T00:15:00Z,SL_BEFORE_TP,-2.3592479948401017,-1.1132477183342142,64
ET27-00111,MOMENTUM_BREAKDOWN_PULLBACK,ETHUSDT,SHORT,2025-01-25T00:30:00Z,SL_BEFORE_TP,-1.1084515118941662,-1.276353943441862,12
ET27-00112,RANGE_BOUNDARY_REJECTION,ETHUSDT,SHORT,2025-01-25T13:15:00Z,SL_BEFORE_TP,-0.43228946369338234,-2.2481183076296634,2
ET27-00113,MOMENTUM_BREAKDOWN_PULLBACK,ETHUSDT,SHORT,2025-01-26T09:30:00Z,SL_BEFORE_TP,-0.585547310483119,-1.6945503342637784,7
ET27-00114,TRAP_REVERSAL,BTCUSDT,LONG,2025-01-26T20:45:00Z,SL_BEFORE_TP,-0.2879921558471231,-6.000817232810072,1
ET27-00115,SHORT_CONTINUATION_PRACTICAL_TARGET,BTCUSDT,SHORT,2025-01-26T21:45:00Z,TP_BEFORE_SL,0.9813859371575202,1.6070038262295014,6
ET27-00116,MOMENTUM_BREAKDOWN_PULLBACK,BTCUSDT,SHORT,2025-01-26T22:00:00Z,SL_BEFORE_TP,-0.4975602153408009,-1.9318209323689008,2
ET27-00117,SHORT_CONTINUATION_PRACTICAL_TARGET,SOLUSDT,SHORT,2025-01-26T22:45:00Z,TP_BEFORE_SL,4.035253591841865,1.887725958311351,8
ET27-00118,SHORT_CONTINUATION_PRACTICAL_TARGET,ETHUSDT,SHORT,2025-01-26T23:00:00Z,TP_BEFORE_SL,2.3505888968040285,1.8147139437707893,12
ET27-00119,MOMENTUM_BREAKDOWN_PULLBACK,SOLUSDT,SHORT,2025-01-26T23:00:00Z,TP_BEFORE_SL,1.2784348475052012,1.2629137657164005,2
ET27-00120,MOMENTUM_BREAKDOWN_PULLBACK,ETHUSDT,SHORT,2025-01-26T23:15:00Z,TP_BEFORE_SL,0.6645158763871422,1.1019970357646698,3
ET27-00121,SHORT_CONTINUATION_PRACTICAL_TARGET,BTCUSDT,SHORT,2025-01-27T00:15:00Z,TP_BEFORE_SL,1.9844482054784527,1.3381621117932132,17
ET27-00122,MOMENTUM_BREAKDOWN_PULLBACK,BTCUSDT,SHORT,2025-01-27T01:00:00Z,TP_BEFORE_SL,0.7993648408899661,1.153634618146449,15
ET27-00123,SHORT_CONTINUATION_PRACTICAL_TARGET,SOLUSDT,SHORT,2025-01-27T01:00:00Z,NEITHER_EXPIRED,0.12098016732492223,0.038307653551659604,96
ET27-00124,SHORT_CONTINUATION_PRACTICAL_TARGET,BTCUSDT,SHORT,2025-01-27T04:30:00Z,TP_BEFORE_SL,1.7100160844392311,1.3153861381591962,11
ET27-00125,SHORT_CONTINUATION_PRACTICAL_TARGET,ETHUSDT,SHORT,2025-01-27T05:00:00Z,TP_BEFORE_SL,1.6528358267562635,1.3098091789519124,6
ET27-00126,SHORT_CONTINUATION_PRACTICAL_TARGET,SOLUSDT,SHORT,2025-01-27T06:30:00Z,SL_BEFORE_TP,-3.1683710441778947,-1.0819568273211693,26
ET27-00127,MOMENTUM_BREAKDOWN_PULLBACK,BTCUSDT,SHORT,2025-01-27T06:45:00Z,TP_BEFORE_SL,0.5235907960551629,1.028543295885938,2
ET27-00128,SHORT_CONTINUATION_PRACTICAL_TARGET,BTCUSDT,SHORT,2025-01-27T07:15:00Z,SL_BEFORE_TP,-3.0414736843004047,-1.0856691966606618,22
ET27-00129,SHORT_CONTINUATION_PRACTICAL_TARGET,ETHUSDT,SHORT,2025-01-27T07:15:00Z,SL_BEFORE_TP,-4.412601729876992,-1.0575180703879627,55
ET27-00130,MOMENTUM_BREAKDOWN_PULLBACK,SOLUSDT,SHORT,2025-01-27T16:45:00Z,TP_BEFORE_SL,1.3916943941187787,1.279370449946037,7
ET27-00131,RANGE_BOUNDARY_REJECTION,ETHUSDT,LONG,2025-01-28T16:30:00Z,SL_BEFORE_TP,-0.595076226727185,-1.6759112042282647,1
ET27-00132,TRAP_REVERSAL,ETHUSDT,LONG,2025-01-28T16:30:00Z,SL_BEFORE_TP,-0.595076226727185,-1.6759112042282647,1
ET27-00133,SHORT_CONTINUATION_PRACTICAL_TARGET,SOLUSDT,SHORT,2025-01-28T20:30:00Z,SL_BEFORE_TP,-1.964473412613725,-1.1391729198284595,40
ET27-00134,SHORT_CONTINUATION_PRACTICAL_TARGET,BTCUSDT,SHORT,2025-01-28T20:45:00Z,SL_BEFORE_TP,-1.6628827588272312,-1.1686716621668907,39
ET27-00135,SHORT_CONTINUATION_PRACTICAL_TARGET,ETHUSDT,SHORT,2025-01-28T20:45:00Z,SL_BEFORE_TP,-2.2346684135846036,-1.1203207502387316,44
ET27-00136,MOMENTUM_BREAKDOWN_PULLBACK,SOLUSDT,SHORT,2025-01-28T20:45:00Z,TP_BEFORE_SL,0.9411997054245198,1.1952251187104581,5
ET27-00137,MOMENTUM_BREAKDOWN_PULLBACK,BTCUSDT,SHORT,2025-01-28T21:30:00Z,SL_BEFORE_TP,-1.0755268994849239,-1.2872438938207167,11
ET27-00138,MOMENTUM_BREAKDOWN_PULLBACK,ETHUSDT,SHORT,2025-01-28T21:30:00Z,SL_BEFORE_TP,-1.71541649696706,-1.1626659322932582,14
ET27-00139,MOMENTUM_BREAKDOWN_PULLBACK,SOLUSDT,SHORT,2025-01-29T12:30:00Z,TP_BEFORE_SL,0.778834690296065,1.1466551409872057,3
ET27-00140,MOMENTUM_BREAKDOWN_PULLBACK,SOLUSDT,SHORT,2025-01-29T19:15:00Z,SL_BEFORE_TP,-2.0208894986835135,-1.1347641165706324,1
ET27-00141,SHORT_CONTINUATION_PRACTICAL_TARGET,ETHUSDT,SHORT,2025-01-31T04:45:00Z,SL_BEFORE_TP,-0.8762176497714841,-1.3772293963963478,1
ET27-00142,MOMENTUM_BREAKDOWN_PULLBACK,BTCUSDT,SHORT,2025-01-31T18:30:00Z,TP_BEFORE_SL,1.1785884908300341,1.246226617283952,9
ET27-00143,SHORT_CONTINUATION_PRACTICAL_TARGET,SOLUSDT,SHORT,2025-01-31T21:15:00Z,SL_BEFORE_TP,-1.2444822630624177,-1.2389290571127651,4
ET27-00144,MOMENTUM_BREAKDOWN_PULLBACK,ETHUSDT,SHORT,2025-02-01T03:00:00Z,TP_BEFORE_SL,0.30417026562214233,0.8384423539047711,14
ET27-00145,SHORT_CONTINUATION_PRACTICAL_TARGET,BTCUSDT,SHORT,2025-02-01T08:15:00Z,TP_BEFORE_SL,0.7473754202819375,1.5138627211694822,50
ET27-00146,SHORT_CONTINUATION_PRACTICAL_TARGET,ETHUSDT,SHORT,2025-02-01T08:15:00Z,TP_BEFORE_SL,2.0087086616770735,1.7865441583517454,45
ET27-00147,SHORT_CONTINUATION_PRACTICAL_TARGET,SOLUSDT,SHORT,2025-02-01T08:30:00Z,TP_BEFORE_SL,1.0542740651819846,1.2218518011875783,25
ET27-00148,MOMENTUM_BREAKDOWN_PULLBACK,BTCUSDT,SHORT,2025-02-01T09:00:00Z,SL_BEFORE_TP,-0.5103477499431486,-1.8877455057438783,12
ET27-00149,MOMENTUM_BREAKDOWN_PULLBACK,ETHUSDT,SHORT,2025-02-01T09:45:00Z,SL_BEFORE_TP,-0.4497996075128523,-2.143948755887437,1
ET27-00150,SHORT_CONTINUATION_PRACTICAL_TARGET,SOLUSDT,SHORT,2025-02-01T10:45:00Z,SL_BEFORE_TP,-1.248691930099507,-1.237931912448555,8
ET27-00151,MOMENTUM_BREAKDOWN_PULLBACK,SOLUSDT,SHORT,2025-02-01T19:00:00Z,TP_BEFORE_SL,0.3183649495182602,0.8552603896240225,2
ET27-00152,MOMENTUM_BREAKDOWN_PULLBACK,ETHUSDT,SHORT,2025-02-01T19:15:00Z,TP_BEFORE_SL,1.1349771962885313,1.2381774759816047,4
ET27-00153,SHORT_CONTINUATION_PRACTICAL_TARGET,ETHUSDT,SHORT,2025-02-01T21:45:00Z,TP_BEFORE_SL,1.2606243430100672,1.260099853319796,6
ET27-00154,MOMENTUM_BREAKDOWN_PULLBACK,SOLUSDT,SHORT,2025-02-01T22:00:00Z,TP_BEFORE_SL,1.1759189650279576,1.2457481615179273,8
ET27-00155,SHORT_CONTINUATION_PRACTICAL_TARGET,BTCUSDT,SHORT,2025-02-01T22:15:00Z,TP_BEFORE_SL,1.499355865630324,1.7240357712387666,53
ET27-00156,MOMENTUM_BREAKDOWN_PULLBACK,BTCUSDT,SHORT,2025-02-01T23:00:00Z,SL_BEFORE_TP,-0.8525587862310212,-1.391799130784953,5
ET27-00157,SHORT_CONTINUATION_PRACTICAL_TARGET,SOLUSDT,SHORT,2025-02-01T23:45:00Z,SL_BEFORE_TP,-2.1815425779405295,-1.1236130501215056,3
ET27-00158,SHORT_CONTINUATION_PRACTICAL_TARGET,BTCUSDT,SHORT,2025-02-02T03:00:00Z,TP_BEFORE_SL,2.637464527614828,1.8331864753176024,59
ET27-00159,MOMENTUM_BREAKDOWN_PULLBACK,BTCUSDT,SHORT,2025-02-02T03:15:00Z,SL_BEFORE_TP,-0.829301238835745,-1.4072619980812475,9
ET27-00160,MOMENTUM_BREAKDOWN_PULLBACK,SOLUSDT,SHORT,2025-02-02T03:15:00Z,SL_BEFORE_TP,-1.3835502766918821,-1.2098727138559082,10
ET27-00161,SHORT_CONTINUATION_PRACTICAL_TARGET,BTCUSDT,SHORT,2025-02-02T11:15:00Z,TP_BEFORE_SL,1.2189729716318283,1.6710014446236583,25
ET27-00162,SHORT_CONTINUATION_PRACTICAL_TARGET,ETHUSDT,SHORT,2025-02-02T11:15:00Z,TP_BEFORE_SL,2.0152141566604813,1.7871599029376513,22
ET27-00163,SHORT_CONTINUATION_PRACTICAL_TARGET,SOLUSDT,SHORT,2025-02-02T11:15:00Z,SL_BEFORE_TP,-2.349772808894203,-1.1137563243720974,11
ET27-00164,MOMENTUM_BREAKDOWN_PULLBACK,BTCUSDT,SHORT,2025-02-02T11:30:00Z,SL_BEFORE_TP,-0.731873415305263,-1.4879304156965931,10
ET27-00165,MOMENTUM_BREAKDOWN_PULLBACK,ETHUSDT,SHORT,2025-02-02T11:30:00Z,SL_BEFORE_TP,-1.309345403636032,-1.2244363693750795,10
ET27-00166,MOMENTUM_BREAKDOWN_PULLBACK,SOLUSDT,SHORT,2025-02-02T11:30:00Z,SL_BEFORE_TP,-1.2457563266772862,-1.2386263885536641,2
ET27-00167,SHORT_CONTINUATION_PRACTICAL_TARGET,ETHUSDT,SHORT,2025-02-02T18:30:00Z,TP_BEFORE_SL,6.56518036397564,1.9294654991745759,29
ET27-00168,MOMENTUM_BREAKDOWN_PULLBACK,BTCUSDT,SHORT,2025-02-03T01:15:00Z,TP_BEFORE_SL,2.7308960508365256,1.378824437530006,2
ET27-00169,SHORT_CONTINUATION_PRACTICAL_TARGET,BTCUSDT,SHORT,2025-02-03T01:15:00Z,SL_BEFORE_TP,-3.0827630142915483,-1.084424905907892,56
ET27-00170,SHORT_CONTINUATION_PRACTICAL_TARGET,ETHUSDT,SHORT,2025-02-03T01:30:00Z,TP_BEFORE_SL,5.961846943344891,1.4419527757958763,1
ET27-00171,SHORT_CONTINUATION_PRACTICAL_TARGET,SOLUSDT,SHORT,2025-02-03T01:30:00Z,SL_BEFORE_TP,-6.162795282220872,-1.0405214073024667,55
ET27-00172,RANGE_BOUNDARY_REJECTION,SOLUSDT,SHORT,2025-02-03T11:30:00Z,TP_BEFORE_SL,0.7868641727341279,0.8134278637563372,4
ET27-00173,SHORT_CONTINUATION_PRACTICAL_TARGET,BTCUSDT,SHORT,2025-02-04T08:30:00Z,SL_BEFORE_TP,-1.9068402284123838,-1.143985005826619,16
ET27-00174,MOMENTUM_BREAKDOWN_PULLBACK,BTCUSDT,SHORT,2025-02-04T14:00:00Z,SL_BEFORE_TP,-0.8595317074446369,-1.3873893734832725,1
ET27-00175,RANGE_BOUNDARY_REJECTION,ETHUSDT,LONG,2025-02-04T15:30:00Z,TP_BEFORE_SL,0.6562705640951647,0.9101207652138255,1
ET27-00176,TRAP_REVERSAL,ETHUSDT,LONG,2025-02-04T15:30:00Z,TP_BEFORE_SL,0.6562705640951647,0.9101207652138255,1
ET27-00177,SHORT_CONTINUATION_PRACTICAL_TARGET,BTCUSDT,SHORT,2025-02-04T21:15:00Z,NEITHER_EXPIRED,-0.2889863405846273,-0.12392920365115204,96
ET27-00178,MOMENTUM_BREAKDOWN_PULLBACK,BTCUSDT,SHORT,2025-02-04T21:30:00Z,SL_BEFORE_TP,-0.9585223089654271,-1.3340188564855653,5
ET27-00179,SHORT_CONTINUATION_PRACTICAL_TARGET,SOLUSDT,SHORT,2025-02-04T21:30:00Z,NEITHER_EXPIRED,1.6410470998477542,0.570758881776328,96
ET27-00180,SHORT_CONTINUATION_PRACTICAL_TARGET,BTCUSDT,SHORT,2025-02-05T06:45:00Z,SL_BEFORE_TP,-0.9423688639794641,-1.3417007961318415,21
ET27-00181,SHORT_CONTINUATION_PRACTICAL_TARGET,SOLUSDT,SHORT,2025-02-05T09:30:00Z,SL_BEFORE_TP,-1.5181406204127617,-1.1877727662880275,7
ET27-00182,MOMENTUM_BREAKDOWN_PULLBACK,SOLUSDT,SHORT,2025-02-05T09:45:00Z,SL_BEFORE_TP,-0.6179089634261536,-1.6350735844530924,2
ET27-00183,TRAP_REVERSAL,SOLUSDT,SHORT,2025-02-05T11:45:00Z,SL_BEFORE_TP,-0.485312936588268,-1.9783422078665778,1
ET27-00184,TRAP_REVERSAL,SOLUSDT,SHORT,2025-02-05T14:30:00Z,TP_BEFORE_SL,0.3293081274476667,0.6872731654585528,1
ET27-00185,SHORT_CONTINUATION_PRACTICAL_TARGET,SOLUSDT,SHORT,2025-02-05T16:00:00Z,NEITHER_EXPIRED,3.538488604558178,0.9512174412518652,96
ET27-00186,MOMENTUM_BREAKDOWN_PULLBACK,SOLUSDT,SHORT,2025-02-05T16:15:00Z,SL_BEFORE_TP,-0.9379475564697842,-1.343865377527674,2
ET27-00187,SHORT_CONTINUATION_PRACTICAL_TARGET,BTCUSDT,SHORT,2025-02-05T18:00:00Z,SL_BEFORE_TP,-1.734765791198279,-1.160560270654578,50
ET27-00188,MOMENTUM_BREAKDOWN_PULLBACK,BTCUSDT,SHORT,2025-02-05T18:45:00Z,SL_BEFORE_TP,-0.9278331691494099,-1.3489218182030818,3
ET27-00189,SHORT_CONTINUATION_PRACTICAL_TARGET,ETHUSDT,SHORT,2025-02-05T18:45:00Z,SL_BEFORE_TP,-1.718756709501379,-1.1622985028287212,3
ET27-00190,MOMENTUM_BREAKDOWN_PULLBACK,BTCUSDT,SHORT,2025-02-05T22:30:00Z,SL_BEFORE_TP,-0.8571767655831761,-1.3888675228614962,7
ET27-00191,TRAP_REVERSAL,ETHUSDT,SHORT,2025-02-06T00:00:00Z,TP_BEFORE_SL,0.5191546168775925,1.8494933918103795,2
ET27-00192,SHORT_CONTINUATION_PRACTICAL_TARGET,SOLUSDT,SHORT,2025-02-06T12:45:00Z,TP_BEFORE_SL,1.9369965143210173,1.33463455378463,11
ET27-00193,SHORT_CONTINUATION_PRACTICAL_TARGET,ETHUSDT,SHORT,2025-02-06T14:30:00Z,TP_BEFORE_SL,2.4804507243841147,1.3676689870640826,14
ET27-00194,MOMENTUM_BREAKDOWN_PULLBACK,SOLUSDT,SHORT,2025-02-06T14:45:00Z,TP_BEFORE_SL,1.2793867551334575,1.2630623020875427,3
ET27-00195,SHORT_CONTINUATION_PRACTICAL_TARGET,BTCUSDT,SHORT,2025-02-06T18:00:00Z,SL_BEFORE_TP,-1.2089431503212582,-1.2476925503012501,31
ET27-00196,MOMENTUM_BREAKDOWN_PULLBACK,ETHUSDT,SHORT,2025-02-07T06:30:00Z,SL_BEFORE_TP,-0.7121642999178104,-1.508297641396812,1
ET27-00197,SHORT_CONTINUATION_PRACTICAL_TARGET,BTCUSDT,SHORT,2025-02-07T20:00:00Z,NEITHER_EXPIRED,-0.333543145698926,-0.1664961009907306,96
ET27-00198,SHORT_CONTINUATION_PRACTICAL_TARGET,ETHUSDT,SHORT,2025-02-07T20:00:00Z,NEITHER_EXPIRED,0.025268072334813763,0.012009217051796972,96
ET27-00199,MOMENTUM_BREAKDOWN_PULLBACK,BTCUSDT,SHORT,2025-02-08T05:00:00Z,TP_BEFORE_SL,0.12079887373043607,0.5022141802222835,7
ET27-00200,SHORT_CONTINUATION_PRACTICAL_TARGET,ETHUSDT,SHORT,2025-02-08T07:00:00Z,SL_BEFORE_TP,-1.3309330620780246,-1.219995165920487,3
ET27-00201,SHORT_CONTINUATION_PRACTICAL_TARGET,BTCUSDT,SHORT,2025-02-08T15:30:00Z,SL_BEFORE_TP,-0.7881975456562659,-1.437798384727695,6
ET27-00202,TRAP_REVERSAL,ETHUSDT,LONG,2025-02-09T12:30:00Z,SL_BEFORE_TP,-0.5682138408841853,-1.7312305884281316,3
ET27-00203,SHORT_CONTINUATION_PRACTICAL_TARGET,BTCUSDT,SHORT,2025-02-09T13:15:00Z,SL_BEFORE_TP,-0.7773940879246927,-1.4465996284529878,29
ET27-00204,MOMENTUM_BREAKDOWN_PULLBACK,BTCUSDT,SHORT,2025-02-09T13:30:00Z,TP_BEFORE_SL,0.12497974671230333,0.5136438987564662,2
ET27-00205,MOMENTUM_BREAKDOWN_PULLBACK,ETHUSDT,SHORT,2025-02-09T13:45:00Z,SL_BEFORE_TP,-0.9686628812793522,-1.3293704210356085,5
ET27-00206,SHORT_CONTINUATION_PRACTICAL_TARGET,ETHUSDT,SHORT,2025-02-09T13:45:00Z,SL_BEFORE_TP,-1.7918871449408171,-1.1546504208005104,9
ET27-00207,TRAP_REVERSAL,ETHUSDT,LONG,2025-02-09T21:15:00Z,SL_BEFORE_TP,-0.4463713656177817,-2.162952036885299,1
ET27-00208,MOMENTUM_BREAKDOWN_PULLBACK,ETHUSDT,SHORT,2025-02-09T21:45:00Z,SL_BEFORE_TP,-0.9059332978139555,-1.3603964553024195,1
ET27-00209,TRAP_REVERSAL,ETHUSDT,SHORT,2025-02-10T17:15:00Z,SL_BEFORE_TP,-0.6855260826982446,-1.5386890000838678,5
ET27-00210,RANGE_BOUNDARY_REJECTION,ETHUSDT,SHORT,2025-02-10T17:30:00Z,SL_BEFORE_TP,-0.5837818994516042,-1.698117034034789,3
ET27-00211,SHORT_CONTINUATION_PRACTICAL_TARGET,SOLUSDT,SHORT,2025-02-10T21:45:00Z,SL_BEFORE_TP,-1.2598631794747341,-1.2353256837094644,11
ET27-00212,MOMENTUM_BREAKDOWN_PULLBACK,ETHUSDT,SHORT,2025-02-11T13:30:00Z,TP_BEFORE_SL,0.6676872050510658,1.1033876009304917,1
ET27-00213,SHORT_CONTINUATION_PRACTICAL_TARGET,ETHUSDT,SHORT,2025-02-11T13:30:00Z,TP_BEFORE_SL,2.1558555357024565,1.7996540305343303,23
ET27-00214,MOMENTUM_BREAKDOWN_PULLBACK,SOLUSDT,SHORT,2025-02-11T13:30:00Z,TP_BEFORE_SL,0.5127546249971064,1.0217565086346911,1
ET27-00215,SHORT_CONTINUATION_PRACTICAL_TARGET,SOLUSDT,SHORT,2025-02-11T19:15:00Z,SL_BEFORE_TP,-1.7043760061916857,-1.1638923329699682,10
ET27-00216,MOMENTUM_BREAKDOWN_PULLBACK,BTCUSDT,SHORT,2025-02-12T03:00:00Z,SL_BEFORE_TP,-0.5993660527679812,-1.6678427139999004,1
ET27-00217,SHORT_CONTINUATION_PRACTICAL_TARGET,SOLUSDT,SHORT,2025-02-12T03:00:00Z,SL_BEFORE_TP,-2.376332965313618,-1.1123420383885558,41
ET27-00218,MOMENTUM_BREAKDOWN_PULLBACK,SOLUSDT,SHORT,2025-02-12T14:15:00Z,SL_BEFORE_TP,-2.0120241911173053,-1.1354383316001313,2
ET27-00219,SHORT_CONTINUATION_PRACTICAL_TARGET,BTCUSDT,SHORT,2025-02-13T06:30:00Z,SL_BEFORE_TP,-0.9890006199597593,-1.3204269710923526,72
ET27-00220,MOMENTUM_BREAKDOWN_PULLBACK,BTCUSDT,SHORT,2025-02-13T06:45:00Z,SL_BEFORE_TP,-0.3868569023531205,-2.6342439214938294,1
ET27-00221,MOMENTUM_BREAKDOWN_PULLBACK,SOLUSDT,SHORT,2025-02-13T06:45:00Z,TP_BEFORE_SL,0.5090729932142696,1.019405981444824,8
ET27-00222,SHORT_CONTINUATION_PRACTICAL_TARGET,SOLUSDT,SHORT,2025-02-13T06:45:00Z,TP_BEFORE_SL,2.035475620863365,1.3417913175165472,30
ET27-00223,SHORT_CONTINUATION_PRACTICAL_TARGET,SOLUSDT,SHORT,2025-02-13T13:15:00Z,SL_BEFORE_TP,-1.0873822884108886,-1.2832251786263746,1
ET27-00224,RANGE_BOUNDARY_REJECTION,BTCUSDT,LONG,2025-02-14T12:45:00Z,SL_BEFORE_TP,-0.407348973361395,-2.434128905480125,2
ET27-00225,SHORT_CONTINUATION_PRACTICAL_TARGET,SOLUSDT,SHORT,2025-02-15T06:00:00Z,TP_BEFORE_SL,0.70879210897211,1.120570200156909,16
ET27-00226,MOMENTUM_BREAKDOWN_PULLBACK,SOLUSDT,SHORT,2025-02-15T09:45:00Z,TP_BEFORE_SL,0.3833352776395279,0.9224616945101042,2
ET27-00227,MOMENTUM_BREAKDOWN_PULLBACK,SOLUSDT,SHORT,2025-02-16T07:45:00Z,TP_BEFORE_SL,0.9073047013709956,1.1862211062415946,24
ET27-00228,MOMENTUM_BREAKDOWN_PULLBACK,SOLUSDT,SHORT,2025-02-16T13:00:00Z,TP_BEFORE_SL,0.20281961732771348,0.6870278869475357,2
ET27-00229,TRAP_REVERSAL,ETHUSDT,LONG,2025-02-16T13:45:00Z,SL_BEFORE_TP,-0.4374213511664913,-2.2156739814712387,1
ET27-00230,SHORT_CONTINUATION_PRACTICAL_TARGET,SOLUSDT,SHORT,2025-02-16T21:00:00Z,TP_BEFORE_SL,3.495304795908125,1.8714964303513275,76
ET27-00231,MOMENTUM_BREAKDOWN_PULLBACK,BTCUSDT,SHORT,2025-02-16T23:15:00Z,SL_BEFORE_TP,-0.5199152844545459,-1.857402268931736,10
ET27-00232,MOMENTUM_BREAKDOWN_PULLBACK,SOLUSDT,SHORT,2025-02-17T04:45:00Z,TP_BEFORE_SL,1.0610257086945127,1.2232952449792598,2
ET27-00233,SHORT_CONTINUATION_PRACTICAL_TARGET,BTCUSDT,SHORT,2025-02-17T11:30:00Z,SL_BEFORE_TP,-0.6240869225626186,-1.624858556492176,5
ET27-00234,MOMENTUM_BREAKDOWN_PULLBACK,BTCUSDT,SHORT,2025-02-17T15:45:00Z,SL_BEFORE_TP,-0.8129397336818628,-1.4188922252916485,20
ET27-00235,SHORT_CONTINUATION_PRACTICAL_TARGET,ETHUSDT,SHORT,2025-02-18T04:15:00Z,SL_BEFORE_TP,-1.2857184864768774,-1.229507274762429,40
ET27-00236,MOMENTUM_BREAKDOWN_PULLBACK,ETHUSDT,SHORT,2025-02-18T05:45:00Z,TP_BEFORE_SL,0.3536893759373604,0.8936222971286741,1
ET27-00237,MOMENTUM_BREAKDOWN_PULLBACK,SOLUSDT,SHORT,2025-02-18T15:15:00Z,TP_BEFORE_SL,1.6937414344226593,1.3138324009654925,8
ET27-00238,SHORT_CONTINUATION_PRACTICAL_TARGET,SOLUSDT,SHORT,2025-02-18T16:30:00Z,SL_BEFORE_TP,-2.3275590218798206,-1.114966809313915,19
ET27-00239,MOMENTUM_BREAKDOWN_PULLBACK,BTCUSDT,SHORT,2025-02-18T16:45:00Z,TP_BEFORE_SL,0.2569414418479025,0.7755685686801902,4
ET27-00240,SHORT_CONTINUATION_PRACTICAL_TARGET,BTCUSDT,SHORT,2025-02-18T17:15:00Z,SL_BEFORE_TP,-1.4419474006992472,-1.199675959081385,26
ET27-00241,RANGE_BOUNDARY_REJECTION,BTCUSDT,SHORT,2025-02-19T20:15:00Z,SL_BEFORE_TP,-0.49148348871233793,-1.9543370072876893,8
ET27-00242,SHORT_CONTINUATION_PRACTICAL_TARGET,SOLUSDT,SHORT,2025-02-19T20:45:00Z,SL_BEFORE_TP,-1.8135041535320613,-1.15252581282437,11
ET27-00243,TRAP_REVERSAL,ETHUSDT,SHORT,2025-02-20T00:45:00Z,TP_BEFORE_SL,0.09024917552216266,0.4383791441299185,2
ET27-00244,TRAP_REVERSAL,SOLUSDT,SHORT,2025-02-20T02:30:00Z,SL_BEFORE_TP,-0.7057729653605752,-1.515272499369313,1
ET27-00245,RANGE_BOUNDARY_REJECTION,SOLUSDT,LONG,2025-02-21T02:45:00Z,TP_BEFORE_SL,0.40468674281757144,1.4906913647784057,2
ET27-00246,TRAP_REVERSAL,SOLUSDT,LONG,2025-02-21T02:45:00Z,TP_BEFORE_SL,0.40468674281757144,1.4906913647784057,2
ET27-00247,SHORT_CONTINUATION_PRACTICAL_TARGET,BTCUSDT,SHORT,2025-02-21T17:30:00Z,NEITHER_EXPIRED,0.23210972934998092,0.13459890686097645,96
ET27-00248,SHORT_CONTINUATION_PRACTICAL_TARGET,ETHUSDT,SHORT,2025-02-21T17:30:00Z,SL_BEFORE_TP,-4.180416934265993,-1.0609072603238892,89
ET27-00249,MOMENTUM_BREAKDOWN_PULLBACK,BTCUSDT,SHORT,2025-02-21T17:45:00Z,TP_BEFORE_SL,0.1915337308718721,0.6657662559247571,4
ET27-00250,RANGE_BOUNDARY_REJECTION,BTCUSDT,SHORT,2025-02-22T11:45:00Z,SL_BEFORE_TP,-0.29048149272186413,-5.7542175767725094,1
ET27-00251,TRAP_REVERSAL,BTCUSDT,SHORT,2025-02-22T11:45:00Z,SL_BEFORE_TP,-0.29048149272186413,-5.7542175767725094,1
ET27-00252,RANGE_BOUNDARY_REJECTION,SOLUSDT,LONG,2025-02-22T17:15:00Z,TP_BEFORE_SL,0.11947334988739522,0.35141096243250325,3
ET27-00253,TRAP_REVERSAL,SOLUSDT,LONG,2025-02-22T17:15:00Z,TP_BEFORE_SL,0.11947334988739522,0.35141096243250325,3
ET27-00254,SHORT_CONTINUATION_PRACTICAL_TARGET,SOLUSDT,SHORT,2025-02-23T01:15:00Z,SL_BEFORE_TP,-0.9760906006198437,-1.326046820592332,25
ET27-00255,SHORT_CONTINUATION_PRACTICAL_TARGET,BTCUSDT,SHORT,2025-02-23T10:30:00Z,TP_BEFORE_SL,0.2731974414561288,1.0646874648516087,17
ET27-00256,SHORT_CONTINUATION_PRACTICAL_TARGET,SOLUSDT,SHORT,2025-02-23T11:30:00Z,TP_BEFORE_SL,0.9856216799487842,1.2062715143754366,16
ET27-00257,MOMENTUM_BREAKDOWN_PULLBACK,SOLUSDT,SHORT,2025-02-23T11:45:00Z,TP_BEFORE_SL,0.3107591641071863,0.8463567681464025,2
ET27-00258,MOMENTUM_BREAKDOWN_PULLBACK,SOLUSDT,SHORT,2025-02-23T15:45:00Z,SL_BEFORE_TP,-0.5908037641792082,-1.68414317207097,1
ET27-00259,SHORT_CONTINUATION_PRACTICAL_TARGET,BTCUSDT,SHORT,2025-02-23T17:15:00Z,SL_BEFORE_TP,-0.6372341594276647,-1.6041776476267604,2
ET27-00260,MOMENTUM_BREAKDOWN_PULLBACK,SOLUSDT,SHORT,2025-02-24T01:00:00Z,TP_BEFORE_SL,1.282347782181468,1.2635231553435549,7
ET27-00261,SHORT_CONTINUATION_PRACTICAL_TARGET,ETHUSDT,SHORT,2025-02-24T03:00:00Z,TP_BEFORE_SL,2.344712022005247,1.8142926577841307,21
ET27-00262,MOMENTUM_BREAKDOWN_PULLBACK,ETHUSDT,SHORT,2025-02-24T03:15:00Z,TP_BEFORE_SL,1.2103959473980472,1.2517919154105293,5
ET27-00263,SHORT_CONTINUATION_PRACTICAL_TARGET,SOLUSDT,SHORT,2025-02-24T10:00:00Z,TP_BEFORE_SL,2.6461495424219805,1.3752663385217785,20
ET27-00264,SHORT_CONTINUATION_PRACTICAL_TARGET,ETHUSDT,SHORT,2025-02-24T10:15:00Z,TP_BEFORE_SL,2.5775319254934743,1.8296381327015734,47
ET27-00265,MOMENTUM_BREAKDOWN_PULLBACK,BTCUSDT,SHORT,2025-02-24T14:45:00Z,TP_BEFORE_SL,0.7905050159892233,1.1506567222728046,20
ET27-00266,SHORT_CONTINUATION_PRACTICAL_TARGET,BTCUSDT,SHORT,2025-02-24T15:15:00Z,TP_BEFORE_SL,2.945921590267221,1.849337158370009,35
ET27-00267,MOMENTUM_BREAKDOWN_PULLBACK,ETHUSDT,SHORT,2025-02-24T15:30:00Z,SL_BEFORE_TP,-0.8434273692259782,-1.3977280651155253,2
ET27-00268,SHORT_CONTINUATION_PRACTICAL_TARGET,BTCUSDT,SHORT,2025-02-24T22:00:00Z,TP_BEFORE_SL,2.8689625933981695,1.8456076631416305,36
ET27-00269,MOMENTUM_BREAKDOWN_PULLBACK,BTCUSDT,SHORT,2025-02-24T22:45:00Z,TP_BEFORE_SL,1.8107829481320785,1.3244572882138015,33
ET27-00270,MOMENTUM_BREAKDOWN_PULLBACK,ETHUSDT,SHORT,2025-02-24T22:45:00Z,TP_BEFORE_SL,5.171532941064287,1.4334754118803907,34
ET27-00271,SHORT_CONTINUATION_PRACTICAL_TARGET,ETHUSDT,SHORT,2025-02-24T22:45:00Z,NEITHER_EXPIRED,-0.3496403795550594,-0.05723710082890217,96
ET27-00272,SHORT_CONTINUATION_PRACTICAL_TARGET,SOLUSDT,SHORT,2025-02-24T22:45:00Z,NEITHER_EXPIRED,-3.562401254812489,-0.39839965418244955,96
ET27-00273,SHORT_CONTINUATION_PRACTICAL_TARGET,BTCUSDT,SHORT,2025-02-25T06:15:00Z,TP_BEFORE_SL,0.755775477639165,1.1384727199212645,3
ET27-00274,MOMENTUM_BREAKDOWN_PULLBACK,ETHUSDT,SHORT,2025-02-25T07:15:00Z,SL_BEFORE_TP,-3.640894466876186,-1.0705696699317009,19
ET27-00275,MOMENTUM_BREAKDOWN_PULLBACK,SOLUSDT,SHORT,2025-02-25T07:15:00Z,SL_BEFORE_TP,-2.53454790540229,-1.1045957678351117,3
ET27-00276,SHORT_CONTINUATION_PRACTICAL_TARGET,BTCUSDT,SHORT,2025-02-25T10:00:00Z,NEITHER_EXPIRED,-1.7325357825667105,-0.7125659827566201,96
ET27-00277,MOMENTUM_BREAKDOWN_PULLBACK,BTCUSDT,SHORT,2025-02-25T14:45:00Z,SL_BEFORE_TP,-1.4359571409658425,-1.2006760876114495,22
ET27-00278,TRAP_REVERSAL,SOLUSDT,SHORT,2025-02-26T03:15:00Z,TP_BEFORE_SL,0.7126279391424605,1.3217645639858484,2
ET27-00279,SHORT_CONTINUATION_PRACTICAL_TARGET,SOLUSDT,SHORT,2025-02-26T07:30:00Z,TP_BEFORE_SL,3.391333808055295,1.8678171643336043,26
ET27-00280,MOMENTUM_BREAKDOWN_PULLBACK,SOLUSDT,SHORT,2025-02-26T08:00:00Z,SL_BEFORE_TP,-1.351384166497825,-1.2159469310745032,5
ET27-00281,SHORT_CONTINUATION_PRACTICAL_TARGET,ETHUSDT,SHORT,2025-02-26T14:00:00Z,SL_BEFORE_TP,-2.690058295710534,-1.097956852871698,4
ET27-00282,SHORT_CONTINUATION_PRACTICAL_TARGET,SOLUSDT,SHORT,2025-02-26T14:15:00Z,SL_BEFORE_TP,-2.1628511233041072,-1.1248146552228127,1
ET27-00283,SHORT_CONTINUATION_PRACTICAL_TARGET,SOLUSDT,SHORT,2025-02-26T17:45:00Z,SL_BEFORE_TP,-4.101815203514328,-1.062146940584209,41
ET27-00284,MOMENTUM_BREAKDOWN_PULLBACK,BTCUSDT,SHORT,2025-02-26T18:30:00Z,TP_BEFORE_SL,1.4498713290363423,1.2869660288246438,6
ET27-00285,SHORT_CONTINUATION_PRACTICAL_TARGET,BTCUSDT,SHORT,2025-02-26T20:00:00Z,SL_BEFORE_TP,-2.6753465684554207,-1.098548602120402,8
ET27-00286,TRAP_REVERSAL,SOLUSDT,SHORT,2025-02-27T02:15:00Z,TP_BEFORE_SL,0.7470092169242945,0.8373182554767025,1
ET27-00287,SHORT_CONTINUATION_PRACTICAL_TARGET,ETHUSDT,SHORT,2025-02-27T04:00:00Z,SL_BEFORE_TP,-1.596610977352883,-1.176911438877124,9
ET27-00288,MOMENTUM_BREAKDOWN_PULLBACK,ETHUSDT,SHORT,2025-02-27T14:45:00Z,SL_BEFORE_TP,-1.4887109013325397,-1.1921982099650834,6
ET27-00289,MOMENTUM_BREAKDOWN_PULLBACK,BTCUSDT,SHORT,2025-02-28T01:30:00Z,TP_BEFORE_SL,1.1827345417702664,1.246966149038553,2
ET27-00290,MOMENTUM_BREAKDOWN_PULLBACK,ETHUSDT,SHORT,2025-02-28T01:30:00Z,TP_BEFORE_SL,2.843001184231145,1.383230664379463,4
ET27-00291,MOMENTUM_BREAKDOWN_PULLBACK,SOLUSDT,SHORT,2025-02-28T01:30:00Z,TP_BEFORE_SL,1.9166439433598332,1.3330739753734424,4
ET27-00292,SHORT_CONTINUATION_PRACTICAL_TARGET,BTCUSDT,SHORT,2025-02-28T08:30:00Z,SL_BEFORE_TP,-2.61331642981136,-1.1011243157403483,3
ET27-00293,SHORT_CONTINUATION_PRACTICAL_TARGET,ETHUSDT,SHORT,2025-03-01T13:00:00Z,SL_BEFORE_TP,-1.207007293356066,-1.2481884073149678,14
ET27-00294,MOMENTUM_BREAKDOWN_PULLBACK,ETHUSDT,SHORT,2025-03-01T13:15:00Z,SL_BEFORE_TP,-1.0884958229050943,-1.2828534843911004,7
ET27-00295,TRAP_REVERSAL,SOLUSDT,LONG,2025-03-02T12:45:00Z,SL_BEFORE_TP,-0.44089806121880215,-2.194635719946601,1
ET27-00296,SHORT_CONTINUATION_PRACTICAL_TARGET,SOLUSDT,SHORT,2025-03-02T13:15:00Z,SL_BEFORE_TP,-1.5423419060851533,-1.1842834042877737,8
ET27-00297,SHORT_CONTINUATION_PRACTICAL_TARGET,BTCUSDT,SHORT,2025-03-02T14:00:00Z,SL_BEFORE_TP,-0.7887622582181452,-1.4373478613111812,5
ET27-00298,MOMENTUM_BREAKDOWN_PULLBACK,SOLUSDT,SHORT,2025-03-02T14:00:00Z,SL_BEFORE_TP,-0.9298012292447697,-1.3479263153282062,5
ET27-00299,MOMENTUM_BREAKDOWN_PULLBACK,SOLUSDT,SHORT,2025-03-03T18:15:00Z,TP_BEFORE_SL,4.658856758969371,1.4265134667714314,5
ET27-00300,SHORT_CONTINUATION_PRACTICAL_TARGET,BTCUSDT,SHORT,2025-03-04T01:30:00Z,SL_BEFORE_TP,-4.21097144334597,-1.0604386114138797,69
ET27-00301,SHORT_CONTINUATION_PRACTICAL_TARGET,BTCUSDT,SHORT,2025-03-04T07:45:00Z,SL_BEFORE_TP,-1.6848894719568037,-1.1661026705904152,27
ET27-00302,SHORT_CONTINUATION_PRACTICAL_TARGET,BTCUSDT,SHORT,2025-03-04T13:15:00Z,SL_BEFORE_TP,-2.0079205391972605,-1.1357527075899996,5
ET27-00303,MOMENTUM_BREAKDOWN_PULLBACK,SOLUSDT,SHORT,2025-03-04T13:15:00Z,SL_BEFORE_TP,-1.7512349583434415,-1.1588105136629971,1
ET27-00304,SHORT_CONTINUATION_PRACTICAL_TARGET,ETHUSDT,SHORT,2025-03-04T16:15:00Z,SL_BEFORE_TP,-3.439863825304709,-1.0750031917302436,4
ET27-00305,SHORT_CONTINUATION_PRACTICAL_TARGET,BTCUSDT,SHORT,2025-03-06T13:45:00Z,SL_BEFORE_TP,-1.8179875290859775,-1.1520924567376118,5
ET27-00306,SHORT_CONTINUATION_PRACTICAL_TARGET,ETHUSDT,SHORT,2025-03-07T00:15:00Z,SL_BEFORE_TP,-5.024334093102947,-1.0501637208709946,58
ET27-00307,MOMENTUM_BREAKDOWN_PULLBACK,BTCUSDT,SHORT,2025-03-07T00:30:00Z,SL_BEFORE_TP,-1.9264789354378713,-1.1423083294768146,3
ET27-00308,MOMENTUM_BREAKDOWN_PULLBACK,SOLUSDT,SHORT,2025-03-07T00:30:00Z,SL_BEFORE_TP,-1.8395124624744248,-1.1500457205745824,2
ET27-00309,SHORT_CONTINUATION_PRACTICAL_TARGET,SOLUSDT,SHORT,2025-03-07T00:30:00Z,SL_BEFORE_TP,-7.171283497876098,-1.0346256216577407,35
ET27-00310,MOMENTUM_BREAKDOWN_PULLBACK,BTCUSDT,SHORT,2025-03-07T21:00:00Z,NEITHER_EXPIRED,-0.25434973797540533,-0.19234772407982362,96
ET27-00311,SHORT_CONTINUATION_PRACTICAL_TARGET,SOLUSDT,SHORT,2025-03-07T23:00:00Z,NEITHER_EXPIRED,0.028096514745311607,0.0068172960556771925,96
ET27-00312,MOMENTUM_BREAKDOWN_PULLBACK,BTCUSDT,SHORT,2025-03-08T08:00:00Z,SL_BEFORE_TP,-0.5999258422690581,-1.6668040240928046,5
ET27-00313,MOMENTUM_BREAKDOWN_PULLBACK,ETHUSDT,SHORT,2025-03-08T08:45:00Z,SL_BEFORE_TP,-0.6349920113011633,-1.6076072252940095,2
ET27-00314,SHORT_CONTINUATION_PRACTICAL_TARGET,SOLUSDT,SHORT,2025-03-08T08:45:00Z,TP_BEFORE_SL,1.3726806924448949,1.276769200693893,30
ET27-00315,SHORT_CONTINUATION_PRACTICAL_TARGET,BTCUSDT,SHORT,2025-03-08T09:45:00Z,SL_BEFORE_TP,-0.8624929617632533,-1.3855465278196621,14
ET27-00316,MOMENTUM_BREAKDOWN_PULLBACK,BTCUSDT,SHORT,2025-03-08T17:00:00Z,SL_BEFORE_TP,-0.808624202689385,-1.4220713766049484,9
ET27-00317,TRAP_REVERSAL,SOLUSDT,LONG,2025-03-09T10:00:00Z,SL_BEFORE_TP,-0.5250859614735126,-1.841851344624342,1
ET27-00318,SHORT_CONTINUATION_PRACTICAL_TARGET,BTCUSDT,SHORT,2025-03-09T10:15:00Z,TP_BEFORE_SL,1.2867913421916035,1.685615193945891,14
ET27-00319,MOMENTUM_BREAKDOWN_PULLBACK,ETHUSDT,SHORT,2025-03-09T10:15:00Z,TP_BEFORE_SL,1.2910596747981578,1.264868733775876,14
ET27-00320,SHORT_CONTINUATION_PRACTICAL_TARGET,BTCUSDT,SHORT,2025-03-09T13:45:00Z,TP_BEFORE_SL,2.9841753303428007,1.8511247215736977,36
ET27-00321,MOMENTUM_BREAKDOWN_PULLBACK,SOLUSDT,SHORT,2025-03-09T13:45:00Z,TP_BEFORE_SL,1.1571456406894132,1.2423318016993943,7
ET27-00322,MOMENTUM_BREAKDOWN_PULLBACK,BTCUSDT,SHORT,2025-03-09T14:00:00Z,SL_BEFORE_TP,-0.9972689370143324,-1.3169283569800747,2
ET27-00323,SHORT_CONTINUATION_PRACTICAL_TARGET,BTCUSDT,SHORT,2025-03-09T16:45:00Z,TP_BEFORE_SL,2.14014403598281,1.348748649427287,24
ET27-00324,SHORT_CONTINUATION_PRACTICAL_TARGET,ETHUSDT,SHORT,2025-03-09T16:45:00Z,SL_BEFORE_TP,-3.5751111968803864,-1.0719616186184413,66
ET27-00325,SHORT_CONTINUATION_PRACTICAL_TARGET,SOLUSDT,SHORT,2025-03-09T16:45:00Z,NEITHER_EXPIRED,5.372005627637949,1.620817257614212,96
ET27-00326,MOMENTUM_BREAKDOWN_PULLBACK,BTCUSDT,SHORT,2025-03-09T21:45:00Z,TP_BEFORE_SL,0.7874697895243123,1.1496247347898578,3
ET27-00327,TRAP_REVERSAL,SOLUSDT,LONG,2025-03-10T13:30:00Z,SL_BEFORE_TP,-1.0862405492569887,-1.2836073031606952,1
ET27-00328,MOMENTUM_BREAKDOWN_PULLBACK,BTCUSDT,SHORT,2025-03-10T14:00:00Z,TP_BEFORE_SL,2.4792072167119494,1.3676084714002377,19
ET27-00329,MOMENTUM_BREAKDOWN_PULLBACK,SOLUSDT,SHORT,2025-03-10T14:00:00Z,TP_BEFORE_SL,3.126289896930974,1.3930573387846954,12
ET27-00330,SHORT_CONTINUATION_PRACTICAL_TARGET,BTCUSDT,SHORT,2025-03-10T16:45:00Z,SL_BEFORE_TP,-3.0007288307434656,-1.0869335652699248,64
ET27-00331,SHORT_CONTINUATION_PRACTICAL_TARGET,SOLUSDT,SHORT,2025-03-10T17:00:00Z,SL_BEFORE_TP,-4.958876291747141,-1.0508595659563564,49
ET27-00332,MOMENTUM_BREAKDOWN_PULLBACK,ETHUSDT,SHORT,2025-03-10T17:30:00Z,TP_BEFORE_SL,3.389651664318385,1.4008169286493763,5
ET27-00333,MOMENTUM_BREAKDOWN_PULLBACK,SOLUSDT,SHORT,2025-03-10T17:30:00Z,SL_BEFORE_TP,-2.4084440955357254,-1.1106784355170136,8
ET27-00334,MOMENTUM_BREAKDOWN_PULLBACK,BTCUSDT,SHORT,2025-03-11T00:15:00Z,SL_BEFORE_TP,-2.831051512751098,-1.0926264872847609,7
ET27-00335,MOMENTUM_BREAKDOWN_PULLBACK,ETHUSDT,SHORT,2025-03-11T00:30:00Z,TP_BEFORE_SL,2.612129153563745,1.3737785069970696,1
ET27-00336,MOMENTUM_BREAKDOWN_PULLBACK,SOLUSDT,SHORT,2025-03-11T00:30:00Z,SL_BEFORE_TP,-1.9950116561069702,-1.1367512284974657,2
ET27-00337,SHORT_CONTINUATION_PRACTICAL_TARGET,ETHUSDT,SHORT,2025-03-12T03:45:00Z,SL_BEFORE_TP,-2.4168694825268435,-1.1102500641064688,14
ET27-00338,TRAP_REVERSAL,BTCUSDT,SHORT,2025-03-12T11:30:00Z,SL_BEFORE_TP,-0.4601345859510346,-2.090242130572722,1
ET27-00339,SHORT_CONTINUATION_PRACTICAL_TARGET,ETHUSDT,SHORT,2025-03-13T04:15:00Z,SL_BEFORE_TP,-1.5398917021381067,-1.1846307654747235,26
ET27-00340,MOMENTUM_BREAKDOWN_PULLBACK,ETHUSDT,SHORT,2025-03-13T04:30:00Z,TP_BEFORE_SL,0.605826225431098,1.0743806597903607,15
ET27-00341,SHORT_CONTINUATION_PRACTICAL_TARGET,SOLUSDT,SHORT,2025-03-13T05:30:00Z,SL_BEFORE_TP,-1.8011039787130303,-1.1537373571988814,10
ET27-00342,SHORT_CONTINUATION_PRACTICAL_TARGET,SOLUSDT,SHORT,2025-03-13T16:15:00Z,SL_BEFORE_TP,-2.6142254057324585,-1.1010856001374305,64
ET27-00343,SHORT_CONTINUATION_PRACTICAL_TARGET,BTCUSDT,SHORT,2025-03-13T17:00:00Z,SL_BEFORE_TP,-1.3321657188071856,-1.2197468716213846,24
ET27-00344,SHORT_CONTINUATION_PRACTICAL_TARGET,ETHUSDT,SHORT,2025-03-13T17:15:00Z,SL_BEFORE_TP,-2.1484363037291896,-1.1257574064856275,22
ET27-00345,SHORT_CONTINUATION_PRACTICAL_TARGET,ETHUSDT,SHORT,2025-03-16T02:00:00Z,TP_BEFORE_SL,1.3828066439902198,1.2781621110973453,37
ET27-00346,TRAP_REVERSAL,ETHUSDT,LONG,2025-03-16T08:00:00Z,SL_BEFORE_TP,-0.348958125736184,-3.2026810609894527,1
ET27-00347,MOMENTUM_BREAKDOWN_PULLBACK,BTCUSDT,SHORT,2025-03-16T09:30:00Z,TP_BEFORE_SL,0.23115445566618903,0.7359193558066398,6
ET27-00348,SHORT_CONTINUATION_PRACTICAL_TARGET,ETHUSDT,SHORT,2025-03-16T09:30:00Z,TP_BEFORE_SL,1.5632583109097788,1.7338151738461525,7
ET27-00349,SHORT_CONTINUATION_PRACTICAL_TARGET,BTCUSDT,SHORT,2025-03-16T10:15:00Z,TP_BEFORE_SL,1.0213824367171507,1.619465131249775,4
ET27-00350,MOMENTUM_BREAKDOWN_PULLBACK,SOLUSDT,SHORT,2025-03-16T10:15:00Z,TP_BEFORE_SL,0.4945065534761127,1.0098750333863322,3
ET27-00351,SHORT_CONTINUATION_PRACTICAL_TARGET,SOLUSDT,SHORT,2025-03-16T11:15:00Z,TP_BEFORE_SL,3.7140990082477945,1.8786069850555651,32
ET27-00352,SHORT_CONTINUATION_PRACTICAL_TARGET,SOLUSDT,SHORT,2025-03-16T13:45:00Z,SL_BEFORE_TP,-2.5363391323936977,-1.1045141793798656,9
ET27-00353,SHORT_CONTINUATION_PRACTICAL_TARGET,BTCUSDT,SHORT,2025-03-16T22:45:00Z,SL_BEFORE_TP,-1.3373698064258124,-1.2187047598673157,7
ET27-00354,SHORT_CONTINUATION_PRACTICAL_TARGET,BTCUSDT,SHORT,2025-03-18T01:30:00Z,NEITHER_EXPIRED,-0.059205450398766984,-0.05116650257026434,96
ET27-00355,SHORT_CONTINUATION_PRACTICAL_TARGET,SOLUSDT,SHORT,2025-03-18T03:15:00Z,SL_BEFORE_TP,-1.7962455822369232,-1.1542173052501314,84
ET27-00356,SHORT_CONTINUATION_PRACTICAL_TARGET,BTCUSDT,SHORT,2025-03-18T06:30:00Z,SL_BEFORE_TP,-1.2106592074657585,-1.2472546473098451,2
ET27-00357,MOMENTUM_BREAKDOWN_PULLBACK,ETHUSDT,SHORT,2025-03-18T10:15:00Z,SL_BEFORE_TP,-0.530528002196147,-1.8260821613951221,1
ET27-00358,SHORT_CONTINUATION_PRACTICAL_TARGET,BTCUSDT,SHORT,2025-03-18T12:45:00Z,TP_BEFORE_SL,0.5578617099952126,1.0487939883690485,3
ET27-00359,SHORT_CONTINUATION_PRACTICAL_TARGET,SOLUSDT,SHORT,2025-03-18T13:30:00Z,SL_BEFORE_TP,-1.6718812871242286,-1.1676116603786426,11
ET27-00360,SHORT_CONTINUATION_PRACTICAL_TARGET,ETHUSDT,SHORT,2025-03-20T06:30:00Z,TP_BEFORE_SL,0.6908484563521942,1.1132560595193195,14
ET27-00361,MOMENTUM_BREAKDOWN_PULLBACK,ETHUSDT,SHORT,2025-03-20T10:15:00Z,SL_BEFORE_TP,-0.8292639221257392,-1.407287789033838,5
ET27-00362,MOMENTUM_BREAKDOWN_PULLBACK,SOLUSDT,SHORT,2025-03-20T10:45:00Z,TP_BEFORE_SL,2.1038743769554786,1.3464081507356152,23
ET27-00363,SHORT_CONTINUATION_PRACTICAL_TARGET,SOLUSDT,SHORT,2025-03-20T13:15:00Z,SL_BEFORE_TP,-1.2474099175160611,-1.2382347005196856,1
ET27-00364,MOMENTUM_BREAKDOWN_PULLBACK,BTCUSDT,SHORT,2025-03-20T15:45:00Z,TP_BEFORE_SL,0.8947290143353832,1.1827436370692839,4
ET27-00365,MOMENTUM_BREAKDOWN_PULLBACK,SOLUSDT,SHORT,2025-03-20T16:15:00Z,TP_BEFORE_SL,1.1567053381127281,1.242250573419843,72
ET27-00366,MOMENTUM_BREAKDOWN_PULLBACK,ETHUSDT,SHORT,2025-03-20T16:30:00Z,SL_BEFORE_TP,-0.7373506029319343,-1.4825569700432142,2
ET27-00367,MOMENTUM_BREAKDOWN_PULLBACK,BTCUSDT,SHORT,2025-03-21T06:15:00Z,AMBIGUOUS_INTRACANDLE,,,1
ET27-00368,TRAP_REVERSAL,ETHUSDT,LONG,2025-03-21T08:30:00Z,TP_BEFORE_SL,0.027463893644372073,0.10826045080918756,1
ET27-00369,TRAP_REVERSAL,SOLUSDT,SHORT,2025-03-21T09:15:00Z,TP_BEFORE_SL,0.22008697002640254,0.7082671850573443,1
ET27-00370,SHORT_CONTINUATION_PRACTICAL_TARGET,ETHUSDT,SHORT,2025-03-21T10:15:00Z,SL_BEFORE_TP,-1.1707923730544008,-1.2578448287156012,45
ET27-00371,MOMENTUM_BREAKDOWN_PULLBACK,BTCUSDT,SHORT,2025-03-21T12:45:00Z,SL_BEFORE_TP,-0.8023407110893602,-1.4267875244797315,4
ET27-00372,TRAP_REVERSAL,ETHUSDT,SHORT,2025-03-22T00:30:00Z,SL_BEFORE_TP,-0.438564438857302,-2.2086756389067004,1
ET27-00373,TRAP_REVERSAL,BTCUSDT,SHORT,2025-03-22T09:15:00Z,SL_BEFORE_TP,-0.3282802958342831,-3.7186134542471425,1
ET27-00374,SHORT_CONTINUATION_PRACTICAL_TARGET,BTCUSDT,SHORT,2025-03-22T14:45:00Z,SL_BEFORE_TP,-0.48410409425162915,-1.9831871142341488,11
ET27-00375,SHORT_CONTINUATION_PRACTICAL_TARGET,ETHUSDT,SHORT,2025-03-22T23:00:00Z,SL_BEFORE_TP,-0.8353939456001411,-1.403094458338985,9
ET27-00376,RANGE_BOUNDARY_REJECTION,ETHUSDT,LONG,2025-03-23T15:30:00Z,SL_BEFORE_TP,-0.43276438613213336,-2.2450432614429525,2
ET27-00377,SHORT_CONTINUATION_PRACTICAL_TARGET,ETHUSDT,SHORT,2025-03-23T17:30:00Z,SL_BEFORE_TP,-1.179557651222299,-1.2554393545598577,27
ET27-00378,TRAP_REVERSAL,ETHUSDT,SHORT,2025-03-24T04:00:00Z,SL_BEFORE_TP,-0.5290944087854472,-1.8301786292176863,2
ET27-00379,SHORT_CONTINUATION_PRACTICAL_TARGET,SOLUSDT,SHORT,2025-03-25T02:00:00Z,SL_BEFORE_TP,-2.256985589397887,-1.1189894470548225,31
ET27-00380,SHORT_CONTINUATION_PRACTICAL_TARGET,BTCUSDT,SHORT,2025-03-25T03:30:00Z,SL_BEFORE_TP,-0.9545606226804211,-1.3358707328424075,24
ET27-00381,SHORT_CONTINUATION_PRACTICAL_TARGET,ETHUSDT,SHORT,2025-03-25T03:30:00Z,SL_BEFORE_TP,-1.4627624226431009,-1.1962768854813353,24
ET27-00382,TRAP_REVERSAL,ETHUSDT,SHORT,2025-03-25T14:45:00Z,TP_BEFORE_SL,0.25400642461193274,1.1051816646996904,4
ET27-00383,RANGE_BOUNDARY_REJECTION,ETHUSDT,SHORT,2025-03-25T15:00:00Z,TP_BEFORE_SL,0.14248772425225154,0.47353765332977515,2
ET27-00384,MOMENTUM_BREAKDOWN_PULLBACK,ETHUSDT,SHORT,2025-03-26T02:45:00Z,SL_BEFORE_TP,-0.9909227925840838,-1.3196067590039575,11
ET27-00385,MOMENTUM_BREAKDOWN_PULLBACK,BTCUSDT,SHORT,2025-03-26T14:15:00Z,SL_BEFORE_TP,-0.9697757407626602,-1.3288681530427215,25
ET27-00386,MOMENTUM_BREAKDOWN_PULLBACK,SOLUSDT,SHORT,2025-03-26T14:15:00Z,TP_BEFORE_SL,2.1680909748381882,1.350503986866951,19
ET27-00387,SHORT_CONTINUATION_PRACTICAL_TARGET,SOLUSDT,SHORT,2025-03-26T14:15:00Z,NEITHER_EXPIRED,1.2608576329331007,0.34421762665684635,96
ET27-00388,SHORT_CONTINUATION_PRACTICAL_TARGET,BTCUSDT,SHORT,2025-03-26T14:30:00Z,NEITHER_EXPIRED,-0.8005608565695159,-0.5016986240028866,96
ET27-00389,SHORT_CONTINUATION_PRACTICAL_TARGET,BTCUSDT,SHORT,2025-03-26T18:45:00Z,SL_BEFORE_TP,-1.007761395744494,-1.3125971184931398,5
ET27-00390,MOMENTUM_BREAKDOWN_PULLBACK,ETHUSDT,SHORT,2025-03-26T19:00:00Z,SL_BEFORE_TP,-0.975334393608851,-1.326382122318712,2
ET27-00391,SHORT_CONTINUATION_PRACTICAL_TARGET,ETHUSDT,SHORT,2025-03-26T19:00:00Z,SL_BEFORE_TP,-1.744179864094175,-1.1595553867785149,6
ET27-00392,SHORT_CONTINUATION_PRACTICAL_TARGET,SOLUSDT,SHORT,2025-03-26T19:00:00Z,SL_BEFORE_TP,-1.976464693146075,-1.138211851324875,28
ET27-00393,RANGE_BOUNDARY_REJECTION,SOLUSDT,LONG,2025-03-27T06:00:00Z,SL_BEFORE_TP,-0.6414300840384328,-1.5978625158970954,3
ET27-00394,TRAP_REVERSAL,SOLUSDT,LONG,2025-03-27T06:00:00Z,SL_BEFORE_TP,-0.6414300840384328,-1.5978625158970954,3
ET27-00395,MOMENTUM_BREAKDOWN_PULLBACK,BTCUSDT,SHORT,2025-03-27T11:30:00Z,TP_BEFORE_SL,0.5077327398929254,1.0185445536976867,7
ET27-00396,SHORT_CONTINUATION_PRACTICAL_TARGET,BTCUSDT,SHORT,2025-03-27T13:00:00Z,TP_BEFORE_SL,0.5974643488909277,1.0701309548558733,2
ET27-00397,SHORT_CONTINUATION_PRACTICAL_TARGET,ETHUSDT,SHORT,2025-03-27T13:30:00Z,SL_BEFORE_TP,-1.9704967902839579,-1.1386884976311444,5
ET27-00398,SHORT_CONTINUATION_PRACTICAL_TARGET,SOLUSDT,SHORT,2025-03-27T13:30:00Z,SL_BEFORE_TP,-1.8724898016645308,-1.1470147009526734,4
ET27-00399,TRAP_REVERSAL,SOLUSDT,LONG,2025-03-28T01:15:00Z,TP_BEFORE_SL,0.38010443864229027,0.6586766460657104,1
ET27-00400,MOMENTUM_BREAKDOWN_PULLBACK,BTCUSDT,SHORT,2025-03-28T03:00:00Z,TP_BEFORE_SL,0.32418122097680824,0.8619071556889142,6
ET27-00401,SHORT_CONTINUATION_PRACTICAL_TARGET,SOLUSDT,SHORT,2025-03-28T04:30:00Z,TP_BEFORE_SL,3.9897870544379828,1.8865191098695209,65
ET27-00402,SHORT_CONTINUATION_PRACTICAL_TARGET,BTCUSDT,SHORT,2025-03-28T06:45:00Z,TP_BEFORE_SL,0.7318697584961013,1.1295799958246728,17
ET27-00403,SHORT_CONTINUATION_PRACTICAL_TARGET,SOLUSDT,SHORT,2025-03-28T07:30:00Z,TP_BEFORE_SL,3.8654651338918544,1.8830826753252743,91
ET27-00404,SHORT_CONTINUATION_PRACTICAL_TARGET,ETHUSDT,SHORT,2025-03-28T15:45:00Z,SL_BEFORE_TP,-1.4938945005195126,-1.191403662669039,28
ET27-00405,MOMENTUM_BREAKDOWN_PULLBACK,SOLUSDT,SHORT,2025-03-29T02:30:00Z,TP_BEFORE_SL,0.6806887690009019,1.108988387692989,1
ET27-00406,SHORT_CONTINUATION_PRACTICAL_TARGET,ETHUSDT,SHORT,2025-03-29T06:00:00Z,TP_BEFORE_SL,1.1246980726935407,1.2362053869619245,21
ET27-00407,SHORT_CONTINUATION_PRACTICAL_TARGET,ETHUSDT,SHORT,2025-03-29T09:30:00Z,TP_BEFORE_SL,2.0922946366518635,1.7941940986113718,29
ET27-00408,MOMENTUM_BREAKDOWN_PULLBACK,BTCUSDT,SHORT,2025-03-29T11:15:00Z,SL_BEFORE_TP,-1.0117389267789592,-1.310985997559691,59
ET27-00409,MOMENTUM_BREAKDOWN_PULLBACK,SOLUSDT,SHORT,2025-03-29T11:30:00Z,SL_BEFORE_TP,-0.7502489264452038,-1.4703586574341845,1
ET27-00410,SHORT_CONTINUATION_PRACTICAL_TARGET,BTCUSDT,SHORT,2025-03-29T16:45:00Z,SL_BEFORE_TP,-0.8567994903097949,-1.3891053799014281,12
ET27-00411,SHORT_CONTINUATION_PRACTICAL_TARGET,ETHUSDT,SHORT,2025-03-29T17:00:00Z,NEITHER_EXPIRED,0.6704019198802258,0.3771921862712859,96
ET27-00412,MOMENTUM_BREAKDOWN_PULLBACK,SOLUSDT,SHORT,2025-03-29T17:00:00Z,SL_BEFORE_TP,-0.8075916432363683,-1.4228392064258322,2
ET27-00413,MOMENTUM_BREAKDOWN_PULLBACK,SOLUSDT,SHORT,2025-03-30T12:00:00Z,SL_BEFORE_TP,-0.5703995022725294,-1.7263933460833014,1
ET27-00414,SHORT_CONTINUATION_PRACTICAL_TARGET,BTCUSDT,SHORT,2025-03-30T13:45:00Z,TP_BEFORE_SL,1.233941354697587,1.6743425384801127,43
ET27-00415,SHORT_CONTINUATION_PRACTICAL_TARGET,SOLUSDT,SHORT,2025-03-30T13:45:00Z,SL_BEFORE_TP,-1.9007819136828528,-1.1445102442546415,6
ET27-00416,MOMENTUM_BREAKDOWN_PULLBACK,BTCUSDT,SHORT,2025-03-30T14:00:00Z,SL_BEFORE_TP,-0.6248073325004837,-1.6236887390904857,3
ET27-00417,SHORT_CONTINUATION_PRACTICAL_TARGET,BTCUSDT,SHORT,2025-03-30T16:45:00Z,SL_BEFORE_TP,-1.0432869589550955,-1.298772434090289,80
ET27-00418,SHORT_CONTINUATION_PRACTICAL_TARGET,BTCUSDT,SHORT,2025-03-31T09:00:00Z,SL_BEFORE_TP,-1.1025590363134028,-1.2782418244967504,14
ET27-00419,SHORT_CONTINUATION_PRACTICAL_TARGET,ETHUSDT,SHORT,2025-03-31T09:00:00Z,SL_BEFORE_TP,-1.4407902297246096,-1.1998683817197962,7
ET27-00420,MOMENTUM_BREAKDOWN_PULLBACK,BTCUSDT,SHORT,2025-03-31T09:15:00Z,SL_BEFORE_TP,-0.5574778515428764,-1.7559582466419306,4
ET27-00421,MOMENTUM_BREAKDOWN_PULLBACK,ETHUSDT,SHORT,2025-03-31T09:30:00Z,SL_BEFORE_TP,-0.6587649640724826,-1.5731138480784153,4
ET27-00422,MOMENTUM_BREAKDOWN_PULLBACK,SOLUSDT,SHORT,2025-03-31T09:30:00Z,SL_BEFORE_TP,-0.884823516620089,-1.372194862336885,9
ET27-00423,SHORT_CONTINUATION_PRACTICAL_TARGET,SOLUSDT,SHORT,2025-03-31T23:45:00Z,SL_BEFORE_TP,-1.6112265116994613,-1.1750257874627514,12
ET27-00424,MOMENTUM_BREAKDOWN_PULLBACK,SOLUSDT,SHORT,2025-04-01T00:00:00Z,SL_BEFORE_TP,-0.8448299129340595,-1.3968057711229067,1
ET27-00425,TRAP_REVERSAL,SOLUSDT,LONG,2025-04-01T06:00:00Z,TP_BEFORE_SL,0.04205943111393928,0.15140436505823263,2
ET27-00426,SHORT_CONTINUATION_PRACTICAL_TARGET,SOLUSDT,SHORT,2025-04-02T02:00:00Z,SL_BEFORE_TP,-2.2443146742320828,-1.1197416768362243,47
ET27-00427,SHORT_CONTINUATION_PRACTICAL_TARGET,BTCUSDT,SHORT,2025-04-02T05:15:00Z,SL_BEFORE_TP,-0.838417012134182,-1.4010581168875347,14
ET27-00428,MOMENTUM_BREAKDOWN_PULLBACK,ETHUSDT,SHORT,2025-04-02T05:15:00Z,SL_BEFORE_TP,-0.868034797877961,-1.382144430230499,12
ET27-00429,MOMENTUM_BREAKDOWN_PULLBACK,BTCUSDT,SHORT,2025-04-02T22:15:00Z,TP_BEFORE_SL,0.29273349895154777,0.8242399798238804,1
ET27-00430,MOMENTUM_BREAKDOWN_PULLBACK,ETHUSDT,SHORT,2025-04-02T22:15:00Z,TP_BEFORE_SL,0.9744241611421622,1.2035632100225893,1
ET27-00431,MOMENTUM_BREAKDOWN_PULLBACK,SOLUSDT,SHORT,2025-04-02T22:15:00Z,TP_BEFORE_SL,1.3837777946346665,1.2782947881233984,1
ET27-00432,MOMENTUM_BREAKDOWN_PULLBACK,ETHUSDT,SHORT,2025-04-03T07:00:00Z,SL_BEFORE_TP,-0.8076070879530702,-1.4228277008757917,4
ET27-00433,SHORT_CONTINUATION_PRACTICAL_TARGET,ETHUSDT,SHORT,2025-04-03T10:15:00Z,TP_BEFORE_SL,2.394116010304332,1.8177756795363984,10
ET27-00434,SHORT_CONTINUATION_PRACTICAL_TARGET,SOLUSDT,SHORT,2025-04-03T10:15:00Z,SL_BEFORE_TP,-2.2911915954173523,-1.117005159603907,92
ET27-00435,MOMENTUM_BREAKDOWN_PULLBACK,BTCUSDT,SHORT,2025-04-03T12:30:00Z,SL_BEFORE_TP,-0.9082657396297616,-1.3591385668416383,4
ET27-00436,SHORT_CONTINUATION_PRACTICAL_TARGET,ETHUSDT,SHORT,2025-04-03T12:30:00Z,SL_BEFORE_TP,-2.2678376284757054,-1.118352671155631,34
ET27-00437,MOMENTUM_BREAKDOWN_PULLBACK,SOLUSDT,SHORT,2025-04-03T12:30:00Z,SL_BEFORE_TP,-1.613935896513191,-1.1746806387467406,4
ET27-00438,SHORT_CONTINUATION_PRACTICAL_TARGET,SOLUSDT,SHORT,2025-04-03T12:30:00Z,SL_BEFORE_TP,-2.5971475513582165,-1.101817979049173,34
ET27-00439,MOMENTUM_BREAKDOWN_PULLBACK,ETHUSDT,SHORT,2025-04-03T12:45:00Z,SL_BEFORE_TP,-1.283394128409568,-1.2300185456916735,3
ET27-00440,SHORT_CONTINUATION_PRACTICAL_TARGET,BTCUSDT,SHORT,2025-04-03T14:00:00Z,SL_BEFORE_TP,-1.5127232293093515,-1.1885720276593341,31
ET27-00441,MOMENTUM_BREAKDOWN_PULLBACK,BTCUSDT,SHORT,2025-04-05T11:45:00Z,SL_BEFORE_TP,-0.33150199042446116,-3.6228937631485763,1
ET27-00442,MOMENTUM_BREAKDOWN_PULLBACK,SOLUSDT,SHORT,2025-04-05T12:30:00Z,TP_BEFORE_SL,0.7569703157509148,1.1389059991933101,4
ET27-00443,SHORT_CONTINUATION_PRACTICAL_TARGET,BTCUSDT,SHORT,2025-04-05T15:30:00Z,SL_BEFORE_TP,-1.0317382272294688,-1.3031304940773576,10
ET27-00444,SHORT_CONTINUATION_PRACTICAL_TARGET,ETHUSDT,SHORT,2025-04-05T15:30:00Z,SL_BEFORE_TP,-1.1207597292817577,-1.2724920225357206,14
ET27-00445,TRAP_REVERSAL,SOLUSDT,SHORT,2025-04-05T23:00:00Z,SL_BEFORE_TP,-0.5072732231159931,-1.8979575177863708,2
ET27-00446,SHORT_CONTINUATION_PRACTICAL_TARGET,ETHUSDT,SHORT,2025-04-06T08:15:00Z,TP_BEFORE_SL,1.5333044632223847,1.7293189015451067,22
ET27-00447,SHORT_CONTINUATION_PRACTICAL_TARGET,SOLUSDT,SHORT,2025-04-06T08:15:00Z,SL_BEFORE_TP,-0.9555099275538184,-1.3354251153726278,2
ET27-00448,SHORT_CONTINUATION_PRACTICAL_TARGET,ETHUSDT,SHORT,2025-04-06T12:45:00Z,TP_BEFORE_SL,1.4054615067751144,1.7082885269429755,4
ET27-00449,SHORT_CONTINUATION_PRACTICAL_TARGET,SOLUSDT,SHORT,2025-04-06T12:45:00Z,TP_BEFORE_SL,3.983217509427825,1.8863425814729036,19
ET27-00450,MOMENTUM_BREAKDOWN_PULLBACK,ETHUSDT,SHORT,2025-04-06T13:15:00Z,TP_BEFORE_SL,0.7353250211701734,1.1308922746921022,2
ET27-00451,MOMENTUM_BREAKDOWN_PULLBACK,BTCUSDT,SHORT,2025-04-06T13:30:00Z,TP_BEFORE_SL,0.07019896913975043,0.3394545571883696,1
ET27-00452,SHORT_CONTINUATION_PRACTICAL_TARGET,BTCUSDT,SHORT,2025-04-06T16:30:00Z,TP_BEFORE_SL,1.2169243184565648,1.6705388235207015,5
ET27-00453,MOMENTUM_BREAKDOWN_PULLBACK,BTCUSDT,SHORT,2025-04-06T16:45:00Z,TP_BEFORE_SL,0.25279904070151477,0.7694790974277693,2
ET27-00454,SHORT_CONTINUATION_PRACTICAL_TARGET,SOLUSDT,SHORT,2025-04-07T00:30:00Z,SL_BEFORE_TP,-3.075902456467885,-1.0846291449314938,2
ET27-00455,SHORT_CONTINUATION_PRACTICAL_TARGET,BTCUSDT,SHORT,2025-04-07T06:15:00Z,SL_BEFORE_TP,-2.540043099100144,-1.104345870776898,16
ET27-00456,MOMENTUM_BREAKDOWN_PULLBACK,BTCUSDT,SHORT,2025-04-07T06:30:00Z,SL_BEFORE_TP,-1.4579188339647964,-1.197057466644725,7
ET27-00457,MOMENTUM_BREAKDOWN_PULLBACK,ETHUSDT,SHORT,2025-04-07T06:30:00Z,SL_BEFORE_TP,-3.2735623791494755,-1.0791149051852658,15
ET27-00458,MOMENTUM_BREAKDOWN_PULLBACK,SOLUSDT,SHORT,2025-04-07T06:30:00Z,SL_BEFORE_TP,-2.61673849561212,-1.1009787153458752,7
ET27-00459,SHORT_CONTINUATION_PRACTICAL_TARGET,BTCUSDT,SHORT,2025-04-08T09:45:00Z,SL_BEFORE_TP,-0.6955452919284394,-1.5268411379777822,5
ET27-00460,TRAP_REVERSAL,SOLUSDT,LONG,2025-04-08T14:15:00Z,SL_BEFORE_TP,-0.5401778831227025,-1.799525926105276,1
ET27-00461,SHORT_CONTINUATION_PRACTICAL_TARGET,ETHUSDT,SHORT,2025-04-08T14:30:00Z,TP_BEFORE_SL,3.7226810981421368,1.4091524169914225,9
ET27-00462,MOMENTUM_BREAKDOWN_PULLBACK,ETHUSDT,SHORT,2025-04-08T14:45:00Z,TP_BEFORE_SL,1.7834497933971758,1.3220860230015419,7
ET27-00463,MOMENTUM_BREAKDOWN_PULLBACK,BTCUSDT,SHORT,2025-04-08T15:00:00Z,TP_BEFORE_SL,1.6046500210849683,1.3048410289837684,8
ET27-00464,SHORT_CONTINUATION_PRACTICAL_TARGET,BTCUSDT,SHORT,2025-04-08T16:30:00Z,TP_BEFORE_SL,2.8213985080974755,1.8432089129427651,35
ET27-00465,SHORT_CONTINUATION_PRACTICAL_TARGET,ETHUSDT,SHORT,2025-04-08T16:45:00Z,TP_BEFORE_SL,5.153908939853284,1.4332580501424275,34
ET27-00466,MOMENTUM_BREAKDOWN_PULLBACK,ETHUSDT,SHORT,2025-04-08T17:00:00Z,TP_BEFORE_SL,2.900767149571222,1.3853783222837266,32
ET27-00467,SHORT_CONTINUATION_PRACTICAL_TARGET,BTCUSDT,SHORT,2025-04-09T01:00:00Z,SL_BEFORE_TP,-2.3660995495308503,-1.1128827669677832,20
ET27-00468,MOMENTUM_BREAKDOWN_PULLBACK,BTCUSDT,SHORT,2025-04-09T01:15:00Z,SL_BEFORE_TP,-1.4329437184306162,-1.2011830032650102,1
ET27-00469,MOMENTUM_BREAKDOWN_PULLBACK,ETHUSDT,SHORT,2025-04-09T01:15:00Z,SL_BEFORE_TP,-3.0220597584787443,-1.0862670182653569,2
ET27-00470,MOMENTUM_BREAKDOWN_PULLBACK,SOLUSDT,SHORT,2025-04-09T01:15:00Z,SL_BEFORE_TP,-2.1945121919448387,-1.1227927873712509,1
ET27-00471,TRAP_REVERSAL,ETHUSDT,SHORT,2025-04-09T13:45:00Z,SL_BEFORE_TP,-1.1932270394888755,-1.2517763240630364,11
ET27-00472,RANGE_BOUNDARY_REJECTION,SOLUSDT,SHORT,2025-04-09T14:30:00Z,SL_BEFORE_TP,-1.3217877329972394,-1.2218549838192816,8
ET27-00473,SHORT_CONTINUATION_PRACTICAL_TARGET,ETHUSDT,SHORT,2025-04-10T15:00:00Z,NEITHER_EXPIRED,-1.0989084219662908,-0.4006849695869005,96
ET27-00474,SHORT_CONTINUATION_PRACTICAL_TARGET,BTCUSDT,SHORT,2025-04-10T15:15:00Z,SL_BEFORE_TP,-2.3022067544132288,-1.1163801832606686,67
ET27-00475,MOMENTUM_BREAKDOWN_PULLBACK,ETHUSDT,SHORT,2025-04-10T15:15:00Z,TP_BEFORE_SL,1.7698500547672553,1.3208821602655931,1
ET27-00476,SHORT_CONTINUATION_PRACTICAL_TARGET,SOLUSDT,SHORT,2025-04-10T15:15:00Z,SL_BEFORE_TP,-3.3734749833577276,-1.076592282138734,44
ET27-00477,MOMENTUM_BREAKDOWN_PULLBACK,BTCUSDT,SHORT,2025-04-10T15:30:00Z,SL_BEFORE_TP,-1.6542732439892665,-1.169698465993055,41
ET27-00478,MOMENTUM_BREAKDOWN_PULLBACK,SOLUSDT,SHORT,2025-04-10T15:30:00Z,SL_BEFORE_TP,-1.6517191995181335,-1.1700054799013289,14
ET27-00479,SHORT_CONTINUATION_PRACTICAL_TARGET,BTCUSDT,SHORT,2025-04-11T00:45:00Z,SL_BEFORE_TP,-1.174024423110025,-1.256952595737134,3
ET27-00480,SHORT_CONTINUATION_PRACTICAL_TARGET,ETHUSDT,SHORT,2025-04-11T00:45:00Z,SL_BEFORE_TP,-1.6945894843516742,-1.1649950055200422,3
ET27-00481,SHORT_CONTINUATION_PRACTICAL_TARGET,ETHUSDT,SHORT,2025-04-12T01:45:00Z,SL_BEFORE_TP,-1.1417042822962977,-1.266162648566791,11
ET27-00482,MOMENTUM_BREAKDOWN_PULLBACK,ETHUSDT,SHORT,2025-04-12T02:00:00Z,SL_BEFORE_TP,-0.8121054331876684,-1.4195030951948198,7
ET27-00483,SHORT_CONTINUATION_PRACTICAL_TARGET,ETHUSDT,SHORT,2025-04-13T05:00:00Z,SL_BEFORE_TP,-2.1654127211260024,-1.1246485999425855,49
ET27-00484,SHORT_CONTINUATION_PRACTICAL_TARGET,SOLUSDT,SHORT,2025-04-13T07:30:00Z,SL_BEFORE_TP,-1.75195170993741,-1.1587352283955783,7
ET27-00485,MOMENTUM_BREAKDOWN_PULLBACK,BTCUSDT,SHORT,2025-04-13T13:30:00Z,SL_BEFORE_TP,-0.794070302782987,-1.4331580284930032,11
ET27-00486,SHORT_CONTINUATION_PRACTICAL_TARGET,ETHUSDT,SHORT,2025-04-13T13:30:00Z,SL_BEFORE_TP,-1.876501083814923,-1.1466543483372005,15
ET27-00487,MOMENTUM_BREAKDOWN_PULLBACK,ETHUSDT,SHORT,2025-04-13T13:45:00Z,SL_BEFORE_TP,-1.2988493612294647,-1.2266611368791196,9
ET27-00488,SHORT_CONTINUATION_PRACTICAL_TARGET,SOLUSDT,SHORT,2025-04-13T20:30:00Z,SL_BEFORE_TP,-3.839175194904435,-1.0666819443354083,15
ET27-00489,TRAP_REVERSAL,BTCUSDT,SHORT,2025-04-14T11:15:00Z,SL_BEFORE_TP,-0.34622869059792516,-3.2592766478539987,1
ET27-00490,MOMENTUM_BREAKDOWN_PULLBACK,SOLUSDT,SHORT,2025-04-14T15:30:00Z,SL_BEFORE_TP,-1.8618171840899682,-1.1479821538175823,15
ET27-00491,SHORT_CONTINUATION_PRACTICAL_TARGET,SOLUSDT,SHORT,2025-04-15T00:00:00Z,SL_BEFORE_TP,-1.7036443774291,-1.1639742574774627,7
ET27-00492,TRAP_REVERSAL,ETHUSDT,LONG,2025-04-15T10:15:00Z,SL_BEFORE_TP,-0.4684294768615274,-2.050652495892579,1
ET27-00493,MOMENTUM_BREAKDOWN_PULLBACK,ETHUSDT,SHORT,2025-04-15T14:15:00Z,TP_BEFORE_SL,2.186981002230441,1.3516675657250086,60
ET27-00494,SHORT_CONTINUATION_PRACTICAL_TARGET,SOLUSDT,SHORT,2025-04-15T17:45:00Z,TP_BEFORE_SL,2.641882770321903,1.3750816640748407,46
ET27-00495,SHORT_CONTINUATION_PRACTICAL_TARGET,ETHUSDT,SHORT,2025-04-15T19:15:00Z,TP_BEFORE_SL,1.9336780955044268,1.7791761342248744,40
ET27-00496,SHORT_CONTINUATION_PRACTICAL_TARGET,SOLUSDT,SHORT,2025-04-16T00:00:00Z,SL_BEFORE_TP,-1.3681835761116325,-1.2127313365322845,2
ET27-00497,SHORT_CONTINUATION_PRACTICAL_TARGET,SOLUSDT,SHORT,2025-04-16T08:00:00Z,SL_BEFORE_TP,-2.4284809278237285,-1.1096651092311145,15
ET27-00498,MOMENTUM_BREAKDOWN_PULLBACK,ETHUSDT,SHORT,2025-04-17T14:30:00Z,SL_BEFORE_TP,-1.0677426264701304,-1.2899451983323231,2
ET27-00499,SHORT_CONTINUATION_PRACTICAL_TARGET,BTCUSDT,SHORT,2025-04-18T05:00:00Z,SL_BEFORE_TP,-0.567456516492336,-1.7329217404828072,88
ET27-00500,SHORT_CONTINUATION_PRACTICAL_TARGET,ETHUSDT,SHORT,2025-04-18T05:15:00Z,SL_BEFORE_TP,-0.9327642620569128,-1.346438194267422,11
ET27-00501,TRAP_REVERSAL,SOLUSDT,LONG,2025-04-18T10:45:00Z,TP_BEFORE_SL,0.32771494733696194,1.0922845503746865,7
ET27-00502,SHORT_CONTINUATION_PRACTICAL_TARGET,SOLUSDT,SHORT,2025-04-18T15:00:00Z,SL_BEFORE_TP,-1.9056817990123731,-1.1440851428780108,42
ET27-00503,SHORT_CONTINUATION_PRACTICAL_TARGET,BTCUSDT,SHORT,2025-04-18T15:15:00Z,SL_BEFORE_TP,-0.5569112360352373,-1.7573098480273333,12
ET27-00504,TRAP_REVERSAL,ETHUSDT,SHORT,2025-04-18T20:00:00Z,SL_BEFORE_TP,-0.41951795516037316,-2.336913623963658,5
ET27-00505,TRAP_REVERSAL,BTCUSDT,LONG,2025-04-19T00:00:00Z,TP_BEFORE_SL,-0.10984351248720944,-1.7583973915771618,4
ET27-00506,SHORT_CONTINUATION_PRACTICAL_TARGET,BTCUSDT,SHORT,2025-04-20T08:15:00Z,TP_BEFORE_SL,0.44790510030971953,1.3022293339824247,10
ET27-00507,SHORT_CONTINUATION_PRACTICAL_TARGET,BTCUSDT,SHORT,2025-04-20T10:30:00Z,SL_BEFORE_TP,-0.7076572621515888,-1.513196350027395,14
ET27-00508,MOMENTUM_BREAKDOWN_PULLBACK,ETHUSDT,SHORT,2025-04-20T22:15:00Z,SL_BEFORE_TP,-0.6399948899284749,-1.600007665205212,3
ET27-00509,MOMENTUM_BREAKDOWN_PULLBACK,SOLUSDT,SHORT,2025-04-21T13:45:00Z,SL_BEFORE_TP,-1.3192900559108338,-1.222368397341954,2
ET27-00510,MOMENTUM_BREAKDOWN_PULLBACK,SOLUSDT,SHORT,2025-04-21T16:30:00Z,TP_BEFORE_SL,1.157867158573904,1.2424647987529303,2
ET27-00511,MOMENTUM_BREAKDOWN_PULLBACK,ETHUSDT,SHORT,2025-04-21T17:00:00Z,TP_BEFORE_SL,0.4903236832227521,1.007067881995289,5
ET27-00512,MOMENTUM_BREAKDOWN_PULLBACK,SOLUSDT,SHORT,2025-04-24T01:00:00Z,TP_BEFORE_SL,1.1167071326811726,1.2346516493293826,11
ET27-00513,TRAP_REVERSAL,ETHUSDT,LONG,2025-04-24T01:15:00Z,TP_BEFORE_SL,0.20078453768714494,0.6242006196865503,1
ET27-00514,SHORT_CONTINUATION_PRACTICAL_TARGET,SOLUSDT,SHORT,2025-04-24T02:45:00Z,TP_BEFORE_SL,1.6953986783794937,1.3139918126318928,23
ET27-00515,SHORT_CONTINUATION_PRACTICAL_TARGET,BTCUSDT,SHORT,2025-04-24T03:30:00Z,SL_BEFORE_TP,-1.1180827889927965,-1.273322747021715,66
ET27-00516,MOMENTUM_BREAKDOWN_PULLBACK,SOLUSDT,SHORT,2025-04-24T03:30:00Z,TP_BEFORE_SL,1.2189886400250738,1.2532537333575118,20
ET27-00517,MOMENTUM_BREAKDOWN_PULLBACK,BTCUSDT,SHORT,2025-04-24T03:45:00Z,TP_BEFORE_SL,0.3387634711875428,0.8779842406755168,16
ET27-00518,MOMENTUM_BREAKDOWN_PULLBACK,ETHUSDT,SHORT,2025-04-24T03:45:00Z,TP_BEFORE_SL,0.7936708242151711,1.1517266507223565,18
ET27-00519,SHORT_CONTINUATION_PRACTICAL_TARGET,ETHUSDT,SHORT,2025-04-24T03:45:00Z,NEITHER_EXPIRED,0.17228834168466806,0.09798868201247463,96
ET27-00520,MOMENTUM_BREAKDOWN_PULLBACK,SOLUSDT,SHORT,2025-04-24T07:45:00Z,TP_BEFORE_SL,0.7252058509669534,1.1270225676322214,3
ET27-00521,SHORT_CONTINUATION_PRACTICAL_TARGET,BTCUSDT,SHORT,2025-04-24T08:00:00Z,SL_BEFORE_TP,-0.8571294210205209,-1.388897355765541,16
ET27-00522,TRAP_REVERSAL,SOLUSDT,LONG,2025-04-25T15:30:00Z,SL_BEFORE_TP,-0.6226726052743956,-1.6271679673226354,2
ET27-00523,SHORT_CONTINUATION_PRACTICAL_TARGET,SOLUSDT,SHORT,2025-04-25T17:30:00Z,NEITHER_EXPIRED,1.0041267950499793,0.6774041207386303,96
ET27-00524,TRAP_REVERSAL,ETHUSDT,SHORT,2025-04-26T01:15:00Z,SL_BEFORE_TP,-0.5406697852192005,-1.79821788486339,1
ET27-00525,SHORT_CONTINUATION_PRACTICAL_TARGET,SOLUSDT,SHORT,2025-04-26T09:15:00Z,NEITHER_EXPIRED,0.8079241756774751,0.4700537822743483,96
ET27-00526,MOMENTUM_BREAKDOWN_PULLBACK,SOLUSDT,SHORT,2025-04-26T11:15:00Z,SL_BEFORE_TP,-0.7778836534165564,-1.446193146929742,17
ET27-00527,SHORT_CONTINUATION_PRACTICAL_TARGET,BTCUSDT,SHORT,2025-04-26T11:30:00Z,SL_BEFORE_TP,-0.6131329692585377,-1.6432023427919282,42
ET27-00528,MOMENTUM_BREAKDOWN_PULLBACK,SOLUSDT,SHORT,2025-04-27T01:30:00Z,TP_BEFORE_SL,0.5085643047427539,1.019079392753419,1
ET27-00529,SHORT_CONTINUATION_PRACTICAL_TARGET,BTCUSDT,SHORT,2025-04-27T05:15:00Z,SL_BEFORE_TP,-0.7905398908935387,-1.4359357132331947,14
ET27-00530,SHORT_CONTINUATION_PRACTICAL_TARGET,ETHUSDT,SHORT,2025-04-27T05:15:00Z,SL_BEFORE_TP,-1.2651485229750141,-1.2341124184654846,12
ET27-00531,SHORT_CONTINUATION_PRACTICAL_TARGET,ETHUSDT,SHORT,2025-04-27T12:00:00Z,TP_BEFORE_SL,0.564296495340736,1.052403868367621,4
ET27-00532,SHORT_CONTINUATION_PRACTICAL_TARGET,BTCUSDT,SHORT,2025-04-27T12:45:00Z,SL_BEFORE_TP,-0.5924382889788407,-1.6809702790675187,4
ET27-00533,SHORT_CONTINUATION_PRACTICAL_TARGET,ETHUSDT,SHORT,2025-04-27T22:00:00Z,TP_BEFORE_SL,1.7282914679322385,1.7561336784616268,14
ET27-00534,MOMENTUM_BREAKDOWN_PULLBACK,ETHUSDT,SHORT,2025-04-27T22:15:00Z,SL_BEFORE_TP,-0.5577621337513718,-1.7552819373619402,5
ET27-00535,SHORT_CONTINUATION_PRACTICAL_TARGET,SOLUSDT,SHORT,2025-04-28T00:00:00Z,SL_BEFORE_TP,-1.1951665048966709,-1.2512650922845783,14
ET27-00536,MOMENTUM_BREAKDOWN_PULLBACK,BTCUSDT,SHORT,2025-04-28T00:45:00Z,TP_BEFORE_SL,0.40820065527393845,0.9446164207472776,3
ET27-00537,SHORT_CONTINUATION_PRACTICAL_TARGET,BTCUSDT,SHORT,2025-04-28T01:15:00Z,SL_BEFORE_TP,-1.0763272950118035,-1.286968991005624,8
ET27-00538,MOMENTUM_BREAKDOWN_PULLBACK,SOLUSDT,SHORT,2025-04-28T01:30:00Z,SL_BEFORE_TP,-1.1365755269168303,-1.267685200850082,7
ET27-00539,SHORT_CONTINUATION_PRACTICAL_TARGET,ETHUSDT,SHORT,2025-04-28T15:00:00Z,SL_BEFORE_TP,-1.5522540355017271,-1.1828914169871372,16
ET27-00540,SHORT_CONTINUATION_PRACTICAL_TARGET,SOLUSDT,SHORT,2025-04-28T15:15:00Z,SL_BEFORE_TP,-2.255481529887563,-1.1190782433086295,42
ET27-00541,SHORT_CONTINUATION_PRACTICAL_TARGET,SOLUSDT,SHORT,2025-04-29T04:30:00Z,SL_BEFORE_TP,-1.111469900586938,-1.2753967748494344,8
ET27-00542,SHORT_CONTINUATION_PRACTICAL_TARGET,BTCUSDT,SHORT,2025-04-29T05:30:00Z,SL_BEFORE_TP,-0.949176974695057,-1.3384204628234002,8
ET27-00543,TRAP_REVERSAL,BTCUSDT,SHORT,2025-04-29T14:30:00Z,TP_BEFORE_SL,0.05749893111323906,0.28253613506993847,3
ET27-00544,TRAP_REVERSAL,ETHUSDT,LONG,2025-04-29T20:30:00Z,SL_BEFORE_TP,-0.5540492556844301,-1.764211331999341,2
ET27-00545,SHORT_CONTINUATION_PRACTICAL_TARGET,ETHUSDT,SHORT,2025-04-29T21:00:00Z,TP_BEFORE_SL,2.5849796634450763,1.8300872724107906,66
ET27-00546,MOMENTUM_BREAKDOWN_PULLBACK,ETHUSDT,SHORT,2025-04-29T21:15:00Z,TP_BEFORE_SL,0.23382672343689742,0.7402285852753436,7
ET27-00547,SHORT_CONTINUATION_PRACTICAL_TARGET,BTCUSDT,SHORT,2025-04-29T22:00:00Z,SL_BEFORE_TP,-1.0446685743780875,-1.2982594420137399,23
ET27-00548,MOMENTUM_BREAKDOWN_PULLBACK,BTCUSDT,SHORT,2025-04-29T22:15:00Z,TP_BEFORE_SL,0.06786573374724791,0.3306590810929504,3
ET27-00549,SHORT_CONTINUATION_PRACTICAL_TARGET,SOLUSDT,SHORT,2025-04-29T23:00:00Z,SL_BEFORE_TP,-1.8453624700589155,-1.149498947730597,17
ET27-00550,SHORT_CONTINUATION_PRACTICAL_TARGET,SOLUSDT,SHORT,2025-04-30T07:30:00Z,SL_BEFORE_TP,-1.3414413484102286,-1.217896305006531,16
ET27-00551,MOMENTUM_BREAKDOWN_PULLBACK,SOLUSDT,SHORT,2025-04-30T12:30:00Z,TP_BEFORE_SL,1.3911780728198444,1.2793006134654112,2
ET27-00552,MOMENTUM_BREAKDOWN_PULLBACK,ETHUSDT,SHORT,2025-04-30T12:45:00Z,TP_BEFORE_SL,0.4948325056047185,1.010092439767975,1
ET27-00553,MOMENTUM_BREAKDOWN_PULLBACK,BTCUSDT,SHORT,2025-04-30T13:30:00Z,SL_BEFORE_TP,-1.0731998356332972,-1.2880461441973055,27
ET27-00554,SHORT_CONTINUATION_PRACTICAL_TARGET,ETHUSDT,SHORT,2025-05-02T07:00:00Z,SL_BEFORE_TP,-1.2462390185905066,-1.238511919698941,22
ET27-00555,MOMENTUM_BREAKDOWN_PULLBACK,ETHUSDT,SHORT,2025-05-02T07:45:00Z,SL_BEFORE_TP,-0.814513751262615,-1.4177445700343105,5
ET27-00556,SHORT_CONTINUATION_PRACTICAL_TARGET,SOLUSDT,SHORT,2025-05-02T19:00:00Z,TP_BEFORE_SL,1.410711181031345,1.2819121817693824,88
ET27-00557,SHORT_CONTINUATION_PRACTICAL_TARGET,BTCUSDT,SHORT,2025-05-02T22:00:00Z,TP_BEFORE_SL,0.5148669379514494,1.0230947576310971,50
ET27-00558,SHORT_CONTINUATION_PRACTICAL_TARGET,BTCUSDT,SHORT,2025-05-03T01:30:00Z,TP_BEFORE_SL,0.38120058112699284,0.9204770392408814,37
ET27-00559,SHORT_CONTINUATION_PRACTICAL_TARGET,BTCUSDT,SHORT,2025-05-03T03:45:00Z,TP_BEFORE_SL,0.3452501882052933,0.8848784549664773,79
ET27-00560,MOMENTUM_BREAKDOWN_PULLBACK,ETHUSDT,SHORT,2025-05-03T06:15:00Z,SL_BEFORE_TP,-0.47735643438140607,-2.011137535097726,2
ET27-00561,SHORT_CONTINUATION_PRACTICAL_TARGET,SOLUSDT,SHORT,2025-05-03T06:15:00Z,SL_BEFORE_TP,-0.7010341402600682,-1.5205688235249055,9
ET27-00562,MOMENTUM_BREAKDOWN_PULLBACK,BTCUSDT,SHORT,2025-05-03T06:45:00Z,SL_BEFORE_TP,-0.3984826191247969,-2.5143616462510145,3
ET27-00563,SHORT_CONTINUATION_PRACTICAL_TARGET,SOLUSDT,SHORT,2025-05-03T10:45:00Z,SL_BEFORE_TP,-0.8546281656861067,-1.3904799900149207,6
ET27-00564,SHORT_CONTINUATION_PRACTICAL_TARGET,BTCUSDT,SHORT,2025-05-04T01:30:00Z,SL_BEFORE_TP,-0.6235806964409684,-1.6256832062375044,1
ET27-00565,MOMENTUM_BREAKDOWN_PULLBACK,SOLUSDT,SHORT,2025-05-04T03:45:00Z,SL_BEFORE_TP,-0.6784621692394632,-1.5473676336006208,6
ET27-00566,RANGE_BOUNDARY_REJECTION,ETHUSDT,SHORT,2025-05-04T06:15:00Z,SL_BEFORE_TP,-0.5066803507369984,-1.8999538186324396,2
ET27-00567,TRAP_REVERSAL,ETHUSDT,SHORT,2025-05-04T06:15:00Z,SL_BEFORE_TP,-0.5066803507369984,-1.8999538186324396,2
ET27-00568,SHORT_CONTINUATION_PRACTICAL_TARGET,BTCUSDT,SHORT,2025-05-04T08:15:00Z,TP_BEFORE_SL,0.6499897688443832,1.4606679573145418,57
ET27-00569,SHORT_CONTINUATION_PRACTICAL_TARGET,ETHUSDT,SHORT,2025-05-04T09:15:00Z,SL_BEFORE_TP,-1.1633780240166138,-1.2599152175573995,44
ET27-00570,SHORT_CONTINUATION_PRACTICAL_TARGET,SOLUSDT,SHORT,2025-05-04T09:15:00Z,SL_BEFORE_TP,-1.0532912478687513,-1.295097236849561,8
ET27-00571,MOMENTUM_BREAKDOWN_PULLBACK,BTCUSDT,SHORT,2025-05-04T22:30:00Z,TP_BEFORE_SL,0.4908760832639665,1.0074404427186967,4
ET27-00572,MOMENTUM_BREAKDOWN_PULLBACK,ETHUSDT,SHORT,2025-05-04T22:30:00Z,TP_BEFORE_SL,0.748337965644878,1.1357521288124306,12
ET27-00573,MOMENTUM_BREAKDOWN_PULLBACK,SOLUSDT,SHORT,2025-05-04T23:00:00Z,TP_BEFORE_SL,0.29410673731771986,0.8259774220263062,1
ET27-00574,SHORT_CONTINUATION_PRACTICAL_TARGET,SOLUSDT,SHORT,2025-05-05T01:30:00Z,SL_BEFORE_TP,-1.837851442654433,-1.1502016981011074,11
ET27-00575,SHORT_CONTINUATION_PRACTICAL_TARGET,BTCUSDT,SHORT,2025-05-05T10:00:00Z,TP_BEFORE_SL,0.12223068025039113,0.5061581759138933,3
ET27-00576,MOMENTUM_BREAKDOWN_PULLBACK,BTCUSDT,SHORT,2025-05-05T10:30:00Z,TP_BEFORE_SL,0.18880279323491994,0.6604532300637938,12
ET27-00577,MOMENTUM_BREAKDOWN_PULLBACK,BTCUSDT,SHORT,2025-05-06T08:15:00Z,SL_BEFORE_TP,-0.4529992387209593,-2.126764590527073,1
ET27-00578,SHORT_CONTINUATION_PRACTICAL_TARGET,SOLUSDT,SHORT,2025-05-06T10:30:00Z,TP_BEFORE_SL,0.8741753990561025,1.1768910888671733,11
ET27-00579,MOMENTUM_BREAKDOWN_PULLBACK,BTCUSDT,SHORT,2025-05-06T10:45:00Z,TP_BEFORE_SL,0.01441904891828566,0.08501161162808679,12
ET27-00580,SHORT_CONTINUATION_PRACTICAL_TARGET,ETHUSDT,SHORT,2025-05-07T16:15:00Z,SL_BEFORE_TP,-1.4426486243059236,-1.199559534804698,34
ET27-00581,SHORT_CONTINUATION_PRACTICAL_TARGET,SOLUSDT,SHORT,2025-05-07T16:15:00Z,SL_BEFORE_TP,-1.0441825972125558,-1.29843968376322,2
ET27-00582,SHORT_CONTINUATION_PRACTICAL_TARGET,SOLUSDT,SHORT,2025-05-10T11:30:00Z,SL_BEFORE_TP,-2.195717485411743,-1.122717111131965,20
ET27-00583,MOMENTUM_BREAKDOWN_PULLBACK,ETHUSDT,SHORT,2025-05-11T13:30:00Z,TP_BEFORE_SL,0.6393075898377081,1.0905869525515701,1
ET27-00584,MOMENTUM_BREAKDOWN_PULLBACK,SOLUSDT,SHORT,2025-05-11T13:30:00Z,TP_BEFORE_SL,0.7486657197745735,1.135872881197819,9
ET27-00585,TRAP_REVERSAL,BTCUSDT,LONG,2025-05-11T23:00:00Z,TP_BEFORE_SL,0.053084056623900644,0.33026435427716105,4
ET27-00586,RANGE_BOUNDARY_REJECTION,ETHUSDT,LONG,2025-05-12T05:30:00Z,SL_BEFORE_TP,-0.7346624294277005,-1.4851793581284674,2
ET27-00587,RANGE_BOUNDARY_REJECTION,BTCUSDT,LONG,2025-05-12T12:15:00Z,TP_BEFORE_SL,0.03386768312782312,0.14117698565146153,4
ET27-00588,SHORT_CONTINUATION_PRACTICAL_TARGET,BTCUSDT,SHORT,2025-05-12T18:00:00Z,SL_BEFORE_TP,-1.3842843650765808,-1.2097380750141928,61
ET27-00589,SHORT_CONTINUATION_PRACTICAL_TARGET,ETHUSDT,SHORT,2025-05-12T18:00:00Z,SL_BEFORE_TP,-2.402189274845896,-1.1109986081200525,70
ET27-00590,MOMENTUM_BREAKDOWN_PULLBACK,BTCUSDT,SHORT,2025-05-12T18:30:00Z,SL_BEFORE_TP,-1.327071254342354,-1.2207766961377273,8
ET27-00591,MOMENTUM_BREAKDOWN_PULLBACK,ETHUSDT,SHORT,2025-05-12T18:45:00Z,SL_BEFORE_TP,-1.9940362945359267,-1.1368272713327736,7
ET27-00592,SHORT_CONTINUATION_PRACTICAL_TARGET,BTCUSDT,SHORT,2025-05-13T02:00:00Z,SL_BEFORE_TP,-0.8794961953244679,-1.375295430613514,11
ET27-00593,SHORT_CONTINUATION_PRACTICAL_TARGET,SOLUSDT,SHORT,2025-05-13T02:30:00Z,SL_BEFORE_TP,-2.4152867299570255,-1.1103302827598922,19
ET27-00594,MOMENTUM_BREAKDOWN_PULLBACK,SOLUSDT,SHORT,2025-05-13T03:15:00Z,SL_BEFORE_TP,-1.4059334442259435,-1.205843653588078,6
ET27-00595,SHORT_CONTINUATION_PRACTICAL_TARGET,BTCUSDT,SHORT,2025-05-14T08:45:00Z,SL_BEFORE_TP,-0.9287683021969686,-1.348448090939247,6
ET27-00596,MOMENTUM_BREAKDOWN_PULLBACK,BTCUSDT,SHORT,2025-05-14T09:00:00Z,SL_BEFORE_TP,-0.4341957821137966,-2.2358661830222584,1
ET27-00597,MOMENTUM_BREAKDOWN_PULLBACK,SOLUSDT,SHORT,2025-05-14T14:15:00Z,TP_BEFORE_SL,1.6217330194341837,1.3066317800447025,12
ET27-00598,MOMENTUM_BREAKDOWN_PULLBACK,BTCUSDT,SHORT,2025-05-15T01:45:00Z,TP_BEFORE_SL,0.46786103070175966,0.991425598548485,19
ET27-00599,SHORT_CONTINUATION_PRACTICAL_TARGET,SOLUSDT,SHORT,2025-05-15T03:45:00Z,TP_BEFORE_SL,1.9136173854765575,1.332839388078989,16
ET27-00600,SHORT_CONTINUATION_PRACTICAL_TARGET,BTCUSDT,SHORT,2025-05-15T05:45:00Z,TP_BEFORE_SL,0.6482026659322128,1.0946870981048429,36
ET27-00601,SHORT_CONTINUATION_PRACTICAL_TARGET,ETHUSDT,SHORT,2025-05-15T06:30:00Z,TP_BEFORE_SL,2.2754640693546646,1.809180339386385,32
ET27-00602,SHORT_CONTINUATION_PRACTICAL_TARGET,SOLUSDT,SHORT,2025-05-15T07:00:00Z,NEITHER_EXPIRED,-0.2749222978872023,-0.17137581529241946,96
ET27-00603,MOMENTUM_BREAKDOWN_PULLBACK,ETHUSDT,SHORT,2025-05-15T07:15:00Z,SL_BEFORE_TP,-1.2650047362034873,-1.2341452595516147,6
ET27-00604,MOMENTUM_BREAKDOWN_PULLBACK,SOLUSDT,SHORT,2025-05-15T07:15:00Z,SL_BEFORE_TP,-0.9887217401163396,-1.3205463220056997,5
ET27-00605,SHORT_CONTINUATION_PRACTICAL_TARGET,BTCUSDT,SHORT,2025-05-15T09:30:00Z,SL_BEFORE_TP,-0.8797066640232104,-1.3751719553624848,8
ET27-00606,SHORT_CONTINUATION_PRACTICAL_TARGET,SOLUSDT,SHORT,2025-05-15T10:30:00Z,SL_BEFORE_TP,-1.9277891589774294,-1.1421978561264177,8
ET27-00607,SHORT_CONTINUATION_PRACTICAL_TARGET,ETHUSDT,SHORT,2025-05-15T14:30:00Z,SL_BEFORE_TP,-3.340113090527127,-1.0774165306205625,7
ET27-00608,RANGE_BOUNDARY_REJECTION,SOLUSDT,LONG,2025-05-16T18:45:00Z,TP_BEFORE_SL,0.29428839830908005,0.6639576550415105,4
ET27-00609,TRAP_REVERSAL,SOLUSDT,LONG,2025-05-16T18:45:00Z,TP_BEFORE_SL,0.29428839830908005,0.6639576550415105,4
ET27-00610,SHORT_CONTINUATION_PRACTICAL_TARGET,SOLUSDT,SHORT,2025-05-16T20:30:00Z,TP_BEFORE_SL,2.5348049196242,1.8270148663045445,21
ET27-00611,SHORT_CONTINUATION_PRACTICAL_TARGET,BTCUSDT,SHORT,2025-05-16T22:00:00Z,TP_BEFORE_SL,0.26590496824943943,0.7884039046983518,12
ET27-00612,MOMENTUM_BREAKDOWN_PULLBACK,ETHUSDT,SHORT,2025-05-16T22:15:00Z,TP_BEFORE_SL,0.4810376899518012,1.0007195809361025,2
ET27-00613,SHORT_CONTINUATION_PRACTICAL_TARGET,ETHUSDT,SHORT,2025-05-16T22:15:00Z,TP_BEFORE_SL,1.8607038904491853,1.3286288697627866,9
ET27-00614,MOMENTUM_BREAKDOWN_PULLBACK,SOLUSDT,SHORT,2025-05-16T22:15:00Z,SL_BEFORE_TP,-0.759992540999618,-1.4615450820479678,3
ET27-00615,RANGE_BOUNDARY_REJECTION,BTCUSDT,LONG,2025-05-16T22:45:00Z,SL_BEFORE_TP,-0.3805531723202842,-2.7075388341509807,6
ET27-00616,MOMENTUM_BREAKDOWN_PULLBACK,BTCUSDT,SHORT,2025-05-17T00:30:00Z,SL_BEFORE_TP,-0.44788488570862234,-2.154485085252379,1
ET27-00617,SHORT_CONTINUATION_PRACTICAL_TARGET,ETHUSDT,SHORT,2025-05-17T02:00:00Z,SL_BEFORE_TP,-2.4708974418233076,-1.107580023850782,10
ET27-00618,SHORT_CONTINUATION_PRACTICAL_TARGET,SOLUSDT,SHORT,2025-05-17T02:00:00Z,SL_BEFORE_TP,-2.0616757345457333,-1.1317468281806191,6
ET27-00619,SHORT_FAILED_REBOUND,BTCUSDT,SHORT,2025-05-17T08:45:00Z,TP_BEFORE_SL,-0.04830026587904726,-0.31494739742683997,1
ET27-00620,SHORT_CONTINUATION_PRACTICAL_TARGET,BTCUSDT,SHORT,2025-05-17T09:15:00Z,SL_BEFORE_TP,-0.9311329409449504,-1.347255912403568,82
ET27-00621,SHORT_CONTINUATION_PRACTICAL_TARGET,SOLUSDT,SHORT,2025-05-17T13:30:00Z,SL_BEFORE_TP,-1.3730088629644366,-1.211825350926256,6
ET27-00622,TRAP_REVERSAL,SOLUSDT,SHORT,2025-05-18T01:45:00Z,SL_BEFORE_TP,-0.6521150937286462,-1.5823615869745988,11
ET27-00623,SHORT_CONTINUATION_PRACTICAL_TARGET,ETHUSDT,SHORT,2025-05-18T19:30:00Z,TP_BEFORE_SL,3.6628021061986002,1.8770114428201103,2
ET27-00624,MOMENTUM_BREAKDOWN_PULLBACK,ETHUSDT,SHORT,2025-05-18T19:45:00Z,TP_BEFORE_SL,1.6821901351022939,1.3127136366867114,1
ET27-00625,MOMENTUM_BREAKDOWN_PULLBACK,SOLUSDT,SHORT,2025-05-18T19:45:00Z,SL_BEFORE_TP,-1.1572352795864185,-1.2616558753695302,6
ET27-00626,SHORT_CONTINUATION_PRACTICAL_TARGET,SOLUSDT,SHORT,2025-05-18T19:45:00Z,SL_BEFORE_TP,-2.77453975069046,-1.0946917482492113,15
ET27-00627,SHORT_CONTINUATION_PRACTICAL_TARGET,SOLUSDT,SHORT,2025-05-19T04:15:00Z,TP_BEFORE_SL,1.2281594655498065,1.2547950284370535,2
ET27-00628,MOMENTUM_BREAKDOWN_PULLBACK,SOLUSDT,SHORT,2025-05-19T04:30:00Z,TP_BEFORE_SL,1.2737955469206963,1.2621871720178548,7
ET27-00629,SHORT_CONTINUATION_PRACTICAL_TARGET,SOLUSDT,SHORT,2025-05-19T06:30:00Z,SL_BEFORE_TP,-2.196712892183621,-1.1226546832489914,33
ET27-00630,MOMENTUM_BREAKDOWN_PULLBACK,BTCUSDT,SHORT,2025-05-19T12:15:00Z,TP_BEFORE_SL,-0.11357314102110486,-1.3474961958842617,1
ET27-00631,SHORT_CONTINUATION_PRACTICAL_TARGET,ETHUSDT,SHORT,2025-05-20T13:30:00Z,SL_BEFORE_TP,-1.8896039633554047,-1.1454894661575763,28
ET27-00632,SHORT_CONTINUATION_PRACTICAL_TARGET,SOLUSDT,SHORT,2025-05-20T14:00:00Z,SL_BEFORE_TP,-1.3850080878750581,-1.2096055063203959,3
ET27-00633,MOMENTUM_BREAKDOWN_PULLBACK,BTCUSDT,SHORT,2025-05-23T04:30:00Z,SL_BEFORE_TP,-0.46078957780066654,-2.0870078306715953,2
ET27-00634,SHORT_CONTINUATION_PRACTICAL_TARGET,BTCUSDT,SHORT,2025-05-23T04:30:00Z,SL_BEFORE_TP,-0.849119371170541,-1.3940114390694773,21
ET27-00635,MOMENTUM_BREAKDOWN_PULLBACK,BTCUSDT,SHORT,2025-05-23T11:45:00Z,TP_BEFORE_SL,1.7220785624162003,1.316521108330811,48
ET27-00636,SHORT_CONTINUATION_PRACTICAL_TARGET,BTCUSDT,SHORT,2025-05-23T22:45:00Z,SL_BEFORE_TP,-1.0792433190758035,-1.285971892232987,47
ET27-00637,MOMENTUM_BREAKDOWN_PULLBACK,SOLUSDT,SHORT,2025-05-23T22:45:00Z,TP_BEFORE_SL,0.3538579025718247,0.8937943766666312,2
ET27-00638,SHORT_CONTINUATION_PRACTICAL_TARGET,SOLUSDT,SHORT,2025-05-24T00:45:00Z,SL_BEFORE_TP,-1.7995198058409412,-1.153893524853687,9
ET27-00639,SHORT_CONTINUATION_PRACTICAL_TARGET,SOLUSDT,SHORT,2025-05-24T08:15:00Z,SL_BEFORE_TP,-1.4500905849959456,-1.1983322595645218,4
ET27-00640,TRAP_REVERSAL,ETHUSDT,SHORT,2025-05-24T17:00:00Z,SL_BEFORE_TP,-0.36810894727753485,-2.87340544981659,5
ET27-00641,TRAP_REVERSAL,BTCUSDT,LONG,2025-05-24T22:00:00Z,SL_BEFORE_TP,-0.37006759475243445,-2.845194419538598,1
ET27-00642,SHORT_CONTINUATION_PRACTICAL_TARGET,BTCUSDT,SHORT,2025-05-24T22:45:00Z,TP_BEFORE_SL,0.8499463593428964,1.16970851646586,42
ET27-00643,SHORT_CONTINUATION_PRACTICAL_TARGET,SOLUSDT,SHORT,2025-05-25T00:30:00Z,SL_BEFORE_TP,-2.247450464097759,-1.119554631256053,96
ET27-00644,MOMENTUM_BREAKDOWN_PULLBACK,SOLUSDT,SHORT,2025-05-25T00:45:00Z,SL_BEFORE_TP,-1.245319425891291,-1.2387300929624652,16
ET27-00645,SHORT_CONTINUATION_PRACTICAL_TARGET,ETHUSDT,SHORT,2025-05-25T07:00:00Z,SL_BEFORE_TP,-0.9821863555989253,-1.3233689196648275,21
ET27-00646,MOMENTUM_BREAKDOWN_PULLBACK,ETHUSDT,SHORT,2025-05-25T07:15:00Z,TP_BEFORE_SL,0.3119692347958425,0.8477897366269813,6
ET27-00647,MOMENTUM_BREAKDOWN_PULLBACK,SOLUSDT,SHORT,2025-05-25T07:15:00Z,TP_BEFORE_SL,0.5514396471460192,1.0451327194711677,6
ET27-00648,SHORT_FAILED_REBOUND,ETHUSDT,SHORT,2025-05-25T10:45:00Z,SL_BEFORE_TP,-0.6768430533350611,-1.5493963980146404,6
ET27-00649,MOMENTUM_BREAKDOWN_PULLBACK,BTCUSDT,SHORT,2025-05-25T15:15:00Z,SL_BEFORE_TP,-0.8192070922932592,-1.4143595670587632,12
ET27-00650,MOMENTUM_BREAKDOWN_PULLBACK,ETHUSDT,SHORT,2025-05-25T15:15:00Z,SL_BEFORE_TP,-1.0575216384426689,-1.2935702111288285,2
ET27-00651,TRAP_REVERSAL,ETHUSDT,LONG,2025-05-26T16:15:00Z,SL_BEFORE_TP,-0.6491789892189165,-1.5865403804289584,6
ET27-00652,RANGE_BOUNDARY_REJECTION,SOLUSDT,LONG,2025-05-26T16:30:00Z,SL_BEFORE_TP,-0.8496193379094218,-1.393688298706265,3
ET27-00653,TRAP_REVERSAL,SOLUSDT,LONG,2025-05-26T16:30:00Z,SL_BEFORE_TP,-0.8496193379094218,-1.393688298706265,3
ET27-00654,MOMENTUM_BREAKDOWN_PULLBACK,SOLUSDT,SHORT,2025-05-26T17:30:00Z,SL_BEFORE_TP,-0.7585873439778786,-1.4627957137539354,14
ET27-00655,SHORT_CONTINUATION_PRACTICAL_TARGET,BTCUSDT,SHORT,2025-05-27T01:00:00Z,SL_BEFORE_TP,-1.1319557788765833,-1.269071635257837,28
ET27-00656,SHORT_CONTINUATION_PRACTICAL_TARGET,SOLUSDT,SHORT,2025-05-27T01:00:00Z,SL_BEFORE_TP,-2.035226167356254,-1.133687890898692,27
ET27-00657,MOMENTUM_BREAKDOWN_PULLBACK,BTCUSDT,SHORT,2025-05-27T01:15:00Z,SL_BEFORE_TP,-0.631063715643405,-1.6137107340811085,7
ET27-00658,MOMENTUM_BREAKDOWN_PULLBACK,SOLUSDT,SHORT,2025-05-27T01:15:00Z,SL_BEFORE_TP,-0.678194996752453,-1.5477013698894007,4
ET27-00659,SHORT_CONTINUATION_PRACTICAL_TARGET,BTCUSDT,SHORT,2025-05-27T21:30:00Z,TP_BEFORE_SL,1.1533110813191398,1.2416226678832094,70
ET27-00660,MOMENTUM_BREAKDOWN_PULLBACK,ETHUSDT,SHORT,2025-05-28T01:45:00Z,SL_BEFORE_TP,-0.719340897273232,-1.5006875093806071,7
ET27-00661,SHORT_CONTINUATION_PRACTICAL_TARGET,ETHUSDT,SHORT,2025-05-28T01:45:00Z,SL_BEFORE_TP,-1.2616505323776126,-1.234913987115991,42
ET27-00662,MOMENTUM_BREAKDOWN_PULLBACK,SOLUSDT,SHORT,2025-05-28T02:00:00Z,TP_BEFORE_SL,0.2242176872071367,0.7245017587204388,16
ET27-00663,SHORT_CONTINUATION_PRACTICAL_TARGET,SOLUSDT,SHORT,2025-05-28T09:15:00Z,SL_BEFORE_TP,-0.9919863975477222,-1.3191547091578464,11
ET27-00664,MOMENTUM_BREAKDOWN_PULLBACK,BTCUSDT,SHORT,2025-05-28T13:45:00Z,TP_BEFORE_SL,0.4228746382889851,0.9569108860021752,5
ET27-00665,MOMENTUM_BREAKDOWN_PULLBACK,SOLUSDT,SHORT,2025-05-28T14:00:00Z,TP_BEFORE_SL,0.5563947079203839,1.047962842520548,3
ET27-00666,SHORT_CONTINUATION_PRACTICAL_TARGET,SOLUSDT,SHORT,2025-05-28T14:00:00Z,SL_BEFORE_TP,-2.035258501282046,-1.1336854830814667,52
ET27-00667,MOMENTUM_BREAKDOWN_PULLBACK,ETHUSDT,SHORT,2025-05-28T19:45:00Z,SL_BEFORE_TP,-0.6256216351828605,-1.6223717190717082,2
ET27-00668,RANGE_BOUNDARY_REJECTION,SOLUSDT,SHORT,2025-05-29T09:00:00Z,TP_BEFORE_SL,0.06919493729410886,0.39189396436947654,2
ET27-00669,MOMENTUM_BREAKDOWN_PULLBACK,SOLUSDT,SHORT,2025-05-29T13:15:00Z,TP_BEFORE_SL,0.46823289831231474,0.9916926326666513,2
ET27-00670,SHORT_CONTINUATION_PRACTICAL_TARGET,ETHUSDT,SHORT,2025-05-29T13:30:00Z,NEITHER_EXPIRED,2.195676626980844,0.9634321843353638,96
ET27-00671,SHORT_CONTINUATION_PRACTICAL_TARGET,SOLUSDT,SHORT,2025-05-29T13:30:00Z,TP_BEFORE_SL,2.350864736779074,1.81473367050542,22
ET27-00672,MOMENTUM_BREAKDOWN_PULLBACK,ETHUSDT,SHORT,2025-05-29T14:00:00Z,TP_BEFORE_SL,1.257672376812977,1.2596270014900894,43
ET27-00673,MOMENTUM_BREAKDOWN_PULLBACK,BTCUSDT,SHORT,2025-05-29T14:15:00Z,TP_BEFORE_SL,1.0013958325529315,1.210003859720022,19
ET27-00674,SHORT_CONTINUATION_PRACTICAL_TARGET,BTCUSDT,SHORT,2025-05-29T14:15:00Z,NEITHER_EXPIRED,1.4794174144168124,1.00462601370893,96
ET27-00675,SHORT_CONTINUATION_PRACTICAL_TARGET,BTCUSDT,SHORT,2025-05-29T18:45:00Z,TP_BEFORE_SL,1.6879335730863207,1.7510287663948947,88
ET27-00676,MOMENTUM_BREAKDOWN_PULLBACK,BTCUSDT,SHORT,2025-05-29T19:00:00Z,SL_BEFORE_TP,-0.6488962435498957,-1.5869459643757131,4
ET27-00677,SHORT_CONTINUATION_PRACTICAL_TARGET,SOLUSDT,SHORT,2025-05-29T19:00:00Z,TP_BEFORE_SL,4.172651800519618,1.891221872538532,86
ET27-00678,SHORT_CONTINUATION_PRACTICAL_TARGET,BTCUSDT,SHORT,2025-05-30T00:45:00Z,SL_BEFORE_TP,-1.4907062874579302,-1.191891575509548,19
ET27-00679,SHORT_CONTINUATION_PRACTICAL_TARGET,ETHUSDT,SHORT,2025-05-30T00:45:00Z,SL_BEFORE_TP,-3.0916855534896532,-1.0841607517723362,19
ET27-00680,SHORT_CONTINUATION_PRACTICAL_TARGET,SOLUSDT,SHORT,2025-05-30T00:45:00Z,NEITHER_EXPIRED,3.473314797652142,0.9731919802631879,96
ET27-00681,MOMENTUM_BREAKDOWN_PULLBACK,SOLUSDT,SHORT,2025-05-30T06:30:00Z,TP_BEFORE_SL,0.37259063516970703,0.9123318586150626,1
ET27-00682,SHORT_CONTINUATION_PRACTICAL_TARGET,ETHUSDT,SHORT,2025-05-30T13:45:00Z,TP_BEFORE_SL,3.4267025954787957,1.8690921918260126,47
ET27-00683,SHORT_CONTINUATION_PRACTICAL_TARGET,BTCUSDT,SHORT,2025-05-30T16:15:00Z,NEITHER_EXPIRED,-0.23432588071835656,-0.2073022641062331,96
ET27-00684,SHORT_CONTINUATION_PRACTICAL_TARGET,SOLUSDT,SHORT,2025-05-30T16:15:00Z,TP_BEFORE_SL,3.69670014534646,1.8780704696121182,37
ET27-00685,MOMENTUM_BREAKDOWN_PULLBACK,BTCUSDT,SHORT,2025-05-30T16:30:00Z,TP_BEFORE_SL,0.2806732190869714,0.8085874464001168,1
ET27-00686,MOMENTUM_BREAKDOWN_PULLBACK,SOLUSDT,SHORT,2025-05-30T16:30:00Z,SL_BEFORE_TP,-1.1806444879604938,-1.255144215558386,6
ET27-00687,SHORT_CONTINUATION_PRACTICAL_TARGET,ETHUSDT,SHORT,2025-05-30T16:45:00Z,NEITHER_EXPIRED,-0.23094780425216985,-0.07764696935945894,96
ET27-00688,MOMENTUM_BREAKDOWN_PULLBACK,ETHUSDT,SHORT,2025-05-30T22:30:00Z,TP_BEFORE_SL,1.6223530927461507,1.3066961622894129,12
ET27-00689,MOMENTUM_BREAKDOWN_PULLBACK,BTCUSDT,SHORT,2025-05-30T22:45:00Z,TP_BEFORE_SL,0.31817178016340675,0.8550372612986584,12
ET27-00690,SHORT_CONTINUATION_PRACTICAL_TARGET,SOLUSDT,SHORT,2025-05-30T22:45:00Z,NEITHER_EXPIRED,-0.31655502392344786,-0.11587105604701343,96
ET27-00691,SHORT_CONTINUATION_PRACTICAL_TARGET,BTCUSDT,SHORT,2025-05-31T02:45:00Z,SL_BEFORE_TP,-1.0420073830947767,-1.2992491154805719,40
ET27-00692,SHORT_CONTINUATION_PRACTICAL_TARGET,BTCUSDT,SHORT,2025-05-31T09:15:00Z,SL_BEFORE_TP,-0.5612380667381058,-1.7471094644448335,11
ET27-00693,MOMENTUM_BREAKDOWN_PULLBACK,BTCUSDT,SHORT,2025-05-31T10:00:00Z,SL_BEFORE_TP,-0.3802948746598864,-2.7106825932296275,8
ET27-00694,MOMENTUM_BREAKDOWN_PULLBACK,SOLUSDT,SHORT,2025-05-31T10:30:00Z,SL_BEFORE_TP,-0.9759701746532753,-1.326100171264504,6
ET27-00695,SHORT_CONTINUATION_PRACTICAL_TARGET,ETHUSDT,SHORT,2025-06-01T00:00:00Z,NEITHER_EXPIRED,-0.8648908920664646,-0.761131105546931,96
ET27-00696,MOMENTUM_BREAKDOWN_PULLBACK,ETHUSDT,SHORT,2025-06-01T00:15:00Z,SL_BEFORE_TP,-0.49085277466780564,-1.9567364774729816,2
ET27-00697,SHORT_CONTINUATION_PRACTICAL_TARGET,SOLUSDT,SHORT,2025-06-01T02:00:00Z,SL_BEFORE_TP,-1.800054473404556,-1.1538407819031091,78
ET27-00698,SHORT_FAILED_REBOUND,ETHUSDT,SHORT,2025-06-01T02:45:00Z,TP_BEFORE_SL,0.13971693845990074,0.45993779941243007,2
ET27-00699,MOMENTUM_BREAKDOWN_PULLBACK,SOLUSDT,SHORT,2025-06-01T03:15:00Z,SL_BEFORE_TP,-0.6652512308505398,-1.5643722641789393,2
ET27-00700,MOMENTUM_BREAKDOWN_PULLBACK,BTCUSDT,SHORT,2025-06-01T09:30:00Z,SL_BEFORE_TP,-0.39624984237740557,-2.5360015494947152,7
ET27-00701,MOMENTUM_BREAKDOWN_PULLBACK,ETHUSDT,SHORT,2025-06-01T09:30:00Z,SL_BEFORE_TP,-0.6360045595195432,-1.606053627996563,2
ET27-00702,SHORT_CONTINUATION_PRACTICAL_TARGET,ETHUSDT,SHORT,2025-06-01T09:30:00Z,SL_BEFORE_TP,-1.2781265936304986,-1.2311856776163306,19
ET27-00703,SHORT_CONTINUATION_PRACTICAL_TARGET,ETHUSDT,SHORT,2025-06-02T03:00:00Z,SL_BEFORE_TP,-1.780869476556122,-1.1557562166371194,45
ET27-00704,TRAP_REVERSAL,SOLUSDT,SHORT,2025-06-02T08:15:00Z,TP_BEFORE_SL,0.1630452306314346,0.7154704355018571,1
ET27-00705,SHORT_CONTINUATION_PRACTICAL_TARGET,SOLUSDT,SHORT,2025-06-02T09:00:00Z,SL_BEFORE_TP,-2.1577014596455135,-1.1251498239169948,53
ET27-00706,SHORT_CONTINUATION_PRACTICAL_TARGET,BTCUSDT,SHORT,2025-06-02T11:30:00Z,SL_BEFORE_TP,-0.850251785029585,-1.3932802916559512,12
ET27-00707,SHORT_CONTINUATION_PRACTICAL_TARGET,BTCUSDT,SHORT,2025-06-02T13:45:00Z,SL_BEFORE_TP,-1.0101414634925403,-1.311631059197379,3
ET27-00708,SHORT_CONTINUATION_PRACTICAL_TARGET,SOLUSDT,SHORT,2025-06-03T21:30:00Z,NEITHER_EXPIRED,0.10044193216855163,0.03794742487135756,96
ET27-00709,SHORT_CONTINUATION_PRACTICAL_TARGET,BTCUSDT,SHORT,2025-06-04T05:15:00Z,SL_BEFORE_TP,-0.49469196781774066,-1.9423147579265068,17
ET27-00710,MOMENTUM_BREAKDOWN_PULLBACK,BTCUSDT,SHORT,2025-06-04T05:30:00Z,SL_BEFORE_TP,-0.28598768484363835,-6.218788482525666,1
ET27-00711,MOMENTUM_BREAKDOWN_PULLBACK,BTCUSDT,SHORT,2025-06-04T11:45:00Z,TP_BEFORE_SL,0.08277824076533519,0.38468318327031126,8
ET27-00712,SHORT_CONTINUATION_PRACTICAL_TARGET,BTCUSDT,SHORT,2025-06-04T13:45:00Z,SL_BEFORE_TP,-0.7484076581569488,-1.472062126030978,6
ET27-00713,SHORT_CONTINUATION_PRACTICAL_TARGET,SOLUSDT,SHORT,2025-06-04T20:00:00Z,TP_BEFORE_SL,1.692899978383541,1.751668474640153,59
ET27-00714,MOMENTUM_BREAKDOWN_PULLBACK,SOLUSDT,SHORT,2025-06-04T20:15:00Z,TP_BEFORE_SL,-0.056774774866077016,-0.46479496606904847,1
ET27-00715,SHORT_CONTINUATION_PRACTICAL_TARGET,SOLUSDT,SHORT,2025-06-04T22:15:00Z,TP_BEFORE_SL,1.7574368254900583,1.3197690182708712,62
ET27-00716,TRAP_REVERSAL,ETHUSDT,SHORT,2025-06-05T04:15:00Z,SL_BEFORE_TP,-0.44665737147317874,-2.161342555985953,2
ET27-00717,MOMENTUM_BREAKDOWN_PULLBACK,BTCUSDT,SHORT,2025-06-05T05:45:00Z,TP_BEFORE_SL,-0.08294289556838608,-0.7921599204495191,3
ET27-00718,SHORT_CONTINUATION_PRACTICAL_TARGET,BTCUSDT,SHORT,2025-06-05T16:30:00Z,TP_BEFORE_SL,1.9769884651015348,1.7834900778439473,14
ET27-00719,MOMENTUM_BREAKDOWN_PULLBACK,BTCUSDT,SHORT,2025-06-05T16:45:00Z,TP_BEFORE_SL,0.7590127399527907,1.1396442351505827,10
ET27-00720,SHORT_CONTINUATION_PRACTICAL_TARGET,BTCUSDT,SHORT,2025-06-05T20:30:00Z,SL_BEFORE_TP,-2.09938228651904,-1.129075124432483,32
ET27-00721,SHORT_CONTINUATION_PRACTICAL_TARGET,SOLUSDT,SHORT,2025-06-05T20:30:00Z,SL_BEFORE_TP,-4.80196314242743,-1.0526089300827397,55
ET27-00722,MOMENTUM_BREAKDOWN_PULLBACK,SOLUSDT,SHORT,2025-06-05T20:45:00Z,SL_BEFORE_TP,-1.5399916433866867,-1.1846165713609986,3
ET27-00723,RANGE_BOUNDARY_REJECTION,ETHUSDT,SHORT,2025-06-06T10:45:00Z,SL_BEFORE_TP,-0.4609979749154619,-2.085982801841541,1
ET27-00724,TRAP_REVERSAL,ETHUSDT,SHORT,2025-06-06T11:15:00Z,AMBIGUOUS_INTRACANDLE,,,5
ET27-00725,SHORT_CONTINUATION_PRACTICAL_TARGET,ETHUSDT,SHORT,2025-06-07T00:00:00Z,SL_BEFORE_TP,-1.120227635604556,-1.2726567427471915,12
ET27-00726,SHORT_CONTINUATION_PRACTICAL_TARGET,SOLUSDT,SHORT,2025-06-07T00:00:00Z,SL_BEFORE_TP,-1.1813737933893194,-1.2549465490598637,3
ET27-00727,RANGE_BOUNDARY_REJECTION,BTCUSDT,LONG,2025-06-08T07:45:00Z,SL_BEFORE_TP,-0.27431321257196273,-7.994390265751557,4
ET27-00728,SHORT_CONTINUATION_PRACTICAL_TARGET,ETHUSDT,SHORT,2025-06-08T09:30:00Z,SL_BEFORE_TP,-1.1666625264245356,-1.2589939629112052,16
ET27-00729,SHORT_CONTINUATION_PRACTICAL_TARGET,BTCUSDT,SHORT,2025-06-08T10:00:00Z,SL_BEFORE_TP,-0.6860098753492978,-1.5381046771936187,3
ET27-00730,SHORT_CONTINUATION_PRACTICAL_TARGET,ETHUSDT,SHORT,2025-06-09T03:00:00Z,SL_BEFORE_TP,-1.0031302684908296,-1.3144941432799215,26
ET27-00731,SHORT_CONTINUATION_PRACTICAL_TARGET,SOLUSDT,SHORT,2025-06-09T03:15:00Z,SL_BEFORE_TP,-1.2809986262145743,-1.2305478546813475,25
ET27-00732,SHORT_CONTINUATION_PRACTICAL_TARGET,SOLUSDT,SHORT,2025-06-09T05:30:00Z,SL_BEFORE_TP,-1.3916501828863994,-1.208396615193065,13
ET27-00733,TRAP_REVERSAL,BTCUSDT,LONG,2025-06-10T09:00:00Z,TP_BEFORE_SL,-0.013443606793728247,-0.11230047709650526,2
ET27-00734,TRAP_REVERSAL,SOLUSDT,LONG,2025-06-10T15:30:00Z,TP_BEFORE_SL,1.0215990847845335,1.3449900800272137,13
ET27-00735,SHORT_CONTINUATION_PRACTICAL_TARGET,BTCUSDT,SHORT,2025-06-11T09:30:00Z,SL_BEFORE_TP,-0.6080108773151203,-1.652154636707906,12
ET27-00736,MOMENTUM_BREAKDOWN_PULLBACK,BTCUSDT,SHORT,2025-06-11T09:45:00Z,SL_BEFORE_TP,-0.28738507207014935,-6.064886250351196,1
ET27-00737,SHORT_CONTINUATION_PRACTICAL_TARGET,BTCUSDT,SHORT,2025-06-11T17:45:00Z,TP_BEFORE_SL,0.8794196446613654,1.1784047861614013,38
ET27-00738,SHORT_CONTINUATION_PRACTICAL_TARGET,SOLUSDT,SHORT,2025-06-11T21:30:00Z,TP_BEFORE_SL,2.7176787210292357,1.837710567889887,73
ET27-00739,MOMENTUM_BREAKDOWN_PULLBACK,SOLUSDT,SHORT,2025-06-11T21:45:00Z,TP_BEFORE_SL,1.2229851034372976,1.2539277746887747,42
ET27-00740,SHORT_CONTINUATION_PRACTICAL_TARGET,BTCUSDT,SHORT,2025-06-12T03:15:00Z,TP_BEFORE_SL,1.4324143984137463,1.7129897946015826,69
ET27-00741,SHORT_CONTINUATION_PRACTICAL_TARGET,SOLUSDT,SHORT,2025-06-12T05:00:00Z,TP_BEFORE_SL,1.7665771731763449,1.7607866737364624,59
ET27-00742,SHORT_CONTINUATION_PRACTICAL_TARGET,BTCUSDT,SHORT,2025-06-12T10:15:00Z,SL_BEFORE_TP,-0.7104802621836582,-1.510117042713075,19
ET27-00743,SHORT_CONTINUATION_PRACTICAL_TARGET,ETHUSDT,SHORT,2025-06-12T11:15:00Z,SL_BEFORE_TP,-1.2422402369072283,-1.239463544928715,11
ET27-00744,MOMENTUM_BREAKDOWN_PULLBACK,ETHUSDT,SHORT,2025-06-12T12:00:00Z,SL_BEFORE_TP,-1.0881608870155883,-1.282965182283381,2
ET27-00745,SHORT_CONTINUATION_PRACTICAL_TARGET,BTCUSDT,SHORT,2025-06-12T13:15:00Z,SL_BEFORE_TP,-0.8216906346483089,-1.41259044877885,3
ET27-00746,MOMENTUM_BREAKDOWN_PULLBACK,BTCUSDT,SHORT,2025-06-12T20:00:00Z,TP_BEFORE_SL,0.49041059398974185,1.0071265354551306,15
ET27-00747,MOMENTUM_BREAKDOWN_PULLBACK,ETHUSDT,SHORT,2025-06-12T20:00:00Z,TP_BEFORE_SL,0.9165267414033174,1.188723150868799,2
ET27-00748,SHORT_CONTINUATION_PRACTICAL_TARGET,BTCUSDT,SHORT,2025-06-13T00:00:00Z,NEITHER_EXPIRED,-1.7921139537086093,-1.0065783674015043,96
ET27-00749,SHORT_CONTINUATION_PRACTICAL_TARGET,SOLUSDT,SHORT,2025-06-13T00:00:00Z,NEITHER_EXPIRED,-0.40894174888498447,-0.1187834810397389,96
ET27-00750,MOMENTUM_BREAKDOWN_PULLBACK,SOLUSDT,SHORT,2025-06-13T00:15:00Z,TP_BEFORE_SL,2.7076521468372627,1.3778688996982627,5
ET27-00751,MOMENTUM_BREAKDOWN_PULLBACK,ETHUSDT,SHORT,2025-06-13T00:30:00Z,TP_BEFORE_SL,2.1304979014348957,1.348133170764637,2
ET27-00752,SHORT_CONTINUATION_PRACTICAL_TARGET,ETHUSDT,SHORT,2025-06-13T02:30:00Z,SL_BEFORE_TP,-2.617781875725555,-1.100934405485266,4
ET27-00753,TRAP_REVERSAL,BTCUSDT,LONG,2025-06-13T14:00:00Z,SL_BEFORE_TP,-0.4381883849885483,-2.2109690485336344,1
ET27-00754,MOMENTUM_BREAKDOWN_PULLBACK,ETHUSDT,SHORT,2025-06-13T14:15:00Z,SL_BEFORE_TP,-1.1580344810374954,-1.261428088985034,1
ET27-00755,SHORT_CONTINUATION_PRACTICAL_TARGET,BTCUSDT,SHORT,2025-06-14T07:00:00Z,SL_BEFORE_TP,-0.6568622548272088,-1.5757297457873247,59
ET27-00756,MOMENTUM_BREAKDOWN_PULLBACK,ETHUSDT,SHORT,2025-06-14T07:00:00Z,TP_BEFORE_SL,0.4031450059069711,0.9402506484640684,12
ET27-00757,SHORT_CONTINUATION_PRACTICAL_TARGET,SOLUSDT,SHORT,2025-06-14T07:00:00Z,TP_BEFORE_SL,0.9923568579835116,1.2078768234478352,34
ET27-00758,SHORT_CONTINUATION_PRACTICAL_TARGET,ETHUSDT,SHORT,2025-06-14T15:15:00Z,TP_BEFORE_SL,0.6472801792288155,1.0942657027311307,6
ET27-00759,MOMENTUM_BREAKDOWN_PULLBACK,ETHUSDT,SHORT,2025-06-14T15:30:00Z,SL_BEFORE_TP,-0.7219208477269663,-1.4980070921023376,2
ET27-00760,MOMENTUM_BREAKDOWN_PULLBACK,SOLUSDT,SHORT,2025-06-14T15:30:00Z,SL_BEFORE_TP,-0.838362379098757,-1.4010947352029113,2
ET27-00761,SHORT_CONTINUATION_PRACTICAL_TARGET,BTCUSDT,SHORT,2025-06-14T16:45:00Z,SL_BEFORE_TP,-0.6802651829110763,-1.5451260043165271,5
ET27-00762,TRAP_REVERSAL,BTCUSDT,LONG,2025-06-14T20:00:00Z,TP_BEFORE_SL,0.06430455711428007,0.6281181184643856,2
ET27-00763,MOMENTUM_BREAKDOWN_PULLBACK,BTCUSDT,SHORT,2025-06-15T20:15:00Z,SL_BEFORE_TP,-0.5545358246053773,-1.7630291408017151,10
ET27-00764,SHORT_CONTINUATION_PRACTICAL_TARGET,ETHUSDT,SHORT,2025-06-15T20:30:00Z,SL_BEFORE_TP,-2.643600278984721,-1.0998502130734382,21
ET27-00765,MOMENTUM_BREAKDOWN_PULLBACK,SOLUSDT,SHORT,2025-06-16T22:45:00Z,SL_BEFORE_TP,-0.959727742334711,-1.3334594262289634,2
ET27-00766,SHORT_CONTINUATION_PRACTICAL_TARGET,ETHUSDT,SHORT,2025-06-16T23:45:00Z,NEITHER_EXPIRED,1.1050359056195243,0.24628613830716117,96
ET27-00767,SHORT_CONTINUATION_PRACTICAL_TARGET,SOLUSDT,SHORT,2025-06-16T23:45:00Z,NEITHER_EXPIRED,1.8499681528662457,0.44643936702828957,96
ET27-00768,SHORT_CONTINUATION_PRACTICAL_TARGET,BTCUSDT,SHORT,2025-06-17T09:00:00Z,TP_BEFORE_SL,0.30596883188746726,0.840621700408335,6
ET27-00769,SHORT_CONTINUATION_PRACTICAL_TARGET,ETHUSDT,SHORT,2025-06-17T10:00:00Z,TP_BEFORE_SL,0.6922650026175284,1.1138437043231109,19
ET27-00770,SHORT_CONTINUATION_PRACTICAL_TARGET,BTCUSDT,SHORT,2025-06-17T11:15:00Z,TP_BEFORE_SL,0.7805941881167517,1.1472643052531184,16
ET27-00771,SHORT_CONTINUATION_PRACTICAL_TARGET,SOLUSDT,SHORT,2025-06-17T12:45:00Z,TP_BEFORE_SL,2.217211549473494,1.8046566238454929,16
ET27-00772,SHORT_CONTINUATION_PRACTICAL_TARGET,BTCUSDT,SHORT,2025-06-17T13:30:00Z,TP_BEFORE_SL,0.7986065334228829,1.5378423064429527,8
ET27-00773,MOMENTUM_BREAKDOWN_PULLBACK,SOLUSDT,SHORT,2025-06-17T13:30:00Z,SL_BEFORE_TP,-1.1700010655038606,-1.258064220464061,2
ET27-00774,MOMENTUM_BREAKDOWN_PULLBACK,ETHUSDT,SHORT,2025-06-17T15:00:00Z,TP_BEFORE_SL,1.0107629881759008,1.2121756852391283,2
ET27-00775,SHORT_CONTINUATION_PRACTICAL_TARGET,SOLUSDT,SHORT,2025-06-17T15:15:00Z,NEITHER_EXPIRED,1.0616949152542288,0.4641736717068074,96
ET27-00776,SHORT_CONTINUATION_PRACTICAL_TARGET,BTCUSDT,SHORT,2025-06-17T15:45:00Z,SL_BEFORE_TP,-1.3891330099050905,-1.2088531074569184,52
ET27-00777,MOMENTUM_BREAKDOWN_PULLBACK,SOLUSDT,SHORT,2025-06-17T17:00:00Z,SL_BEFORE_TP,-0.895354289243381,-1.366214128661742,1
ET27-00778,TRAP_REVERSAL,ETHUSDT,SHORT,2025-06-18T08:00:00Z,TP_BEFORE_SL,0.2692190270967545,1.0245670931567155,2
ET27-00779,MOMENTUM_BREAKDOWN_PULLBACK,SOLUSDT,SHORT,2025-06-18T10:30:00Z,TP_BEFORE_SL,0.2748001460927191,0.8006994991505816,1
ET27-00780,SHORT_CONTINUATION_PRACTICAL_TARGET,SOLUSDT,SHORT,2025-06-18T12:45:00Z,SL_BEFORE_TP,-1.3871764157813156,-1.209209321860528,32
ET27-00781,SHORT_CONTINUATION_PRACTICAL_TARGET,ETHUSDT,SHORT,2025-06-18T13:00:00Z,SL_BEFORE_TP,-1.654158334717515,-1.16971225506226,4
ET27-00782,MOMENTUM_BREAKDOWN_PULLBACK,BTCUSDT,SHORT,2025-06-18T13:15:00Z,SL_BEFORE_TP,-0.44084203598995797,-2.194968965620324,1
ET27-00783,MOMENTUM_BREAKDOWN_PULLBACK,ETHUSDT,SHORT,2025-06-18T13:15:00Z,SL_BEFORE_TP,-0.9000176884229111,-1.363626618209993,1
ET27-00784,TRAP_REVERSAL,BTCUSDT,SHORT,2025-06-18T20:45:00Z,SL_BEFORE_TP,-0.4630878233707266,-2.075809501270577,4
ET27-00785,RANGE_BOUNDARY_REJECTION,ETHUSDT,LONG,2025-06-19T02:15:00Z,TP_BEFORE_SL,0.1844905914032005,0.5603894818694752,1
ET27-00786,SHORT_CONTINUATION_PRACTICAL_TARGET,SOLUSDT,SHORT,2025-06-19T02:15:00Z,SL_BEFORE_TP,-1.586635796880621,-1.1782219071822846,11
ET27-00787,MOMENTUM_BREAKDOWN_PULLBACK,SOLUSDT,SHORT,2025-06-19T06:15:00Z,SL_BEFORE_TP,-0.497882828070176,-1.9306552196437459,3
ET27-00788,MOMENTUM_BREAKDOWN_PULLBACK,BTCUSDT,SHORT,2025-06-19T13:45:00Z,SL_BEFORE_TP,-0.5056086442876453,-1.903585049514006,2
ET27-00789,SHORT_CONTINUATION_PRACTICAL_TARGET,SOLUSDT,SHORT,2025-06-19T13:45:00Z,SL_BEFORE_TP,-1.3561347849201413,-1.215027793455225,17
ET27-00790,MOMENTUM_BREAKDOWN_PULLBACK,SOLUSDT,SHORT,2025-06-19T14:30:00Z,SL_BEFORE_TP,-0.9158976126400721,-1.3550833669356432,12
ET27-00791,SHORT_CONTINUATION_PRACTICAL_TARGET,BTCUSDT,SHORT,2025-06-19T14:45:00Z,SL_BEFORE_TP,-0.8691008746098084,-1.3814968468273976,11
ET27-00792,SHORT_CONTINUATION_PRACTICAL_TARGET,ETHUSDT,SHORT,2025-06-19T14:45:00Z,SL_BEFORE_TP,-1.3686824431617222,-1.2126373112774749,31
ET27-00793,SHORT_CONTINUATION_PRACTICAL_TARGET,SOLUSDT,SHORT,2025-06-20T04:45:00Z,SL_BEFORE_TP,-1.3360245349160427,-1.218973200283682,10
ET27-00794,SHORT_CONTINUATION_PRACTICAL_TARGET,ETHUSDT,SHORT,2025-06-20T16:00:00Z,TP_BEFORE_SL,1.3250018710399278,1.2699683261331927,5
ET27-00795,SHORT_CONTINUATION_PRACTICAL_TARGET,SOLUSDT,SHORT,2025-06-20T17:00:00Z,TP_BEFORE_SL,3.2104124221653123,1.8608861952511824,1
ET27-00796,MOMENTUM_BREAKDOWN_PULLBACK,SOLUSDT,SHORT,2025-06-20T17:15:00Z,SL_BEFORE_TP,-3.1788684383723487,-1.0816640843347587,13
ET27-00797,SHORT_CONTINUATION_PRACTICAL_TARGET,BTCUSDT,SHORT,2025-06-21T18:45:00Z,TP_BEFORE_SL,1.313021996661862,1.6909251761844106,19
ET27-00798,SHORT_CONTINUATION_PRACTICAL_TARGET,ETHUSDT,SHORT,2025-06-21T18:45:00Z,TP_BEFORE_SL,2.1510034389405774,1.79924746565288,10
ET27-00799,SHORT_CONTINUATION_PRACTICAL_TARGET,SOLUSDT,SHORT,2025-06-21T18:45:00Z,TP_BEFORE_SL,2.671169080415271,1.8351177871360433,11
ET27-00800,SHORT_CONTINUATION_PRACTICAL_TARGET,BTCUSDT,SHORT,2025-06-21T21:15:00Z,SL_BEFORE_TP,-1.2899452600468642,-1.228583345372965,13
ET27-00801,SHORT_CONTINUATION_PRACTICAL_TARGET,SOLUSDT,SHORT,2025-06-21T21:15:00Z,TP_BEFORE_SL,5.2100435798639495,1.911927309760708,64
ET27-00802,MOMENTUM_BREAKDOWN_PULLBACK,SOLUSDT,SHORT,2025-06-21T21:30:00Z,SL_BEFORE_TP,-1.3804784292497456,-1.210438000267907,9
ET27-00803,SHORT_CONTINUATION_PRACTICAL_TARGET,ETHUSDT,SHORT,2025-06-21T21:45:00Z,NEITHER_EXPIRED,4.26039442545359,0.7482005323930446,96
ET27-00804,SHORT_CONTINUATION_PRACTICAL_TARGET,ETHUSDT,SHORT,2025-06-22T09:15:00Z,SL_BEFORE_TP,-1.3396608099610556,-1.2182491162965965,11
ET27-00805,SHORT_CONTINUATION_PRACTICAL_TARGET,BTCUSDT,SHORT,2025-06-22T09:45:00Z,SL_BEFORE_TP,-0.8574136117447317,-1.3887183493117212,9
ET27-00806,MOMENTUM_BREAKDOWN_PULLBACK,ETHUSDT,SHORT,2025-06-22T09:45:00Z,SL_BEFORE_TP,-1.3074123439028174,-1.2248428185891869,5
ET27-00807,MOMENTUM_BREAKDOWN_PULLBACK,SOLUSDT,SHORT,2025-06-22T09:45:00Z,TP_BEFORE_SL,1.7671476384550961,1.3206409966547819,14
ET27-00808,SHORT_CONTINUATION_PRACTICAL_TARGET,SOLUSDT,SHORT,2025-06-22T09:45:00Z,TP_BEFORE_SL,4.494194675537282,1.8986099996098016,42
ET27-00809,MOMENTUM_BREAKDOWN_PULLBACK,BTCUSDT,SHORT,2025-06-22T13:15:00Z,TP_BEFORE_SL,1.6273975334027797,1.307218338055745,5
ET27-00810,SHORT_CONTINUATION_PRACTICAL_TARGET,ETHUSDT,SHORT,2025-06-22T13:30:00Z,SL_BEFORE_TP,-5.010277567825003,-1.0503115377643375,96
ET27-00811,SHORT_CONTINUATION_PRACTICAL_TARGET,BTCUSDT,SHORT,2025-06-22T14:15:00Z,NEITHER_EXPIRED,-2.5364361948853276,-0.7610284923440882,96
ET27-00812,SHORT_CONTINUATION_PRACTICAL_TARGET,BTCUSDT,SHORT,2025-06-22T20:00:00Z,SL_BEFORE_TP,-1.6098821414024964,-1.175197553677345,8
ET27-00813,SHORT_CONTINUATION_PRACTICAL_TARGET,ETHUSDT,SHORT,2025-06-22T20:00:00Z,SL_BEFORE_TP,-2.8933112290832597,-1.0904530148477614,3
ET27-00814,SHORT_CONTINUATION_PRACTICAL_TARGET,ETHUSDT,SHORT,2025-06-25T09:30:00Z,SL_BEFORE_TP,-1.7572347958097827,-1.158182504555537,46
ET27-00815,MOMENTUM_BREAKDOWN_PULLBACK,SOLUSDT,SHORT,2025-06-25T15:30:00Z,SL_BEFORE_TP,-0.7556802107373303,-1.4654047120730946,2
ET27-00816,SHORT_CONTINUATION_PRACTICAL_TARGET,BTCUSDT,SHORT,2025-06-26T11:15:00Z,SL_BEFORE_TP,-0.5156273284767812,-1.8707409433104076,13
ET27-00817,SHORT_CONTINUATION_PRACTICAL_TARGET,SOLUSDT,SHORT,2025-06-26T12:45:00Z,TP_BEFORE_SL,1.1835828825461139,1.6628225824537115,23
ET27-00818,SHORT_CONTINUATION_PRACTICAL_TARGET,ETHUSDT,SHORT,2025-06-26T13:00:00Z,SL_BEFORE_TP,-1.2540621446893638,-1.2366718856993906,7
ET27-00819,SHORT_CONTINUATION_PRACTICAL_TARGET,BTCUSDT,SHORT,2025-06-26T13:45:00Z,SL_BEFORE_TP,-0.6236712621891513,-1.6255355134773661,3
ET27-00820,SHORT_CONTINUATION_PRACTICAL_TARGET,SOLUSDT,SHORT,2025-06-26T22:30:00Z,SL_BEFORE_TP,-2.088658278054207,-1.129823885165305,26
ET27-00821,MOMENTUM_BREAKDOWN_PULLBACK,SOLUSDT,SHORT,2025-06-27T00:45:00Z,SL_BEFORE_TP,-0.7931067764453594,-1.4339126010033783,1
ET27-00822,SHORT_CONTINUATION_PRACTICAL_TARGET,SOLUSDT,SHORT,2025-06-27T00:45:00Z,SL_BEFORE_TP,-1.3550149264477893,-1.2152437553141922,2
ET27-00823,MOMENTUM_BREAKDOWN_PULLBACK,BTCUSDT,SHORT,2025-06-27T07:45:00Z,SL_BEFORE_TP,-0.3941777039826523,-2.5566453112247944,4
ET27-00824,TRAP_REVERSAL,SOLUSDT,SHORT,2025-06-27T09:00:00Z,SL_BEFORE_TP,-0.6500371210806579,-1.5853128598880926,13
ET27-00825,RANGE_BOUNDARY_REJECTION,BTCUSDT,SHORT,2025-06-28T02:30:00Z,SL_BEFORE_TP,-0.30596471403729353,-4.6383088064978875,4
ET27-00826,SHORT_FAILED_REBOUND,ETHUSDT,SHORT,2025-06-29T21:45:00Z,SL_BEFORE_TP,-0.5766239591290987,-1.712961729227234,1
