candidate_id,family,symbol,direction,confirmation_time,entry_price,stop_price,target_price,target_kind,stop_distance_atr,target_distance_atr,planned_rr,volume_ratio_20,evidence,label,net_return_pct,net_r
ET27-00001,TRAP_REVERSAL,SOLUSDT,LONG,2025-01-04T04:00:00Z,216.0,215.4966579254956,216.96249999999998,FALSE_BREAKDOWN_TO_MIDLINE,0.5662227129455729,1.0827415167840286,1.9122184469631214,1.2035922350163535,"{""lower"": 215.85, ""upper"": 218.075, ""midline"": 216.96249999999998, ""width_atr"": 2.502960908929366, ""high_touches"": 3, ""low_touches"": 5, ""adx14"": 14.140038755313592}",TP_BEFORE_SL,0.20560185185184132,0.8823025582299209
ET27-00002,SHORT_CONTINUATION_PRACTICAL_TARGET,SOLUSDT,SHORT,2025-01-04T10:00:00Z,214.94,216.49096516442873,212.09,NEAREST_CONFIRMED_SUPPORT,2.185530290690475,4.016054951667523,1.8375654498015352,1.508777102473298,"{""pivot_highs"": [[267, 217.96], [278, 216.42]], ""pivot_lows"": [[258, 215.58], [275, 215.32]], ""broken_support"": 215.32}",SL_BEFORE_TP,-0.9615805175531459,-1.3326032149729201
ET27-00003,TRAP_REVERSAL,BTCUSDT,LONG,2025-01-05T01:30:00Z,98150.53,98040.99019884369,98293.455,FALSE_BREAKDOWN_TO_MIDLINE,0.7688873683596859,1.0032264616401634,1.304776880104569,1.1121228785258244,"{""lower"": 98148.69, ""upper"": 98438.22, ""midline"": 98293.455, ""width_atr"": 2.0322837672812275, ""high_touches"": 2, ""low_touches"": 2, ""adx14"": 17.826611369270445}",TP_BEFORE_SL,-0.09438183573740977,-0.8456859609212659
ET27-00004,SHORT_CONTINUATION_PRACTICAL_TARGET,ETHUSDT,SHORT,2025-01-05T08:00:00Z,3618.01,3642.5904445062956,3568.8491109874094,FIXED_2R_STRONG_MOMENTUM,3.2323784711162253,6.464756942232451,2.0,3.8409197350858504,"{""pivot_highs"": [[353, 3650.44], [363, 3641.83]], ""pivot_lows"": [[351, 3629.66], [360, 3629.0]], ""broken_support"": 3629.0}",SL_BEFORE_TP,-0.9193912815690228,-1.3532574033710456
ET27-00005,SHORT_CONTINUATION_PRACTICAL_TARGET,SOLUSDT,SHORT,2025-01-05T09:15:00Z,214.38,216.63579693748014,209.8684061250397,FIXED_2R_STRONG_MOMENTUM,3.428422391483741,6.856844782967482,2.0,1.4039055522056698,"{""pivot_highs"": [[353, 219.05], [362, 217.03]], ""pivot_lows"": [[365, 216.12], [369, 214.78]], ""broken_support"": 214.78}",SL_BEFORE_TP,-1.2922422509003366,-1.2280843596563884
ET27-00006,MOMENTUM_BREAKDOWN_PULLBACK,SOLUSDT,SHORT,2025-01-05T09:30:00Z,214.36,214.52760230176358,214.10859654735467,FIXED_1_5R,0.2591711296514893,0.388756694477234,1.5,1.6725155688926465,"{""breakdown_time"": ""2025-01-05T09:15:00Z"", ""broken_support"": 214.78, ""pullback_bars"": 1, ""breakdown_volume_ratio"": 1.4039055522056698}",AMBIGUOUS_INTRACANDLE,,
ET27-00007,SHORT_CONTINUATION_PRACTICAL_TARGET,BTCUSDT,SHORT,2025-01-05T09:45:00Z,97652.2,97955.90346379887,97044.79307240226,FIXED_2R_STRONG_MOMENTUM,2.3573121991139994,4.714624398227999,2.0,2.6607901608561737,"{""pivot_highs"": [[363, 98500.0], [372, 97943.02]], ""pivot_lows"": [[360, 98304.82], [369, 97777.77]], ""broken_support"": 97777.77}",SL_BEFORE_TP,-0.55100524493956,-1.7716911656799903
ET27-00008,SHORT_CONTINUATION_PRACTICAL_TARGET,SOLUSDT,SHORT,2025-01-05T13:45:00Z,212.59,214.6826068607834,208.4047862784332,FIXED_2R_STRONG_MOMENTUM,2.8821062337709002,5.7642124675418005,2.0,3.026871976137735,"{""pivot_highs"": [[362, 217.03], [381, 214.7]], ""pivot_lows"": [[369, 214.78], [384, 212.99]], ""broken_support"": 212.99}",SL_BEFORE_TP,-1.2243392731470932,-1.2438183729403387
ET27-00009,MOMENTUM_BREAKDOWN_PULLBACK,SOLUSDT,SHORT,2025-01-06T01:00:00Z,211.65,212.50827570803355,210.3625864379497,FIXED_1_5R,1.1667205764564994,1.750080864684749,1.5,1.7883555428701503,"{""breakdown_time"": ""2025-01-06T00:45:00Z"", ""broken_support"": 212.54, ""pullback_bars"": 1, ""breakdown_volume_ratio"": 1.2750040192947125}",SL_BEFORE_TP,-0.6455165169069432,-1.5918377920351747
ET27-00010,TRAP_REVERSAL,ETHUSDT,LONG,2025-01-06T10:00:00Z,3639.52,3631.303042334062,3659.945,FALSE_BREAKDOWN_TO_MIDLINE,0.7263255145550676,1.805436907176014,2.4857131836845747,1.3155590543220106,"{""lower"": 3639.505, ""upper"": 3680.385, ""midline"": 3659.945, ""width_atr"": 3.6135256188668294, ""high_touches"": 2, ""low_touches"": 2, ""adx14"": 17.928216876921898}",TP_BEFORE_SL,0.32120037807183865,1.4226861662510057
ET27-00011,RANGE_BOUNDARY_REJECTION,ETHUSDT,LONG,2025-01-06T10:15:00Z,3641.07,3636.453467881629,3659.945,CONFIRMED_RANGE_MIDLINE,0.4257400207068421,1.7406665186761114,4.088566810764326,0.870143058218583,"{""lower"": 3639.505, ""upper"": 3680.385, ""midline"": 3659.945, ""width_atr"": 3.7699839620386557, ""high_touches"": 2, ""low_touches"": 2, ""adx14"": 17.943710902608323}",SL_BEFORE_TP,-0.36679053460579436,-2.892885780048063
ET27-00012,SHORT_CONTINUATION_PRACTICAL_TARGET,SOLUSDT,SHORT,2025-01-07T02:45:00Z,216.59,218.87925070177678,212.01149859644644,FIXED_2R_STRONG_MOMENTUM,2.8886188392688537,5.777237678537707,2.0,1.6202309595820188,"{""pivot_highs"": [[530, 219.11], [534, 218.8]], ""pivot_lows"": [[528, 217.67], [532, 216.8]], ""broken_support"": 216.8}",TP_BEFORE_SL,1.8739024902135648,1.7729318158135543
ET27-00013,SHORT_CONTINUATION_PRACTICAL_TARGET,ETHUSDT,SHORT,2025-01-07T09:30:00Z,3658.84,3680.031618873373,3616.456762253254,FIXED_2R_STRONG_MOMENTUM,2.782444029979937,5.564888059959874,2.0,1.7156905568240908,"{""pivot_highs"": [[556, 3680.0], [563, 3679.27]], ""pivot_lows"": [[558, 3662.8], [561, 3660.33]], ""broken_support"": 3660.33}",TP_BEFORE_SL,0.9183790968379619,1.5856278818305163
ET27-00014,SHORT_CONTINUATION_PRACTICAL_TARGET,BTCUSDT,SHORT,2025-01-07T11:30:00Z,100666.66,101593.41017380902,98909.82,NEAREST_CONFIRMED_SUPPORT,4.759845407131248,9.023237374420704,1.8956996714435304,4.5487062012931725,"{""pivot_highs"": [[556, 102015.01], [563, 101995.64]], ""pivot_lows"": [[561, 101618.04], [569, 101379.45]], ""broken_support"": 101379.45}",TP_BEFORE_SL,1.505205413589759,1.63500375702357
ET27-00015,SHORT_CONTINUATION_PRACTICAL_TARGET,SOLUSDT,SHORT,2025-01-07T11:30:00Z,213.79,215.47353735448993,210.4229252910201,FIXED_2R_STRONG_MOMENTUM,2.649681227688316,5.299362455376632,2.0,2.199383792714586,"{""pivot_highs"": [[563, 216.77], [570, 215.22]], ""pivot_lows"": [[561, 215.35], [569, 214.35]], ""broken_support"": 214.35}",TP_BEFORE_SL,1.3349449034004794,1.6952274336939488
ET27-00016,MOMENTUM_BREAKDOWN_PULLBACK,ETHUSDT,SHORT,2025-01-07T12:15:00Z,3627.0,3644.2850199058043,3601.0724701412937,FIXED_1_5R,1.8437028340518218,2.7655542510777082,1.499999999999987,1.0755497458774779,"{""breakdown_time"": ""2025-01-07T11:30:00Z"", ""broken_support"": 3651.54, ""pullback_bars"": 3, ""breakdown_volume_ratio"": 3.5527784118441836}",SL_BEFORE_TP,-0.7165652028068472,-1.5036037012070151
ET27-00017,MOMENTUM_BREAKDOWN_PULLBACK,SOLUSDT,SHORT,2025-01-07T12:15:00Z,212.8,214.45817838242613,210.31273242636084,FIXED_1_5R,2.256578091096508,3.3848671366447616,1.5,1.3087120129663043,"{""breakdown_time"": ""2025-01-07T11:30:00Z"", ""broken_support"": 214.35, ""pullback_bars"": 3, ""breakdown_volume_ratio"": 2.199383792714586}",TP_BEFORE_SL,0.9288287470108894,1.191999361822125
ET27-00018,SHORT_CONTINUATION_PRACTICAL_TARGET,BTCUSDT,SHORT,2025-01-07T14:45:00Z,99979.69,100991.96430309924,97955.14139380152,FIXED_2R_STRONG_MOMENTUM,3.172845681507247,6.345691363014494,2.0,4.236840411534661,"{""pivot_highs"": [[582, 100960.06], [585, 100862.91]], ""pivot_lows"": [[569, 101379.45], [575, 100472.45]], ""broken_support"": 100472.45}",TP_BEFORE_SL,1.7849598755492087,1.7629582660891914
ET27-00019,MOMENTUM_BREAKDOWN_PULLBACK,BTCUSDT,SHORT,2025-01-07T15:00:00Z,98592.43,100193.47630916773,96190.8605362484,FIXED_1_5R,3.805498169055091,5.708247253582619,1.4999999999999956,7.260709977741087,"{""breakdown_time"": ""2025-01-07T14:45:00Z"", ""broken_support"": 100472.45, ""pullback_bars"": 1, ""breakdown_volume_ratio"": 4.236840411534661}",TP_BEFORE_SL,2.1958558397958132,1.352208002576135
ET27-00020,SHORT_CONTINUATION_PRACTICAL_TARGET,ETHUSDT,SHORT,2025-01-07T15:00:00Z,3530.85,3644.0961431096775,3304.3577137806446,FIXED_2R_STRONG_MOMENTUM,5.402595967175931,10.805191934351862,2.0,7.579990844928982,"{""pivot_highs"": [[581, 3645.95], [586, 3642.0]], ""pivot_lows"": [[568, 3651.54], [575, 3625.55]], ""broken_support"": 3625.55}",NEITHER_EXPIRED,4.730474531628362,1.4748931434974983
ET27-00021,MOMENTUM_BREAKDOWN_PULLBACK,SOLUSDT,SHORT,2025-01-07T15:00:00Z,208.17,212.18044476307767,202.15433285538347,FIXED_1_5R,3.689326886068967,5.533990329103437,1.4999999999999964,7.328607741866014,"{""breakdown_time"": ""2025-01-07T14:45:00Z"", ""broken_support"": 212.74, ""pullback_bars"": 1, ""breakdown_volume_ratio"": 2.6634145582050954}",TP_BEFORE_SL,2.649785821499983,1.375423293545974
ET27-00022,SHORT_CONTINUATION_PRACTICAL_TARGET,ETHUSDT,SHORT,2025-01-07T21:45:00Z,3363.32,3416.670456844794,3283.2943147328097,FIXED_1_5R,2.028182174909216,3.042273262363816,1.4999999999999958,1.0711131852144113,"{""pivot_highs"": [[604, 3438.01], [613, 3414.04]], ""pivot_lows"": [[606, 3372.71], [611, 3364.85]], ""broken_support"": 3364.85}",TP_BEFORE_SL,2.139365783427997,1.3486991775256387
ET27-00023,SHORT_CONTINUATION_PRACTICAL_TARGET,SOLUSDT,SHORT,2025-01-08T03:00:00Z,198.77,201.853465522899,192.60306895420203,FIXED_2R_STRONG_MOMENTUM,2.497430416604089,4.994860833208178,2.0,2.3661097021483917,"{""pivot_highs"": [[625, 203.28], [632, 201.73]], ""pivot_lows"": [[624, 201.9], [631, 199.61]], ""broken_support"": 199.61}",TP_BEFORE_SL,2.862546181917785,1.845288362572158
ET27-00024,MOMENTUM_BREAKDOWN_PULLBACK,SOLUSDT,SHORT,2025-01-08T03:30:00Z,198.33,200.35044493899957,195.29933259150067,FIXED_1_5R,1.61157559896796,2.41736339845194,1.5,0.9168293692562322,"{""breakdown_time"": ""2025-01-08T03:00:00Z"", ""broken_support"": 199.61, ""pullback_bars"": 2, ""breakdown_volume_ratio"": 2.3661097021483917}",TP_BEFORE_SL,1.2880932831640903,1.2644122881984148
ET27-00025,SHORT_CONTINUATION_PRACTICAL_TARGET,SOLUSDT,SHORT,2025-01-08T05:45:00Z,196.1,198.53905616654419,192.4414157501837,FIXED_1_5R,1.8899183447457846,2.834877517118688,1.5000000000000058,1.1691545176650309,"{""pivot_highs"": [[640, 199.57], [645, 197.93]], ""pivot_lows"": [[639, 196.71], [644, 196.26]], ""broken_support"": 196.26}",SL_BEFORE_TP,-1.4837818289363542,-1.1929598860639739
ET27-00026,SHORT_CONTINUATION_PRACTICAL_TARGET,BTCUSDT,SHORT,2025-01-08T06:30:00Z,95773.99,96686.6894635221,93948.59107295582,FIXED_2R_STRONG_MOMENTUM,2.845120719968718,5.690241439937436,2.0,3.323541390404416,"{""pivot_highs"": [[633, 97181.82], [646, 96654.61]], ""pivot_lows"": [[631, 96608.14], [643, 96057.48]], ""broken_support"": 96057.48}",TP_BEFORE_SL,1.6659443248048678,1.7481563371222069
ET27-00027,MOMENTUM_BREAKDOWN_PULLBACK,BTCUSDT,SHORT,2025-01-08T06:45:00Z,95284.31,95876.2551450675,94396.39228239875,FIXED_1_5R,1.745930051134832,2.618895076702248,1.5,2.432121638328349,"{""breakdown_time"": ""2025-01-08T06:30:00Z"", ""broken_support"": 96057.48, ""pullback_bars"": 1, ""breakdown_volume_ratio"": 3.323541390404416}",SL_BEFORE_TP,-0.8612409420475384,-1.3863235401211447
ET27-00028,SHORT_CONTINUATION_PRACTICAL_TARGET,ETHUSDT,SHORT,2025-01-08T06:45:00Z,3308.77,3374.8999274296816,3176.5101451406367,FIXED_2R_STRONG_MOMENTUM,3.462431420271376,6.924862840542752,2.0,1.8630304845271428,"{""pivot_highs"": [[632, 3404.78], [645, 3373.0]], ""pivot_lows"": [[639, 3343.22], [644, 3336.95]], ""broken_support"": 3336.95}",SL_BEFORE_TP,-2.238625695641632,-1.1200825149618379
ET27-00029,SHORT_CONTINUATION_PRACTICAL_TARGET,BTCUSDT,SHORT,2025-01-08T17:00:00Z,93859.53,95608.09455769474,90362.40088461051,FIXED_2R_STRONG_MOMENTUM,3.3088829464623006,6.617765892924601,2.0,2.8372113939777632,"{""pivot_highs"": [[684, 96079.32], [688, 95555.25]], ""pivot_lows"": [[679, 95147.43], [686, 94624.43]], ""broken_support"": 94624.43}",NEITHER_EXPIRED,-0.3912899116371028,-0.21003678153249816
ET27-00030,MOMENTUM_BREAKDOWN_PULLBACK,SOLUSDT,SHORT,2025-01-08T17:00:00Z,191.77,195.1774706695541,186.65879399566887,FIXED_1_5R,2.3040228640251383,3.456034296037698,1.4999999999999958,3.195782951450537,"{""breakdown_time"": ""2025-01-08T16:45:00Z"", ""broken_support"": 196.3, ""pullback_bars"": 1, ""breakdown_volume_ratio"": 1.6225081029322102}",SL_BEFORE_TP,-2.0168528286771137,-1.1350702748852208
ET27-00031,MOMENTUM_BREAKDOWN_PULLBACK,BTCUSDT,SHORT,2025-01-08T17:15:00Z,93016.38,94144.72019285985,91323.86971071023,FIXED_1_5R,1.963178838984996,2.944768258477494,1.5,2.6667429112473995,"{""breakdown_time"": ""2025-01-08T17:00:00Z"", ""broken_support"": 94624.43, ""pullback_bars"": 1, ""breakdown_volume_ratio"": 2.8372113939777632}",SL_BEFORE_TP,-1.453055370312032,-1.197847522770758
ET27-00032,MOMENTUM_BREAKDOWN_PULLBACK,SOLUSDT,SHORT,2025-01-09T07:00:00Z,192.73,194.09340229751317,190.68489655373023,FIXED_1_5R,1.3258122336346907,1.988718350452036,1.5,1.2512552727601565,"{""breakdown_time"": ""2025-01-09T06:45:00Z"", ""broken_support"": 193.7, ""pullback_bars"": 1, ""breakdown_volume_ratio"": 1.329249100291665}",TP_BEFORE_SL,0.8211235647121691,1.1607369660123887
ET27-00033,MOMENTUM_BREAKDOWN_PULLBACK,BTCUSDT,SHORT,2025-01-09T07:30:00Z,93621.66,93838.68857770317,93296.11713344525,FIXED_1_5R,0.6731555117945445,1.0097332676918167,1.5,2.514095400691646,"{""breakdown_time"": ""2025-01-09T07:15:00Z"", ""broken_support"": 93796.99, ""pullback_bars"": 1, ""breakdown_volume_ratio"": 1.665582611923651}",TP_BEFORE_SL,0.10772174148028513,0.46468941381851736
ET27-00034,MOMENTUM_BREAKDOWN_PULLBACK,ETHUSDT,SHORT,2025-01-09T08:00:00Z,3276.94,3302.7784844168473,3238.1822733747294,FIXED_1_5R,1.7434047218238389,2.615107082735743,1.4999999999999911,3.2075116416653047,"{""breakdown_time"": ""2025-01-09T07:15:00Z"", ""broken_support"": 3312.13, ""pullback_bars"": 3, ""breakdown_volume_ratio"": 2.459445595756126}",SL_BEFORE_TP,-1.0284942787126776,-1.3043776048595204
ET27-00035,MOMENTUM_BREAKDOWN_PULLBACK,SOLUSDT,SHORT,2025-01-09T13:30:00Z,187.39,189.97696025729644,183.50955961405532,FIXED_1_5R,1.9777951197498544,2.966692679624771,1.4999999999999944,3.7991882627654423,"{""breakdown_time"": ""2025-01-09T13:00:00Z"", ""broken_support"": 189.76, ""pullback_bars"": 2, ""breakdown_volume_ratio"": 1.393897548357358}",SL_BEFORE_TP,-1.6205220434902898,-1.1738472783768252
ET27-00036,MOMENTUM_BREAKDOWN_PULLBACK,ETHUSDT,SHORT,2025-01-09T13:45:00Z,3221.04,3259.275092624257,3163.6873610636144,FIXED_1_5R,1.948208349706883,2.9223125245603243,1.5,4.465938274125194,"{""breakdown_time"": ""2025-01-09T13:30:00Z"", ""broken_support"": 3284.88, ""pullback_bars"": 1, ""breakdown_volume_ratio"": 4.134449706101232}",SL_BEFORE_TP,-1.4270418443812263,-1.2021832685477956
ET27-00037,SHORT_CONTINUATION_PRACTICAL_TARGET,BTCUSDT,SHORT,2025-01-09T19:45:00Z,91909.59,93343.10655227289,89042.55689545421,FIXED_2R_STRONG_MOMENTUM,2.8027628228482317,5.6055256456964635,2.0,2.1443522514874886,"{""pivot_highs"": [[784, 94685.25], [796, 93291.96]], ""pivot_lows"": [[786, 93846.15], [791, 92325.0]], ""broken_support"": 92325.0}",SL_BEFORE_TP,-1.7997029126915842,-1.1538754579779755
ET27-00038,SHORT_CONTINUATION_PRACTICAL_TARGET,ETHUSDT,SHORT,2025-01-09T19:45:00Z,3195.63,3272.6376045514735,3041.6147908970534,FIXED_2R_STRONG_MOMENTUM,3.366298799408623,6.732597598817246,2.0,3.874411951952473,"{""pivot_highs"": [[783, 3337.0], [794, 3270.35]], ""pivot_lows"": [[786, 3288.01], [791, 3235.8]], ""broken_support"": 3235.8}",SL_BEFORE_TP,-2.649778495992132,-1.099594215982573
ET27-00039,SHORT_CONTINUATION_PRACTICAL_TARGET,SOLUSDT,SHORT,2025-01-09T19:45:00Z,185.89,189.56658923731152,180.3751161440327,FIXED_1_5R,2.508089478286699,3.7621342174300487,1.5,1.6548386543833224,"{""pivot_highs"": [[783, 193.07], [794, 189.42]], ""pivot_lows"": [[786, 190.65], [791, 186.17]], ""broken_support"": 186.17}",SL_BEFORE_TP,-2.2178305650177697,-1.1213450758851244
ET27-00040,MOMENTUM_BREAKDOWN_PULLBACK,BTCUSDT,SHORT,2025-01-09T20:00:00Z,91762.39,92434.79135824693,90753.7879626296,FIXED_1_5R,1.2712531324086553,1.9068796986129692,1.4999999999999891,1.6130057396840576,"{""breakdown_time"": ""2025-01-09T19:45:00Z"", ""broken_support"": 92325.0, ""pullback_bars"": 1, ""breakdown_volume_ratio"": 2.1443522514874886}",SL_BEFORE_TP,-0.9727635627700348,-1.3275272027620182
ET27-00041,SHORT_FAILED_REBOUND,SOLUSDT,SHORT,2025-01-10T14:30:00Z,187.97,189.50002580809215,186.05746773988483,CLOSER_PRIOR_LOW_OR_1_25R,1.0198417375977513,1.2748021719971798,1.2499999999999907,1.638334388958374,"{""rebound_bars"": 2, ""impulse_high"": 192.18, ""impulse_low"": 185.91, ""rebound_high"": 189.35}",TP_BEFORE_SL,0.7774667553945689,0.9551500715778486
ET27-00042,SHORT_CONTINUATION_PRACTICAL_TARGET,ETHUSDT,SHORT,2025-01-10T15:00:00Z,3197.52,3281.770223823723,3029.019552352554,FIXED_2R_STRONG_MOMENTUM,3.5395924947904525,7.079184989580905,2.0,2.35453351195607,"{""pivot_highs"": [[868, 3317.03], [873, 3279.39]], ""pivot_lows"": [[866, 3293.1], [870, 3215.76]], ""broken_support"": 3215.76}",SL_BEFORE_TP,-2.87486151216327,-1.0910863811597276
ET27-00043,SHORT_CONTINUATION_PRACTICAL_TARGET,SOLUSDT,SHORT,2025-01-10T15:00:00Z,183.72,189.52182837534477,172.11634324931046,FIXED_2R_STRONG_MOMENTUM,3.376525188987854,6.753050377975708,2.0,2.034963889115595,"{""pivot_highs"": [[867, 192.06], [873, 189.35]], ""pivot_lows"": [[865, 190.54], [870, 184.84]], ""broken_support"": 184.84}",SL_BEFORE_TP,-3.397973206697567,-1.075998111539071
ET27-00044,SHORT_CONTINUATION_PRACTICAL_TARGET,SOLUSDT,SHORT,2025-01-11T01:15:00Z,186.81,188.8992572530897,182.6314854938206,FIXED_2R_STRONG_MOMENTUM,1.9122366653079084,3.8244733306158167,2.0,1.366263080961373,"{""pivot_highs"": [[907, 188.69], [910, 188.53]], ""pivot_lows"": [[908, 187.43], [913, 187.18]], ""broken_support"": 187.18}",SL_BEFORE_TP,-1.3583861961831263,-1.2145949233092126
ET27-00045,MOMENTUM_BREAKDOWN_PULLBACK,SOLUSDT,SHORT,2025-01-11T01:30:00Z,186.48,187.12748665344282,185.50877001983577,FIXED_1_5R,0.6094630011445724,0.9141945017168454,1.499999999999978,1.1201934899242545,"{""breakdown_time"": ""2025-01-11T01:15:00Z"", ""broken_support"": 187.18, ""pullback_bars"": 1, ""breakdown_volume_ratio"": 1.366263080961373}",SL_BEFORE_TP,-0.5872150651237805,-1.6912142476146337
ET27-00046,SHORT_CONTINUATION_PRACTICAL_TARGET,BTCUSDT,SHORT,2025-01-11T03:00:00Z,94239.02,94521.2374447166,93733.83,NEAREST_CONFIRMED_SUPPORT,1.113835463178229,1.9938474682459495,1.7900736097562253,1.2795463533509552,"{""pivot_highs"": [[909, 94894.81], [916, 94696.97]], ""pivot_lows"": [[904, 94586.03], [913, 94360.65]], ""broken_support"": 94360.65}",SL_BEFORE_TP,-0.5394698424459305,-1.8014162562740592
ET27-00047,RANGE_BOUNDARY_REJECTION,BTCUSDT,SHORT,2025-01-11T22:30:00Z,94642.97,94825.0527476513,94361.8825,CONFIRMED_RANGE_MIDLINE,1.0646973384274372,1.6436104846591741,1.543734942633363,1.4581082045405396,"{""lower"": 94034.595, ""upper"": 94689.17, ""midline"": 94361.8825, ""width_atr"": 3.8275139698342913, ""high_touches"": 2, ""low_touches"": 2, ""adx14"": 24.81964022268108}",TP_BEFORE_SL,0.05699775905172266,0.2962629502016474
ET27-00048,TRAP_REVERSAL,BTCUSDT,SHORT,2025-01-11T22:30:00Z,94642.97,94825.0527476513,94361.8825,FALSE_BREAKOUT_TO_MIDLINE,1.0646973384274372,1.6436104846591741,1.543734942633363,1.4581082045405396,"{""lower"": 94034.595, ""upper"": 94689.17, ""midline"": 94361.8825, ""width_atr"": 3.8275139698342913, ""high_touches"": 2, ""low_touches"": 2, ""adx14"": 24.81964022268108}",TP_BEFORE_SL,0.05699775905172266,0.2962629502016474
ET27-00049,SHORT_CONTINUATION_PRACTICAL_TARGET,ETHUSDT,SHORT,2025-01-12T07:00:00Z,3265.91,3282.022323368288,3241.7415149475673,FIXED_1_5R,2.3272829007819174,3.4909243511728762,1.5,1.2703608071855659,"{""pivot_highs"": [[1020, 3290.91], [1026, 3289.41]], ""pivot_lows"": [[1027, 3278.89], [1030, 3274.28]], ""broken_support"": 3274.28}",TP_BEFORE_SL,0.5000229967277885,1.0135286314184326
ET27-00050,MOMENTUM_BREAKDOWN_PULLBACK,ETHUSDT,SHORT,2025-01-12T08:45:00Z,3239.98,3253.3869819353945,3219.8695270969083,FIXED_1_5R,1.6467426612117668,2.4701139918176502,1.5,3.0386148458000513,"{""breakdown_time"": ""2025-01-12T08:30:00Z"", ""broken_support"": 3263.49, ""pullback_bars"": 1, ""breakdown_volume_ratio"": 3.5008797201646633}",SL_BEFORE_TP,-0.6537982930571938,-1.579992725989394
ET27-00051,SHORT_CONTINUATION_PRACTICAL_TARGET,ETHUSDT,SHORT,2025-01-12T09:15:00Z,3231.84,3272.194089911062,3151.1318201778768,FIXED_2R_STRONG_MOMENTUM,4.838098312411523,9.676196624823046,2.0,1.4842492187389198,"{""pivot_highs"": [[1020, 3290.91], [1026, 3289.41]], ""pivot_lows"": [[1030, 3274.28], [1036, 3263.49]], ""broken_support"": 3263.49}",SL_BEFORE_TP,-1.488641328502082,-1.1922089190239387
ET27-00052,SHORT_CONTINUATION_PRACTICAL_TARGET,BTCUSDT,SHORT,2025-01-12T22:00:00Z,94043.2,94747.11583674274,92635.36832651451,FIXED_2R_STRONG_MOMENTUM,3.5487075532636205,7.097415106527241,2.0,2.8062377166873267,"{""pivot_highs"": [[1069, 95450.1], [1080, 95314.12]], ""pivot_lows"": [[1078, 94984.36], [1087, 94578.54]], ""broken_support"": 94578.54}",SL_BEFORE_TP,-0.9885026421290901,-1.3206401507379162
ET27-00053,SHORT_CONTINUATION_PRACTICAL_TARGET,ETHUSDT,SHORT,2025-01-12T22:15:00Z,3238.08,3283.9836715160795,3169.2244927258807,FIXED_1_5R,4.398287278023507,6.597430917035238,1.4999999999999951,1.9788485257086799,"{""pivot_highs"": [[1080, 3300.0], [1088, 3289.31]], ""pivot_lows"": [[1087, 3276.89], [1093, 3263.52]], ""broken_support"": 3263.52}",SL_BEFORE_TP,-1.6576200562086054,-1.1692978305074737
ET27-00054,SHORT_CONTINUATION_PRACTICAL_TARGET,ETHUSDT,SHORT,2025-01-13T06:30:00Z,3206.56,3235.082053014355,3149.5158939712896,FIXED_2R_STRONG_MOMENTUM,1.8376983743823538,3.6753967487647077,2.0,1.4639141756385425,"{""pivot_highs"": [[1122, 3260.49], [1128, 3233.53]], ""pivot_lows"": [[1119, 3235.69], [1127, 3213.0]], ""broken_support"": 3213.0}",TP_BEFORE_SL,1.5389814015240726,1.730182676677351
ET27-00055,MOMENTUM_BREAKDOWN_PULLBACK,BTCUSDT,SHORT,2025-01-13T06:45:00Z,93637.37,93930.81435957763,93197.20346063354,FIXED_1_5R,0.9424307962817635,1.4136461944226453,1.5,4.145919943962271,"{""breakdown_time"": ""2025-01-13T06:30:00Z"", ""broken_support"": 94045.45, ""pullback_bars"": 1, ""breakdown_volume_ratio"": 1.2976330157058744}",SL_BEFORE_TP,-0.5533838120161205,-1.7658340692711159
ET27-00056,MOMENTUM_BREAKDOWN_PULLBACK,ETHUSDT,SHORT,2025-01-13T06:45:00Z,3191.36,3208.9900590731386,3164.914911390292,FIXED_1_5R,1.0848938465088083,1.6273407697632263,1.5000000000000129,3.0855276737424755,"{""breakdown_time"": ""2025-01-13T06:30:00Z"", ""broken_support"": 3213.0, ""pullback_bars"": 1, ""breakdown_volume_ratio"": 1.4639141756385425}",SL_BEFORE_TP,-0.792430909491203,-1.434443467728921
ET27-00057,SHORT_CONTINUATION_PRACTICAL_TARGET,SOLUSDT,SHORT,2025-01-13T06:45:00Z,182.07,184.76136793311065,176.68726413377868,FIXED_2R_STRONG_MOMENTUM,2.4166453106721884,4.833290621344377,2.0,2.4033962517571106,"{""pivot_highs"": [[1106, 191.99], [1122, 186.98]], ""pivot_lows"": [[1115, 184.31], [1119, 184.21]], ""broken_support"": 184.21}",TP_BEFORE_SL,2.7164100984353876,1.8376409280112969
ET27-00058,SHORT_CONTINUATION_PRACTICAL_TARGET,BTCUSDT,SHORT,2025-01-13T09:15:00Z,92813.86,93693.60402029243,91494.24396956136,FIXED_1_5R,2.7445668663917315,4.116850299587575,1.4999999999999918,1.5467511765121125,"{""pivot_highs"": [[1128, 94327.35], [1134, 93947.3]], ""pivot_lows"": [[1131, 93281.0], [1137, 92904.35]], ""broken_support"": 92904.35}",TP_BEFORE_SL,1.1817876839069543,1.246797637878843
ET27-00059,SHORT_CONTINUATION_PRACTICAL_TARGET,ETHUSDT,SHORT,2025-01-13T09:15:00Z,3156.51,3207.563276652736,3054.4034466945286,FIXED_2R_STRONG_MOMENTUM,3.0694398655062245,6.138879731012449,2.0,2.032928446186254,"{""pivot_highs"": [[1128, 3233.53], [1134, 3209.74]], ""pivot_lows"": [[1131, 3181.3], [1137, 3161.7]], ""broken_support"": 3161.7}",TP_BEFORE_SL,2.99479264458125,1.8516133635940868
ET27-00060,SHORT_CONTINUATION_PRACTICAL_TARGET,SOLUSDT,SHORT,2025-01-13T09:15:00Z,179.9,182.6385019548478,175.79224706772828,FIXED_1_5R,2.5239194618098644,3.7858791927148094,1.500000000000005,2.1194723981208283,"{""pivot_highs"": [[1122, 186.98], [1134, 183.5]], ""pivot_lows"": [[1132, 181.5], [1137, 180.16]], ""broken_support"": 180.16}",TP_BEFORE_SL,2.0433534920910077,1.3423371583738812
ET27-00061,MOMENTUM_BREAKDOWN_PULLBACK,ETHUSDT,SHORT,2025-01-13T10:00:00Z,3151.23,3170.8823679909888,3121.751448013517,FIXED_1_5R,1.0906026026774058,1.6359039040161087,1.5,1.0509583776609783,"{""breakdown_time"": ""2025-01-13T09:15:00Z"", ""broken_support"": 3161.7, ""pullback_bars"": 3, ""breakdown_volume_ratio"": 2.032928446186254}",TP_BEFORE_SL,0.6954617716410141,1.1151633226353252
ET27-00062,SHORT_FAILED_REBOUND,ETHUSDT,SHORT,2025-01-13T10:00:00Z,3151.23,3168.6719733258237,3129.4275333427204,CLOSER_PRIOR_LOW_OR_1_25R,0.9679373759790959,1.2099217199738699,1.25,1.0509583776609783,"{""rebound_bars"": 2, ""impulse_high"": 3209.74, ""impulse_low"": 3124.18, ""rebound_high"": 3166.87}",TP_BEFORE_SL,0.4518716392418084,0.8163935577287764
ET27-00063,MOMENTUM_BREAKDOWN_PULLBACK,SOLUSDT,SHORT,2025-01-13T11:00:00Z,177.32,179.49006661474758,174.06490007787863,FIXED_1_5R,1.859172467607652,2.788758701411466,1.4999999999999936,1.3996480424053974,"{""breakdown_time"": ""2025-01-13T10:15:00Z"", ""broken_support"": 178.69, ""pullback_bars"": 3, ""breakdown_volume_ratio"": 1.5977585076176952}",TP_BEFORE_SL,1.5957206869621927,1.3038917344251595
ET27-00064,SHORT_CONTINUATION_PRACTICAL_TARGET,BTCUSDT,SHORT,2025-01-13T11:30:00Z,91000.0,92693.2132531997,87613.57349360059,FIXED_2R_STRONG_MOMENTUM,4.208492027217055,8.41698405443411,2.0,3.4540476074807125,"{""pivot_highs"": [[1128, 94327.35], [1134, 93947.3]], ""pivot_lows"": [[1131, 93281.0], [1137, 92904.35]], ""broken_support"": 92904.35}",SL_BEFORE_TP,-2.1006739046150606,-1.1289855247632183
ET27-00065,SHORT_CONTINUATION_PRACTICAL_TARGET,ETHUSDT,SHORT,2025-01-13T11:30:00Z,3075.49,3153.3354134475017,2919.799173104996,FIXED_2R_STRONG_MOMENTUM,3.8058522369934087,7.611704473986817,2.0,4.474881929465622,"{""pivot_highs"": [[1128, 3233.53], [1134, 3209.74]], ""pivot_lows"": [[1137, 3161.7], [1142, 3124.18]], ""broken_support"": 3124.18}",SL_BEFORE_TP,-2.7711548224023446,-1.0948183800832119
ET27-00066,SHORT_CONTINUATION_PRACTICAL_TARGET,SOLUSDT,SHORT,2025-01-13T11:30:00Z,176.28,179.94892371552868,170.776614426707,FIXED_1_5R,3.085106868061526,4.627660302092277,1.4999999999999962,2.040047425784415,"{""pivot_highs"": [[1122, 186.98], [1134, 183.5]], ""pivot_lows"": [[1137, 180.16], [1142, 178.69]], ""broken_support"": 178.69}",TP_BEFORE_SL,2.8819568716207185,1.3846877087660978
ET27-00067,SHORT_CONTINUATION_PRACTICAL_TARGET,ETHUSDT,SHORT,2025-01-15T11:15:00Z,3192.65,3219.842272225966,3151.861591661051,FIXED_1_5R,2.2066773601632015,3.3100160402448022,1.5,1.857525549308828,"{""pivot_highs"": [[1330, 3248.55], [1338, 3218.61]], ""pivot_lows"": [[1327, 3230.46], [1335, 3196.71]], ""broken_support"": 3196.71}",SL_BEFORE_TP,-1.0917147894684982,-1.281784469364174
ET27-00068,SHORT_CONTINUATION_PRACTICAL_TARGET,SOLUSDT,SHORT,2025-01-15T11:15:00Z,186.27,188.0381486974823,183.61777695377657,FIXED_1_5R,2.0058704756659678,3.0088057134989357,1.499999999999992,2.3674998614639544,"{""pivot_highs"": [[1329, 190.7], [1338, 187.95]], ""pivot_lows"": [[1327, 189.68], [1335, 186.44]], ""broken_support"": 186.44}",SL_BEFORE_TP,-1.1892396507662548,-1.2528339390440177
ET27-00069,MOMENTUM_BREAKDOWN_PULLBACK,ETHUSDT,SHORT,2025-01-15T12:00:00Z,3194.48,3204.781549160545,3179.027676259182,FIXED_1_5R,0.8696047478169974,1.3044071217255153,1.500000000000022,0.9799668299143955,"{""breakdown_time"": ""2025-01-15T11:15:00Z"", ""broken_support"": 3196.71, ""pullback_bars"": 3, ""breakdown_volume_ratio"": 1.857525549308828}",SL_BEFORE_TP,-0.5624796887300958,-1.744232918808327
ET27-00070,MOMENTUM_BREAKDOWN_PULLBACK,ETHUSDT,SHORT,2025-01-16T08:30:00Z,3331.57,3364.1161909324587,3282.7507136013123,FIXED_1_5R,2.4778361754702503,3.716754263205375,1.5,3.5481744838199885,"{""breakdown_time"": ""2025-01-16T08:15:00Z"", ""broken_support"": 3363.21, ""pullback_bars"": 1, ""breakdown_volume_ratio"": 1.522930379224006}",SL_BEFORE_TP,-1.2169025094012298,-1.2456744636136747
ET27-00071,TRAP_REVERSAL,BTCUSDT,LONG,2025-01-16T13:15:00Z,98830.7,98731.99394133117,99127.6525,FALSE_BREAKDOWN_TO_MIDLINE,0.32273715811562825,0.9709394462489452,3.0084526117723422,1.0494412429284878,"{""lower"": 98793.47, ""upper"": 99461.83499999999, ""midline"": 99127.6525, ""width_atr"": 2.1853392141577137, ""high_touches"": 2, ""low_touches"": 2, ""adx14"": 28.03935084411352}",TP_BEFORE_SL,0.06046584715073294,0.6054220055578989
ET27-00072,SHORT_CONTINUATION_PRACTICAL_TARGET,BTCUSDT,SHORT,2025-01-16T14:30:00Z,98260.61,99500.38041801633,95781.06916396735,FIXED_2R_STRONG_MOMENTUM,3.2243353439996536,6.448670687999307,2.0,3.047691844600691,"{""pivot_highs"": [[1442, 99517.93], [1446, 99461.93]], ""pivot_lows"": [[1440, 98886.95], [1445, 98777.87]], ""broken_support"": 98777.87}",SL_BEFORE_TP,-1.5017165902148655,-1.1902170438760173
ET27-00073,MOMENTUM_BREAKDOWN_PULLBACK,BTCUSDT,SHORT,2025-01-16T14:45:00Z,97618.89,98311.46412293249,96580.02881560125,FIXED_1_5R,1.68018535101352,2.5202780265202978,1.5000000000000104,4.917264854743029,"{""breakdown_time"": ""2025-01-16T14:30:00Z"", ""broken_support"": 98777.87, ""pullback_bars"": 1, ""breakdown_volume_ratio"": 3.047691844600691}",SL_BEFORE_TP,-0.9494673202414944,-1.3382819661352503
ET27-00074,MOMENTUM_BREAKDOWN_PULLBACK,ETHUSDT,SHORT,2025-01-16T14:45:00Z,3277.14,3297.5229807153482,3246.565528926977,FIXED_1_5R,0.9694714156799252,1.4542071235198988,1.500000000000011,4.033227288515411,"{""breakdown_time"": ""2025-01-16T14:30:00Z"", ""broken_support"": 3308.05, ""pullback_bars"": 1, ""breakdown_volume_ratio"": 3.720990133226513}",SL_BEFORE_TP,-0.8619746704549811,-1.3858678036268541
ET27-00075,SHORT_CONTINUATION_PRACTICAL_TARGET,ETHUSDT,SHORT,2025-01-16T22:15:00Z,3291.27,3339.6247987718393,3194.5604024563213,FIXED_2R_STRONG_MOMENTUM,2.8700637476756943,5.7401274953513886,2.0,1.317787585158746,"{""pivot_highs"": [[1462, 3365.95], [1472, 3354.01]], ""pivot_lows"": [[1473, 3326.23], [1477, 3311.92]], ""broken_support"": 3311.92}",SL_BEFORE_TP,-1.7091835908886035,-1.163356030851693
ET27-00076,SHORT_CONTINUATION_PRACTICAL_TARGET,ETHUSDT,SHORT,2025-01-18T05:00:00Z,3338.42,3397.723891650304,3219.8122166993926,FIXED_2R_STRONG_MOMENTUM,2.887391437690024,5.774782875380048,2.0,2.212406180865768,"{""pivot_highs"": [[1587, 3494.39], [1593, 3475.0]], ""pivot_lows"": [[1598, 3368.06], [1601, 3350.9]], ""broken_support"": 3350.9}",NEITHER_EXPIRED,2.0203507048244393,1.1373248891947647
ET27-00077,MOMENTUM_BREAKDOWN_PULLBACK,ETHUSDT,SHORT,2025-01-18T05:30:00Z,3320.01,3356.047769523886,3265.9533457141715,FIXED_1_5R,1.6973797285519705,2.5460695928279558,1.5,1.9019340882122295,"{""breakdown_time"": ""2025-01-18T05:00:00Z"", ""broken_support"": 3350.9, ""pullback_bars"": 2, ""breakdown_volume_ratio"": 2.212406180865768}",TP_BEFORE_SL,1.3882075742491347,1.2788979699556933
ET27-00078,SHORT_CONTINUATION_PRACTICAL_TARGET,ETHUSDT,SHORT,2025-01-18T10:00:00Z,3248.02,3303.5007499218627,3137.0585001562745,FIXED_2R_STRONG_MOMENTUM,2.411420267568401,4.822840535136802,2.0,1.7726103570499363,"{""pivot_highs"": [[1610, 3340.39], [1620, 3301.2]], ""pivot_lows"": [[1612, 3283.77], [1616, 3251.65]], ""broken_support"": 3251.65}",SL_BEFORE_TP,-1.9481406494375881,-1.1405036523655243
ET27-00079,MOMENTUM_BREAKDOWN_PULLBACK,ETHUSDT,SHORT,2025-01-19T08:30:00Z,3230.16,3252.628782966519,3196.4568255502213,FIXED_1_5R,1.2606486951645421,1.8909730427468132,1.5,1.4391216842405579,"{""breakdown_time"": ""2025-01-19T08:15:00Z"", ""broken_support"": 3263.0, ""pullback_bars"": 1, ""breakdown_volume_ratio"": 2.092419934695859}",TP_BEFORE_SL,0.8033902484638082,1.1549708984437694
ET27-00080,MOMENTUM_BREAKDOWN_PULLBACK,SOLUSDT,SHORT,2025-01-19T21:45:00Z,255.2,272.0260612577113,229.960908113433,FIXED_1_5R,2.670586979998784,4.005880469998176,1.5,4.6542239838516055,"{""breakdown_time"": ""2025-01-19T21:15:00Z"", ""broken_support"": 268.0, ""pullback_bars"": 2, ""breakdown_volume_ratio"": 4.550616012648016}",TP_BEFORE_SL,9.649926287839733,1.4635993242495
ET27-00081,MOMENTUM_BREAKDOWN_PULLBACK,BTCUSDT,SHORT,2025-01-19T23:15:00Z,100538.35,101861.14664754573,98554.15502868142,FIXED_1_5R,1.3787911060508267,2.0681866590762477,1.5000000000000056,2.4361095351422244,"{""breakdown_time"": ""2025-01-19T23:00:00Z"", ""broken_support"": 102714.64, ""pullback_bars"": 1, ""breakdown_volume_ratio"": 2.3009399983254992}",SL_BEFORE_TP,-1.5557135038974892,-1.1824105318437919
ET27-00082,SHORT_CONTINUATION_PRACTICAL_TARGET,SOLUSDT,SHORT,2025-01-20T00:45:00Z,236.06,255.54229078655942,206.83656382016088,FIXED_1_5R,2.3984379866081666,3.59765697991225,1.5,1.2494343775784096,"{""pivot_highs"": [[1765, 278.43], [1775, 254.73]], ""pivot_lows"": [[1771, 240.0], [1774, 236.68]], ""broken_support"": 236.68}",SL_BEFORE_TP,-8.493109712174624,-1.0290799478463206
ET27-00083,TRAP_REVERSAL,ETHUSDT,SHORT,2025-01-20T16:30:00Z,3368.25,3396.3900429112505,3323.5550000000003,FALSE_BREAKOUT_TO_MIDLINE,0.7392249939787209,1.1741155196557769,1.588306035671698,1.2373360186672553,"{""lower"": 3267.47, ""upper"": 3379.6400000000003, ""midline"": 3323.5550000000003, ""width_atr"": 2.946650359990826, ""high_touches"": 4, ""low_touches"": 2, ""adx14"": 15.151006283690421}",TP_BEFORE_SL,1.086950196689667,1.3010356848234386
ET27-00084,SHORT_CONTINUATION_PRACTICAL_TARGET,SOLUSDT,SHORT,2025-01-20T17:15:00Z,245.69,257.30454516514993,222.46090966970013,FIXED_2R_STRONG_MOMENTUM,2.172790237826236,4.345580475652472,2.0,1.9134336421063292,"{""pivot_highs"": [[1838, 259.2], [1843, 256.77]], ""pivot_lows"": [[1837, 253.31], [1840, 247.07]], ""broken_support"": 247.07}",NEITHER_EXPIRED,-0.2155789816435336,-0.045602818919612875
ET27-00085,SHORT_CONTINUATION_PRACTICAL_TARGET,BTCUSDT,SHORT,2025-01-20T17:30:00Z,100786.25,107207.82910482511,87943.09179034978,FIXED_2R_STRONG_MOMENTUM,4.068691330373257,8.137382660746514,2.0,3.3374172558123676,"{""pivot_highs"": [[1835, 108075.6], [1842, 107050.0]], ""pivot_lows"": [[1834, 107277.28], [1840, 103708.0]], ""broken_support"": 103708.0}",NEITHER_EXPIRED,-5.2527770405189225,-0.8244198060290318
ET27-00086,MOMENTUM_BREAKDOWN_PULLBACK,SOLUSDT,SHORT,2025-01-20T17:30:00Z,235.57,248.8632931840242,215.63006022396368,FIXED_1_5R,2.1753852576791846,3.263077886518777,1.5,3.5529988056731017,"{""breakdown_time"": ""2025-01-20T17:15:00Z"", ""broken_support"": 247.07, ""pullback_bars"": 1, ""breakdown_volume_ratio"": 1.9134336421063292}",SL_BEFORE_TP,-5.883033146845612,-1.0425303190242923
ET27-00087,SHORT_CONTINUATION_PRACTICAL_TARGET,ETHUSDT,SHORT,2025-01-21T00:15:00Z,3247.7,3323.9594087921255,3095.1811824157485,FIXED_2R_STRONG_MOMENTUM,2.4446750610128025,4.889350122025605,2.0,2.2642303967550905,"{""pivot_highs"": [[1859, 3342.5], [1867, 3324.46]], ""pivot_lows"": [[1857, 3314.0], [1864, 3255.92]], ""broken_support"": 3255.92}",SL_BEFORE_TP,-2.588105083355164,-1.1022100764149227
ET27-00088,MOMENTUM_BREAKDOWN_PULLBACK,SOLUSDT,SHORT,2025-01-21T00:15:00Z,237.65,245.72008505414271,225.54487241878593,FIXED_1_5R,1.898526919446232,2.8477903791693513,1.5000000000000018,1.8252549333438735,"{""breakdown_time"": ""2025-01-20T23:45:00Z"", ""broken_support"": 242.83, ""pullback_bars"": 2, ""breakdown_volume_ratio"": 1.334564957991875}",SL_BEFORE_TP,-3.6357858422649727,-1.0706758350343792
ET27-00089,SHORT_CONTINUATION_PRACTICAL_TARGET,BTCUSDT,SHORT,2025-01-21T00:45:00Z,101187.75,103480.73365752617,96601.78268494766,FIXED_2R_STRONG_MOMENTUM,2.3647866799035735,4.729573359807147,2.0,2.0182640418740387,"{""pivot_highs"": [[1858, 104331.0], [1867, 103815.98]], ""pivot_lows"": [[1864, 101846.15], [1871, 101701.01]], ""broken_support"": 101701.01}",SL_BEFORE_TP,-2.506068429751796,-1.1059103056416912
ET27-00090,MOMENTUM_BREAKDOWN_PULLBACK,ETHUSDT,SHORT,2025-01-21T00:45:00Z,3226.87,3277.312786240015,3151.205820639977,FIXED_1_5R,1.5274945410072156,2.2912418115108233,1.5,3.0046407365371994,"{""breakdown_time"": ""2025-01-21T00:15:00Z"", ""broken_support"": 3255.92, ""pullback_bars"": 2, ""breakdown_volume_ratio"": 2.2642303967550905}",SL_BEFORE_TP,-1.803210982779451,-1.1535301393374748
ET27-00091,MOMENTUM_BREAKDOWN_PULLBACK,BTCUSDT,SHORT,2025-01-21T01:15:00Z,100480.0,102359.49667625666,97660.754985615,FIXED_1_5R,1.7866408387703736,2.6799612581555676,1.5000000000000038,2.2522749312399215,"{""breakdown_time"": ""2025-01-21T00:45:00Z"", ""broken_support"": 101701.01, ""pullback_bars"": 2, ""breakdown_volume_ratio"": 2.0182640418740387}",SL_BEFORE_TP,-2.1105181889497033,-1.1283066913852144
ET27-00092,RANGE_BOUNDARY_REJECTION,SOLUSDT,SHORT,2025-01-21T16:30:00Z,244.23,247.1795028832741,241.09,CONFIRMED_RANGE_MIDLINE,0.8683472596819163,0.9244304899185319,1.0645861774898207,0.8286779544702358,"{""lower"": 237.585, ""upper"": 244.595, ""midline"": 241.09, ""width_atr"": 2.0637763485123974, ""high_touches"": 2, ""low_touches"": 2, ""adx14"": 12.88430803602935}",SL_BEFORE_TP,-1.447674275590266,-1.1987290818815337
ET27-00093,SHORT_CONTINUATION_PRACTICAL_TARGET,ETHUSDT,SHORT,2025-01-22T07:30:00Z,3289.03,3323.2055504920427,3220.6788990159152,FIXED_2R_STRONG_MOMENTUM,2.858561869156877,5.717123738313754,2.0,2.164844364143921,"{""pivot_highs"": [[1980, 3348.0], [1988, 3339.59]], ""pivot_lows"": [[1986, 3316.18], [1993, 3303.0]], ""broken_support"": 3303.0}",SL_BEFORE_TP,-1.2790768856484274,-1.2309742458087978
ET27-00094,MOMENTUM_BREAKDOWN_PULLBACK,BTCUSDT,SHORT,2025-01-22T08:00:00Z,105019.99,105311.59715176403,104582.57927235396,FIXED_1_5R,0.9514836395221328,1.427225459283223,1.5000000000000249,1.4791549252053429,"{""breakdown_time"": ""2025-01-22T07:30:00Z"", ""broken_support"": 105186.71, ""pullback_bars"": 2, ""breakdown_volume_ratio"": 1.3979299335779856}",SL_BEFORE_TP,-0.5176682341752489,-1.8643408588413652
ET27-00095,SHORT_CONTINUATION_PRACTICAL_TARGET,BTCUSDT,SHORT,2025-01-22T08:15:00Z,104805.01,105709.38301029359,103448.45048455961,FIXED_1_5R,2.935036212550566,4.402554318825826,1.499999999999992,1.3930476008534507,"{""pivot_highs"": [[1992, 105952.0], [1997, 105678.57]], ""pivot_lows"": [[1986, 105277.24], [1995, 105186.71]], ""broken_support"": 105186.71}",TP_BEFORE_SL,1.0543651409797923,1.2218713726116728
ET27-00096,SHORT_CONTINUATION_PRACTICAL_TARGET,ETHUSDT,SHORT,2025-01-22T16:00:00Z,3264.79,3307.335260388737,3179.699479222526,FIXED_2R_STRONG_MOMENTUM,2.570306199449262,5.140612398898524,2.0,1.5869857043937008,"{""pivot_highs"": [[2016, 3332.7], [2026, 3312.22]], ""pivot_lows"": [[2024, 3275.71], [2027, 3267.17]], ""broken_support"": 3267.17}",NEITHER_EXPIRED,-0.9117124225447835,-0.6996195516969886
ET27-00097,SHORT_CONTINUATION_PRACTICAL_TARGET,BTCUSDT,SHORT,2025-01-22T16:30:00Z,103437.96,105201.82087596985,99910.23824806033,FIXED_2R_STRONG_MOMENTUM,3.336167301210681,6.672334602421362,2.0,1.4124144529989564,"{""pivot_highs"": [[2017, 105584.23], [2029, 105148.95]], ""pivot_lows"": [[2024, 103700.0], [2027, 103662.58]], ""broken_support"": 103662.58}",SL_BEFORE_TP,-1.9452355595275082,-1.1407430185577998
ET27-00098,SHORT_CONTINUATION_PRACTICAL_TARGET,ETHUSDT,SHORT,2025-01-22T18:45:00Z,3249.93,3292.8828719650724,3164.024256069855,FIXED_2R_STRONG_MOMENTUM,2.713603684497469,5.427207368994938,2.0,1.8752292931687549,"{""pivot_highs"": [[2026, 3312.22], [2040, 3291.3]], ""pivot_lows"": [[2027, 3267.17], [2033, 3259.93]], ""broken_support"": 3259.93}",SL_BEFORE_TP,-1.5616552961163017,-1.181590465157778
ET27-00099,SHORT_CONTINUATION_PRACTICAL_TARGET,BTCUSDT,SHORT,2025-01-23T02:00:00Z,102519.19,103696.98014550736,100163.60970898528,FIXED_2R_STRONG_MOMENTUM,2.730148755076269,5.460297510152538,2.0,3.1520527326313457,"{""pivot_highs"": [[2058, 104514.8], [2070, 103653.84]], ""pivot_lows"": [[2060, 103679.46], [2067, 103052.82]], ""broken_support"": 103052.82}",SL_BEFORE_TP,-1.388848469742454,-1.2089048349899465
ET27-00100,SHORT_CONTINUATION_PRACTICAL_TARGET,SOLUSDT,SHORT,2025-01-23T02:00:00Z,250.08,257.16002475576477,235.9199504884705,FIXED_2R_STRONG_MOMENTUM,2.72282719195001,5.44565438390002,2.0,2.227350839722224,"{""pivot_highs"": [[2064, 258.48], [2070, 256.9]], ""pivot_lows"": [[2060, 255.64], [2067, 254.02]], ""broken_support"": 254.02}",SL_BEFORE_TP,-3.0711039490422074,-1.0847725849420664
ET27-00101,SHORT_CONTINUATION_PRACTICAL_TARGET,BTCUSDT,SHORT,2025-01-23T04:15:00Z,101810.0,103048.71136545953,99332.57726908094,FIXED_2R_STRONG_MOMENTUM,3.024096857033008,6.048193714066016,2.0,2.570268466979236,"{""pivot_highs"": [[2070, 103653.84], [2078, 103007.75]], ""pivot_lows"": [[2067, 103052.82], [2074, 102100.0]], ""broken_support"": 102100.0}",SL_BEFORE_TP,-1.456689289322788,-1.197256606190381
ET27-00102,SHORT_CONTINUATION_PRACTICAL_TARGET,BTCUSDT,SHORT,2025-01-23T09:30:00Z,101905.08,102634.05330051329,100447.13339897343,FIXED_2R_STRONG_MOMENTUM,2.069576927460735,4.13915385492147,2.0,1.7559451048262433,"{""pivot_highs"": [[2088, 102968.31], [2095, 102803.2]], ""pivot_lows"": [[2092, 102084.51], [2099, 102060.0]], ""broken_support"": 102060.0}",SL_BEFORE_TP,-0.9553453983974964,-1.3355022630153819
ET27-00103,SHORT_FAILED_REBOUND,SOLUSDT,SHORT,2025-01-23T09:30:00Z,247.41,248.7615872881883,245.94,CLOSER_PRIOR_LOW_OR_1_25R,0.7054681450785034,0.7672742872977597,1.087610110605885,1.0145651181318105,"{""rebound_bars"": 2, ""impulse_high"": 250.0, ""impulse_low"": 245.94, ""rebound_high"": 248.57}",TP_BEFORE_SL,0.35415545046683605,0.6482866535201672
ET27-00104,MOMENTUM_BREAKDOWN_PULLBACK,BTCUSDT,SHORT,2025-01-23T09:45:00Z,101672.01,102026.49493485768,101140.28259771346,FIXED_1_5R,1.0100500529487233,1.5150750794231056,1.5000000000000204,1.3929359509580328,"{""breakdown_time"": ""2025-01-23T09:30:00Z"", ""broken_support"": 102060.0, ""pullback_bars"": 1, ""breakdown_volume_ratio"": 1.7559451048262433}",SL_BEFORE_TP,-0.5886553820050205,-1.688358798937296
ET27-00105,MOMENTUM_BREAKDOWN_PULLBACK,ETHUSDT,SHORT,2025-01-23T09:45:00Z,3197.01,3211.3605888455545,3175.484116731669,FIXED_1_5R,1.1105914159021586,1.6658871238532202,1.4999999999999842,1.5332783194931456,"{""breakdown_time"": ""2025-01-23T09:30:00Z"", ""broken_support"": 3208.63, ""pullback_bars"": 1, ""breakdown_volume_ratio"": 1.3071641853805038}",SL_BEFORE_TP,-0.6888753193000423,-1.5346696280255419
ET27-00106,MOMENTUM_BREAKDOWN_PULLBACK,SOLUSDT,SHORT,2025-01-24T20:45:00Z,257.33,259.402623845067,254.22106423239944,FIXED_1_5R,1.1171977616915911,1.6757966425373865,1.5,1.63515247852175,"{""breakdown_time"": ""2025-01-24T20:15:00Z"", ""broken_support"": 261.37, ""pullback_bars"": 2, ""breakdown_volume_ratio"": 2.7864252573974877}",SL_BEFORE_TP,-1.0454342070753617,-1.2979759214243853
ET27-00107,SHORT_CONTINUATION_PRACTICAL_TARGET,SOLUSDT,SHORT,2025-01-24T22:00:00Z,255.68,261.6432606250782,243.75347874984362,FIXED_2R_STRONG_MOMENTUM,2.796231429450068,5.592462858900136,2.0,1.4159073194176393,"{""pivot_highs"": [[2232, 265.49], [2246, 261.43]], ""pivot_lows"": [[2228, 261.37], [2245, 256.33]], ""broken_support"": 256.33}",NEITHER_EXPIRED,-1.1708510638297853,-0.502012604884386
ET27-00108,SHORT_CONTINUATION_PRACTICAL_TARGET,BTCUSDT,SHORT,2025-01-24T23:00:00Z,104572.28,105519.04779422464,103004.26,NEAREST_CONFIRMED_SUPPORT,2.251646755039109,3.729137351707096,1.6561822334526555,1.4045072066267057,"{""pivot_highs"": [[2233, 107120.0], [2248, 105477.0]], ""pivot_lows"": [[2236, 105875.4], [2243, 104736.84]], ""broken_support"": 104736.84}",NEITHER_EXPIRED,-0.6239162730314393,-0.6891272347664981
ET27-00109,SHORT_CONTINUATION_PRACTICAL_TARGET,ETHUSDT,SHORT,2025-01-24T23:00:00Z,3310.6,3338.3981463976734,3255.003707204653,FIXED_2R_STRONG_MOMENTUM,1.8310583511757803,3.6621167023515606,2.0,1.4835261337289118,"{""pivot_highs"": [[2238, 3395.0], [2245, 3346.99]], ""pivot_lows"": [[2243, 3327.19], [2248, 3322.36]], ""broken_support"": 3322.36}",SL_BEFORE_TP,-1.0796709477941602,-1.2858262520937362
ET27-00110,SHORT_CONTINUATION_PRACTICAL_TARGET,SOLUSDT,SHORT,2025-01-25T00:15:00Z,250.11,255.4104511598946,242.15932326015815,FIXED_1_5R,2.6442606581482133,3.96639098722232,1.5,2.1779283844000563,"{""pivot_highs"": [[2232, 265.49], [2246, 261.43]], ""pivot_lows"": [[2228, 261.37], [2245, 256.33]], ""broken_support"": 256.33}",SL_BEFORE_TP,-2.3592479948401017,-1.1132477183342142
ET27-00111,MOMENTUM_BREAKDOWN_PULLBACK,ETHUSDT,SHORT,2025-01-25T00:30:00Z,3282.59,3311.097702484287,3239.82844627357,FIXED_1_5R,1.89241555391429,2.838623330871435,1.5,1.4803468974917282,"{""breakdown_time"": ""2025-01-25T00:00:00Z"", ""broken_support"": 3304.11, ""pullback_bars"": 2, ""breakdown_volume_ratio"": 1.2040225873636892}",SL_BEFORE_TP,-1.1084515118941662,-1.276353943441862
ET27-00112,RANGE_BOUNDARY_REJECTION,ETHUSDT,SHORT,2025-01-25T13:15:00Z,3302.96,3309.311244070007,3294.7574999999997,CONFIRMED_RANGE_MIDLINE,0.7265517017713617,0.9383264551150086,1.291479261320745,0.8673881426627027,"{""lower"": 3283.165, ""upper"": 3306.35, ""midline"": 3294.7574999999997, ""width_atr"": 2.652252223327102, ""high_touches"": 3, ""low_touches"": 3, ""adx14"": 20.749114873508944}",SL_BEFORE_TP,-0.43228946369338234,-2.2481183076296634
ET27-00113,MOMENTUM_BREAKDOWN_PULLBACK,ETHUSDT,SHORT,2025-01-26T09:30:00Z,3301.26,3312.6674151420552,3284.148877286918,FIXED_1_5R,1.193020526637294,1.7895307899559172,1.49999999999998,3.5626737840354257,"{""breakdown_time"": ""2025-01-26T09:15:00Z"", ""broken_support"": 3323.43, ""pullback_bars"": 1, ""breakdown_volume_ratio"": 2.406498510671672}",SL_BEFORE_TP,-0.585547310483119,-1.6945503342637784
ET27-00114,TRAP_REVERSAL,BTCUSDT,LONG,2025-01-26T20:45:00Z,104949.99,104899.62223723767,105081.8125,FALSE_BREAKDOWN_TO_MIDLINE,0.3997914731689965,1.0463341745093897,2.6171998272386667,1.4301750382006886,"{""lower"": 104933.445, ""upper"": 105230.18, ""midline"": 105081.8125, ""width_atr"": 2.3553184871553907, ""high_touches"": 2, ""low_touches"": 4, ""adx14"": 26.89125256153858}",SL_BEFORE_TP,-0.2879921558471231,-6.000817232810072
ET27-00115,SHORT_CONTINUATION_PRACTICAL_TARGET,BTCUSDT,SHORT,2025-01-26T21:45:00Z,104557.19,105195.71340747354,103280.14318505293,FIXED_2R_STRONG_MOMENTUM,4.270086323826976,8.540172647653952,2.0,1.7533947384535533,"{""pivot_highs"": [[2425, 105260.36], [2433, 105200.0]], ""pivot_lows"": [[2432, 104960.0], [2436, 104709.6]], ""broken_support"": 104709.6}",TP_BEFORE_SL,0.9813859371575202,1.6070038262295014
ET27-00116,MOMENTUM_BREAKDOWN_PULLBACK,BTCUSDT,SHORT,2025-01-26T22:00:00Z,104427.54,104696.5037968991,104024.09430465134,FIXED_1_5R,1.6397068001345718,2.4595602002018575,1.5,3.1989464164897004,"{""breakdown_time"": ""2025-01-26T21:45:00Z"", ""broken_support"": 104709.6, ""pullback_bars"": 1, ""breakdown_volume_ratio"": 1.7533947384535533}",SL_BEFORE_TP,-0.4975602153408009,-1.9318209323689008
ET27-00117,SHORT_CONTINUATION_PRACTICAL_TARGET,SOLUSDT,SHORT,2025-01-26T22:45:00Z,247.16,252.44335838879817,236.59328322240364,FIXED_2R_STRONG_MOMENTUM,3.445105566250603,6.890211132501206,2.0,4.3827923604119885,"{""pivot_highs"": [[2426, 257.58], [2433, 256.63]], ""pivot_lows"": [[2422, 254.97], [2440, 248.0]], ""broken_support"": 248.0}",TP_BEFORE_SL,4.035253591841865,1.887725958311351
ET27-00118,SHORT_CONTINUATION_PRACTICAL_TARGET,ETHUSDT,SHORT,2025-01-26T23:00:00Z,3268.67,3311.008901046582,3183.992197906836,FIXED_2R_STRONG_MOMENTUM,3.717522358385734,7.435044716771468,2.0,3.843007618534602,"{""pivot_highs"": [[2433, 3342.34], [2442, 3309.87]], ""pivot_lows"": [[2429, 3329.62], [2440, 3281.56]], ""broken_support"": 3281.56}",TP_BEFORE_SL,2.3505888968040285,1.8147139437707893
ET27-00119,MOMENTUM_BREAKDOWN_PULLBACK,SOLUSDT,SHORT,2025-01-26T23:00:00Z,245.26,247.74274220466083,241.53588669300873,FIXED_1_5R,1.5457385946351396,2.318607891952709,1.5,2.248407922765796,"{""breakdown_time"": ""2025-01-26T22:45:00Z"", ""broken_support"": 248.0, ""pullback_bars"": 1, ""breakdown_volume_ratio"": 4.3827923604119885}",TP_BEFORE_SL,1.2784348475052012,1.2629137657164005
ET27-00120,MOMENTUM_BREAKDOWN_PULLBACK,ETHUSDT,SHORT,2025-01-26T23:15:00Z,3251.14,3270.7447183090485,3221.732922536427,FIXED_1_5R,1.5229742428149236,2.2844613642223854,1.5,6.03138538550442,"{""breakdown_time"": ""2025-01-26T23:00:00Z"", ""broken_support"": 3281.56, ""pullback_bars"": 1, ""breakdown_volume_ratio"": 3.843007618534602}",TP_BEFORE_SL,0.6645158763871422,1.1019970357646698
ET27-00121,SHORT_CONTINUATION_PRACTICAL_TARGET,BTCUSDT,SHORT,2025-01-27T00:15:00Z,102840.03,104365.11213456567,100552.4067981515,FIXED_1_5R,4.3695955950665315,6.554393392599776,1.4999999999999953,1.097199274000631,"{""pivot_highs"": [[2433, 105200.0], [2443, 104730.98]], ""pivot_lows"": [[2436, 104709.6], [2440, 104324.32]], ""broken_support"": 104324.32}",TP_BEFORE_SL,1.9844482054784527,1.3381621117932132
ET27-00122,MOMENTUM_BREAKDOWN_PULLBACK,BTCUSDT,SHORT,2025-01-27T01:00:00Z,101434.01,102136.85629109654,100379.74056335518,FIXED_1_5R,1.627703433548201,2.441555150322285,1.4999999999999896,2.8750782539281006,"{""breakdown_time"": ""2025-01-27T00:45:00Z"", ""broken_support"": 102313.12, ""pullback_bars"": 1, ""breakdown_volume_ratio"": 3.508179948379789}",TP_BEFORE_SL,0.7993648408899661,1.153634618146449
ET27-00123,SHORT_CONTINUATION_PRACTICAL_TARGET,SOLUSDT,SHORT,2025-01-27T01:00:00Z,235.47,242.9064251941412,220.59714961171758,FIXED_2R_STRONG_MOMENTUM,3.284274624273448,6.568549248546896,2.0,1.551297168356273,"{""pivot_highs"": [[2433, 256.63], [2443, 250.18]], ""pivot_lows"": [[2440, 248.0], [2448, 237.38]], ""broken_support"": 237.38}",NEITHER_EXPIRED,0.12098016732492223,0.038307653551659604
ET27-00124,SHORT_CONTINUATION_PRACTICAL_TARGET,BTCUSDT,SHORT,2025-01-27T04:30:00Z,100597.51,101905.28841703024,98635.84237445463,FIXED_1_5R,2.7766929325681113,4.1650393988521515,1.4999999999999944,1.4871199556117265,"{""pivot_highs"": [[2448, 103260.0], [2461, 101858.19]], ""pivot_lows"": [[2456, 100835.25], [2460, 100720.53]], ""broken_support"": 100720.53}",TP_BEFORE_SL,1.7100160844392311,1.3153861381591962
ET27-00125,SHORT_CONTINUATION_PRACTICAL_TARGET,ETHUSDT,SHORT,2025-01-27T05:00:00Z,3149.69,3189.435640501173,3090.0715392482407,FIXED_1_5R,2.3719670462338263,3.557950569350726,1.4999999999999942,1.2508692428733383,"{""pivot_highs"": [[2448, 3253.91], [2461, 3199.96]], ""pivot_lows"": [[2460, 3160.71], [2465, 3155.15]], ""broken_support"": 3155.15}",TP_BEFORE_SL,1.6528358267562635,1.3098091789519124
ET27-00126,SHORT_CONTINUATION_PRACTICAL_TARGET,SOLUSDT,SHORT,2025-01-27T06:30:00Z,226.46,233.09158906664527,213.19682186670948,FIXED_2R_STRONG_MOMENTUM,2.9927420007874175,5.985484001574835,2.0,2.1358130296324274,"{""pivot_highs"": [[2461, 238.21], [2472, 232.87]], ""pivot_lows"": [[2453, 235.01], [2458, 232.88]], ""broken_support"": 232.88}",SL_BEFORE_TP,-3.1683710441778947,-1.0819568273211693
ET27-00127,MOMENTUM_BREAKDOWN_PULLBACK,BTCUSDT,SHORT,2025-01-27T06:45:00Z,98956.32,99460.0675677566,98200.69864836511,FIXED_1_5R,0.9756630274490492,1.4634945411735738,1.5,2.0736291495888413,"{""breakdown_time"": ""2025-01-27T06:30:00Z"", ""broken_support"": 99713.37, ""pullback_bars"": 1, ""breakdown_volume_ratio"": 2.23387979575264}",TP_BEFORE_SL,0.5235907960551629,1.028543295885938
ET27-00128,SHORT_CONTINUATION_PRACTICAL_TARGET,BTCUSDT,SHORT,2025-01-27T07:15:00Z,97808.1,100548.16818261423,92327.96363477156,FIXED_2R_STRONG_MOMENTUM,4.877459638433018,9.754919276866037,2.0,2.614569115214228,"{""pivot_highs"": [[2461, 101858.19], [2469, 100732.0]], ""pivot_lows"": [[2467, 100227.01], [2471, 99713.37]], ""broken_support"": 99713.37}",SL_BEFORE_TP,-3.0414736843004047,-1.0856691966606618
ET27-00129,SHORT_CONTINUATION_PRACTICAL_TARGET,ETHUSDT,SHORT,2025-01-27T07:15:00Z,3027.36,3153.6796757296042,2774.720648540792,FIXED_2R_STRONG_MOMENTUM,5.516924256843345,11.03384851368669,2.0,4.2410420571961005,"{""pivot_highs"": [[2448, 3253.91], [2461, 3199.96]], ""pivot_lows"": [[2460, 3160.71], [2465, 3155.15]], ""broken_support"": 3155.15}",SL_BEFORE_TP,-4.412601729876992,-1.0575180703879627
ET27-00130,MOMENTUM_BREAKDOWN_PULLBACK,SOLUSDT,SHORT,2025-01-27T16:45:00Z,228.92,231.4101832046778,225.18472519298328,FIXED_1_5R,0.8072272885028036,1.2108409327542053,1.5,2.4144014713674,"{""breakdown_time"": ""2025-01-27T16:30:00Z"", ""broken_support"": 232.5, ""pullback_bars"": 1, ""breakdown_volume_ratio"": 1.59286989800712}",TP_BEFORE_SL,1.3916943941187787,1.279370449946037
ET27-00131,RANGE_BOUNDARY_REJECTION,ETHUSDT,LONG,2025-01-28T16:30:00Z,3161.78,3150.5532708785854,3181.785,CONFIRMED_RANGE_MIDLINE,0.6882696386261793,1.2264332711522064,1.7819081393743137,1.2902478226629543,"{""lower"": 3161.63, ""upper"": 3201.94, ""midline"": 3181.785, ""width_atr"": 2.4712584433964624, ""high_touches"": 2, ""low_touches"": 2, ""adx14"": 14.607443865431348}",SL_BEFORE_TP,-0.595076226727185,-1.6759112042282647
ET27-00132,TRAP_REVERSAL,ETHUSDT,LONG,2025-01-28T16:30:00Z,3161.78,3150.5532708785854,3181.785,FALSE_BREAKDOWN_TO_MIDLINE,0.6882696386261793,1.2264332711522064,1.7819081393743137,1.2902478226629543,"{""lower"": 3161.63, ""upper"": 3201.94, ""midline"": 3181.785, ""width_atr"": 2.4712584433964624, ""high_touches"": 2, ""low_touches"": 2, ""adx14"": 14.607443865431348}",SL_BEFORE_TP,-0.595076226727185,-1.6759112042282647
ET27-00133,SHORT_CONTINUATION_PRACTICAL_TARGET,SOLUSDT,SHORT,2025-01-28T20:30:00Z,229.34,233.29490732448832,223.40763901326753,FIXED_1_5R,2.0291219608451883,3.0436829412677824,1.5,1.5357652663482821,"{""pivot_highs"": [[2617, 236.0], [2623, 233.1]], ""pivot_lows"": [[2611, 231.68], [2620, 230.3]], ""broken_support"": 230.3}",SL_BEFORE_TP,-1.964473412613725,-1.1391729198284595
ET27-00134,SHORT_CONTINUATION_PRACTICAL_TARGET,BTCUSDT,SHORT,2025-01-28T20:45:00Z,101264.48,102705.35482673605,98382.7303465279,FIXED_2R_STRONG_MOMENTUM,3.1768941266640183,6.3537882533280365,2.0,1.9220376111282123,"{""pivot_highs"": [[2617, 103108.0], [2623, 102660.0]], ""pivot_lows"": [[2609, 101906.24], [2620, 101820.15]], ""broken_support"": 101820.15}",SL_BEFORE_TP,-1.6628827588272312,-1.1686716621668907
ET27-00135,SHORT_CONTINUATION_PRACTICAL_TARGET,ETHUSDT,SHORT,2025-01-28T20:45:00Z,3095.42,3157.1633650077806,2971.933269984439,FIXED_2R_STRONG_MOMENTUM,3.4428777599597806,6.885755519919561,2.0,2.0657807790358387,"{""pivot_highs"": [[2617, 3177.56], [2624, 3155.37]], ""pivot_lows"": [[2615, 3157.0], [2620, 3120.36]], ""broken_support"": 3120.36}",SL_BEFORE_TP,-2.2346684135846036,-1.1203207502387316
ET27-00136,MOMENTUM_BREAKDOWN_PULLBACK,SOLUSDT,SHORT,2025-01-28T20:45:00Z,228.1,229.89621101871555,225.40568347192666,FIXED_1_5R,0.912511716929781,1.3687675753946715,1.5,1.5647600749603272,"{""breakdown_time"": ""2025-01-28T20:30:00Z"", ""broken_support"": 230.3, ""pullback_bars"": 1, ""breakdown_volume_ratio"": 1.5357652663482821}",TP_BEFORE_SL,0.9411997054245198,1.1952251187104581
ET27-00137,MOMENTUM_BREAKDOWN_PULLBACK,BTCUSDT,SHORT,2025-01-28T21:30:00Z,100761.99,101603.88353090631,99499.14970364055,FIXED_1_5R,1.7829320215819937,2.674398032372975,1.4999999999999913,1.6402259825393126,"{""breakdown_time"": ""2025-01-28T20:45:00Z"", ""broken_support"": 101820.15, ""pullback_bars"": 3, ""breakdown_volume_ratio"": 1.9220376111282123}",SL_BEFORE_TP,-1.0755268994849239,-1.2872438938207167
ET27-00138,MOMENTUM_BREAKDOWN_PULLBACK,ETHUSDT,SHORT,2025-01-28T21:30:00Z,3072.26,3117.5886308697204,3004.26705369542,FIXED_1_5R,2.3459688109053247,3.5189532163579753,1.499999999999995,1.9822771105769643,"{""breakdown_time"": ""2025-01-28T20:45:00Z"", ""broken_support"": 3120.36, ""pullback_bars"": 3, ""breakdown_volume_ratio"": 2.0657807790358387}",SL_BEFORE_TP,-1.71541649696706,-1.1626659322932582
ET27-00139,MOMENTUM_BREAKDOWN_PULLBACK,SOLUSDT,SHORT,2025-01-29T12:30:00Z,229.14,230.69637187289626,226.80544219065558,FIXED_1_5R,1.2759597937230007,1.9139396905844897,1.499999999999991,1.7189798112009211,"{""breakdown_time"": ""2025-01-29T12:15:00Z"", ""broken_support"": 231.24, ""pullback_bars"": 1, ""breakdown_volume_ratio"": 1.4563316494519736}",TP_BEFORE_SL,0.778834690296065,1.1466551409872057
ET27-00140,MOMENTUM_BREAKDOWN_PULLBACK,SOLUSDT,SHORT,2025-01-29T19:15:00Z,222.93,226.90013695941516,216.97479456087729,FIXED_1_5R,1.98393631821654,2.975904477324803,1.4999999999999964,2.964707831322283,"{""breakdown_time"": ""2025-01-29T19:00:00Z"", ""broken_support"": 227.4, ""pullback_bars"": 1, ""breakdown_volume_ratio"": 4.981646708776526}",SL_BEFORE_TP,-2.0208894986835135,-1.1347641165706324
ET27-00141,SHORT_CONTINUATION_PRACTICAL_TARGET,ETHUSDT,SHORT,2025-01-31T04:45:00Z,3216.61,3237.0746405443147,3185.9130391835283,FIXED_1_5R,1.7130375025110969,2.5695562537666454,1.5,1.8458571761595286,"{""pivot_highs"": [[2840, 3279.5], [2849, 3235.88]], ""pivot_lows"": [[2837, 3254.09], [2846, 3221.2]], ""broken_support"": 3221.2}",SL_BEFORE_TP,-0.8762176497714841,-1.3772293963963478
ET27-00142,MOMENTUM_BREAKDOWN_PULLBACK,BTCUSDT,SHORT,2025-01-31T18:30:00Z,103096.27,104071.27788046337,101633.75817930495,FIXED_1_5R,2.2240193793220557,3.3360290689831,1.5000000000000075,2.83894696184737,"{""breakdown_time"": ""2025-01-31T18:15:00Z"", ""broken_support"": 104542.0, ""pullback_bars"": 1, ""breakdown_volume_ratio"": 1.3368731793363529}",TP_BEFORE_SL,1.1785884908300341,1.246226617283952
ET27-00143,SHORT_CONTINUATION_PRACTICAL_TARGET,SOLUSDT,SHORT,2025-01-31T21:15:00Z,228.5,230.79524197109762,225.05713704335358,FIXED_1_5R,1.5802883655130435,2.370432548269555,1.4999999999999938,1.140805903747361,"{""pivot_highs"": [[2895, 241.14], [2910, 232.78]], ""pivot_lows"": [[2908, 230.17], [2913, 228.53]], ""broken_support"": 228.53}",SL_BEFORE_TP,-1.2444822630624177,-1.2389290571127651
ET27-00144,MOMENTUM_BREAKDOWN_PULLBACK,ETHUSDT,SHORT,2025-02-01T03:00:00Z,3300.0,3311.971745843687,3282.0423812344693,FIXED_1_5R,0.6934294115370934,1.04014411730564,1.5,1.3219840463762895,"{""breakdown_time"": ""2025-02-01T02:45:00Z"", ""broken_support"": 3309.1, ""pullback_bars"": 1, ""breakdown_volume_ratio"": 1.3849030603874046}",TP_BEFORE_SL,0.30417026562214233,0.8384423539047711
ET27-00145,SHORT_CONTINUATION_PRACTICAL_TARGET,BTCUSDT,SHORT,2025-02-01T08:15:00Z,102009.26,102512.86717982574,101002.0456403485,FIXED_2R_STRONG_MOMENTUM,2.7705462819515323,5.541092563903065,2.0,3.747831044821217,"{""pivot_highs"": [[2950, 102588.57], [2956, 102494.69]], ""pivot_lows"": [[2948, 102235.29], [2955, 102184.46]], ""broken_support"": 102184.46}",TP_BEFORE_SL,0.7473754202819375,1.5138627211694822
ET27-00146,SHORT_CONTINUATION_PRACTICAL_TARGET,ETHUSDT,SHORT,2025-02-01T08:15:00Z,3265.6,3302.316915027863,3192.1661699442734,FIXED_2R_STRONG_MOMENTUM,2.8754391816741873,5.750878363348375,2.0,2.728383257091699,"{""pivot_highs"": [[2952, 3306.5], [2956, 3301.04]], ""pivot_lows"": [[2950, 3292.88], [2955, 3273.44]], ""broken_support"": 3273.44}",TP_BEFORE_SL,2.0087086616770735,1.7865441583517454
ET27-00147,SHORT_CONTINUATION_PRACTICAL_TARGET,SOLUSDT,SHORT,2025-02-01T08:30:00Z,229.05,231.0263564975329,226.08546525370068,FIXED_1_5R,2.0510879371242634,3.0766319056863947,1.5,2.543990401143583,"{""pivot_highs"": [[2956, 231.64], [2960, 230.93]], ""pivot_lows"": [[2948, 231.62], [2957, 230.0]], ""broken_support"": 230.0}",TP_BEFORE_SL,1.0542740651819846,1.2218518011875783
ET27-00148,MOMENTUM_BREAKDOWN_PULLBACK,BTCUSDT,SHORT,2025-02-01T09:00:00Z,101800.01,102075.2240364769,101387.18894528464,FIXED_1_5R,1.4954550727982796,2.2431826091974587,1.5000000000000264,1.4131643478913096,"{""breakdown_time"": ""2025-02-01T08:15:00Z"", ""broken_support"": 102184.46, ""pullback_bars"": 3, ""breakdown_volume_ratio"": 3.747831044821217}",SL_BEFORE_TP,-0.5103477499431486,-1.8877455057438783
ET27-00149,MOMENTUM_BREAKDOWN_PULLBACK,ETHUSDT,SHORT,2025-02-01T09:45:00Z,3236.19,3242.9795139183702,3226.005729122445,FIXED_1_5R,0.476592592461093,0.7148888886916395,1.5,1.693118875464737,"{""breakdown_time"": ""2025-02-01T09:30:00Z"", ""broken_support"": 3246.1, ""pullback_bars"": 1, ""breakdown_volume_ratio"": 2.452481540399021}",SL_BEFORE_TP,-0.4497996075128523,-2.143948755887437
ET27-00150,SHORT_CONTINUATION_PRACTICAL_TARGET,SOLUSDT,SHORT,2025-02-01T10:45:00Z,226.47,228.75438461409635,221.9012307718073,FIXED_2R_STRONG_MOMENTUM,2.188430386865351,4.376860773730702,2.0,1.5678609168684048,"{""pivot_highs"": [[2956, 231.64], [2960, 230.93]], ""pivot_lows"": [[2957, 230.0], [2967, 226.93]], ""broken_support"": 226.93}",SL_BEFORE_TP,-1.248691930099507,-1.237931912448555
ET27-00151,MOMENTUM_BREAKDOWN_PULLBACK,SOLUSDT,SHORT,2025-02-01T19:00:00Z,223.91,224.7434899723109,222.65976504153366,FIXED_1_5R,0.6970438077763447,1.0455657116645052,1.499999999999983,1.5854017064498895,"{""breakdown_time"": ""2025-02-01T18:45:00Z"", ""broken_support"": 224.75, ""pullback_bars"": 1, ""breakdown_volume_ratio"": 1.204364693607608}",TP_BEFORE_SL,0.3183649495182602,0.8552603896240225
ET27-00152,MOMENTUM_BREAKDOWN_PULLBACK,ETHUSDT,SHORT,2025-02-01T19:15:00Z,3207.85,3237.2548039940943,3163.7427940088583,FIXED_1_5R,1.9023985771682856,2.853597865752428,1.5,3.1198309363437335,"{""breakdown_time"": ""2025-02-01T19:00:00Z"", ""broken_support"": 3240.42, ""pullback_bars"": 1, ""breakdown_volume_ratio"": 1.6470421277034257}",TP_BEFORE_SL,1.1349771962885313,1.2381774759816047
ET27-00153,SHORT_CONTINUATION_PRACTICAL_TARGET,ETHUSDT,SHORT,2025-02-01T21:45:00Z,3149.8,3181.3111103707542,3102.533334443869,FIXED_1_5R,1.7303240307009793,2.595486046051469,1.5,1.575400987214565,"{""pivot_highs"": [[3000, 3267.24], [3012, 3179.49]], ""pivot_lows"": [[2995, 3240.42], [3010, 3151.71]], ""broken_support"": 3151.71}",TP_BEFORE_SL,1.2606243430100672,1.260099853319796
ET27-00154,MOMENTUM_BREAKDOWN_PULLBACK,SOLUSDT,SHORT,2025-02-01T22:00:00Z,215.7,217.73609147171018,212.64586279243468,FIXED_1_5R,1.2460051142169637,1.8690076713254542,1.5000000000000069,1.0460888896735392,"{""breakdown_time"": ""2025-02-01T21:45:00Z"", ""broken_support"": 216.78, ""pullback_bars"": 1, ""breakdown_volume_ratio"": 1.4963601492597551}",TP_BEFORE_SL,1.1759189650279576,1.2457481615179273
ET27-00155,SHORT_CONTINUATION_PRACTICAL_TARGET,BTCUSDT,SHORT,2025-02-01T22:15:00Z,100730.0,101606.02658172471,98977.94683655057,FIXED_2R_STRONG_MOMENTUM,3.1301664145398957,6.2603328290797915,2.0,2.309229148488828,"{""pivot_highs"": [[2997, 102297.99], [3013, 101578.04]], ""pivot_lows"": [[2995, 101863.77], [3011, 101000.0]], ""broken_support"": 101000.0}",TP_BEFORE_SL,1.499355865630324,1.7240357712387666
ET27-00156,MOMENTUM_BREAKDOWN_PULLBACK,BTCUSDT,SHORT,2025-02-01T23:00:00Z,100389.11,101004.05231372413,99466.6965294138,FIXED_1_5R,2.057103932976663,3.0856558994650194,1.5000000000000118,2.3291256007488936,"{""breakdown_time"": ""2025-02-01T22:15:00Z"", ""broken_support"": 101000.0, ""pullback_bars"": 3, ""breakdown_volume_ratio"": 2.309229148488828}",SL_BEFORE_TP,-0.8525587862310212,-1.391799130784953
ET27-00157,SHORT_CONTINUATION_PRACTICAL_TARGET,SOLUSDT,SHORT,2025-02-01T23:45:00Z,213.03,217.1660681537867,206.82589776931994,FIXED_1_5R,2.349129053058138,3.523693579587207,1.5,1.0423078620669144,"{""pivot_highs"": [[2999, 227.66], [3019, 216.99]], ""pivot_lows"": [[2995, 224.75], [3010, 216.78]], ""broken_support"": 216.78}",SL_BEFORE_TP,-2.1815425779405295,-1.1236130501215056
ET27-00158,SHORT_CONTINUATION_PRACTICAL_TARGET,BTCUSDT,SHORT,2025-02-02T03:00:00Z,99976.63,101415.02603207737,97099.83793584528,FIXED_2R_STRONG_MOMENTUM,4.388560606367096,8.777121212734192,2.0,4.964801152195295,"{""pivot_highs"": [[3013, 101578.04], [3029, 101456.6]], ""pivot_lows"": [[3011, 101000.0], [3021, 100279.51]], ""broken_support"": 100279.51}",TP_BEFORE_SL,2.637464527614828,1.8331864753176024
ET27-00159,MOMENTUM_BREAKDOWN_PULLBACK,BTCUSDT,SHORT,2025-02-02T03:15:00Z,99612.0,100199.01475002906,98731.47787495641,FIXED_1_5R,1.6441167227188438,2.4661750840782455,1.4999999999999876,2.730196443856765,"{""breakdown_time"": ""2025-02-02T03:00:00Z"", ""broken_support"": 100279.51, ""pullback_bars"": 1, ""breakdown_volume_ratio"": 4.964801152195295}",SL_BEFORE_TP,-0.829301238835745,-1.4072619980812475
ET27-00160,MOMENTUM_BREAKDOWN_PULLBACK,SOLUSDT,SHORT,2025-02-02T03:15:00Z,210.09,212.49248477630198,206.48627283554703,FIXED_1_5R,1.2400733404657693,1.8601100106986614,1.500000000000006,2.96526244277588,"{""breakdown_time"": ""2025-02-02T03:00:00Z"", ""broken_support"": 212.44, ""pullback_bars"": 1, ""breakdown_volume_ratio"": 2.157089981429703}",SL_BEFORE_TP,-1.3835502766918821,-1.2098727138559082
ET27-00161,SHORT_CONTINUATION_PRACTICAL_TARGET,BTCUSDT,SHORT,2025-02-02T11:15:00Z,99006.01,99728.24546309555,97561.53907380889,FIXED_2R_STRONG_MOMENTUM,2.154289296578382,4.308578593156764,2.0,1.5198270235195805,"{""pivot_highs"": [[3063, 99864.02], [3067, 99644.49]], ""pivot_lows"": [[3061, 99352.94], [3065, 99200.0]], ""broken_support"": 99200.0}",TP_BEFORE_SL,1.2189729716318283,1.6710014446236583
ET27-00162,SHORT_CONTINUATION_PRACTICAL_TARGET,ETHUSDT,SHORT,2025-02-02T11:15:00Z,3079.69,3114.4168024306286,3010.236395138743,FIXED_2R_STRONG_MOMENTUM,2.2744791162223117,4.548958232444623,2.0,1.9293268412239677,"{""pivot_highs"": [[3058, 3124.13], [3063, 3112.04]], ""pivot_lows"": [[3061, 3096.33], [3066, 3091.1]], ""broken_support"": 3091.1}",TP_BEFORE_SL,2.0152141566604813,1.7871599029376513
ET27-00163,SHORT_CONTINUATION_PRACTICAL_TARGET,SOLUSDT,SHORT,2025-02-02T11:15:00Z,209.5,213.91997403463336,200.6600519307333,FIXED_2R_STRONG_MOMENTUM,2.762932150059969,5.525864300119938,2.0,1.7766882591758535,"{""pivot_highs"": [[3063, 214.73], [3067, 213.17]], ""pivot_lows"": [[3053, 211.14], [3056, 210.82]], ""broken_support"": 210.82}",SL_BEFORE_TP,-2.349772808894203,-1.1137563243720974
ET27-00164,MOMENTUM_BREAKDOWN_PULLBACK,BTCUSDT,SHORT,2025-02-02T11:30:00Z,98828.0,99314.10865887789,98098.83701168318,FIXED_1_5R,1.4087159701879817,2.1130739552819513,1.4999999999999851,2.1235661870546183,"{""breakdown_time"": ""2025-02-02T11:15:00Z"", ""broken_support"": 99200.0, ""pullback_bars"": 1, ""breakdown_volume_ratio"": 1.5198270235195805}",SL_BEFORE_TP,-0.731873415305263,-1.4879304156965931
ET27-00165,MOMENTUM_BREAKDOWN_PULLBACK,ETHUSDT,SHORT,2025-02-02T11:30:00Z,3056.41,3089.093579851272,3007.384630223092,FIXED_1_5R,1.9673300668893905,2.9509951003340857,1.5,3.7714700209626497,"{""breakdown_time"": ""2025-02-02T11:15:00Z"", ""broken_support"": 3091.1, ""pullback_bars"": 1, ""breakdown_volume_ratio"": 1.9293268412239677}",SL_BEFORE_TP,-1.309345403636032,-1.2244363693750795
ET27-00166,MOMENTUM_BREAKDOWN_PULLBACK,SOLUSDT,SHORT,2025-02-02T11:30:00Z,208.46,210.55659963859148,205.31510054211282,FIXED_1_5R,1.2797172895815174,1.9195759343722674,1.4999999999999931,1.7718238958386365,"{""breakdown_time"": ""2025-02-02T11:15:00Z"", ""broken_support"": 210.82, ""pullback_bars"": 1, ""breakdown_volume_ratio"": 1.7766882591758535}",SL_BEFORE_TP,-1.2457563266772862,-1.2386263885536641
ET27-00167,SHORT_CONTINUATION_PRACTICAL_TARGET,ETHUSDT,SHORT,2025-02-02T18:30:00Z,2929.13,3028.79628979766,2729.7974204046805,FIXED_2R_STRONG_MOMENTUM,3.5264002254891165,7.052800450978233,2.0,2.141611519979077,"{""pivot_highs"": [[3081, 3101.92], [3087, 3086.0]], ""pivot_lows"": [[3086, 3061.41], [3095, 2951.58]], ""broken_support"": 2951.58}",TP_BEFORE_SL,6.56518036397564,1.9294654991745759
ET27-00168,MOMENTUM_BREAKDOWN_PULLBACK,BTCUSDT,SHORT,2025-02-03T01:15:00Z,95163.95,97048.7646882467,92336.72796762995,FIXED_1_5R,2.1803484100875274,3.2705226151312914,1.5,2.114723323241629,"{""breakdown_time"": ""2025-02-03T00:30:00Z"", ""broken_support"": 96543.1, ""pullback_bars"": 3, ""breakdown_volume_ratio"": 2.6427797370470434}",TP_BEFORE_SL,2.7308960508365256,1.378824437530006
ET27-00169,SHORT_CONTINUATION_PRACTICAL_TARGET,BTCUSDT,SHORT,2025-02-03T01:15:00Z,95163.95,97869.2355735389,91106.02163969164,FIXED_1_5R,3.129466857341383,4.694200286012083,1.5000000000000027,2.114723323241629,"{""pivot_highs"": [[3103, 98700.0], [3115, 98022.2]], ""pivot_lows"": [[3117, 96543.1], [3122, 95500.0]], ""broken_support"": 95500.0}",SL_BEFORE_TP,-3.0827630142915483,-1.084424905907892
ET27-00170,SHORT_CONTINUATION_PRACTICAL_TARGET,ETHUSDT,SHORT,2025-02-03T01:30:00Z,2749.77,2863.46101779601,2579.233473305985,FIXED_1_5R,2.403098502227133,3.6046477533407,1.5,1.6490722135824984,"{""pivot_highs"": [[3112, 2937.17], [3120, 2872.75]], ""pivot_lows"": [[3117, 2778.49], [3122, 2768.55]], ""broken_support"": 2768.55}",TP_BEFORE_SL,5.961846943344891,1.4419527757958763
ET27-00171,SHORT_CONTINUATION_PRACTICAL_TARGET,SOLUSDT,SHORT,2025-02-03T01:30:00Z,191.97,203.3399901032794,174.9150148450809,FIXED_1_5R,2.471790158574984,3.7076852378624765,1.5,1.5374136524330282,"{""pivot_highs"": [[3117, 204.03], [3120, 203.89]], ""pivot_lows"": [[3117, 196.58], [3122, 192.2]], ""broken_support"": 192.2}",SL_BEFORE_TP,-6.162795282220872,-1.0405214073024667
ET27-00172,RANGE_BOUNDARY_REJECTION,SOLUSDT,SHORT,2025-02-03T11:30:00Z,199.15,201.07646461944833,197.105,CONFIRMED_RANGE_MIDLINE,0.654570446162492,0.6948461699678846,1.0615300064974127,1.0676143272599072,"{""lower"": 193.575, ""upper"": 200.635, ""midline"": 197.105, ""width_atr"": 2.3988332322607473, ""high_touches"": 2, ""low_touches"": 2, ""adx14"": 20.840262524389573}",TP_BEFORE_SL,0.7868641727341279,0.8134278637563372
ET27-00173,SHORT_CONTINUATION_PRACTICAL_TARGET,BTCUSDT,SHORT,2025-02-04T08:30:00Z,97893.03,99524.7504048518,94934.73,NEAREST_CONFIRMED_SUPPORT,3.2057120362853824,5.8119380555300255,1.812994426743522,1.1740922906444398,"{""pivot_highs"": [[3223, 101732.31], [3241, 99673.6]], ""pivot_lows"": [[3220, 100743.33], [3238, 98229.82]], ""broken_support"": 98229.82}",SL_BEFORE_TP,-1.9068402284123838,-1.143985005826619
ET27-00174,MOMENTUM_BREAKDOWN_PULLBACK,BTCUSDT,SHORT,2025-02-04T14:00:00Z,98683.4,99294.77495298441,97766.33757052336,FIXED_1_5R,1.4958724576905826,2.243808686535874,1.5,2.0039770582190894,"{""breakdown_time"": ""2025-02-04T13:45:00Z"", ""broken_support"": 99183.33, ""pullback_bars"": 1, ""breakdown_volume_ratio"": 1.881220384104681}",SL_BEFORE_TP,-0.8595317074446369,-1.3873893734832725
ET27-00175,RANGE_BOUNDARY_REJECTION,ETHUSDT,LONG,2025-02-04T15:30:00Z,2777.9,2757.869097841959,2802.7974999999997,CONFIRMED_RANGE_MIDLINE,0.6311062953964582,0.7844364105850004,1.2429545011783172,1.0225541481609048,"{""lower"": 2764.4449999999997, ""upper"": 2841.15, ""midline"": 2802.7974999999997, ""width_atr"": 2.4167163319178133, ""high_touches"": 3, ""low_touches"": 2, ""adx14"": 21.875279669443728}",TP_BEFORE_SL,0.6562705640951647,0.9101207652138255
ET27-00176,TRAP_REVERSAL,ETHUSDT,LONG,2025-02-04T15:30:00Z,2777.9,2757.869097841959,2802.7974999999997,FALSE_BREAKDOWN_TO_MIDLINE,0.6311062953964582,0.7844364105850004,1.2429545011783172,1.0225541481609048,"{""lower"": 2764.4449999999997, ""upper"": 2841.15, ""midline"": 2802.7974999999997, ""width_atr"": 2.4167163319178133, ""high_touches"": 3, ""low_touches"": 2, ""adx14"": 21.875279669443728}",TP_BEFORE_SL,0.6562705640951647,0.9101207652138255
ET27-00177,SHORT_CONTINUATION_PRACTICAL_TARGET,BTCUSDT,SHORT,2025-02-04T21:15:00Z,97251.6,99519.3773415789,93849.93398763167,FIXED_1_5R,3.009364839661547,4.514047259492311,1.499999999999997,1.237613686572404,"{""pivot_highs"": [[3294, 100777.93], [3299, 99035.85]], ""pivot_lows"": [[3288, 98778.58], [3297, 97965.63]], ""broken_support"": 97965.63}",NEITHER_EXPIRED,-0.2889863405846273,-0.12392920365115204
ET27-00178,MOMENTUM_BREAKDOWN_PULLBACK,BTCUSDT,SHORT,2025-02-04T21:30:00Z,96703.22,97398.05420918792,95660.96868621813,FIXED_1_5R,0.9258879274434098,1.3888318911651147,1.5,1.4023211990163775,"{""breakdown_time"": ""2025-02-04T21:15:00Z"", ""broken_support"": 97965.63, ""pullback_bars"": 1, ""breakdown_volume_ratio"": 1.237613686572404}",SL_BEFORE_TP,-0.9585223089654271,-1.3340188564855653
ET27-00179,SHORT_CONTINUATION_PRACTICAL_TARGET,SOLUSDT,SHORT,2025-02-04T21:30:00Z,203.61,209.464198868708,194.82870169693803,FIXED_1_5R,1.9898781033445212,2.9848171550167866,1.5000000000000024,1.2313138668748347,"{""pivot_highs"": [[3294, 218.35], [3299, 209.17]], ""pivot_lows"": [[3290, 211.51], [3297, 205.25]], ""broken_support"": 205.25}",NEITHER_EXPIRED,1.6410470998477542,0.570758881776328
ET27-00180,SHORT_CONTINUATION_PRACTICAL_TARGET,BTCUSDT,SHORT,2025-02-05T06:45:00Z,97652.0,98337.87724305323,96623.18413542016,FIXED_1_5R,1.8107897718146946,2.716184657722042,1.5,1.7054921050951093,"{""pivot_highs"": [[3331, 98332.41], [3335, 98300.0]], ""pivot_lows"": [[3330, 97916.02], [3334, 97681.53]], ""broken_support"": 97681.53}",SL_BEFORE_TP,-0.9423688639794641,-1.3417007961318415
ET27-00181,SHORT_CONTINUATION_PRACTICAL_TARGET,SOLUSDT,SHORT,2025-02-05T09:30:00Z,203.67,206.27318900159466,199.76521649760798,FIXED_1_5R,1.818009045808901,2.727013568713352,1.5,1.227615194176772,"{""pivot_highs"": [[3336, 208.32], [3344, 206.29]], ""pivot_lows"": [[3341, 203.85], [3346, 203.83]], ""broken_support"": 203.83}",SL_BEFORE_TP,-1.5181406204127617,-1.1877727662880275
ET27-00182,MOMENTUM_BREAKDOWN_PULLBACK,SOLUSDT,SHORT,2025-02-05T09:45:00Z,203.37,204.13855345891977,202.21716981162035,FIXED_1_5R,0.5471641796106027,0.8207462694159041,1.5,0.9924273893316244,"{""breakdown_time"": ""2025-02-05T09:30:00Z"", ""broken_support"": 203.83, ""pullback_bars"": 1, ""breakdown_volume_ratio"": 1.227615194176772}",SL_BEFORE_TP,-0.6179089634261536,-1.6350735844530924
ET27-00183,TRAP_REVERSAL,SOLUSDT,SHORT,2025-02-05T11:45:00Z,206.33,206.8361541820626,204.95499999999998,FALSE_BREAKOUT_TO_MIDLINE,0.3870584175725664,1.051468787620322,2.716563546698195,1.069999091557289,"{""lower"": 203.375, ""upper"": 206.535, ""midline"": 204.95499999999998, ""width_atr"": 2.416466450094651, ""high_touches"": 3, ""low_touches"": 3, ""adx14"": 12.604508958301508}",SL_BEFORE_TP,-0.485312936588268,-1.9783422078665778
ET27-00184,TRAP_REVERSAL,SOLUSDT,SHORT,2025-02-05T14:30:00Z,206.83,207.82102952687754,205.6525,FALSE_BREAKOUT_TO_MIDLINE,0.739465646368355,0.8786022767072922,1.1881583424764375,2.889509457905151,"{""lower"": 204.245, ""upper"": 207.06, ""midline"": 205.6525, ""width_atr"": 2.100437714591088, ""high_touches"": 2, ""low_touches"": 4, ""adx14"": 12.717107026537391}",TP_BEFORE_SL,0.3293081274476667,0.6872731654585528
ET27-00185,SHORT_CONTINUATION_PRACTICAL_TARGET,SOLUSDT,SHORT,2025-02-05T16:00:00Z,200.08,207.52289128118016,185.1942174376397,FIXED_2R_STRONG_MOMENTUM,4.06957140501856,8.13914281003712,2.0,2.258172464313539,"{""pivot_highs"": [[3370, 207.62], [3374, 205.77]], ""pivot_lows"": [[3368, 204.04], [3372, 201.56]], ""broken_support"": 201.56}",NEITHER_EXPIRED,3.538488604558178,0.9512174412518652
ET27-00186,MOMENTUM_BREAKDOWN_PULLBACK,SOLUSDT,SHORT,2025-02-05T16:15:00Z,199.4,200.79170742760076,197.31243885859888,FIXED_1_5R,0.75326701103053,1.129900516545795,1.5,3.2156967277533726,"{""breakdown_time"": ""2025-02-05T16:00:00Z"", ""broken_support"": 201.56, ""pullback_bars"": 1, ""breakdown_volume_ratio"": 2.258172464313539}",SL_BEFORE_TP,-0.9379475564697842,-1.343865377527674
ET27-00187,SHORT_CONTINUATION_PRACTICAL_TARGET,BTCUSDT,SHORT,2025-02-05T18:00:00Z,96875.74,98323.8054214902,93979.60915701963,FIXED_2R_STRONG_MOMENTUM,3.0951210342176045,6.190242068435209,2.0,1.4499099869303906,"{""pivot_highs"": [[3374, 98550.0], [3379, 98277.02]], ""pivot_lows"": [[3372, 97734.69], [3377, 97326.99]], ""broken_support"": 97326.99}",SL_BEFORE_TP,-1.734765791198279,-1.160560270654578
ET27-00188,MOMENTUM_BREAKDOWN_PULLBACK,BTCUSDT,SHORT,2025-02-05T18:45:00Z,96723.66,97388.9574158953,95725.71387615705,FIXED_1_5R,1.4526827473023136,2.1790241209534704,1.5,0.9480302630465643,"{""breakdown_time"": ""2025-02-05T18:00:00Z"", ""broken_support"": 97326.99, ""pullback_bars"": 3, ""breakdown_volume_ratio"": 1.4499099869303906}",SL_BEFORE_TP,-0.9278331691494099,-1.3489218182030818
ET27-00189,SHORT_CONTINUATION_PRACTICAL_TARGET,ETHUSDT,SHORT,2025-02-05T18:45:00Z,2723.01,2763.2766930753937,2662.6099603869097,FIXED_1_5R,1.7686482868767153,2.6529724303150832,1.5000000000000056,1.0054731676294981,"{""pivot_highs"": [[3374, 2800.46], [3379, 2783.65]], ""pivot_lows"": [[3377, 2734.06], [3384, 2724.7]], ""broken_support"": 2724.7}",SL_BEFORE_TP,-1.718756709501379,-1.1622985028287212
ET27-00190,MOMENTUM_BREAKDOWN_PULLBACK,BTCUSDT,SHORT,2025-02-05T22:30:00Z,96300.01,96894.35128697427,95408.49806953859,FIXED_1_5R,1.3122219989136197,1.9683329983704134,1.4999999999999878,1.8895044241048866,"{""breakdown_time"": ""2025-02-05T22:15:00Z"", ""broken_support"": 96870.39, ""pullback_bars"": 1, ""breakdown_volume_ratio"": 2.0410559984652616}",SL_BEFORE_TP,-0.8571767655831761,-1.3888675228614962
ET27-00191,TRAP_REVERSAL,ETHUSDT,SHORT,2025-02-06T00:00:00Z,2792.58,2800.418799567599,2771.3799999999997,FALSE_BREAKOUT_TO_MIDLINE,0.33702708119428115,0.9114883037515148,2.7044957352435492,1.3355917786811737,"{""lower"": 2747.4799999999996, ""upper"": 2795.2799999999997, ""midline"": 2771.3799999999997, ""width_atr"": 2.0551481565717933, ""high_touches"": 3, ""low_touches"": 3, ""adx14"": 13.765889656651973}",TP_BEFORE_SL,0.5191546168775925,1.8494933918103795
ET27-00192,SHORT_CONTINUATION_PRACTICAL_TARGET,SOLUSDT,SHORT,2025-02-06T12:45:00Z,198.24,201.11711859332667,193.92432211001002,FIXED_1_5R,2.4565856808936912,3.684878521340537,1.5,1.4800617093960824,"{""pivot_highs"": [[3449, 202.86], [3455, 201.0]], ""pivot_lows"": [[3444, 200.66], [3454, 198.66]], ""broken_support"": 198.66}",TP_BEFORE_SL,1.9369965143210173,1.33463455378463
ET27-00193,SHORT_CONTINUATION_PRACTICAL_TARGET,ETHUSDT,SHORT,2025-02-06T14:30:00Z,2751.05,2800.943973102113,2676.209040346831,FIXED_1_5R,2.5665979147491074,3.849896872123661,1.5,2.507274018630714,"{""pivot_highs"": [[3447, 2857.64], [3462, 2799.0]], ""pivot_lows"": [[3444, 2826.09], [3459, 2767.35]], ""broken_support"": 2767.35}",TP_BEFORE_SL,2.4804507243841147,1.3676689870640826
ET27-00194,MOMENTUM_BREAKDOWN_PULLBACK,SOLUSDT,SHORT,2025-02-06T14:45:00Z,195.25,197.22773509293205,192.28339736060192,FIXED_1_5R,1.3352917943031701,2.002937691454755,1.5,1.9055168445959687,"{""breakdown_time"": ""2025-02-06T14:30:00Z"", ""broken_support"": 197.77, ""pullback_bars"": 1, ""breakdown_volume_ratio"": 2.670384760065503}",TP_BEFORE_SL,1.2793867551334575,1.2630623020875427
ET27-00195,SHORT_CONTINUATION_PRACTICAL_TARGET,BTCUSDT,SHORT,2025-02-06T18:00:00Z,96298.79,97231.87052954725,94899.16920567912,FIXED_1_5R,2.1346813667375453,3.2020220501063013,1.4999999999999922,1.0051314953370667,"{""pivot_highs"": [[3473, 97547.71], [3478, 97188.16]], ""pivot_lows"": [[3460, 98166.7], [3476, 96340.81]], ""broken_support"": 96340.81}",SL_BEFORE_TP,-1.2089431503212582,-1.2476925503012501
ET27-00196,MOMENTUM_BREAKDOWN_PULLBACK,ETHUSDT,SHORT,2025-02-07T06:30:00Z,2679.0,2691.649281594798,2660.026077607803,FIXED_1_5R,0.7787042136067928,1.1680563204101753,1.499999999999982,1.720105459181262,"{""breakdown_time"": ""2025-02-07T06:15:00Z"", ""broken_support"": 2704.26, ""pullback_bars"": 1, ""breakdown_volume_ratio"": 1.7424088568599587}",SL_BEFORE_TP,-0.7121642999178104,-1.508297641396812
ET27-00197,SHORT_CONTINUATION_PRACTICAL_TARGET,BTCUSDT,SHORT,2025-02-07T20:00:00Z,96329.88,98259.66520270507,93435.2021959424,FIXED_1_5R,3.5946314914868833,5.391947237230325,1.5,1.1379540729774296,"{""pivot_highs"": [[3567, 99205.89], [3578, 98353.1]], ""pivot_lows"": [[3568, 97638.29], [3573, 97145.81]], ""broken_support"": 97145.81}",NEITHER_EXPIRED,-0.333543145698926,-0.1664961009907306
ET27-00198,SHORT_CONTINUATION_PRACTICAL_TARGET,ETHUSDT,SHORT,2025-02-07T20:00:00Z,2638.84,2694.362687043135,2527.7946259137307,FIXED_2R_STRONG_MOMENTUM,2.933537651907066,5.867075303814132,2.0,1.8225977802270488,"{""pivot_highs"": [[3567, 2751.8], [3578, 2703.7]], ""pivot_lows"": [[3568, 2695.97], [3573, 2662.02]], ""broken_support"": 2662.02}",NEITHER_EXPIRED,0.025268072334813763,0.012009217051796972
ET27-00199,MOMENTUM_BREAKDOWN_PULLBACK,BTCUSDT,SHORT,2025-02-08T05:00:00Z,96212.79,96444.21310846975,95865.65533729536,FIXED_1_5R,0.9346303516055907,1.401945527408386,1.5,1.2199562920813185,"{""breakdown_time"": ""2025-02-08T04:30:00Z"", ""broken_support"": 96399.12, ""pullback_bars"": 2, ""breakdown_volume_ratio"": 1.4217770091913986}",TP_BEFORE_SL,0.12079887373043607,0.5022141802222835
ET27-00200,SHORT_CONTINUATION_PRACTICAL_TARGET,ETHUSDT,SHORT,2025-02-08T07:00:00Z,2604.91,2633.3278244273765,2548.0743511452465,FIXED_2R_STRONG_MOMENTUM,2.1401793672013767,4.280358734402753,2.0,1.7481893941465774,"{""pivot_highs"": [[3617, 2648.99], [3625, 2632.0]], ""pivot_lows"": [[3608, 2622.64], [3621, 2613.35]], ""broken_support"": 2613.35}",SL_BEFORE_TP,-1.3309330620780246,-1.219995165920487
ET27-00201,SHORT_CONTINUATION_PRACTICAL_TARGET,BTCUSDT,SHORT,2025-02-08T15:30:00Z,95745.45,96270.32420697754,94695.7015860449,FIXED_2R_STRONG_MOMENTUM,2.524136686455158,5.048273372910316,2.0,1.9849203231551695,"{""pivot_highs"": [[3654, 96517.52], [3660, 96200.04]], ""pivot_lows"": [[3647, 95865.71], [3650, 95864.93]], ""broken_support"": 95864.93}",SL_BEFORE_TP,-0.7881975456562659,-1.437798384727695
ET27-00202,TRAP_REVERSAL,ETHUSDT,LONG,2025-02-09T12:30:00Z,2651.7,2642.996753581274,2661.455,FALSE_BREAKDOWN_TO_MIDLINE,1.001719202178686,1.122773083412669,1.1208461223172095,1.5520333928706471,"{""lower"": 2651.535, ""upper"": 2671.375, ""midline"": 2661.455, ""width_atr"": 2.2835282393549226, ""high_touches"": 3, ""low_touches"": 3, ""adx14"": 16.103627553053524}",SL_BEFORE_TP,-0.5682138408841853,-1.7312305884281316
ET27-00203,SHORT_CONTINUATION_PRACTICAL_TARGET,BTCUSDT,SHORT,2025-02-09T13:15:00Z,96204.0,96720.99460834707,95170.01078330586,FIXED_2R_STRONG_MOMENTUM,3.0403205871913603,6.080641174382721,2.0,2.367887202649598,"{""pivot_highs"": [[3740, 97020.0], [3745, 96703.99]], ""pivot_lows"": [[3736, 96656.79], [3744, 96314.3]], ""broken_support"": 96314.3}",SL_BEFORE_TP,-0.7773940879246927,-1.4465996284529878
ET27-00204,MOMENTUM_BREAKDOWN_PULLBACK,BTCUSDT,SHORT,2025-02-09T13:30:00Z,96087.99,96321.7911350153,95737.28829747706,FIXED_1_5R,1.3468366549027548,2.0202549823541323,1.5,2.206388745271621,"{""breakdown_time"": ""2025-02-09T13:15:00Z"", ""broken_support"": 96314.3, ""pullback_bars"": 1, ""breakdown_volume_ratio"": 2.367887202649598}",TP_BEFORE_SL,0.12497974671230333,0.5136438987564662
ET27-00205,MOMENTUM_BREAKDOWN_PULLBACK,ETHUSDT,SHORT,2025-02-09T13:45:00Z,2618.38,2637.4591631508424,2589.7612552737364,FIXED_1_5R,1.8626490523510617,2.793973578526615,1.500000000000012,3.736726954874409,"{""breakdown_time"": ""2025-02-09T13:30:00Z"", ""broken_support"": 2644.3, ""pullback_bars"": 1, ""breakdown_volume_ratio"": 2.68951104999491}",SL_BEFORE_TP,-0.9686628812793522,-1.3293704210356085
ET27-00206,SHORT_CONTINUATION_PRACTICAL_TARGET,ETHUSDT,SHORT,2025-02-09T13:45:00Z,2618.38,2659.0143026257015,2537.1113947485974,FIXED_2R_STRONG_MOMENTUM,3.967021230455145,7.93404246091029,2.0,3.736726954874409,"{""pivot_highs"": [[3738, 2669.37], [3748, 2657.99]], ""pivot_lows"": [[3736, 2652.08], [3746, 2644.3]], ""broken_support"": 2644.3}",SL_BEFORE_TP,-1.7918871449408171,-1.1546504208005104
ET27-00207,TRAP_REVERSAL,ETHUSDT,LONG,2025-02-09T21:15:00Z,2622.27,2616.8583855908146,2633.4849999999997,FALSE_BREAKDOWN_TO_MIDLINE,0.4431839787386773,0.918452045126825,2.072394511509155,2.2551179155411005,"{""lower"": 2620.5699999999997, ""upper"": 2646.4, ""midline"": 2633.4849999999997, ""width_atr"": 2.1153469750893352, ""high_touches"": 2, ""low_touches"": 3, ""adx14"": 17.698838838721674}",SL_BEFORE_TP,-0.4463713656177817,-2.162952036885299
ET27-00208,MOMENTUM_BREAKDOWN_PULLBACK,ETHUSDT,SHORT,2025-02-09T21:45:00Z,2552.38,2569.377148306744,2526.8842775398844,FIXED_1_5R,0.9368483490495592,1.4052725235743388,1.5,6.474082443746977,"{""breakdown_time"": ""2025-02-09T21:30:00Z"", ""broken_support"": 2616.81, ""pullback_bars"": 1, ""breakdown_volume_ratio"": 7.259385303406281}",SL_BEFORE_TP,-0.9059332978139555,-1.3603964553024195
ET27-00209,TRAP_REVERSAL,ETHUSDT,SHORT,2025-02-10T17:15:00Z,2675.95,2687.8720552099635,2662.4625,FALSE_BREAKOUT_TO_MIDLINE,0.738343318574252,0.8352926851863123,1.1313066214227692,1.214811919253947,"{""lower"": 2644.495, ""upper"": 2680.4300000000003, ""midline"": 2662.4625, ""width_atr"": 2.225486016101655, ""high_touches"": 2, ""low_touches"": 5, ""adx14"": 20.921373642287115}",SL_BEFORE_TP,-0.6855260826982446,-1.5386890000838678
ET27-00210,RANGE_BOUNDARY_REJECTION,ETHUSDT,SHORT,2025-02-10T17:30:00Z,2675.59,2684.7881941235373,2662.4625,CONFIRMED_RANGE_MIDLINE,0.5753200314307039,0.8210865753833718,1.4271823168428475,1.0113172334228977,"{""lower"": 2644.495, ""upper"": 2680.4300000000003, ""midline"": 2662.4625, ""width_atr"": 2.247628724921095, ""high_touches"": 2, ""low_touches"": 5, ""adx14"": 22.069424463244996}",SL_BEFORE_TP,-0.5837818994516042,-1.698117034034789
ET27-00211,SHORT_CONTINUATION_PRACTICAL_TARGET,SOLUSDT,SHORT,2025-02-10T21:45:00Z,200.18,202.22156211267253,197.11765683099122,FIXED_1_5R,1.8299779950073187,2.744966992510978,1.5,1.1093575921946137,"{""pivot_highs"": [[3861, 204.08], [3868, 203.42]], ""pivot_lows"": [[3865, 202.21], [3871, 201.03]], ""broken_support"": 201.03}",SL_BEFORE_TP,-1.2598631794747341,-1.2353256837094644
ET27-00212,MOMENTUM_BREAKDOWN_PULLBACK,ETHUSDT,SHORT,2025-02-11T13:30:00Z,2663.66,2679.7784673373753,2639.4822989939366,FIXED_1_5R,1.40316424484045,2.104746367260675,1.5,1.5353553580046477,"{""breakdown_time"": ""2025-02-11T13:15:00Z"", ""broken_support"": 2680.0, ""pullback_bars"": 1, ""breakdown_volume_ratio"": 1.4981655281479234}",TP_BEFORE_SL,0.6676872050510658,1.1033876009304917
ET27-00213,SHORT_CONTINUATION_PRACTICAL_TARGET,ETHUSDT,SHORT,2025-02-11T13:30:00Z,2663.66,2695.568722781146,2599.842554437708,FIXED_2R_STRONG_MOMENTUM,2.777756592353545,5.55551318470709,2.0,1.5353553580046477,"{""pivot_highs"": [[3936, 2710.29], [3940, 2694.42]], ""pivot_lows"": [[3929, 2690.24], [3938, 2680.0]], ""broken_support"": 2680.0}",TP_BEFORE_SL,2.1558555357024565,1.7996540305343303
ET27-00214,MOMENTUM_BREAKDOWN_PULLBACK,SOLUSDT,SHORT,2025-02-11T13:30:00Z,200.27,201.27502779165448,198.7624583125183,FIXED_1_5R,0.9646122146333599,1.4469183219500397,1.5,1.4382421694061334,"{""breakdown_time"": ""2025-02-11T13:15:00Z"", ""broken_support"": 201.4, ""pullback_bars"": 1, ""breakdown_volume_ratio"": 1.2319611756238111}",TP_BEFORE_SL,0.5127546249971064,1.0217565086346911
ET27-00215,SHORT_CONTINUATION_PRACTICAL_TARGET,SOLUSDT,SHORT,2025-02-11T19:15:00Z,195.9,198.76871259612952,191.59693110580574,FIXED_1_5R,2.228773781582602,3.343160672373903,1.5,1.0659980083101936,"{""pivot_highs"": [[3948, 201.05], [3959, 199.04]], ""pivot_lows"": [[3948, 198.23], [3956, 196.62]], ""broken_support"": 196.62}",SL_BEFORE_TP,-1.7043760061916857,-1.1638923329699682
ET27-00216,MOMENTUM_BREAKDOWN_PULLBACK,BTCUSDT,SHORT,2025-02-12T03:00:00Z,95382.85,95725.62358306261,94868.6896254061,FIXED_1_5R,1.0869168994771443,1.6303753492157165,1.5,2.5344226487879027,"{""breakdown_time"": ""2025-02-12T02:45:00Z"", ""broken_support"": 95817.69, ""pullback_bars"": 1, ""breakdown_volume_ratio"": 2.8604616023493374}",SL_BEFORE_TP,-0.5993660527679812,-1.6678427139999004
ET27-00217,SHORT_CONTINUATION_PRACTICAL_TARGET,SOLUSDT,SHORT,2025-02-12T03:00:00Z,194.16,198.30790408545292,185.86419182909415,FIXED_2R_STRONG_MOMENTUM,3.2429801368464575,6.485960273692915,2.0,2.6029299914667408,"{""pivot_highs"": [[3987, 198.56], [3991, 198.18]], ""pivot_lows"": [[3986, 196.67], [3990, 196.4]], ""broken_support"": 196.4}",SL_BEFORE_TP,-2.376332965313618,-1.1123420383885558
ET27-00218,MOMENTUM_BREAKDOWN_PULLBACK,SOLUSDT,SHORT,2025-02-12T14:15:00Z,189.95,193.3159599510273,184.901060073459,FIXED_1_5R,2.061212977477259,3.0918194662158887,1.5,1.325381276488395,"{""breakdown_time"": ""2025-02-12T13:30:00Z"", ""broken_support"": 195.65, ""pullback_bars"": 3, ""breakdown_volume_ratio"": 13.100907873735848}",SL_BEFORE_TP,-2.0120241911173053,-1.1354383316001313
ET27-00219,SHORT_CONTINUATION_PRACTICAL_TARGET,BTCUSDT,SHORT,2025-02-13T06:30:00Z,96165.01,96885.28652108436,94724.45695783127,FIXED_2R_STRONG_MOMENTUM,2.7071428045793247,5.414285609158649,2.0,2.1758858859560393,"{""pivot_highs"": [[4074, 98119.99], [4087, 98083.91]], ""pivot_lows"": [[4091, 97367.45], [4100, 96503.38]], ""broken_support"": 96503.38}",SL_BEFORE_TP,-0.9890006199597593,-1.3204269710923526
ET27-00220,MOMENTUM_BREAKDOWN_PULLBACK,BTCUSDT,SHORT,2025-02-13T06:45:00Z,96056.72,96197.78592349401,95845.12111475898,FIXED_1_5R,0.5164739544981728,0.7747109317472858,1.5000000000000515,2.5238576249496383,"{""breakdown_time"": ""2025-02-13T06:30:00Z"", ""broken_support"": 96503.38, ""pullback_bars"": 1, ""breakdown_volume_ratio"": 2.1758858859560393}",SL_BEFORE_TP,-0.3868569023531205,-2.6342439214938294
ET27-00221,MOMENTUM_BREAKDOWN_PULLBACK,SOLUSDT,SHORT,2025-02-13T06:45:00Z,193.49,194.45625422304687,192.04061866542972,FIXED_1_5R,0.9183891355664302,1.3775837033496454,1.5,1.2007935223355455,"{""breakdown_time"": ""2025-02-13T06:30:00Z"", ""broken_support"": 194.6, ""pullback_bars"": 1, ""breakdown_volume_ratio"": 1.6256822201271866}",TP_BEFORE_SL,0.5090729932142696,1.019405981444824
ET27-00222,SHORT_CONTINUATION_PRACTICAL_TARGET,SOLUSDT,SHORT,2025-02-13T06:45:00Z,193.49,196.42521185253904,189.08718222119148,FIXED_1_5R,2.789811016253562,4.184716524380329,1.4999999999999951,1.2007935223355455,"{""pivot_highs"": [[4096, 198.47], [4103, 196.32]], ""pivot_lows"": [[4091, 196.17], [4100, 194.6]], ""broken_support"": 194.6}",TP_BEFORE_SL,2.035475620863365,1.3417913175165472
ET27-00223,SHORT_CONTINUATION_PRACTICAL_TARGET,SOLUSDT,SHORT,2025-02-13T13:15:00Z,190.68,192.2957885475419,188.2563171786872,FIXED_1_5R,1.883454836151829,2.825182254227727,1.4999999999999911,1.2332614416355412,"{""pivot_highs"": [[4118, 193.52], [4130, 192.21]], ""pivot_lows"": [[4109, 192.75], [4127, 191.1]], ""broken_support"": 191.1}",SL_BEFORE_TP,-1.0873822884108886,-1.2832251786263746
ET27-00224,RANGE_BOUNDARY_REJECTION,BTCUSDT,LONG,2025-02-14T12:45:00Z,96652.58,96490.8328996427,96877.91750000001,CONFIRMED_RANGE_MIDLINE,0.9564382492232121,1.3324591507869692,1.3931470765301879,0.9047833831384509,"{""lower"": 96586.235, ""upper"": 97169.6, ""midline"": 96877.91750000001, ""width_atr"": 3.4495369501251107, ""high_touches"": 2, ""low_touches"": 3, ""adx14"": 18.68114281175152}",SL_BEFORE_TP,-0.407348973361395,-2.434128905480125
ET27-00225,SHORT_CONTINUATION_PRACTICAL_TARGET,SOLUSDT,SHORT,2025-02-15T06:00:00Z,196.8,198.0448152469714,194.9327771295429,FIXED_1_5R,1.467678620792374,2.2015179311885777,1.5000000000000113,1.050932992993754,"{""pivot_highs"": [[4280, 200.27], [4284, 199.94]], ""pivot_lows"": [[4281, 198.37], [4286, 197.87]], ""broken_support"": 197.87}",TP_BEFORE_SL,0.70879210897211,1.120570200156909
ET27-00226,MOMENTUM_BREAKDOWN_PULLBACK,SOLUSDT,SHORT,2025-02-15T09:45:00Z,195.2,196.0111669746349,193.98324953804763,FIXED_1_5R,1.0677116065986088,1.6015674098978943,1.4999999999999825,1.372055780789103,"{""breakdown_time"": ""2025-02-15T09:15:00Z"", ""broken_support"": 195.76, ""pullback_bars"": 2, ""breakdown_volume_ratio"": 1.4337551391138734}",TP_BEFORE_SL,0.3833352776395279,0.9224616945101042
ET27-00227,MOMENTUM_BREAKDOWN_PULLBACK,SOLUSDT,SHORT,2025-02-16T07:45:00Z,192.89,194.365357358983,190.67696396152547,FIXED_1_5R,1.8566252774425271,2.7849379161637726,1.4999999999999905,3.042109776226756,"{""breakdown_time"": ""2025-02-16T07:00:00Z"", ""broken_support"": 194.22, ""pullback_bars"": 3, ""breakdown_volume_ratio"": 1.6515515387185233}",TP_BEFORE_SL,0.9073047013709956,1.1862211062415946
ET27-00228,MOMENTUM_BREAKDOWN_PULLBACK,SOLUSDT,SHORT,2025-02-16T13:00:00Z,192.43,192.9980785264158,191.5778822103763,FIXED_1_5R,0.8730879833317755,1.3096319749976852,1.500000000000025,1.4664802278703595,"{""breakdown_time"": ""2025-02-16T12:30:00Z"", ""broken_support"": 192.93, ""pullback_bars"": 2, ""breakdown_volume_ratio"": 1.5171951616621442}",TP_BEFORE_SL,0.20281961732771348,0.6870278869475357
ET27-00229,TRAP_REVERSAL,ETHUSDT,LONG,2025-02-16T13:45:00Z,2692.47,2687.1544893462474,2701.4049999999997,FALSE_BREAKDOWN_TO_MIDLINE,0.7212292304522696,1.212335670805549,1.6809297510658512,2.1082486438707164,"{""lower"": 2691.41, ""upper"": 2711.4, ""midline"": 2701.4049999999997, ""width_atr"": 2.712321215378104, ""high_touches"": 2, ""low_touches"": 3, ""adx14"": 11.455234667352348}",SL_BEFORE_TP,-0.4374213511664913,-2.2156739814712387
ET27-00230,SHORT_CONTINUATION_PRACTICAL_TARGET,SOLUSDT,SHORT,2025-02-16T21:00:00Z,186.54,190.0239187831435,179.57216243371298,FIXED_2R_STRONG_MOMENTUM,3.352540010339119,6.705080020678238,2.0,2.4142142601529066,"{""pivot_highs"": [[4442, 190.15], [4449, 189.92]], ""pivot_lows"": [[4442, 187.66], [4445, 187.64]], ""broken_support"": 187.64}",TP_BEFORE_SL,3.495304795908125,1.8714964303513275
ET27-00231,MOMENTUM_BREAKDOWN_PULLBACK,BTCUSDT,SHORT,2025-02-16T23:15:00Z,96224.16,96493.506131178,95820.14080323301,FIXED_1_5R,1.2486043402582825,1.8729065103874238,1.5,2.426444299345723,"{""breakdown_time"": ""2025-02-16T23:00:00Z"", ""broken_support"": 96852.01, ""pullback_bars"": 1, ""breakdown_volume_ratio"": 4.57700408905803}",SL_BEFORE_TP,-0.5199152844545459,-1.857402268931736
ET27-00232,MOMENTUM_BREAKDOWN_PULLBACK,SOLUSDT,SHORT,2025-02-17T04:45:00Z,183.18,184.76881259545775,180.7967811068134,FIXED_1_5R,1.480115440399086,2.220173160598629,1.5,2.213390858933496,"{""breakdown_time"": ""2025-02-17T04:30:00Z"", ""broken_support"": 185.28, ""pullback_bars"": 1, ""breakdown_volume_ratio"": 2.6849481561143658}",TP_BEFORE_SL,1.0610257086945127,1.2232952449792598
ET27-00233,SHORT_CONTINUATION_PRACTICAL_TARGET,BTCUSDT,SHORT,2025-02-17T11:30:00Z,96045.18,96414.07697613172,95491.8345358024,FIXED_1_5R,2.0052044069103974,3.007806610365636,1.5000000000000198,1.7056993401778726,"{""pivot_highs"": [[4505, 96395.68], [4508, 96300.0]], ""pivot_lows"": [[4503, 96134.81], [4507, 96050.0]], ""broken_support"": 96050.0}",SL_BEFORE_TP,-0.6240869225626186,-1.624858556492176
ET27-00234,MOMENTUM_BREAKDOWN_PULLBACK,BTCUSDT,SHORT,2025-02-17T15:45:00Z,95659.46,96207.53105536551,94837.35341695175,FIXED_1_5R,2.1167136381494434,3.1750704572241366,1.4999999999999867,3.2180457643922313,"{""breakdown_time"": ""2025-02-17T15:30:00Z"", ""broken_support"": 96253.9, ""pullback_bars"": 1, ""breakdown_volume_ratio"": 2.1388496052240735}",SL_BEFORE_TP,-0.8129397336818628,-1.4188922252916485
ET27-00235,SHORT_CONTINUATION_PRACTICAL_TARGET,ETHUSDT,SHORT,2025-02-18T04:15:00Z,2696.96,2725.162609292887,2640.5547814142265,FIXED_2R_STRONG_MOMENTUM,2.148591316983322,4.297182633966644,2.0,1.492711128520347,"{""pivot_highs"": [[4560, 2756.93], [4567, 2740.41]], ""pivot_lows"": [[4564, 2715.6], [4571, 2707.5]], ""broken_support"": 2707.5}",SL_BEFORE_TP,-1.2857184864768774,-1.229507274762429
ET27-00236,MOMENTUM_BREAKDOWN_PULLBACK,ETHUSDT,SHORT,2025-02-18T05:45:00Z,2677.63,2688.2278698912746,2661.7331951630886,FIXED_1_5R,0.8009122119772855,1.201368317965911,1.4999999999999785,3.3180286242478396,"{""breakdown_time"": ""2025-02-18T05:30:00Z"", ""broken_support"": 2691.59, ""pullback_bars"": 1, ""breakdown_volume_ratio"": 2.4666673330020155}",TP_BEFORE_SL,0.3536893759373604,0.8936222971286741
ET27-00237,MOMENTUM_BREAKDOWN_PULLBACK,SOLUSDT,SHORT,2025-02-18T15:15:00Z,165.49,167.62343246655072,162.28985130017395,FIXED_1_5R,1.2584613475265356,1.8876920212897952,1.4999999999999933,1.1418745599347346,"{""breakdown_time"": ""2025-02-18T14:30:00Z"", ""broken_support"": 168.47, ""pullback_bars"": 3, ""breakdown_volume_ratio"": 1.9952888249255583}",TP_BEFORE_SL,1.6937414344226593,1.3138324009654925
ET27-00238,SHORT_CONTINUATION_PRACTICAL_TARGET,SOLUSDT,SHORT,2025-02-18T16:30:00Z,163.87,167.29088296915447,157.02823406169108,FIXED_2R_STRONG_MOMENTUM,1.8912134100550055,3.782426820110011,2.0,2.7582557669795245,"{""pivot_highs"": [[4610, 171.5], [4617, 170.88]], ""pivot_lows"": [[4614, 168.47], [4622, 164.34]], ""broken_support"": 164.34}",SL_BEFORE_TP,-2.3275590218798206,-1.114966809313915
ET27-00239,MOMENTUM_BREAKDOWN_PULLBACK,BTCUSDT,SHORT,2025-02-18T16:45:00Z,94639.98,94953.51685411771,94169.67471882343,FIXED_1_5R,0.9418619644807367,1.4127929467210831,1.4999999999999767,1.7809398461007933,"{""breakdown_time"": ""2025-02-18T16:30:00Z"", ""broken_support"": 95200.0, ""pullback_bars"": 1, ""breakdown_volume_ratio"": 3.164560542620759}",TP_BEFORE_SL,0.2569414418479025,0.7755685686801902
ET27-00240,SHORT_CONTINUATION_PRACTICAL_TARGET,BTCUSDT,SHORT,2025-02-18T17:15:00Z,94529.58,95665.77582970192,92825.28625544714,FIXED_1_5R,3.482504016242686,5.223756024364007,1.4999999999999936,1.229566792002882,"{""pivot_highs"": [[4617, 96753.91], [4625, 95633.15]], ""pivot_lows"": [[4615, 96107.77], [4623, 95200.0]], ""broken_support"": 95200.0}",SL_BEFORE_TP,-1.4419474006992472,-1.199675959081385
ET27-00241,RANGE_BOUNDARY_REJECTION,BTCUSDT,SHORT,2025-02-19T20:15:00Z,96284.5,96526.63961968923,95974.205,CONFIRMED_RANGE_MIDLINE,0.7785903335406729,0.9977412529848223,1.281471410578078,1.1517831951839486,"{""lower"": 95471.88500000001, ""upper"": 96476.525, ""midline"": 95974.205, ""width_atr"": 3.2303800331899075, ""high_touches"": 8, ""low_touches"": 2, ""adx14"": 19.58490822482073}",SL_BEFORE_TP,-0.49148348871233793,-1.9543370072876893
ET27-00242,SHORT_CONTINUATION_PRACTICAL_TARGET,SOLUSDT,SHORT,2025-02-19T20:45:00Z,166.99,169.6175945859832,161.73481082803363,FIXED_2R_STRONG_MOMENTUM,2.059330782522076,4.118661565044152,2.0,1.864246434534136,"{""pivot_highs"": [[4733, 170.64], [4736, 169.49]], ""pivot_lows"": [[4707, 171.62], [4716, 168.14]], ""broken_support"": 168.14}",SL_BEFORE_TP,-1.8135041535320613,-1.15252581282437
ET27-00243,TRAP_REVERSAL,ETHUSDT,SHORT,2025-02-20T00:45:00Z,2729.0,2734.6181961048537,2719.9875,FALSE_BREAKOUT_TO_MIDLINE,0.5207832432671932,0.8354209949863767,1.6041625873852385,2.5293866742112483,"{""lower"": 2707.855, ""upper"": 2732.12, ""midline"": 2719.9875, ""width_atr"": 2.249263849469596, ""high_touches"": 3, ""low_touches"": 3, ""adx14"": 14.235674155866963}",TP_BEFORE_SL,0.09024917552216266,0.4383791441299185
ET27-00244,TRAP_REVERSAL,SOLUSDT,SHORT,2025-02-20T02:30:00Z,169.92,170.71144142274068,169.05,FALSE_BREAKOUT_TO_MIDLINE,0.6924593340004339,0.7611929364199407,1.0992601284214383,1.1332325368945129,"{""lower"": 167.805, ""upper"": 170.29500000000002, ""midline"": 169.05, ""width_atr"": 2.178586680098519, ""high_touches"": 3, ""low_touches"": 3, ""adx14"": 14.99074896954555}",SL_BEFORE_TP,-0.7057729653605752,-1.515272499369313
ET27-00245,RANGE_BOUNDARY_REJECTION,SOLUSDT,LONG,2025-02-21T02:45:00Z,173.34,172.8694237180315,174.45749999999998,CONFIRMED_RANGE_MIDLINE,0.5405762917364979,1.28373237063392,2.3747478205345915,1.3511922549146664,"{""lower"": 173.22, ""upper"": 175.695, ""midline"": 174.45749999999998, ""width_atr"": 2.8431656530818845, ""high_touches"": 2, ""low_touches"": 2, ""adx14"": 13.432023294515462}",TP_BEFORE_SL,0.40468674281757144,1.4906913647784057
ET27-00246,TRAP_REVERSAL,SOLUSDT,LONG,2025-02-21T02:45:00Z,173.34,172.8694237180315,174.45749999999998,FALSE_BREAKDOWN_TO_MIDLINE,0.5405762917364979,1.28373237063392,2.3747478205345915,1.3511922549146664,"{""lower"": 173.22, ""upper"": 175.695, ""midline"": 174.45749999999998, ""width_atr"": 2.8431656530818845, ""high_touches"": 2, ""low_touches"": 2, ""adx14"": 13.432023294515462}",TP_BEFORE_SL,0.40468674281757144,1.4906913647784057
ET27-00247,SHORT_CONTINUATION_PRACTICAL_TARGET,BTCUSDT,SHORT,2025-02-21T17:30:00Z,97132.08,98807.07880391207,93782.08239217587,FIXED_2R_STRONG_MOMENTUM,3.344726057860775,6.68945211572155,2.0,1.50292940207369,"{""pivot_highs"": [[4909, 99333.34], [4913, 98757.0]], ""pivot_lows"": [[4906, 98345.69], [4910, 97177.31]], ""broken_support"": 97177.31}",NEITHER_EXPIRED,0.23210972934998092,0.13459890686097645
ET27-00248,SHORT_CONTINUATION_PRACTICAL_TARGET,ETHUSDT,SHORT,2025-02-21T17:30:00Z,2667.79,2772.9120489306547,2457.5459021386905,FIXED_2R_STRONG_MOMENTUM,3.467030095321157,6.934060190642314,2.0,2.3741986472159993,"{""pivot_highs"": [[4909, 2831.8], [4913, 2769.88]], ""pivot_lows"": [[4906, 2778.0], [4910, 2675.02]], ""broken_support"": 2675.02}",SL_BEFORE_TP,-4.180416934265993,-1.0609072603238892
ET27-00249,MOMENTUM_BREAKDOWN_PULLBACK,BTCUSDT,SHORT,2025-02-21T17:45:00Z,96971.9,97250.87763864489,96553.43354203265,FIXED_1_5R,0.5684948048141497,0.8527422072212246,1.5,1.1566369175202404,"{""breakdown_time"": ""2025-02-21T17:30:00Z"", ""broken_support"": 97177.31, ""pullback_bars"": 1, ""breakdown_volume_ratio"": 1.50292940207369}",TP_BEFORE_SL,0.1915337308718721,0.6657662559247571
ET27-00250,RANGE_BOUNDARY_REJECTION,BTCUSDT,SHORT,2025-02-22T11:45:00Z,96580.0,96628.75502567078,96441.48749999999,CONFIRMED_RANGE_MIDLINE,0.4245714340514484,1.2062028467827433,2.8409891717693347,1.07526025769008,"{""lower"": 96300.985, ""upper"": 96581.98999999999, ""midline"": 96441.48749999999, ""width_atr"": 2.4470645678920264, ""high_touches"": 3, ""low_touches"": 2, ""adx14"": 14.19197435140532}",SL_BEFORE_TP,-0.29048149272186413,-5.7542175767725094
ET27-00251,TRAP_REVERSAL,BTCUSDT,SHORT,2025-02-22T11:45:00Z,96580.0,96628.75502567078,96441.48749999999,FALSE_BREAKOUT_TO_MIDLINE,0.4245714340514484,1.2062028467827433,2.8409891717693347,1.07526025769008,"{""lower"": 96300.985, ""upper"": 96581.98999999999, ""midline"": 96441.48749999999, ""width_atr"": 2.4470645678920264, ""high_touches"": 3, ""low_touches"": 2, ""adx14"": 14.19197435140532}",SL_BEFORE_TP,-0.29048149272186413,-5.7542175767725094
ET27-00252,RANGE_BOUNDARY_REJECTION,SOLUSDT,LONG,2025-02-22T17:15:00Z,173.17,172.58125342656393,173.7925,CONFIRMED_RANGE_MIDLINE,0.7437013419419981,0.7863384794870117,1.0573309945006648,1.0533020730729488,"{""lower"": 172.945, ""upper"": 174.64, ""midline"": 173.7925, ""width_atr"": 2.141114414024859, ""high_touches"": 2, ""low_touches"": 2, ""adx14"": 16.753170900906145}",TP_BEFORE_SL,0.11947334988739522,0.35141096243250325
ET27-00253,TRAP_REVERSAL,SOLUSDT,LONG,2025-02-22T17:15:00Z,173.17,172.58125342656393,173.7925,FALSE_BREAKDOWN_TO_MIDLINE,0.7437013419419981,0.7863384794870117,1.0573309945006648,1.0533020730729488,"{""lower"": 172.945, ""upper"": 174.64, ""midline"": 173.7925, ""width_atr"": 2.141114414024859, ""high_touches"": 2, ""low_touches"": 2, ""adx14"": 16.753170900906145}",TP_BEFORE_SL,0.11947334988739522,0.35141096243250325
ET27-00254,SHORT_CONTINUATION_PRACTICAL_TARGET,SOLUSDT,SHORT,2025-02-23T01:15:00Z,171.1,172.35945101766055,169.21082347350915,FIXED_1_5R,2.118468391663061,3.177702587494615,1.5000000000000113,1.1281778826281272,"{""pivot_highs"": [[5016, 174.13], [5032, 173.62]], ""pivot_lows"": [[5031, 172.6], [5040, 171.45]], ""broken_support"": 171.45}",SL_BEFORE_TP,-0.9760906006198437,-1.326046820592332
ET27-00255,SHORT_CONTINUATION_PRACTICAL_TARGET,BTCUSDT,SHORT,2025-02-23T10:30:00Z,96132.01,96378.68350787017,95638.66298425964,FIXED_2R_STRONG_MOMENTUM,2.582020250809402,5.164040501618804,2.0,1.546700614961332,"{""pivot_highs"": [[5076, 96470.59], [5079, 96369.13]], ""pivot_lows"": [[5056, 96377.35], [5064, 96143.99]], ""broken_support"": 96143.99}",TP_BEFORE_SL,0.2731974414561288,1.0646874648516087
ET27-00256,SHORT_CONTINUATION_PRACTICAL_TARGET,SOLUSDT,SHORT,2025-02-23T11:30:00Z,170.14,171.53018181750988,168.05472727373512,FIXED_1_5R,2.7702898908278386,4.1554348362417866,1.5000000000000102,1.2474375739696855,"{""pivot_highs"": [[5070, 173.07], [5076, 172.36]], ""pivot_lows"": [[5078, 170.88], [5083, 170.69]], ""broken_support"": 170.69}",TP_BEFORE_SL,0.9856216799487842,1.2062715143754366
ET27-00257,MOMENTUM_BREAKDOWN_PULLBACK,SOLUSDT,SHORT,2025-02-23T11:45:00Z,169.59,170.2126883109396,168.65596753359063,FIXED_1_5R,1.1919701806094072,1.7879552709140833,1.4999999999999771,3.4379760880724612,"{""breakdown_time"": ""2025-02-23T11:30:00Z"", ""broken_support"": 170.69, ""pullback_bars"": 1, ""breakdown_volume_ratio"": 1.2474375739696855}",TP_BEFORE_SL,0.3107591641071863,0.8463567681464025
ET27-00258,MOMENTUM_BREAKDOWN_PULLBACK,SOLUSDT,SHORT,2025-02-23T15:45:00Z,166.76,167.34500035714524,165.88249946428212,FIXED_1_5R,0.8258793870414722,1.2388190805622084,1.5,1.6991636367653395,"{""breakdown_time"": ""2025-02-23T15:30:00Z"", ""broken_support"": 168.39, ""pullback_bars"": 1, ""breakdown_volume_ratio"": 3.6128592491519336}",SL_BEFORE_TP,-0.5908037641792082,-1.68414317207097
ET27-00259,SHORT_CONTINUATION_PRACTICAL_TARGET,BTCUSDT,SHORT,2025-02-23T17:15:00Z,95260.76,95639.1682792504,94693.14758112439,FIXED_1_5R,2.546784004213083,3.8201760063196244,1.5,1.0876303031065875,"{""pivot_highs"": [[5096, 96049.44], [5107, 95601.33]], ""pivot_lows"": [[5100, 95517.21], [5103, 95414.25]], ""broken_support"": 95414.25}",SL_BEFORE_TP,-0.6372341594276647,-1.6041776476267604
ET27-00260,MOMENTUM_BREAKDOWN_PULLBACK,SOLUSDT,SHORT,2025-02-24T01:00:00Z,165.21,166.8867138472947,162.694929229058,FIXED_1_5R,1.723922793559716,2.5858841903395593,1.4999999999999916,3.6617693579924455,"{""breakdown_time"": ""2025-02-24T00:45:00Z"", ""broken_support"": 167.09, ""pullback_bars"": 1, ""breakdown_volume_ratio"": 1.4757930782860431}",TP_BEFORE_SL,1.282347782181468,1.2635231553435549
ET27-00261,SHORT_CONTINUATION_PRACTICAL_TARGET,ETHUSDT,SHORT,2025-02-24T03:00:00Z,2762.33,2798.0291377987287,2690.9317244025424,FIXED_2R_STRONG_MOMENTUM,2.4465912561401164,4.893182512280233,2.0,1.3696687323606334,"{""pivot_highs"": [[5133, 2857.34], [5136, 2839.95]], ""pivot_lows"": [[5130, 2784.01], [5145, 2774.15]], ""broken_support"": 2774.15}",TP_BEFORE_SL,2.344712022005247,1.8142926577841307
ET27-00262,MOMENTUM_BREAKDOWN_PULLBACK,ETHUSDT,SHORT,2025-02-24T03:15:00Z,2738.54,2765.019782118583,2698.8203268221255,FIXED_1_5R,1.6903947658704128,2.5355921488056192,1.5,1.927797265881941,"{""breakdown_time"": ""2025-02-24T03:00:00Z"", ""broken_support"": 2774.15, ""pullback_bars"": 1, ""breakdown_volume_ratio"": 1.3696687323606334}",TP_BEFORE_SL,1.2103959473980472,1.2517919154105293
ET27-00263,SHORT_CONTINUATION_PRACTICAL_TARGET,SOLUSDT,SHORT,2025-02-24T10:00:00Z,157.46,160.4896873796651,152.91546893050236,FIXED_1_5R,2.531334037174956,3.797001055762446,1.5000000000000047,1.1192157542689336,"{""pivot_highs"": [[5166, 161.75], [5173, 160.37]], ""pivot_lows"": [[5161, 158.72], [5171, 157.72]], ""broken_support"": 157.72}",TP_BEFORE_SL,2.6461495424219805,1.3752663385217785
ET27-00264,SHORT_CONTINUATION_PRACTICAL_TARGET,ETHUSDT,SHORT,2025-02-24T10:15:00Z,2676.26,2713.962239954606,2600.8555200907886,FIXED_2R_STRONG_MOMENTUM,2.5783893974339755,5.156778794867951,2.0,1.3322841039986226,"{""pivot_highs"": [[5164, 2735.78], [5173, 2712.5]], ""pivot_lows"": [[5161, 2715.23], [5170, 2678.26]], ""broken_support"": 2678.26}",TP_BEFORE_SL,2.5775319254934743,1.8296381327015734
ET27-00265,MOMENTUM_BREAKDOWN_PULLBACK,BTCUSDT,SHORT,2025-02-24T14:45:00Z,94674.44,95324.85656870647,93698.8151469403,FIXED_1_5R,2.119969105949028,3.1799536589235653,1.500000000000011,3.6026845330410997,"{""breakdown_time"": ""2025-02-24T14:30:00Z"", ""broken_support"": 95339.35, ""pullback_bars"": 1, ""breakdown_volume_ratio"": 3.820998604650694}",TP_BEFORE_SL,0.7905050159892233,1.1506567222728046
ET27-00266,SHORT_CONTINUATION_PRACTICAL_TARGET,BTCUSDT,SHORT,2025-02-24T15:15:00Z,94333.52,95836.21599026953,91328.12801946096,FIXED_2R_STRONG_MOMENTUM,4.149261083532126,8.298522167064252,2.0,1.8527686970835795,"{""pivot_highs"": [[5190, 96095.32], [5194, 95800.0]], ""pivot_lows"": [[5181, 95411.01], [5188, 95339.35]], ""broken_support"": 95339.35}",TP_BEFORE_SL,2.945921590267221,1.849337158370009
ET27-00267,MOMENTUM_BREAKDOWN_PULLBACK,ETHUSDT,SHORT,2025-02-24T15:30:00Z,2649.9,2665.8902218571193,2625.9146672143215,FIXED_1_5R,0.9593068968947672,1.4389603453421371,1.4999999999999858,1.0469268512077738,"{""breakdown_time"": ""2025-02-24T15:15:00Z"", ""broken_support"": 2664.5, ""pullback_bars"": 1, ""breakdown_volume_ratio"": 1.2412248496686777}",SL_BEFORE_TP,-0.8434273692259782,-1.3977280651155253
ET27-00268,SHORT_CONTINUATION_PRACTICAL_TARGET,BTCUSDT,SHORT,2025-02-24T22:00:00Z,93166.07,94614.31913301958,90269.57173396085,FIXED_2R_STRONG_MOMENTUM,3.3767274623112726,6.753454924622545,2.0,3.7523286405360388,"{""pivot_highs"": [[5219, 94571.43], [5222, 94349.22]], ""pivot_lows"": [[5215, 93666.22], [5220, 93618.0]], ""broken_support"": 93618.0}",TP_BEFORE_SL,2.8689625933981695,1.8456076631416305
ET27-00269,MOMENTUM_BREAKDOWN_PULLBACK,BTCUSDT,SHORT,2025-02-24T22:45:00Z,92432.06,93695.7806167248,90536.47907491279,FIXED_1_5R,2.5855904417603086,3.8783856626404627,1.5,2.277970546857251,"{""breakdown_time"": ""2025-02-24T22:00:00Z"", ""broken_support"": 93618.0, ""pullback_bars"": 3, ""breakdown_volume_ratio"": 3.7523286405360388}",TP_BEFORE_SL,1.8107829481320785,1.3244572882138015
ET27-00270,MOMENTUM_BREAKDOWN_PULLBACK,ETHUSDT,SHORT,2025-02-24T22:45:00Z,2508.2,2598.6880461518494,2372.4679307722254,FIXED_1_5R,3.2824709933843947,4.923706490076593,1.5,2.744077605210342,"{""breakdown_time"": ""2025-02-24T22:00:00Z"", ""broken_support"": 2627.13, ""pullback_bars"": 3, ""breakdown_volume_ratio"": 8.246386573212437}",TP_BEFORE_SL,5.171532941064287,1.4334754118803907
ET27-00271,SHORT_CONTINUATION_PRACTICAL_TARGET,ETHUSDT,SHORT,2025-02-24T22:45:00Z,2508.2,2661.416705126541,2201.766589746918,FIXED_2R_STRONG_MOMENTUM,5.557964965182539,11.115929930365079,2.0,2.744077605210342,"{""pivot_highs"": [[5218, 2663.9], [5222, 2658.66]], ""pivot_lows"": [[5220, 2627.13], [5224, 2534.25]], ""broken_support"": 2534.25}",NEITHER_EXPIRED,-0.3496403795550594,-0.05723710082890217
ET27-00272,SHORT_CONTINUATION_PRACTICAL_TARGET,SOLUSDT,SHORT,2025-02-24T22:45:00Z,140.26,152.80173779405882,115.17652441188233,FIXED_2R_STRONG_MOMENTUM,4.6153822060334955,9.230764412066991,2.0,2.7178079758679425,"{""pivot_highs"": [[5219, 152.68], [5222, 152.53]], ""pivot_lows"": [[5220, 149.48], [5224, 141.1]], ""broken_support"": 141.1}",NEITHER_EXPIRED,-3.562401254812489,-0.39839965418244955
ET27-00273,SHORT_CONTINUATION_PRACTICAL_TARGET,BTCUSDT,SHORT,2025-02-25T06:15:00Z,91560.0,92167.82135155094,90648.26797267358,FIXED_1_5R,1.5461726131784694,2.319258919767723,1.500000000000012,2.338526264453217,"{""pivot_highs"": [[5247, 92538.47], [5253, 92111.12]], ""pivot_lows"": [[5248, 91812.7], [5252, 91706.87]], ""broken_support"": 91706.87}",TP_BEFORE_SL,0.755775477639165,1.1384727199212645
ET27-00274,MOMENTUM_BREAKDOWN_PULLBACK,ETHUSDT,SHORT,2025-02-25T07:15:00Z,2366.16,2446.6306045174374,2245.4540932238433,FIXED_1_5R,2.59540418682904,3.893106280243568,1.5000000000000029,7.772442966457583,"{""breakdown_time"": ""2025-02-25T07:00:00Z"", ""broken_support"": 2479.4, ""pullback_bars"": 1, ""breakdown_volume_ratio"": 4.987156728597285}",SL_BEFORE_TP,-3.640894466876186,-1.0705696699317009
ET27-00275,MOMENTUM_BREAKDOWN_PULLBACK,SOLUSDT,SHORT,2025-02-25T07:15:00Z,134.96,138.05672185313094,130.3149172203036,FIXED_1_5R,1.17329012413328,1.75993518619992,1.5,3.3135673658605134,"{""breakdown_time"": ""2025-02-25T07:00:00Z"", ""broken_support"": 136.06, ""pullback_bars"": 1, ""breakdown_volume_ratio"": 2.3125371500302583}",SL_BEFORE_TP,-2.53454790540229,-1.1045957678351117
ET27-00276,SHORT_CONTINUATION_PRACTICAL_TARGET,BTCUSDT,SHORT,2025-02-25T10:00:00Z,87746.64,89880.11531707704,83479.68936584592,FIXED_2R_STRONG_MOMENTUM,3.2744454524785445,6.548890904957089,2.0,1.996477192311983,"{""pivot_highs"": [[5256, 92128.51], [5265, 90000.0]], ""pivot_lows"": [[5252, 91706.87], [5262, 88200.0]], ""broken_support"": 88200.0}",NEITHER_EXPIRED,-1.7325357825667105,-0.7125659827566201
ET27-00277,MOMENTUM_BREAKDOWN_PULLBACK,BTCUSDT,SHORT,2025-02-25T14:45:00Z,87157.25,88199.61335524445,85593.70496713332,FIXED_1_5R,1.571138438334485,2.356707657501728,1.5,2.0161770922080713,"{""breakdown_time"": ""2025-02-25T14:30:00Z"", ""broken_support"": 88908.91, ""pullback_bars"": 1, ""breakdown_volume_ratio"": 1.7428394455978262}",SL_BEFORE_TP,-1.4359571409658425,-1.2006760876114495
ET27-00278,TRAP_REVERSAL,SOLUSDT,SHORT,2025-02-26T03:15:00Z,144.6,145.37960934048087,143.2225,FALSE_BREAKOUT_TO_MIDLINE,0.6167491579030747,1.0897406186635163,1.7669105903096745,1.3397943028293233,"{""lower"": 141.685, ""upper"": 144.76, ""midline"": 143.2225, ""width_atr"": 2.432633322969369, ""high_touches"": 2, ""low_touches"": 2, ""adx14"": 16.3767383211169}",TP_BEFORE_SL,0.7126279391424605,1.3217645639858484
ET27-00279,SHORT_CONTINUATION_PRACTICAL_TARGET,SOLUSDT,SHORT,2025-02-26T07:30:00Z,140.16,142.70483873268515,135.0703225346297,FIXED_2R_STRONG_MOMENTUM,2.216010812016243,4.432021624032486,2.0,2.1158566142150486,"{""pivot_highs"": [[5346, 144.7], [5356, 142.59]], ""pivot_lows"": [[5343, 142.69], [5354, 141.01]], ""broken_support"": 141.01}",TP_BEFORE_SL,3.391333808055295,1.8678171643336043
ET27-00280,MOMENTUM_BREAKDOWN_PULLBACK,SOLUSDT,SHORT,2025-02-26T08:00:00Z,139.36,140.90882497443138,137.03676253835295,FIXED_1_5R,1.338800872775665,2.0082013091635096,1.500000000000009,1.6696110757751466,"{""breakdown_time"": ""2025-02-26T07:30:00Z"", ""broken_support"": 141.01, ""pullback_bars"": 2, ""breakdown_volume_ratio"": 2.1158566142150486}",SL_BEFORE_TP,-1.351384166497825,-1.2159469310745032
ET27-00281,SHORT_CONTINUATION_PRACTICAL_TARGET,ETHUSDT,SHORT,2025-02-26T14:00:00Z,2391.43,2450.0214291011102,2274.247141797779,FIXED_2R_STRONG_MOMENTUM,4.00918724395148,8.01837448790296,2.0,3.130372152230149,"{""pivot_highs"": [[5372, 2496.25], [5382, 2440.4]], ""pivot_lows"": [[5360, 2457.77], [5379, 2423.48]], ""broken_support"": 2423.48}",SL_BEFORE_TP,-2.690058295710534,-1.097956852871698
ET27-00282,SHORT_CONTINUATION_PRACTICAL_TARGET,SOLUSDT,SHORT,2025-02-26T14:15:00Z,135.07,137.66719501224685,131.1742074816297,FIXED_1_5R,2.422869271441724,3.6343039071625864,1.5,2.4534932540873475,"{""pivot_highs"": [[5367, 142.21], [5371, 141.24]], ""pivot_lows"": [[5369, 140.26], [5379, 136.36]], ""broken_support"": 136.36}",SL_BEFORE_TP,-2.1628511233041072,-1.1248146552228127
ET27-00283,SHORT_CONTINUATION_PRACTICAL_TARGET,SOLUSDT,SHORT,2025-02-26T17:45:00Z,133.99,139.16444619118886,126.22833071321674,FIXED_1_5R,3.5822655818065625,5.373398372709844,1.5,1.2504918176408801,"{""pivot_highs"": [[5371, 141.24], [5390, 140.47]], ""pivot_lows"": [[5379, 136.36], [5385, 134.61]], ""broken_support"": 134.61}",SL_BEFORE_TP,-4.101815203514328,-1.062146940584209
ET27-00284,MOMENTUM_BREAKDOWN_PULLBACK,BTCUSDT,SHORT,2025-02-26T18:30:00Z,84752.01,85706.80994518133,83319.81008222798,FIXED_1_5R,1.1776755882451684,1.7665133823677617,1.5000000000000075,3.443230290856631,"{""breakdown_time"": ""2025-02-26T18:15:00Z"", ""broken_support"": 86280.82, ""pullback_bars"": 1, ""breakdown_volume_ratio"": 1.2055924095431514}",TP_BEFORE_SL,1.4498713290363423,1.2869660288246438
ET27-00285,SHORT_CONTINUATION_PRACTICAL_TARGET,BTCUSDT,SHORT,2025-02-26T20:00:00Z,83160.54,85185.78735719899,79110.045285602,FIXED_2R_STRONG_MOMENTUM,2.3607760202956345,4.721552040591269,2.0,1.3002393257584117,"{""pivot_highs"": [[5371, 89314.45], [5388, 88530.0]], ""pivot_lows"": [[5393, 86280.82], [5402, 83418.0]], ""broken_support"": 83418.0}",SL_BEFORE_TP,-2.6753465684554207,-1.098548602120402
ET27-00286,TRAP_REVERSAL,SOLUSDT,SHORT,2025-02-27T02:15:00Z,137.79,139.01928646696467,136.43,FALSE_BREAKOUT_TO_MIDLINE,0.8408771074523661,0.9302899664704948,1.1063328496229679,1.085746405308723,"{""lower"": 134.77, ""upper"": 138.09, ""midline"": 136.43, ""width_atr"": 2.27100197697211, ""high_touches"": 2, ""low_touches"": 2, ""adx14"": 23.535583404744507}",TP_BEFORE_SL,0.7470092169242945,0.8373182554767025
ET27-00287,SHORT_CONTINUATION_PRACTICAL_TARGET,ETHUSDT,SHORT,2025-02-27T04:00:00Z,2318.01,2349.456378116138,2270.840432825794,FIXED_1_5R,1.5518514469583709,2.3277771704375563,1.5,1.0971530169736314,"{""pivot_highs"": [[5433, 2370.9], [5437, 2347.43]], ""pivot_lows"": [[5432, 2338.39], [5435, 2328.34]], ""broken_support"": 2328.34}",SL_BEFORE_TP,-1.596610977352883,-1.176911438877124
ET27-00288,MOMENTUM_BREAKDOWN_PULLBACK,ETHUSDT,SHORT,2025-02-27T14:45:00Z,2308.6,2337.427739868163,2265.3583901977554,FIXED_1_5R,1.6258231731901922,2.438734759785288,1.5,2.1733388159414346,"{""breakdown_time"": ""2025-02-27T14:30:00Z"", ""broken_support"": 2341.03, ""pullback_bars"": 1, ""breakdown_volume_ratio"": 1.833237956709464}",SL_BEFORE_TP,-1.4887109013325397,-1.1921982099650834
ET27-00289,MOMENTUM_BREAKDOWN_PULLBACK,BTCUSDT,SHORT,2025-02-28T01:30:00Z,82528.0,83310.76957508811,81353.84563736783,FIXED_1_5R,1.3678888924251007,2.051833338637651,1.5,8.589912939068679,"{""breakdown_time"": ""2025-02-28T01:15:00Z"", ""broken_support"": 83881.08, ""pullback_bars"": 1, ""breakdown_volume_ratio"": 2.3888061093696136}",TP_BEFORE_SL,1.1827345417702664,1.246966149038553
ET27-00290,MOMENTUM_BREAKDOWN_PULLBACK,ETHUSDT,SHORT,2025-02-28T01:30:00Z,2220.7,2266.3428048654805,2152.235792701779,FIXED_1_5R,2.112436865873529,3.168655298810293,1.5,9.016148574677986,"{""breakdown_time"": ""2025-02-28T01:15:00Z"", ""broken_support"": 2265.33, ""pullback_bars"": 1, ""breakdown_volume_ratio"": 2.076371935444667}",TP_BEFORE_SL,2.843001184231145,1.383230664379463
ET27-00291,MOMENTUM_BREAKDOWN_PULLBACK,SOLUSDT,SHORT,2025-02-28T01:30:00Z,132.29,134.19201618178047,129.43697572732927,FIXED_1_5R,1.4087601578150182,2.1131402367225274,1.5,7.822326397899072,"{""breakdown_time"": ""2025-02-28T01:15:00Z"", ""broken_support"": 136.12, ""pullback_bars"": 1, ""breakdown_volume_ratio"": 1.9622840395332097}",TP_BEFORE_SL,1.9166439433598332,1.3330739753734424
ET27-00292,SHORT_CONTINUATION_PRACTICAL_TARGET,BTCUSDT,SHORT,2025-02-28T08:30:00Z,78487.01,80349.75510359768,75692.89234460346,FIXED_1_5R,2.516029576618529,3.7740443649278035,1.500000000000004,1.0621268970958098,"{""pivot_highs"": [[5544, 80440.44], [5549, 80275.72]], ""pivot_lows"": [[5543, 79152.0], [5547, 79034.97]], ""broken_support"": 79034.97}",SL_BEFORE_TP,-2.61331642981136,-1.1011243157403483
ET27-00293,SHORT_CONTINUATION_PRACTICAL_TARGET,ETHUSDT,SHORT,2025-03-01T13:00:00Z,2167.9,2188.8637511126663,2125.9724977746678,FIXED_2R_STRONG_MOMENTUM,1.8013947213018402,3.6027894426036804,2.0,1.3518353686966686,"{""pivot_highs"": [[5653, 2239.49], [5665, 2187.7]], ""pivot_lows"": [[5661, 2171.41], [5664, 2171.4]], ""broken_support"": 2171.4}",SL_BEFORE_TP,-1.207007293356066,-1.2481884073149678
ET27-00294,MOMENTUM_BREAKDOWN_PULLBACK,ETHUSDT,SHORT,2025-03-01T13:15:00Z,2151.26,2169.5133512398284,2123.879973140258,FIXED_1_5R,1.447385174791103,2.171077762186673,1.5000000000000124,2.6592817687324914,"{""breakdown_time"": ""2025-03-01T13:00:00Z"", ""broken_support"": 2171.4, ""pullback_bars"": 1, ""breakdown_volume_ratio"": 1.3518353686966686}",SL_BEFORE_TP,-1.0884958229050943,-1.2828534843911004
ET27-00295,TRAP_REVERSAL,SOLUSDT,LONG,2025-03-02T12:45:00Z,142.75,142.46321801761016,143.5675,FALSE_BREAKDOWN_TO_MIDLINE,0.3683556014220312,1.0500335538972725,2.850597492867311,1.9790107307922795,"{""lower"": 142.72, ""upper"": 144.41500000000002, ""midline"": 143.5675, ""width_atr"": 2.177133790649431, ""high_touches"": 3, ""low_touches"": 2, ""adx14"": 12.42049031824707}",SL_BEFORE_TP,-0.44089806121880215,-2.194635719946601
ET27-00296,SHORT_CONTINUATION_PRACTICAL_TARGET,SOLUSDT,SHORT,2025-03-02T13:15:00Z,141.86,143.7075022279724,138.16499554405522,FIXED_2R_STRONG_MOMENTUM,2.383805312835897,4.767610625671794,2.0,1.583370069569277,"{""pivot_highs"": [[5758, 144.22], [5763, 143.34]], ""pivot_lows"": [[5757, 143.26], [5761, 142.18]], ""broken_support"": 142.18}",SL_BEFORE_TP,-1.5423419060851533,-1.1842834042877737
ET27-00297,SHORT_CONTINUATION_PRACTICAL_TARGET,BTCUSDT,SHORT,2025-03-02T14:00:00Z,85575.99,86045.59873521654,84871.5768971752,FIXED_1_5R,2.2353022701094885,3.3529534051642673,1.5000000000000155,1.948028110698706,"{""pivot_highs"": [[5758, 86220.22], [5763, 86024.59]], ""pivot_lows"": [[5753, 85792.45], [5761, 85750.0]], ""broken_support"": 85750.0}",SL_BEFORE_TP,-0.7887622582181452,-1.4373478613111812
ET27-00298,MOMENTUM_BREAKDOWN_PULLBACK,SOLUSDT,SHORT,2025-03-02T14:00:00Z,141.04,142.01289565372682,139.58065651940976,FIXED_1_5R,1.2567593182616985,1.885138977392548,1.5,1.3774982009898067,"{""breakdown_time"": ""2025-03-02T13:15:00Z"", ""broken_support"": 142.18, ""pullback_bars"": 3, ""breakdown_volume_ratio"": 1.583370069569277}",SL_BEFORE_TP,-0.9298012292447697,-1.3479263153282062
ET27-00299,MOMENTUM_BREAKDOWN_PULLBACK,SOLUSDT,SHORT,2025-03-03T18:15:00Z,152.01,156.97450143953955,144.56324784069065,FIXED_1_5R,1.8942367119748194,2.8413550679622293,1.5,1.7100413689646905,"{""breakdown_time"": ""2025-03-03T17:45:00Z"", ""broken_support"": 156.75, ""pullback_bars"": 2, ""breakdown_volume_ratio"": 1.9123026676531463}",TP_BEFORE_SL,4.658856758969371,1.4265134667714314
ET27-00300,SHORT_CONTINUATION_PRACTICAL_TARGET,BTCUSDT,SHORT,2025-03-04T01:30:00Z,83571.05,86889.63253040439,76933.88493919124,FIXED_2R_STRONG_MOMENTUM,4.064273959385143,8.128547918770286,2.0,4.5850020447548125,"{""pivot_highs"": [[5899, 87038.46], [5905, 86807.98]], ""pivot_lows"": [[5900, 86000.0], [5904, 85880.0]], ""broken_support"": 85880.0}",SL_BEFORE_TP,-4.21097144334597,-1.0604386114138797
ET27-00301,SHORT_CONTINUATION_PRACTICAL_TARGET,BTCUSDT,SHORT,2025-03-04T07:45:00Z,83186.4,84388.35153569987,81383.47269645019,FIXED_1_5R,2.0580820714661323,3.087123107199186,1.499999999999994,1.5136659377471111,"{""pivot_highs"": [[5924, 84581.6], [5928, 84411.76]], ""pivot_lows"": [[5919, 83602.81], [5923, 83315.9]], ""broken_support"": 83315.9}",SL_BEFORE_TP,-1.6848894719568037,-1.1661026705904152
ET27-00302,SHORT_CONTINUATION_PRACTICAL_TARGET,BTCUSDT,SHORT,2025-03-04T13:15:00Z,82568.01,84027.74680759644,79648.5363848071,FIXED_2R_STRONG_MOMENTUM,3.035628440646779,6.071256881293558,2.0,2.776394350719586,"{""pivot_highs"": [[5951, 84120.0], [5955, 83979.66]], ""pivot_lows"": [[5949, 83698.11], [5953, 83248.66]], ""broken_support"": 83248.66}",SL_BEFORE_TP,-2.0079205391972605,-1.1357527075899996
ET27-00303,MOMENTUM_BREAKDOWN_PULLBACK,SOLUSDT,SHORT,2025-03-04T13:15:00Z,132.91,134.91858238313426,129.8971264252986,FIXED_1_5R,1.2781145405532297,1.9171718108298357,1.499999999999993,2.928007054797666,"{""breakdown_time"": ""2025-03-04T13:00:00Z"", ""broken_support"": 135.38, ""pullback_bars"": 1, ""breakdown_volume_ratio"": 1.753799408654042}",SL_BEFORE_TP,-1.7512349583434415,-1.1588105136629971
ET27-00304,SHORT_CONTINUATION_PRACTICAL_TARGET,ETHUSDT,SHORT,2025-03-04T16:15:00Z,2025.32,2090.1274820266613,1928.108776960008,FIXED_1_5R,2.046025249114923,3.0690378736723813,1.4999999999999982,1.2410956847782348,"{""pivot_highs"": [[5962, 2158.32], [5967, 2084.67]], ""pivot_lows"": [[5962, 2041.0], [5965, 2025.62]], ""broken_support"": 2025.62}",SL_BEFORE_TP,-3.439863825304709,-1.0750031917302436
ET27-00305,SHORT_CONTINUATION_PRACTICAL_TARGET,BTCUSDT,SHORT,2025-03-06T13:45:00Z,89569.13,90982.51970131081,86742.35059737839,FIXED_2R_STRONG_MOMENTUM,3.2499411555157303,6.4998823110314605,2.0,1.663143999322777,"{""pivot_highs"": [[6137, 91667.5], [6142, 91606.53]], ""pivot_lows"": [[6140, 91003.71], [6147, 89829.02]], ""broken_support"": 89829.02}",SL_BEFORE_TP,-1.8179875290859775,-1.1520924567376118
ET27-00306,SHORT_CONTINUATION_PRACTICAL_TARGET,ETHUSDT,SHORT,2025-03-07T00:15:00Z,2127.71,2229.5067549323608,1924.1164901352786,FIXED_2R_STRONG_MOMENTUM,4.809094967777748,9.618189935555495,2.0,10.409316271514781,"{""pivot_highs"": [[6184, 2229.4], [6187, 2222.99]], ""pivot_lows"": [[6182, 2197.9], [6186, 2195.62]], ""broken_support"": 2195.62}",SL_BEFORE_TP,-5.024334093102947,-1.0501637208709946
ET27-00307,MOMENTUM_BREAKDOWN_PULLBACK,BTCUSDT,SHORT,2025-03-07T00:30:00Z,85918.13,87367.12116417213,83744.64325374181,FIXED_1_5R,1.564768880852452,2.3471533212786784,1.5,2.821026318551675,"{""breakdown_time"": ""2025-03-07T00:15:00Z"", ""broken_support"": 88674.81, ""pullback_bars"": 1, ""breakdown_volume_ratio"": 8.495502304885832}",SL_BEFORE_TP,-1.9264789354378713,-1.1423083294768146
ET27-00308,MOMENTUM_BREAKDOWN_PULLBACK,SOLUSDT,SHORT,2025-03-07T00:30:00Z,136.29,138.46997553510639,133.0200366973404,FIXED_1_5R,1.3081453392466318,1.9622180088699477,1.5,4.104260151140693,"{""breakdown_time"": ""2025-03-07T00:15:00Z"", ""broken_support"": 143.19, ""pullback_bars"": 1, ""breakdown_volume_ratio"": 9.48288823894031}",SL_BEFORE_TP,-1.8395124624744248,-1.1500457205745824
ET27-00309,SHORT_CONTINUATION_PRACTICAL_TARGET,SOLUSDT,SHORT,2025-03-07T00:30:00Z,136.29,145.73664627925532,117.39670744148933,FIXED_2R_STRONG_MOMENTUM,5.668681185963992,11.337362371927984,2.0,4.104260151140693,"{""pivot_highs"": [[6184, 145.92], [6192, 145.57]], ""pivot_lows"": [[6182, 143.25], [6186, 143.19]], ""broken_support"": 143.19}",SL_BEFORE_TP,-7.171283497876098,-1.0346256216577407
ET27-00310,MOMENTUM_BREAKDOWN_PULLBACK,BTCUSDT,SHORT,2025-03-07T21:00:00Z,86343.04,87484.79146626045,84630.41280060931,FIXED_1_5R,1.2270139425869442,1.840520913880424,1.5000000000000064,2.583292176289368,"{""breakdown_time"": ""2025-03-07T20:45:00Z"", ""broken_support"": 87315.94, ""pullback_bars"": 1, ""breakdown_volume_ratio"": 2.142745903527555}",NEITHER_EXPIRED,-0.25434973797540533,-0.19234772407982362
ET27-00311,SHORT_CONTINUATION_PRACTICAL_TARGET,SOLUSDT,SHORT,2025-03-07T23:00:00Z,138.01,143.69788559031602,129.47817161452593,FIXED_1_5R,2.610491855870894,3.9157377838063474,1.5000000000000024,1.2611110628127549,"{""pivot_highs"": [[6268, 150.88], [6275, 147.62]], ""pivot_lows"": [[6276, 141.74], [6281, 140.56]], ""broken_support"": 140.56}",NEITHER_EXPIRED,0.028096514745311607,0.0068172960556771925
ET27-00312,MOMENTUM_BREAKDOWN_PULLBACK,BTCUSDT,SHORT,2025-03-08T08:00:00Z,86053.79,86363.51982846194,85589.19525730707,FIXED_1_5R,0.9975241687810663,1.4962862531715995,1.5,1.0887486038642598,"{""breakdown_time"": ""2025-03-08T07:45:00Z"", ""broken_support"": 86279.31, ""pullback_bars"": 1, ""breakdown_volume_ratio"": 1.2633621428180095}",SL_BEFORE_TP,-0.5999258422690581,-1.6668040240928046
ET27-00313,MOMENTUM_BREAKDOWN_PULLBACK,ETHUSDT,SHORT,2025-03-08T08:45:00Z,2128.52,2136.9274839589475,2115.9087740615787,FIXED_1_5R,0.9724469148392466,1.4586703722588699,1.5,0.934050136272425,"{""breakdown_time"": ""2025-03-08T08:00:00Z"", ""broken_support"": 2133.16, ""pullback_bars"": 3, ""breakdown_volume_ratio"": 1.2925616723084596}",SL_BEFORE_TP,-0.6349920113011633,-1.6076072252940095
ET27-00314,SHORT_CONTINUATION_PRACTICAL_TARGET,SOLUSDT,SHORT,2025-03-08T08:45:00Z,137.83,139.31183853226455,135.6072422016032,FIXED_1_5R,1.810685616250371,2.7160284243755566,1.5,1.020150437468586,"{""pivot_highs"": [[6312, 140.0], [6317, 139.88]], ""pivot_lows"": [[6310, 138.68], [6315, 138.63]], ""broken_support"": 138.63}",TP_BEFORE_SL,1.3726806924448949,1.276769200693893
ET27-00315,SHORT_CONTINUATION_PRACTICAL_TARGET,BTCUSDT,SHORT,2025-03-08T09:45:00Z,85943.28,86478.27086910848,85140.79369633726,FIXED_1_5R,1.8930446443620477,2.839566966543097,1.5000000000000135,1.5526273020824,"{""pivot_highs"": [[6313, 86662.0], [6325, 86450.01]], ""pivot_lows"": [[6315, 86279.31], [6321, 86040.01]], ""broken_support"": 86040.01}",SL_BEFORE_TP,-0.8624929617632533,-1.3855465278196621
ET27-00316,MOMENTUM_BREAKDOWN_PULLBACK,BTCUSDT,SHORT,2025-03-08T17:00:00Z,85792.01,86279.84413283369,85060.25880074945,FIXED_1_5R,1.8194770389811228,2.729215558471684,1.5,1.649906962521574,"{""breakdown_time"": ""2025-03-08T16:15:00Z"", ""broken_support"": 86200.0, ""pullback_bars"": 3, ""breakdown_volume_ratio"": 1.9820614197853217}",SL_BEFORE_TP,-0.808624202689385,-1.4220713766049484
ET27-00317,TRAP_REVERSAL,SOLUSDT,LONG,2025-03-09T10:00:00Z,137.7,137.30743663105096,138.6875,FALSE_BREAKDOWN_TO_MIDLINE,0.5741280336805171,1.4442290802052242,2.5155174377164955,1.5847633651473452,"{""lower"": 137.685, ""upper"": 139.69, ""midline"": 138.6875, ""width_atr"": 2.9323334742394276, ""high_touches"": 2, ""low_touches"": 2, ""adx14"": 17.34136602909794}",SL_BEFORE_TP,-0.5250859614735126,-1.841851344624342
ET27-00318,SHORT_CONTINUATION_PRACTICAL_TARGET,BTCUSDT,SHORT,2025-03-09T10:15:00Z,85260.0,85910.87114917628,83958.25770164744,FIXED_2R_STRONG_MOMENTUM,3.3844631083162153,6.768926216632431,2.0,2.484734669097847,"{""pivot_highs"": [[6405, 86158.83], [6414, 86156.17]], ""pivot_lows"": [[6412, 85846.91], [6420, 85669.26]], ""broken_support"": 85669.26}",TP_BEFORE_SL,1.2867913421916035,1.685615193945891
ET27-00319,MOMENTUM_BREAKDOWN_PULLBACK,ETHUSDT,SHORT,2025-03-09T10:15:00Z,2149.39,2171.3289623627625,2116.4815564558558,FIXED_1_5R,2.5585731595318193,3.837859739297756,1.5000000000000104,2.4113026925999455,"{""breakdown_time"": ""2025-03-09T09:45:00Z"", ""broken_support"": 2172.48, ""pullback_bars"": 2, ""breakdown_volume_ratio"": 2.75256228713212}",TP_BEFORE_SL,1.2910596747981578,1.264868733775876
ET27-00320,SHORT_CONTINUATION_PRACTICAL_TARGET,BTCUSDT,SHORT,2025-03-09T13:45:00Z,83489.95,84835.88118560777,80798.08762878446,FIXED_2R_STRONG_MOMENTUM,4.3095744186957585,8.619148837391517,2.0,3.207562662349478,"{""pivot_highs"": [[6414, 86156.17], [6431, 85098.38]], ""pivot_lows"": [[6429, 84625.01], [6432, 84240.36]], ""broken_support"": 84240.36}",TP_BEFORE_SL,2.9841753303428007,1.8511247215736977
ET27-00321,MOMENTUM_BREAKDOWN_PULLBACK,SOLUSDT,SHORT,2025-03-09T13:45:00Z,133.12,134.3599201845905,131.26011972311426,FIXED_1_5R,1.3536223825057834,2.0304335737586907,1.5000000000000115,1.5896036438943528,"{""breakdown_time"": ""2025-03-09T13:30:00Z"", ""broken_support"": 134.42, ""pullback_bars"": 1, ""breakdown_volume_ratio"": 1.4133384027152962}",TP_BEFORE_SL,1.1571456406894132,1.2423318016993943
ET27-00322,MOMENTUM_BREAKDOWN_PULLBACK,BTCUSDT,SHORT,2025-03-09T14:00:00Z,83119.39,83748.8273211058,82175.2340183413,FIXED_1_5R,1.8870230743908838,2.8305346115863257,1.5,2.4959907114820514,"{""breakdown_time"": ""2025-03-09T13:45:00Z"", ""broken_support"": 84240.36, ""pullback_bars"": 1, ""breakdown_volume_ratio"": 3.207562662349478}",SL_BEFORE_TP,-0.9972689370143324,-1.3169283569800747
ET27-00323,SHORT_CONTINUATION_PRACTICAL_TARGET,BTCUSDT,SHORT,2025-03-09T16:45:00Z,82496.01,83805.02590795918,80532.48613806121,FIXED_1_5R,2.796689488644684,4.195034232967042,1.5000000000000056,1.1222846776770683,"{""pivot_highs"": [[6442, 83817.25], [6449, 83758.22]], ""pivot_lows"": [[6432, 84240.36], [6441, 83000.0]], ""broken_support"": 83000.0}",TP_BEFORE_SL,2.14014403598281,1.348748649427287
ET27-00324,SHORT_CONTINUATION_PRACTICAL_TARGET,ETHUSDT,SHORT,2025-03-09T16:45:00Z,2049.41,2117.760102379986,1912.7097952400272,FIXED_2R_STRONG_MOMENTUM,4.068210556343941,8.136421112687882,2.0,3.3461131314685937,"{""pivot_highs"": [[6442, 2124.65], [6449, 2109.32]], ""pivot_lows"": [[6432, 2131.67], [6440, 2098.33]], ""broken_support"": 2098.33}",SL_BEFORE_TP,-3.5751111968803864,-1.0719616186184413
ET27-00325,SHORT_CONTINUATION_PRACTICAL_TARGET,SOLUSDT,SHORT,2025-03-09T16:45:00Z,127.94,132.18041881816876,119.45916236366247,FIXED_2R_STRONG_MOMENTUM,3.521392156685998,7.042784313371996,2.0,2.294725389918229,"{""pivot_highs"": [[6414, 139.88], [6449, 131.54]], ""pivot_lows"": [[6432, 134.42], [6440, 132.58]], ""broken_support"": 132.58}",NEITHER_EXPIRED,5.372005627637949,1.620817257614212
ET27-00326,MOMENTUM_BREAKDOWN_PULLBACK,BTCUSDT,SHORT,2025-03-09T21:45:00Z,81845.11,82405.73251963529,81004.17622054706,FIXED_1_5R,1.084856779758137,1.6272851696372197,1.5000000000000129,1.1420510849438281,"{""breakdown_time"": ""2025-03-09T21:15:00Z"", ""broken_support"": 82336.36, ""pullback_bars"": 2, ""breakdown_volume_ratio"": 2.1790500885638986}",TP_BEFORE_SL,0.7874697895243123,1.1496247347898578
ET27-00327,TRAP_REVERSAL,SOLUSDT,LONG,2025-03-10T13:30:00Z,127.08,126.00459751000422,128.76999999999998,FALSE_BREAKDOWN_TO_MIDLINE,0.8255287509532321,1.2973222603533507,1.5715046373071102,1.7826149212849125,"{""lower"": 126.31, ""upper"": 131.23, ""midline"": 128.76999999999998, ""width_atr"": 3.7768198348748707, ""high_touches"": 2, ""low_touches"": 6, ""adx14"": 20.84585835124124}",SL_BEFORE_TP,-1.0862405492569887,-1.2836073031606952
ET27-00328,MOMENTUM_BREAKDOWN_PULLBACK,BTCUSDT,SHORT,2025-03-10T14:00:00Z,80162.28,81615.46566856056,77982.50149715916,FIXED_1_5R,2.015149164823374,3.022723747235061,1.5,2.557034149239426,"{""breakdown_time"": ""2025-03-10T13:45:00Z"", ""broken_support"": 82634.16, ""pullback_bars"": 1, ""breakdown_volume_ratio"": 1.6036174837221235}",TP_BEFORE_SL,2.4792072167119494,1.3676084714002377
ET27-00329,MOMENTUM_BREAKDOWN_PULLBACK,SOLUSDT,SHORT,2025-03-10T14:00:00Z,122.49,125.23891232983382,118.36663150524925,FIXED_1_5R,1.843749281485784,2.7656239222286807,1.5000000000000027,3.2993875253160767,"{""breakdown_time"": ""2025-03-10T13:45:00Z"", ""broken_support"": 126.71, ""pullback_bars"": 1, ""breakdown_volume_ratio"": 2.1829738944956567}",TP_BEFORE_SL,3.126289896930974,1.3930573387846954
ET27-00330,SHORT_CONTINUATION_PRACTICAL_TARGET,BTCUSDT,SHORT,2025-03-10T16:45:00Z,79009.98,81191.23129702464,75738.10305446302,FIXED_1_5R,2.9916506577679822,4.487475986651983,1.5000000000000033,1.0073518884000332,"{""pivot_highs"": [[6527, 83826.02], [6542, 81118.32]], ""pivot_lows"": [[6530, 82634.16], [6539, 79177.03]], ""broken_support"": 79177.03}",SL_BEFORE_TP,-3.0007288307434656,-1.0869335652699248
ET27-00331,SHORT_CONTINUATION_PRACTICAL_TARGET,SOLUSDT,SHORT,2025-03-10T17:00:00Z,118.05,123.6206334624075,106.908733075185,FIXED_2R_STRONG_MOMENTUM,3.26467820778547,6.52935641557094,2.0,2.7392676448621986,"{""pivot_highs"": [[6528, 130.89], [6542, 124.2]], ""pivot_lows"": [[6521, 126.71], [6539, 120.18]], ""broken_support"": 120.18}",SL_BEFORE_TP,-4.958876291747141,-1.0508595659563564
ET27-00332,MOMENTUM_BREAKDOWN_PULLBACK,ETHUSDT,SHORT,2025-03-10T17:30:00Z,1924.61,1971.1810925977586,1854.7533611033618,FIXED_1_5R,1.7623361473837211,2.643504221075582,1.5,1.5141414138246336,"{""breakdown_time"": ""2025-03-10T17:00:00Z"", ""broken_support"": 2000.0, ""pullback_bars"": 2, ""breakdown_volume_ratio"": 4.888648822538187}",TP_BEFORE_SL,3.389651664318385,1.4008169286493763
ET27-00333,MOMENTUM_BREAKDOWN_PULLBACK,SOLUSDT,SHORT,2025-03-10T17:30:00Z,117.44,119.98662074579715,113.62006888130426,FIXED_1_5R,1.4790116467572796,2.2185174701359194,1.5,1.1151245807135215,"{""breakdown_time"": ""2025-03-10T17:00:00Z"", ""broken_support"": 120.18, ""pullback_bars"": 2, ""breakdown_volume_ratio"": 2.7392676448621986}",SL_BEFORE_TP,-2.4084440955357254,-1.1106784355170136
ET27-00334,MOMENTUM_BREAKDOWN_PULLBACK,BTCUSDT,SHORT,2025-03-11T00:15:00Z,77309.01,79312.12627309789,74304.33559035315,FIXED_1_5R,3.148057690867,4.7220865363005,1.5,2.7583731691559987,"{""breakdown_time"": ""2025-03-10T23:45:00Z"", ""broken_support"": 79200.0, ""pullback_bars"": 2, ""breakdown_volume_ratio"": 1.5240261860671505}",SL_BEFORE_TP,-2.831051512751098,-1.0926264872847609
ET27-00335,MOMENTUM_BREAKDOWN_PULLBACK,ETHUSDT,SHORT,2025-03-11T00:30:00Z,1814.64,1849.1439176481529,1762.884123527771,FIXED_1_5R,1.280326393018463,1.9204895895276946,1.5,4.451326684939464,"{""breakdown_time"": ""2025-03-11T00:15:00Z"", ""broken_support"": 1865.88, ""pullback_bars"": 1, ""breakdown_volume_ratio"": 2.089160220091165}",TP_BEFORE_SL,2.612129153563745,1.3737785069970696
ET27-00336,MOMENTUM_BREAKDOWN_PULLBACK,SOLUSDT,SHORT,2025-03-11T00:30:00Z,113.93,115.92948477980268,110.93077283029601,FIXED_1_5R,1.2662662079043,1.8993993118564454,1.4999999999999964,5.590500365842881,"{""breakdown_time"": ""2025-03-11T00:15:00Z"", ""broken_support"": 117.6, ""pullback_bars"": 1, ""breakdown_volume_ratio"": 3.6185435101458254}",SL_BEFORE_TP,-1.9950116561069702,-1.1367512284974657
ET27-00337,SHORT_CONTINUATION_PRACTICAL_TARGET,ETHUSDT,SHORT,2025-03-12T03:45:00Z,1868.9,1909.5835137589443,1787.5329724821117,FIXED_2R_STRONG_MOMENTUM,3.219871051735838,6.439742103471676,2.0,1.9296935550340655,"{""pivot_highs"": [[6665, 1952.54], [6679, 1932.86]], ""pivot_lows"": [[6675, 1905.67], [6682, 1887.42]], ""broken_support"": 1887.42}",SL_BEFORE_TP,-2.4168694825268435,-1.1102500641064688
ET27-00338,TRAP_REVERSAL,BTCUSDT,SHORT,2025-03-12T11:30:00Z,82848.36,83030.73789425322,82509.6375,FALSE_BREAKOUT_TO_MIDLINE,0.5392828647966661,1.001586518580296,1.8572563379293336,1.118327603797425,"{""lower"": 82167.09, ""upper"": 82852.185, ""midline"": 82509.6375, ""width_atr"": 2.025793727746937, ""high_touches"": 3, ""low_touches"": 3, ""adx14"": 12.666407286443624}",SL_BEFORE_TP,-0.4601345859510346,-2.090242130572722
ET27-00339,SHORT_CONTINUATION_PRACTICAL_TARGET,ETHUSDT,SHORT,2025-03-13T04:15:00Z,1877.52,1901.9257266859834,1840.911409971025,FIXED_1_5R,2.4510467610778144,3.6765701416167103,1.4999999999999953,1.3665112814688283,"{""pivot_highs"": [[6769, 1917.12], [6776, 1916.26]], ""pivot_lows"": [[6772, 1893.85], [6782, 1882.01]], ""broken_support"": 1882.01}",SL_BEFORE_TP,-1.5398917021381067,-1.1846307654747235
ET27-00340,MOMENTUM_BREAKDOWN_PULLBACK,ETHUSDT,SHORT,2025-03-13T04:30:00Z,1872.21,1882.7670954500957,1856.3743568248565,FIXED_1_5R,1.0408809382302606,1.561321407345402,1.5000000000000107,1.1812252243262829,"{""breakdown_time"": ""2025-03-13T04:15:00Z"", ""broken_support"": 1882.01, ""pullback_bars"": 1, ""breakdown_volume_ratio"": 1.3665112814688283}",TP_BEFORE_SL,0.605826225431098,1.0743806597903607
ET27-00341,SHORT_CONTINUATION_PRACTICAL_TARGET,SOLUSDT,SHORT,2025-03-13T05:30:00Z,123.34,125.26546564734466,119.4890687053107,FIXED_2R_STRONG_MOMENTUM,2.2529117922434687,4.505823584486937,2.0,1.6505202298518487,"{""pivot_highs"": [[6776, 127.46], [6781, 126.31]], ""pivot_lows"": [[6780, 124.73], [6787, 123.61]], ""broken_support"": 123.61}",SL_BEFORE_TP,-1.8011039787130303,-1.1537373571988814
ET27-00342,SHORT_CONTINUATION_PRACTICAL_TARGET,SOLUSDT,SHORT,2025-03-13T16:15:00Z,122.78,125.69507395315831,118.40738907026252,FIXED_1_5R,2.7743069195906513,4.161460379385984,1.5000000000000024,1.1820576245831511,"{""pivot_highs"": [[6818, 128.76], [6827, 125.85]], ""pivot_lows"": [[6819, 125.9], [6824, 123.6]], ""broken_support"": 123.6}",SL_BEFORE_TP,-2.6142254057324585,-1.1010856001374305
ET27-00343,SHORT_CONTINUATION_PRACTICAL_TARGET,BTCUSDT,SHORT,2025-03-13T17:00:00Z,80584.71,81464.82857722019,79264.53213416973,FIXED_1_5R,1.963298038430229,2.9449470576453436,1.5,1.777476397027284,"{""pivot_highs"": [[6825, 82524.46], [6834, 81264.73]], ""pivot_lows"": [[6819, 82286.0], [6824, 81546.52]], ""broken_support"": 81546.52}",SL_BEFORE_TP,-1.3321657188071856,-1.2197468716213846
ET27-00344,SHORT_CONTINUATION_PRACTICAL_TARGET,ETHUSDT,SHORT,2025-03-13T17:15:00Z,1844.3,1879.4972907496774,1773.905418500645,FIXED_2R_STRONG_MOMENTUM,2.518966847651687,5.037933695303374,2.0,1.4298710088050608,"{""pivot_highs"": [[6818, 1923.09], [6825, 1897.66]], ""pivot_lows"": [[6819, 1890.31], [6824, 1864.21]], ""broken_support"": 1864.21}",SL_BEFORE_TP,-2.1484363037291896,-1.1257574064856275
ET27-00345,SHORT_CONTINUATION_PRACTICAL_TARGET,ETHUSDT,SHORT,2025-03-16T02:00:00Z,1918.46,1939.2152642281965,1887.3271036577053,FIXED_1_5R,3.5463066471968165,5.319459970795244,1.5000000000000056,1.2602080489456875,"{""pivot_highs"": [[7046, 1957.19], [7058, 1940.87]], ""pivot_lows"": [[7050, 1939.53], [7056, 1934.07]], ""broken_support"": 1934.07}",TP_BEFORE_SL,1.3828066439902198,1.2781621110973453
ET27-00346,TRAP_REVERSAL,ETHUSDT,LONG,2025-03-16T08:00:00Z,1923.1,1921.0046262839674,1928.1599999999999,FALSE_BREAKDOWN_TO_MIDLINE,0.465380943829367,1.1238222364625605,2.4148436917404434,1.1641324046239472,"{""lower"": 1922.54, ""upper"": 1933.78, ""midline"": 1928.1599999999999, ""width_atr"": 2.496395639889195, ""high_touches"": 2, ""low_touches"": 2, ""adx14"": 16.53688133830673}",SL_BEFORE_TP,-0.348958125736184,-3.2026810609894527
ET27-00347,MOMENTUM_BREAKDOWN_PULLBACK,BTCUSDT,SHORT,2025-03-16T09:30:00Z,83813.84,84077.10176108328,83418.94735837507,FIXED_1_5R,1.847260710528819,2.7708910657932795,1.5000000000000275,2.4318817639439696,"{""breakdown_time"": ""2025-03-16T09:15:00Z"", ""broken_support"": 84162.83, ""pullback_bars"": 1, ""breakdown_volume_ratio"": 2.2960597184608305}",TP_BEFORE_SL,0.23115445566618903,0.7359193558066398
ET27-00348,SHORT_CONTINUATION_PRACTICAL_TARGET,ETHUSDT,SHORT,2025-03-16T09:30:00Z,1906.83,1924.0225352249604,1872.444929550079,FIXED_2R_STRONG_MOMENTUM,3.228431551404115,6.45686310280823,2.0,4.604465671947792,"{""pivot_highs"": [[7082, 1934.0], [7091, 1923.49]], ""pivot_lows"": [[7084, 1921.53], [7089, 1918.45]], ""broken_support"": 1918.45}",TP_BEFORE_SL,1.5632583109097788,1.7338151738461525
ET27-00349,SHORT_CONTINUATION_PRACTICAL_TARGET,BTCUSDT,SHORT,2025-03-16T10:15:00Z,83759.46,84287.72355876457,82702.93288247088,FIXED_2R_STRONG_MOMENTUM,3.1644753896684374,6.328950779336875,2.0,2.6572737682095005,"{""pivot_highs"": [[7075, 84417.34], [7086, 84373.64]], ""pivot_lows"": [[7089, 84162.83], [7094, 83800.0]], ""broken_support"": 83800.0}",TP_BEFORE_SL,1.0213824367171507,1.619465131249775
ET27-00350,MOMENTUM_BREAKDOWN_PULLBACK,SOLUSDT,SHORT,2025-03-16T10:15:00Z,133.19,133.84219285238322,132.21171072142516,FIXED_1_5R,1.0840843615729954,1.626126542359493,1.5,1.410557088826178,"{""breakdown_time"": ""2025-03-16T09:30:00Z"", ""broken_support"": 134.02, ""pullback_bars"": 3, ""breakdown_volume_ratio"": 2.4027251984740663}",TP_BEFORE_SL,0.4945065534761127,1.0098750333863322
ET27-00351,SHORT_CONTINUATION_PRACTICAL_TARGET,SOLUSDT,SHORT,2025-03-16T11:15:00Z,131.25,133.84487747416262,126.06024505167477,FIXED_2R_STRONG_MOMENTUM,3.465498139704135,6.93099627940827,2.0,2.9214715122337074,"{""pivot_highs"": [[7087, 135.0], [7093, 134.97]], ""pivot_lows"": [[7089, 134.02], [7097, 132.92]], ""broken_support"": 132.92}",TP_BEFORE_SL,3.7140990082477945,1.8786069850555651
ET27-00352,SHORT_CONTINUATION_PRACTICAL_TARGET,SOLUSDT,SHORT,2025-03-16T13:45:00Z,127.85,130.78586958076534,123.44619562885198,FIXED_1_5R,3.418986740820712,5.1284801112310685,1.5,1.1450864458938894,"{""pivot_highs"": [[7093, 134.97], [7105, 130.87]], ""pivot_lows"": [[7089, 134.02], [7097, 132.92]], ""broken_support"": 132.92}",SL_BEFORE_TP,-2.5363391323936977,-1.1045141793798656
ET27-00353,SHORT_CONTINUATION_PRACTICAL_TARGET,BTCUSDT,SHORT,2025-03-16T22:45:00Z,82093.71,82994.58158651477,80742.40262022786,FIXED_1_5R,2.4809480195760996,3.7214220293641294,1.499999999999992,1.0596203494459766,"{""pivot_highs"": [[7137, 83453.01], [7140, 83224.31]], ""pivot_lows"": [[7126, 83483.45], [7133, 82562.36]], ""broken_support"": 82562.36}",SL_BEFORE_TP,-1.3373698064258124,-1.2187047598673157
ET27-00354,SHORT_CONTINUATION_PRACTICAL_TARGET,BTCUSDT,SHORT,2025-03-18T01:30:00Z,83050.07,84011.05356405089,81128.10287189824,FIXED_2R_STRONG_MOMENTUM,3.9985062640564912,7.9970125281129825,2.0,2.441332199025306,"{""pivot_highs"": [[7247, 84140.98], [7252, 83915.98]], ""pivot_lows"": [[7238, 83883.87], [7246, 83746.12]], ""broken_support"": 83746.12}",NEITHER_EXPIRED,-0.059205450398766984,-0.05116650257026434
ET27-00355,SHORT_CONTINUATION_PRACTICAL_TARGET,SOLUSDT,SHORT,2025-03-18T03:15:00Z,124.08,126.01098951843957,120.21802096312085,FIXED_2R_STRONG_MOMENTUM,2.384246203267142,4.768492406534284,2.0,2.2565721414802233,"{""pivot_highs"": [[7242, 129.34], [7257, 125.93]], ""pivot_lows"": [[7241, 128.61], [7255, 124.65]], ""broken_support"": 124.65}",SL_BEFORE_TP,-1.7962455822369232,-1.1542173052501314
ET27-00356,SHORT_CONTINUATION_PRACTICAL_TARGET,BTCUSDT,SHORT,2025-03-18T06:30:00Z,82319.16,83118.19850604847,80721.08298790306,FIXED_2R_STRONG_MOMENTUM,3.637200018450934,7.274400036901868,2.0,3.1600312676135762,"{""pivot_highs"": [[7252, 83915.98], [7258, 83532.61]], ""pivot_lows"": [[7262, 82960.0], [7267, 82838.8]], ""broken_support"": 82838.8}",SL_BEFORE_TP,-1.2106592074657585,-1.2472546473098451
ET27-00357,MOMENTUM_BREAKDOWN_PULLBACK,ETHUSDT,SHORT,2025-03-18T10:15:00Z,1891.8,1897.2962087455467,1883.5556868816798,FIXED_1_5R,0.7982789495035364,1.197418424255321,1.5000000000000207,2.6135996406362056,"{""breakdown_time"": ""2025-03-18T10:00:00Z"", ""broken_support"": 1901.07, ""pullback_bars"": 1, ""breakdown_volume_ratio"": 1.477272404330417}",SL_BEFORE_TP,-0.530528002196147,-1.8260821613951221
ET27-00358,SHORT_CONTINUATION_PRACTICAL_TARGET,BTCUSDT,SHORT,2025-03-18T12:45:00Z,82404.66,82842.97681959449,81747.18477060826,FIXED_1_5R,2.0504304564909486,3.0756456847364566,1.5000000000000167,1.1987026843538375,"{""pivot_highs"": [[7282, 83452.3], [7297, 82821.6]], ""pivot_lows"": [[7281, 83048.71], [7289, 82596.85]], ""broken_support"": 82596.85}",TP_BEFORE_SL,0.5578617099952126,1.0487939883690485
ET27-00359,SHORT_CONTINUATION_PRACTICAL_TARGET,SOLUSDT,SHORT,2025-03-18T13:30:00Z,122.07,123.81789748719254,118.5742050256149,FIXED_2R_STRONG_MOMENTUM,2.574318372395615,5.14863674479123,2.0,2.5429496462993817,"{""pivot_highs"": [[7287, 125.67], [7299, 123.75]], ""pivot_lows"": [[7289, 123.89], [7296, 122.56]], ""broken_support"": 122.56}",SL_BEFORE_TP,-1.6718812871242286,-1.1676116603786426
ET27-00360,SHORT_CONTINUATION_PRACTICAL_TARGET,ETHUSDT,SHORT,2025-03-20T06:30:00Z,2010.5,2022.9764721433073,1991.7852917850391,FIXED_1_5R,1.6713915254799783,2.507087288219952,1.499999999999991,1.6454929185882226,"{""pivot_highs"": [[7438, 2069.9], [7452, 2034.8]], ""pivot_lows"": [[7458, 2018.2], [7462, 2012.21]], ""broken_support"": 2012.21}",TP_BEFORE_SL,0.6908484563521942,1.1132560595193195
ET27-00361,MOMENTUM_BREAKDOWN_PULLBACK,ETHUSDT,SHORT,2025-03-20T10:15:00Z,1980.58,1992.250843388838,1963.073734916743,FIXED_1_5R,1.3719060357091122,2.0578590535636683,1.5,3.779440032133884,"{""breakdown_time"": ""2025-03-20T10:00:00Z"", ""broken_support"": 2003.03, ""pullback_bars"": 1, ""breakdown_volume_ratio"": 2.689054285321524}",SL_BEFORE_TP,-0.8292639221257392,-1.407287789033838
ET27-00362,MOMENTUM_BREAKDOWN_PULLBACK,SOLUSDT,SHORT,2025-03-20T10:45:00Z,130.44,132.47823315820048,127.38265026269927,FIXED_1_5R,2.772064198680256,4.158096298020384,1.5,1.0728028314418065,"{""breakdown_time"": ""2025-03-20T10:00:00Z"", ""broken_support"": 133.12, ""pullback_bars"": 3, ""breakdown_volume_ratio"": 3.4685462766817268}",TP_BEFORE_SL,2.1038743769554786,1.3464081507356152
ET27-00363,SHORT_CONTINUATION_PRACTICAL_TARGET,SOLUSDT,SHORT,2025-03-20T13:15:00Z,129.74,131.04701362698535,127.779479559522,FIXED_1_5R,1.9503699259124447,2.925554888868667,1.5,1.1149139296969282,"{""pivot_highs"": [[7486, 131.34], [7491, 130.98]], ""pivot_lows"": [[7483, 130.31], [7488, 130.06]], ""broken_support"": 130.06}",SL_BEFORE_TP,-1.2474099175160611,-1.2382347005196856
ET27-00364,MOMENTUM_BREAKDOWN_PULLBACK,BTCUSDT,SHORT,2025-03-20T15:45:00Z,84691.76,85332.44131564752,83730.7380265287,FIXED_1_5R,1.4660531858975563,2.1990797788463343,1.5,2.4903194461234603,"{""breakdown_time"": ""2025-03-20T15:30:00Z"", ""broken_support"": 85080.57, ""pullback_bars"": 1, ""breakdown_volume_ratio"": 3.0816839733809442}",TP_BEFORE_SL,0.8947290143353832,1.1827436370692839
ET27-00365,MOMENTUM_BREAKDOWN_PULLBACK,SOLUSDT,SHORT,2025-03-20T16:15:00Z,128.3,129.49464863253243,126.50802705120138,FIXED_1_5R,1.250410342777667,1.8756155141665005,1.5,1.202097022225144,"{""breakdown_time"": ""2025-03-20T15:30:00Z"", ""broken_support"": 129.67, ""pullback_bars"": 3, ""breakdown_volume_ratio"": 2.147557504128343}",TP_BEFORE_SL,1.1567053381127281,1.242250573419843
ET27-00366,MOMENTUM_BREAKDOWN_PULLBACK,ETHUSDT,SHORT,2025-03-20T16:30:00Z,1957.11,1966.843698385041,1942.5094524224382,FIXED_1_5R,0.8628538078440089,1.2942807117660031,1.4999999999999882,1.375432733940889,"{""breakdown_time"": ""2025-03-20T16:15:00Z"", ""broken_support"": 1965.85, ""pullback_bars"": 1, ""breakdown_volume_ratio"": 1.7095477418995773}",SL_BEFORE_TP,-0.7373506029319343,-1.4825569700432142
ET27-00367,MOMENTUM_BREAKDOWN_PULLBACK,BTCUSDT,SHORT,2025-03-21T06:15:00Z,84214.69,84282.61546392507,84112.80180411239,FIXED_1_5R,0.36624964091730267,0.5493744613759932,1.500000000000107,3.256227933210599,"{""breakdown_time"": ""2025-03-21T06:00:00Z"", ""broken_support"": 84270.25, ""pullback_bars"": 1, ""breakdown_volume_ratio"": 1.9036113349245947}",AMBIGUOUS_INTRACANDLE,,
ET27-00368,TRAP_REVERSAL,ETHUSDT,LONG,2025-03-21T08:30:00Z,1968.49,1963.4962650214438,1973.755,FALSE_BREAKDOWN_TO_MIDLINE,0.738911315707241,0.7790497681403806,1.0543210688209876,1.2225753141197366,"{""lower"": 1966.95, ""upper"": 1980.56, ""midline"": 1973.755, ""width_atr"": 2.0138399514511494, ""high_touches"": 4, ""low_touches"": 2, ""adx14"": 23.53163837373281}",TP_BEFORE_SL,0.027463893644372073,0.10826045080918756
ET27-00369,TRAP_REVERSAL,SOLUSDT,SHORT,2025-03-21T09:15:00Z,128.78,129.18017101734998,128.1875,FALSE_BREAKOUT_TO_MIDLINE,0.7487201059262526,1.1085676961291113,1.4806169720227909,1.5229930773775864,"{""lower"": 127.575, ""upper"": 128.8, ""midline"": 128.1875, ""width_atr"": 2.2919754054990182, ""high_touches"": 4, ""low_touches"": 4, ""adx14"": 10.475152258885553}",TP_BEFORE_SL,0.22008697002640254,0.7082671850573443
ET27-00370,SHORT_CONTINUATION_PRACTICAL_TARGET,ETHUSDT,SHORT,2025-03-21T10:15:00Z,1962.11,1980.3731702309376,1925.5836595381245,FIXED_2R_STRONG_MOMENTUM,2.56084304120879,5.12168608241758,2.0,2.2064586765251226,"{""pivot_highs"": [[7568, 1982.33], [7573, 1979.66]], ""pivot_lows"": [[7565, 1966.52], [7570, 1964.51]], ""broken_support"": 1964.51}",SL_BEFORE_TP,-1.1707923730544008,-1.2578448287156012
ET27-00371,MOMENTUM_BREAKDOWN_PULLBACK,BTCUSDT,SHORT,2025-03-21T12:45:00Z,83467.98,83937.35443226392,82763.91835160411,FIXED_1_5R,1.918134543363648,2.877201815045472,1.5,3.7362029462585413,"{""breakdown_time"": ""2025-03-21T12:30:00Z"", ""broken_support"": 83941.92, ""pullback_bars"": 1, ""breakdown_volume_ratio"": 2.216729347369221}",SL_BEFORE_TP,-0.8023407110893602,-1.4267875244797315
ET27-00372,TRAP_REVERSAL,ETHUSDT,SHORT,2025-03-22T00:30:00Z,1976.76,1980.6851424015556,1970.285,FALSE_BREAKOUT_TO_MIDLINE,0.6651713432760482,1.0972810683264425,1.6496216793137877,1.5865968336299177,"{""lower"": 1963.48, ""upper"": 1977.0900000000001, ""midline"": 1970.285, ""width_atr"": 2.3064085467062907, ""high_touches"": 3, ""low_touches"": 2, ""adx14"": 16.420214718044626}",SL_BEFORE_TP,-0.438564438857302,-2.2086756389067004
ET27-00373,TRAP_REVERSAL,BTCUSDT,SHORT,2025-03-22T09:15:00Z,84345.09,84419.55009497369,84261.1425,FALSE_BREAKOUT_TO_MIDLINE,0.8046785174904084,0.907207409161758,1.1274159672997255,1.2475061682561164,"{""lower"": 84131.10500000001, ""upper"": 84391.18, ""midline"": 84261.1425, ""width_atr"": 2.810589558208917, ""high_touches"": 2, ""low_touches"": 3, ""adx14"": 13.786262036531001}",SL_BEFORE_TP,-0.3282802958342831,-3.7186134542471425
ET27-00374,SHORT_CONTINUATION_PRACTICAL_TARGET,BTCUSDT,SHORT,2025-03-22T14:45:00Z,84007.23,84212.29508789738,83597.09982420523,FIXED_2R_STRONG_MOMENTUM,2.3830679052090944,4.766135810418189,2.0,2.0378100527309035,"{""pivot_highs"": [[7681, 84296.39], [7689, 84203.69]], ""pivot_lows"": [[7682, 84176.49], [7685, 84040.99]], ""broken_support"": 84040.99}",SL_BEFORE_TP,-0.48410409425162915,-1.9831871142341488
ET27-00375,SHORT_CONTINUATION_PRACTICAL_TARGET,ETHUSDT,SHORT,2025-03-22T23:00:00Z,1978.84,1990.6218935531138,1955.2762128937723,FIXED_2R_STRONG_MOMENTUM,2.39521202880893,4.79042405761786,2.0,2.55780973224383,"{""pivot_highs"": [[7712, 2004.3], [7721, 1990.13]], ""pivot_lows"": [[7711, 1993.26], [7719, 1984.0]], ""broken_support"": 1984.0}",SL_BEFORE_TP,-0.8353939456001411,-1.403094458338985
ET27-00376,RANGE_BOUNDARY_REJECTION,ETHUSDT,LONG,2025-03-23T15:30:00Z,2006.64,2002.7719127221183,2011.93,CONFIRMED_RANGE_MIDLINE,0.6496712091325157,0.8884909903565955,1.367600992420409,0.9125260250154874,"{""lower"": 2003.665, ""upper"": 2020.1950000000002, ""midline"": 2011.93, ""width_atr"": 2.7763243989782236, ""high_touches"": 4, ""low_touches"": 3, ""adx14"": 21.448875777814315}",SL_BEFORE_TP,-0.43276438613213336,-2.2450432614429525
ET27-00377,SHORT_CONTINUATION_PRACTICAL_TARGET,ETHUSDT,SHORT,2025-03-23T17:30:00Z,1990.15,2008.8486065958007,1952.752786808399,FIXED_2R_STRONG_MOMENTUM,3.022697579161989,6.045395158323978,2.0,1.6818350490721674,"{""pivot_highs"": [[7784, 2020.2], [7789, 2012.0]], ""pivot_lows"": [[7787, 2002.52], [7794, 1996.23]], ""broken_support"": 1996.23}",SL_BEFORE_TP,-1.179557651222299,-1.2554393545598577
ET27-00378,TRAP_REVERSAL,ETHUSDT,SHORT,2025-03-24T04:00:00Z,2017.88,2023.713578256,1999.2775000000001,FALSE_BREAKOUT_TO_MIDLINE,0.692506961278386,2.2083119796896113,3.1888661098987505,1.9300896234937763,"{""lower"": 1979.22, ""upper"": 2019.335, ""midline"": 1999.2775000000001, ""width_atr"": 4.762071499274235, ""high_touches"": 2, ""low_touches"": 2, ""adx14"": 22.030477481102114}",SL_BEFORE_TP,-0.5290944087854472,-1.8301786292176863
ET27-00379,SHORT_CONTINUATION_PRACTICAL_TARGET,SOLUSDT,SHORT,2025-03-25T02:00:00Z,139.55,142.36470339000476,133.9205932199905,FIXED_2R_STRONG_MOMENTUM,3.7678389023915346,7.535677804783069,2.0,1.6321207800222877,"{""pivot_highs"": [[7909, 142.63], [7923, 142.29]], ""pivot_lows"": [[7908, 141.52], [7916, 139.64]], ""broken_support"": 139.64}",SL_BEFORE_TP,-2.256985589397887,-1.1189894470548225
ET27-00380,SHORT_CONTINUATION_PRACTICAL_TARGET,BTCUSDT,SHORT,2025-03-25T03:30:00Z,86485.97,87103.9646857632,85249.9806284736,FIXED_2R_STRONG_MOMENTUM,2.3710037841147993,4.742007568229599,2.0,1.719539747973703,"{""pivot_highs"": [[7910, 88274.0], [7923, 87679.25]], ""pivot_lows"": [[7917, 87050.6], [7926, 86813.16]], ""broken_support"": 86813.16}",SL_BEFORE_TP,-0.9545606226804211,-1.3358707328424075
ET27-00381,SHORT_CONTINUATION_PRACTICAL_TARGET,ETHUSDT,SHORT,2025-03-25T03:30:00Z,2045.78,2070.795029089948,1995.749941820104,FIXED_2R_STRONG_MOMENTUM,2.995707501820454,5.991415003640908,2.0,1.790133575577899,"{""pivot_highs"": [[7921, 2097.7], [7929, 2069.96]], ""pivot_lows"": [[7917, 2068.33], [7926, 2056.09]], ""broken_support"": 2056.09}",SL_BEFORE_TP,-1.4627624226431009,-1.1962768854813353
ET27-00382,TRAP_REVERSAL,ETHUSDT,SHORT,2025-03-25T14:45:00Z,2076.39,2081.162214531294,2066.1325,FALSE_BREAKOUT_TO_MIDLINE,0.5539576922860785,1.1906885139724372,2.1494213918371474,1.2418823826310108,"{""lower"": 2054.385, ""upper"": 2077.88, ""midline"": 2066.1325, ""width_atr"": 2.7272948219140214, ""high_touches"": 2, ""low_touches"": 3, ""adx14"": 15.772382890041197}",TP_BEFORE_SL,0.25400642461193274,1.1051816646996904
ET27-00383,RANGE_BOUNDARY_REJECTION,ETHUSDT,SHORT,2025-03-25T15:00:00Z,2075.23,2081.4743777790586,2067.2925,CONFIRMED_RANGE_MIDLINE,0.7349913677486412,0.934279473139816,1.2711434639043668,1.2726499984268118,"{""lower"": 2054.385, ""upper"": 2080.2, ""midline"": 2067.2925, ""width_atr"": 3.038541681776879, ""high_touches"": 2, ""low_touches"": 3, ""adx14"": 16.66492521156127}",TP_BEFORE_SL,0.14248772425225154,0.47353765332977515
ET27-00384,MOMENTUM_BREAKDOWN_PULLBACK,ETHUSDT,SHORT,2025-03-26T02:45:00Z,2048.5,2063.882653406085,2025.4260198908726,FIXED_1_5R,1.958215391589795,2.9373230873846925,1.5,2.5272221778851867,"{""breakdown_time"": ""2025-03-26T02:00:00Z"", ""broken_support"": 2066.5, ""pullback_bars"": 3, ""breakdown_volume_ratio"": 1.971152720811144}",SL_BEFORE_TP,-0.9909227925840838,-1.3196067590039575
ET27-00385,MOMENTUM_BREAKDOWN_PULLBACK,BTCUSDT,SHORT,2025-03-26T14:15:00Z,86699.51,87332.22199134009,85750.44201298985,FIXED_1_5R,1.9890353187068968,2.983552978060345,1.5,2.430786505151999,"{""breakdown_time"": ""2025-03-26T13:45:00Z"", ""broken_support"": 87586.72, ""pullback_bars"": 2, ""breakdown_volume_ratio"": 3.6805293391444125}",SL_BEFORE_TP,-0.9697757407626602,-1.3288681530427215
ET27-00386,MOMENTUM_BREAKDOWN_PULLBACK,SOLUSDT,SHORT,2025-03-26T14:15:00Z,139.92,142.16626726132904,136.5505991080064,FIXED_1_5R,2.13477403819698,3.2021610572954837,1.5000000000000062,4.620296888733344,"{""breakdown_time"": ""2025-03-26T13:45:00Z"", ""broken_support"": 143.64, ""pullback_bars"": 2, ""breakdown_volume_ratio"": 4.986516655193213}",TP_BEFORE_SL,2.1680909748381882,1.350503986866951
ET27-00387,SHORT_CONTINUATION_PRACTICAL_TARGET,SOLUSDT,SHORT,2025-03-26T14:15:00Z,139.92,145.0452227177742,129.66955456445154,FIXED_2R_STRONG_MOMENTUM,4.870832864032477,9.741665728064953,2.0,4.620296888733344,"{""pivot_highs"": [[8062, 145.49], [8067, 145.07]], ""pivot_lows"": [[8055, 143.77], [8065, 143.64]], ""broken_support"": 143.64}",NEITHER_EXPIRED,1.2608576329331007,0.34421762665684635
ET27-00388,SHORT_CONTINUATION_PRACTICAL_TARGET,BTCUSDT,SHORT,2025-03-26T14:30:00Z,86570.44,87951.84513615603,84498.33229576595,FIXED_1_5R,4.348809113774754,6.5232136706621535,1.5000000000000053,1.4695279781613118,"{""pivot_highs"": [[8058, 88259.81], [8071, 87920.08]], ""pivot_lows"": [[8053, 87837.49], [8066, 87586.72]], ""broken_support"": 87586.72}",NEITHER_EXPIRED,-0.8005608565695159,-0.5016986240028866
ET27-00389,SHORT_CONTINUATION_PRACTICAL_TARGET,BTCUSDT,SHORT,2025-03-26T18:45:00Z,86198.53,86860.32903703924,85205.83144444114,FIXED_1_5R,2.173464586700987,3.260196880051504,1.500000000000011,1.1668620935768617,"{""pivot_highs"": [[8082, 87058.4], [8086, 86829.88]], ""pivot_lows"": [[8080, 86580.0], [8083, 86391.3]], ""broken_support"": 86391.3}",SL_BEFORE_TP,-1.007761395744494,-1.3125971184931398
ET27-00390,MOMENTUM_BREAKDOWN_PULLBACK,ETHUSDT,SHORT,2025-03-26T19:00:00Z,1984.89,1999.4855788453028,1962.996631732046,FIXED_1_5R,1.5423583035919035,2.313537455387867,1.5000000000000078,1.3574721032671546,"{""breakdown_time"": ""2025-03-26T18:45:00Z"", ""broken_support"": 2002.25, ""pullback_bars"": 1, ""breakdown_volume_ratio"": 1.5530028853372242}",SL_BEFORE_TP,-0.975334393608851,-1.326382122318712
ET27-00391,SHORT_CONTINUATION_PRACTICAL_TARGET,ETHUSDT,SHORT,2025-03-26T19:00:00Z,1984.89,2014.746315704419,1925.1773685911623,FIXED_2R_STRONG_MOMENTUM,3.1550058363181486,6.310011672636297,2.0,1.3574721032671546,"{""pivot_highs"": [[8082, 2022.13], [8090, 2013.8]], ""pivot_lows"": [[8080, 2007.24], [8088, 2002.25]], ""broken_support"": 2002.25}",SL_BEFORE_TP,-1.744179864094175,-1.1595553867785149
ET27-00392,SHORT_CONTINUATION_PRACTICAL_TARGET,SOLUSDT,SHORT,2025-03-26T19:00:00Z,136.45,138.8194060737978,132.89589088930325,FIXED_1_5R,2.6501623135313306,3.975243470297012,1.500000000000006,1.227822072877011,"{""pivot_highs"": [[8082, 140.21], [8090, 138.73]], ""pivot_lows"": [[8080, 138.94], [8088, 137.68]], ""broken_support"": 137.68}",SL_BEFORE_TP,-1.976464693146075,-1.138211851324875
ET27-00393,RANGE_BOUNDARY_REJECTION,SOLUSDT,LONG,2025-03-27T06:00:00Z,138.9,138.34241361327062,139.4725,CONFIRMED_RANGE_MIDLINE,0.8570658348213226,0.879989544424332,1.02674673131474,1.0277419878061813,"{""lower"": 138.8, ""upper"": 140.14499999999998, ""midline"": 139.4725, ""width_atr"": 2.067399017031824, ""high_touches"": 2, ""low_touches"": 2, ""adx14"": 17.470942602495487}",SL_BEFORE_TP,-0.6414300840384328,-1.5978625158970954
ET27-00394,TRAP_REVERSAL,SOLUSDT,LONG,2025-03-27T06:00:00Z,138.9,138.34241361327062,139.4725,FALSE_BREAKDOWN_TO_MIDLINE,0.8570658348213226,0.879989544424332,1.02674673131474,1.0277419878061813,"{""lower"": 138.8, ""upper"": 140.14499999999998, ""midline"": 139.4725, ""width_atr"": 2.067399017031824, ""high_touches"": 2, ""low_touches"": 2, ""adx14"": 17.470942602495487}",SL_BEFORE_TP,-0.6414300840384328,-1.5978625158970954
ET27-00395,MOMENTUM_BREAKDOWN_PULLBACK,BTCUSDT,SHORT,2025-03-27T11:30:00Z,86904.37,87337.57828459179,86254.55757311231,FIXED_1_5R,2.4419531750845516,3.6629297626268276,1.5,1.3115059300296557,"{""breakdown_time"": ""2025-03-27T10:45:00Z"", ""broken_support"": 87385.85, ""pullback_bars"": 3, ""breakdown_volume_ratio"": 2.125485048765395}",TP_BEFORE_SL,0.5077327398929254,1.0185445536976867
ET27-00396,SHORT_CONTINUATION_PRACTICAL_TARGET,BTCUSDT,SHORT,2025-03-27T13:00:00Z,86645.74,87129.49145488848,85920.11281766728,FIXED_1_5R,2.4946630238453475,3.741994535768059,1.500000000000015,1.1580125199863827,"{""pivot_highs"": [[8152, 87597.6], [8162, 87110.1]], ""pivot_lows"": [[8151, 87385.85], [8160, 86776.04]], ""broken_support"": 86776.04}",TP_BEFORE_SL,0.5974643488909277,1.0701309548558733
ET27-00397,SHORT_CONTINUATION_PRACTICAL_TARGET,ETHUSDT,SHORT,2025-03-27T13:30:00Z,1991.51,2025.973016628184,1922.583966743632,FIXED_2R_STRONG_MOMENTUM,4.34581261014735,8.6916252202947,2.0,3.630486752311291,"{""pivot_highs"": [[8152, 2035.92], [8162, 2025.18]], ""pivot_lows"": [[8148, 2019.81], [8159, 2012.21]], ""broken_support"": 2012.21}",SL_BEFORE_TP,-1.9704967902839579,-1.1386884976311444
ET27-00398,SHORT_CONTINUATION_PRACTICAL_TARGET,SOLUSDT,SHORT,2025-03-27T13:30:00Z,136.16,138.38279811394642,131.71440377210715,FIXED_2R_STRONG_MOMENTUM,2.6845999359174595,5.369199871834919,2.0,2.934282481177061,"{""pivot_highs"": [[8154, 138.85], [8162, 138.3]], ""pivot_lows"": [[8155, 137.36], [8160, 136.9]], ""broken_support"": 136.9}",SL_BEFORE_TP,-1.8724898016645308,-1.1470147009526734
ET27-00399,TRAP_REVERSAL,SOLUSDT,LONG,2025-03-28T01:15:00Z,137.88,137.08433189315215,138.73499999999999,FALSE_BREAKDOWN_TO_MIDLINE,1.2475444530012159,1.3405721533086483,1.074568645697262,1.9635380477488142,"{""lower"": 137.76999999999998, ""upper"": 139.7, ""midline"": 138.73499999999999, ""width_atr"": 3.0260868489891597, ""high_touches"": 2, ""low_touches"": 2, ""adx14"": 21.52092436594727}",TP_BEFORE_SL,0.38010443864229027,0.6586766460657104
ET27-00400,MOMENTUM_BREAKDOWN_PULLBACK,BTCUSDT,SHORT,2025-03-28T03:00:00Z,86867.93,87194.65836540751,86377.83745188871,FIXED_1_5R,1.5709123257364703,2.3563684886047405,1.5000000000000222,2.0712237412323273,"{""breakdown_time"": ""2025-03-28T02:30:00Z"", ""broken_support"": 87116.0, ""pullback_bars"": 2, ""breakdown_volume_ratio"": 1.3430248764062855}",TP_BEFORE_SL,0.32418122097680824,0.8619071556889142
ET27-00401,SHORT_CONTINUATION_PRACTICAL_TARGET,SOLUSDT,SHORT,2025-03-28T04:30:00Z,134.59,137.43643519828404,128.89712960343192,FIXED_2R_STRONG_MOMENTUM,3.293143597507715,6.58628719501543,2.0,4.052899194394475,"{""pivot_highs"": [[8198, 139.95], [8224, 137.35]], ""pivot_lows"": [[8210, 136.72], [8221, 135.9]], ""broken_support"": 135.9}",TP_BEFORE_SL,3.9897870544379828,1.8865191098695209
ET27-00402,SHORT_CONTINUATION_PRACTICAL_TARGET,BTCUSDT,SHORT,2025-03-28T06:45:00Z,85719.27,86274.65644155575,84886.19033766638,FIXED_1_5R,2.2525003873729386,3.378750581059408,1.5,1.9125875389001645,"{""pivot_highs"": [[8214, 87515.67], [8232, 86250.0]], ""pivot_lows"": [[8213, 87116.0], [8231, 85827.97]], ""broken_support"": 85827.97}",TP_BEFORE_SL,0.7318697584961013,1.1295799958246728
ET27-00403,SHORT_CONTINUATION_PRACTICAL_TARGET,SOLUSDT,SHORT,2025-03-28T07:30:00Z,131.95,134.65858062208514,126.53283875582969,FIXED_2R_STRONG_MOMENTUM,3.0577575075972,6.1155150151944,2.0,2.6681771085361947,"{""pivot_highs"": [[8224, 137.35], [8234, 134.57]], ""pivot_lows"": [[8228, 133.36], [8232, 133.19]], ""broken_support"": 133.19}",TP_BEFORE_SL,3.8654651338918544,1.8830826753252743
ET27-00404,SHORT_CONTINUATION_PRACTICAL_TARGET,ETHUSDT,SHORT,2025-03-28T15:45:00Z,1872.13,1895.604535112576,1836.918197331136,FIXED_1_5R,2.033245663719836,3.0498684955797635,1.5000000000000049,1.1121731432005386,"{""pivot_highs"": [[8262, 1902.26], [8267, 1894.45]], ""pivot_lows"": [[8260, 1880.45], [8264, 1876.34]], ""broken_support"": 1876.34}",SL_BEFORE_TP,-1.4938945005195126,-1.191403662669039
ET27-00405,MOMENTUM_BREAKDOWN_PULLBACK,SOLUSDT,SHORT,2025-03-29T02:30:00Z,128.48,129.2686006202749,127.29709906958763,FIXED_1_5R,1.379463830702746,2.069195746054119,1.5,0.9588002893126418,"{""breakdown_time"": ""2025-03-29T02:15:00Z"", ""broken_support"": 129.12, ""pullback_bars"": 1, ""breakdown_volume_ratio"": 1.2250732390917256}",TP_BEFORE_SL,0.6806887690009019,1.108988387692989
ET27-00406,SHORT_CONTINUATION_PRACTICAL_TARGET,ETHUSDT,SHORT,2025-03-29T06:00:00Z,1879.38,1896.478575092392,1853.7321373614122,FIXED_1_5R,2.447635949034617,3.6714539235519257,1.5,1.0355617075472638,"{""pivot_highs"": [[8310, 1913.6], [8319, 1905.95]], ""pivot_lows"": [[8308, 1901.65], [8316, 1886.27]], ""broken_support"": 1886.27}",TP_BEFORE_SL,1.1246980726935407,1.2362053869619245
ET27-00407,SHORT_CONTINUATION_PRACTICAL_TARGET,ETHUSDT,SHORT,2025-03-29T09:30:00Z,1866.24,1888.0031077135259,1822.7137845729483,FIXED_2R_STRONG_MOMENTUM,3.0096633331997973,6.019326666399595,2.0,2.3702487750235113,"{""pivot_highs"": [[8319, 1905.95], [8340, 1887.28]], ""pivot_lows"": [[8332, 1877.22], [8335, 1875.41]], ""broken_support"": 1875.41}",TP_BEFORE_SL,2.0922946366518635,1.7941940986113718
ET27-00408,MOMENTUM_BREAKDOWN_PULLBACK,BTCUSDT,SHORT,2025-03-29T11:15:00Z,82501.49,83138.18611350266,81546.44582974602,FIXED_1_5R,2.537807931055789,3.806711896583712,1.5000000000000113,5.446950775276898,"{""breakdown_time"": ""2025-03-29T10:45:00Z"", ""broken_support"": 83266.65, ""pullback_bars"": 2, ""breakdown_volume_ratio"": 3.4518991556847767}",SL_BEFORE_TP,-1.0117389267789592,-1.310985997559691
ET27-00409,MOMENTUM_BREAKDOWN_PULLBACK,SOLUSDT,SHORT,2025-03-29T11:30:00Z,124.6,125.23577016235072,123.64634475647391,FIXED_1_5R,0.8894983685600687,1.334247552840103,1.5,2.4938421366326495,"{""breakdown_time"": ""2025-03-29T11:15:00Z"", ""broken_support"": 125.57, ""pullback_bars"": 1, ""breakdown_volume_ratio"": 3.525417064046809}",SL_BEFORE_TP,-0.7502489264452038,-1.4703586574341845
ET27-00410,SHORT_CONTINUATION_PRACTICAL_TARGET,BTCUSDT,SHORT,2025-03-29T16:45:00Z,82198.43,82705.42949728265,81437.93075407602,FIXED_1_5R,2.3418534419681944,3.512780162952258,1.4999999999999856,2.0223432568954838,"{""pivot_highs"": [[8360, 82882.01], [8368, 82683.78]], ""pivot_lows"": [[8361, 82459.0], [8367, 82383.2]], ""broken_support"": 82383.2}",SL_BEFORE_TP,-0.8567994903097949,-1.3891053799014281
ET27-00411,SHORT_CONTINUATION_PRACTICAL_TARGET,ETHUSDT,SHORT,2025-03-29T17:00:00Z,1816.78,1849.0705098337323,1768.3442352494014,FIXED_1_5R,3.3971778815725053,5.095766822358758,1.5,1.2349953470894834,"{""pivot_highs"": [[8357, 1863.75], [8368, 1848.12]], ""pivot_lows"": [[8355, 1848.5], [8366, 1833.84]], ""broken_support"": 1833.84}",NEITHER_EXPIRED,0.6704019198802258,0.3771921862712859
ET27-00412,MOMENTUM_BREAKDOWN_PULLBACK,SOLUSDT,SHORT,2025-03-29T17:00:00Z,124.67,125.37761650162278,123.60857524756582,FIXED_1_5R,1.0940196790550005,1.6410295185825117,1.50000000000001,3.515629795615711,"{""breakdown_time"": ""2025-03-29T16:45:00Z"", ""broken_support"": 125.72, ""pullback_bars"": 1, ""breakdown_volume_ratio"": 2.6387450710227434}",SL_BEFORE_TP,-0.8075916432363683,-1.4228392064258322
ET27-00413,MOMENTUM_BREAKDOWN_PULLBACK,SOLUSDT,SHORT,2025-03-30T12:00:00Z,124.95,125.36283417808953,124.33074873286571,FIXED_1_5R,0.7884260266786478,1.1826390400179716,1.5,1.0046540096496532,"{""breakdown_time"": ""2025-03-30T11:15:00Z"", ""broken_support"": 125.58, ""pullback_bars"": 3, ""breakdown_volume_ratio"": 1.2328154595834084}",SL_BEFORE_TP,-0.5703995022725294,-1.7263933460833014
ET27-00414,SHORT_CONTINUATION_PRACTICAL_TARGET,BTCUSDT,SHORT,2025-03-30T13:45:00Z,82678.42,83287.73571189528,81459.78857620944,FIXED_2R_STRONG_MOMENTUM,3.0952180705321286,6.190436141064257,2.0,1.5193851036756159,"{""pivot_highs"": [[8450, 83268.05], [8453, 83155.17]], ""pivot_lows"": [[8437, 83255.83], [8445, 82975.36]], ""broken_support"": 82975.36}",TP_BEFORE_SL,1.233941354697587,1.6743425384801127
ET27-00415,SHORT_CONTINUATION_PRACTICAL_TARGET,SOLUSDT,SHORT,2025-03-30T13:45:00Z,123.44,125.49006919425011,119.33986161149977,FIXED_2R_STRONG_MOMENTUM,3.4128461682282527,6.825692336456505,2.0,1.8091866103314345,"{""pivot_highs"": [[8445, 125.9], [8450, 125.43]], ""pivot_lows"": [[8437, 125.58], [8446, 124.66]], ""broken_support"": 124.66}",SL_BEFORE_TP,-1.9007819136828528,-1.1445102442546415
ET27-00416,MOMENTUM_BREAKDOWN_PULLBACK,BTCUSDT,SHORT,2025-03-30T14:00:00Z,82673.46,82991.59353611186,82196.25969583222,FIXED_1_5R,1.6167008682036865,2.42505130230553,1.5,1.1752809574250782,"{""breakdown_time"": ""2025-03-30T13:15:00Z"", ""broken_support"": 82975.36, ""pullback_bars"": 3, ""breakdown_volume_ratio"": 2.634129197136363}",SL_BEFORE_TP,-0.6248073325004837,-1.6236887390904857
ET27-00417,SHORT_CONTINUATION_PRACTICAL_TARGET,BTCUSDT,SHORT,2025-03-30T16:45:00Z,82284.01,82944.9867216353,80962.05655672938,FIXED_2R_STRONG_MOMENTUM,3.125669940874808,6.251339881749616,2.0,1.613647377976007,"{""pivot_highs"": [[8453, 83155.17], [8461, 83067.9]], ""pivot_lows"": [[8445, 82975.36], [8454, 82543.83]], ""broken_support"": 82543.83}",SL_BEFORE_TP,-1.0432869589550955,-1.298772434090289
ET27-00418,SHORT_CONTINUATION_PRACTICAL_TARGET,BTCUSDT,SHORT,2025-03-31T09:00:00Z,81586.62,82290.35276323267,80179.15447353464,FIXED_2R_STRONG_MOMENTUM,2.6443430811008097,5.2886861622016195,2.0,1.7461804421792908,"{""pivot_highs"": [[8524, 82303.58], [8530, 82263.74]], ""pivot_lows"": [[8522, 81919.38], [8527, 81730.74]], ""broken_support"": 81730.74}",SL_BEFORE_TP,-1.1025590363134028,-1.2782418244967504
ET27-00419,SHORT_CONTINUATION_PRACTICAL_TARGET,ETHUSDT,SHORT,2025-03-31T09:00:00Z,1787.6,1809.065326146557,1744.6693477068857,FIXED_2R_STRONG_MOMENTUM,2.200835712477168,4.401671424954336,2.0,2.5631036270414036,"{""pivot_highs"": [[8524, 1810.7], [8528, 1808.09]], ""pivot_lows"": [[8513, 1792.9], [8527, 1789.1]], ""broken_support"": 1789.1}",SL_BEFORE_TP,-1.4407902297246096,-1.1998683817197962
ET27-00420,MOMENTUM_BREAKDOWN_PULLBACK,BTCUSDT,SHORT,2025-03-31T09:15:00Z,81508.28,81767.05073617355,81120.12389573967,FIXED_1_5R,0.96855194380891,1.452827915713365,1.5,1.405291332560942,"{""breakdown_time"": ""2025-03-31T09:00:00Z"", ""broken_support"": 81730.74, ""pullback_bars"": 1, ""breakdown_volume_ratio"": 1.7461804421792908}",SL_BEFORE_TP,-0.5574778515428764,-1.7559582466419306
ET27-00421,MOMENTUM_BREAKDOWN_PULLBACK,ETHUSDT,SHORT,2025-03-31T09:30:00Z,1787.36,1794.8448374618458,1776.132743807231,FIXED_1_5R,0.7845484842654786,1.1768227263982178,1.5,1.4949368548278523,"{""breakdown_time"": ""2025-03-31T09:00:00Z"", ""broken_support"": 1789.1, ""pullback_bars"": 2, ""breakdown_volume_ratio"": 2.5631036270414036}",SL_BEFORE_TP,-0.6587649640724826,-1.5731138480784153
ET27-00422,MOMENTUM_BREAKDOWN_PULLBACK,SOLUSDT,SHORT,2025-03-31T09:30:00Z,123.99,124.78951667825724,122.79072498261412,FIXED_1_5R,0.9640796203311921,1.4461194304967881,1.5,1.5259165174759863,"{""breakdown_time"": ""2025-03-31T09:00:00Z"", ""broken_support"": 125.28, ""pullback_bars"": 2, ""breakdown_volume_ratio"": 1.8596929857545286}",SL_BEFORE_TP,-0.884823516620089,-1.372194862336885
ET27-00423,SHORT_CONTINUATION_PRACTICAL_TARGET,SOLUSDT,SHORT,2025-03-31T23:45:00Z,124.54,126.24772549767052,121.12454900465899,FIXED_2R_STRONG_MOMENTUM,2.521539975946574,5.043079951893148,2.0,3.5822068332606802,"{""pivot_highs"": [[8581, 126.27], [8589, 126.18]], ""pivot_lows"": [[8579, 125.3], [8585, 124.85]], ""broken_support"": 124.85}",SL_BEFORE_TP,-1.6112265116994613,-1.1750257874627514
ET27-00424,MOMENTUM_BREAKDOWN_PULLBACK,SOLUSDT,SHORT,2025-04-01T00:00:00Z,124.4,125.15240841168998,123.27138738246505,FIXED_1_5R,1.0956285596481687,1.6434428394722531,1.5,2.030731793197695,"{""breakdown_time"": ""2025-03-31T23:45:00Z"", ""broken_support"": 124.85, ""pullback_bars"": 1, ""breakdown_volume_ratio"": 3.5822068332606802}",SL_BEFORE_TP,-0.8448299129340595,-1.3968057711229067
ET27-00425,TRAP_REVERSAL,SOLUSDT,LONG,2025-04-01T06:00:00Z,125.86,125.51036675144971,126.215,FALSE_BREAKDOWN_TO_MIDLINE,0.6585815377031097,0.6686905403133531,1.0153496598849396,2.1055711303886335,"{""lower"": 125.68, ""upper"": 126.75, ""midline"": 126.215, ""width_atr"": 2.0154897975641552, ""high_touches"": 2, ""low_touches"": 2, ""adx14"": 15.768339595496958}",TP_BEFORE_SL,0.04205943111393928,0.15140436505823263
ET27-00426,SHORT_CONTINUATION_PRACTICAL_TARGET,SOLUSDT,SHORT,2025-04-02T02:00:00Z,124.37,126.86276616034245,119.38446767931512,FIXED_2R_STRONG_MOMENTUM,3.4257217209366537,6.8514434418733074,2.0,3.2710941022353723,"{""pivot_highs"": [[8686, 127.53], [8690, 126.96]], ""pivot_lows"": [[8684, 126.14], [8693, 125.4]], ""broken_support"": 125.4}",SL_BEFORE_TP,-2.2443146742320828,-1.1197416768362243
ET27-00427,SHORT_CONTINUATION_PRACTICAL_TARGET,BTCUSDT,SHORT,2025-04-02T05:15:00Z,84243.51,84747.63749545896,83487.31875681155,FIXED_1_5R,2.3759990731901395,3.563998609785209,1.5,1.0564084982028612,"{""pivot_highs"": [[8700, 84904.0], [8705, 84726.42]], ""pivot_lows"": [[8696, 84648.9], [8702, 84504.21]], ""broken_support"": 84504.21}",SL_BEFORE_TP,-0.838417012134182,-1.4010581168875347
ET27-00428,MOMENTUM_BREAKDOWN_PULLBACK,ETHUSDT,SHORT,2025-04-02T05:15:00Z,1856.7,1868.3607220922001,1839.2089168617,FIXED_1_5R,1.4718145949736834,2.207721892460525,1.5,3.1612799766047894,"{""breakdown_time"": ""2025-04-02T05:00:00Z"", ""broken_support"": 1875.52, ""pullback_bars"": 1, ""breakdown_volume_ratio"": 2.01265102456258}",SL_BEFORE_TP,-0.868034797877961,-1.382144430230499
ET27-00429,MOMENTUM_BREAKDOWN_PULLBACK,BTCUSDT,SHORT,2025-04-02T22:15:00Z,83477.92,83774.39656271198,83033.20515593202,FIXED_1_5R,0.39734814971490134,0.5960222245723618,1.5000000000000246,1.0296624914572383,"{""breakdown_time"": ""2025-04-02T22:00:00Z"", ""broken_support"": 84207.26, ""pullback_bars"": 1, ""breakdown_volume_ratio"": 1.4490000200475708}",TP_BEFORE_SL,0.29273349895154777,0.8242399798238804
ET27-00430,MOMENTUM_BREAKDOWN_PULLBACK,ETHUSDT,SHORT,2025-04-02T22:15:00Z,1824.79,1839.5637937667373,1802.629309349894,FIXED_1_5R,0.7052508743823691,1.0578763115735592,1.5000000000000078,1.3482370280663214,"{""breakdown_time"": ""2025-04-02T22:00:00Z"", ""broken_support"": 1855.0, ""pullback_bars"": 1, ""breakdown_volume_ratio"": 1.9655862871299672}",TP_BEFORE_SL,0.9744241611421622,1.2035632100225893
ET27-00431,MOMENTUM_BREAKDOWN_PULLBACK,SOLUSDT,SHORT,2025-04-02T22:15:00Z,121.29,122.6029867247416,119.32051991288762,FIXED_1_5R,0.7065820046084533,1.05987300691268,1.5,1.3117627301311152,"{""breakdown_time"": ""2025-04-02T22:00:00Z"", ""broken_support"": 124.61, ""pullback_bars"": 1, ""breakdown_volume_ratio"": 2.216697893034586}",TP_BEFORE_SL,1.3837777946346665,1.2782947881233984
ET27-00432,MOMENTUM_BREAKDOWN_PULLBACK,ETHUSDT,SHORT,2025-04-03T07:00:00Z,1813.08,1823.3711705902595,1797.6432441146108,FIXED_1_5R,1.0367452663201615,1.5551178994802308,1.499999999999989,1.268665016449102,"{""breakdown_time"": ""2025-04-03T06:45:00Z"", ""broken_support"": 1820.47, ""pullback_bars"": 1, ""breakdown_volume_ratio"": 1.2767397144700787}",SL_BEFORE_TP,-0.8076070879530702,-1.4228277008757917
ET27-00433,SHORT_CONTINUATION_PRACTICAL_TARGET,ETHUSDT,SHORT,2025-04-03T10:15:00Z,1800.46,1824.1731025595627,1753.0337948808747,FIXED_2R_STRONG_MOMENTUM,2.6257374988555693,5.251474997711139,2.0,2.0329757863401987,"{""pivot_highs"": [[8803, 1845.26], [8818, 1824.18]], ""pivot_lows"": [[8808, 1820.47], [8813, 1807.13]], ""broken_support"": 1807.13}",TP_BEFORE_SL,2.394116010304332,1.8177756795363984
ET27-00434,SHORT_CONTINUATION_PRACTICAL_TARGET,SOLUSDT,SHORT,2025-04-03T10:15:00Z,116.77,119.16517642596884,111.97964714806231,FIXED_2R_STRONG_MOMENTUM,2.812017995266981,5.624035990533962,2.0,1.798816400332788,"{""pivot_highs"": [[8802, 120.86], [8816, 119.22]], ""pivot_lows"": [[8802, 119.42], [8818, 118.04]], ""broken_support"": 118.04}",SL_BEFORE_TP,-2.2911915954173523,-1.117005159603907
ET27-00435,MOMENTUM_BREAKDOWN_PULLBACK,BTCUSDT,SHORT,2025-04-03T12:30:00Z,82188.01,82737.24431291348,81364.15853062976,FIXED_1_5R,1.9051720354860124,2.857758053229044,1.5000000000000133,2.420311778510182,"{""breakdown_time"": ""2025-04-03T12:15:00Z"", ""broken_support"": 83000.0, ""pullback_bars"": 1, ""breakdown_volume_ratio"": 1.277476262795235}",SL_BEFORE_TP,-0.9082657396297616,-1.3591385668416383
ET27-00436,SHORT_CONTINUATION_PRACTICAL_TARGET,ETHUSDT,SHORT,2025-04-03T12:30:00Z,1767.96,1803.8113581363991,1696.2572837272019,FIXED_2R_STRONG_MOMENTUM,3.113832004394877,6.227664008789754,2.0,5.282607771981801,"{""pivot_highs"": [[8818, 1824.18], [8832, 1800.52]], ""pivot_lows"": [[8813, 1807.13], [8828, 1787.23]], ""broken_support"": 1787.23}",SL_BEFORE_TP,-2.2678376284757054,-1.118352671155631
ET27-00437,MOMENTUM_BREAKDOWN_PULLBACK,SOLUSDT,SHORT,2025-04-03T12:30:00Z,113.98,115.54601213484574,111.63098179773141,FIXED_1_5R,1.6198431003047538,2.4297646504571233,1.4999999999999956,1.7004714494938546,"{""breakdown_time"": ""2025-04-03T12:15:00Z"", ""broken_support"": 115.11, ""pullback_bars"": 1, ""breakdown_volume_ratio"": 1.9284882817334146}",SL_BEFORE_TP,-1.613935896513191,-1.1746806387467406
ET27-00438,SHORT_CONTINUATION_PRACTICAL_TARGET,SOLUSDT,SHORT,2025-04-03T12:30:00Z,113.98,116.6666767790381,108.60664644192381,FIXED_2R_STRONG_MOMENTUM,2.7790300895098516,5.558060179019703,2.0,1.7004714494938546,"{""pivot_highs"": [[8802, 120.86], [8816, 119.22]], ""pivot_lows"": [[8818, 118.04], [8828, 115.11]], ""broken_support"": 115.11}",SL_BEFORE_TP,-2.5971475513582165,-1.101817979049173
ET27-00439,MOMENTUM_BREAKDOWN_PULLBACK,ETHUSDT,SHORT,2025-04-03T12:45:00Z,1759.65,1778.010084780559,1732.1098728291618,FIXED_1_5R,1.4589976682312675,2.1884965023468923,1.4999999999999938,5.049057098104486,"{""breakdown_time"": ""2025-04-03T12:30:00Z"", ""broken_support"": 1787.23, ""pullback_bars"": 1, ""breakdown_volume_ratio"": 5.282607771981801}",SL_BEFORE_TP,-1.283394128409568,-1.2300185456916735
ET27-00440,SHORT_CONTINUATION_PRACTICAL_TARGET,BTCUSDT,SHORT,2025-04-03T14:00:00Z,81788.37,82829.30958386348,79706.49083227303,FIXED_2R_STRONG_MOMENTUM,2.8248340272179373,5.649668054435875,2.0,2.2801164766790927,"{""pivot_highs"": [[8818, 83788.23], [8838, 82792.46]], ""pivot_lows"": [[8813, 83000.0], [8837, 81793.06]], ""broken_support"": 81793.06}",SL_BEFORE_TP,-1.5127232293093515,-1.1885720276593341
ET27-00441,MOMENTUM_BREAKDOWN_PULLBACK,BTCUSDT,SHORT,2025-04-05T11:45:00Z,83452.69,83529.05087241276,83338.14869138086,FIXED_1_5R,0.5460565138774209,0.8190847708161835,1.5000000000000953,1.2406726329394884,"{""breakdown_time"": ""2025-04-05T11:30:00Z"", ""broken_support"": 83579.27, ""pullback_bars"": 1, ""breakdown_volume_ratio"": 1.8682544968771309}",SL_BEFORE_TP,-0.33150199042446116,-3.6228937631485763
ET27-00442,MOMENTUM_BREAKDOWN_PULLBACK,SOLUSDT,SHORT,2025-04-05T12:30:00Z,119.21,120.00232554227111,118.02151168659333,FIXED_1_5R,1.5255232703622723,2.288284905543395,1.4999999999999911,2.457892741671273,"{""breakdown_time"": ""2025-04-05T12:15:00Z"", ""broken_support"": 119.86, ""pullback_bars"": 1, ""breakdown_volume_ratio"": 1.204916457726295}",TP_BEFORE_SL,0.7569703157509148,1.1389059991933101
ET27-00443,SHORT_CONTINUATION_PRACTICAL_TARGET,BTCUSDT,SHORT,2025-04-05T15:30:00Z,82394.0,83046.34479494345,81089.3104101131,FIXED_2R_STRONG_MOMENTUM,3.2064456621790587,6.412891324358117,2.0,2.039203189754263,"{""pivot_highs"": [[9025, 83550.68], [9035, 83026.0]], ""pivot_lows"": [[9019, 83579.27], [9031, 82519.37]], ""broken_support"": 82519.37}",SL_BEFORE_TP,-1.0317382272294688,-1.3031304940773576
ET27-00444,SHORT_CONTINUATION_PRACTICAL_TARGET,ETHUSDT,SHORT,2025-04-05T15:30:00Z,1779.02,1794.6888917358683,1747.6822165282633,FIXED_2R_STRONG_MOMENTUM,2.8035647568717006,5.607129513743401,2.0,2.1893283022035366,"{""pivot_highs"": [[9032, 1795.23], [9035, 1794.13]], ""pivot_lows"": [[9009, 1810.0], [9031, 1783.24]], ""broken_support"": 1783.24}",SL_BEFORE_TP,-1.1207597292817577,-1.2724920225357206
ET27-00445,TRAP_REVERSAL,SOLUSDT,SHORT,2025-04-05T23:00:00Z,119.37,119.68904404643357,119.0375,FALSE_BREAKOUT_TO_MIDLINE,0.6931315506122502,0.7223649623142978,1.0421758491244921,1.0499998110040973,"{""lower"": 118.555, ""upper"": 119.52, ""midline"": 119.0375, ""width_atr"": 2.0964877853632125, ""high_touches"": 2, ""low_touches"": 2, ""adx14"": 14.556828313424125}",SL_BEFORE_TP,-0.5072732231159931,-1.8979575177863708
ET27-00446,SHORT_CONTINUATION_PRACTICAL_TARGET,ETHUSDT,SHORT,2025-04-06T08:15:00Z,1786.31,1802.1483574784938,1754.6332850430122,FIXED_2R_STRONG_MOMENTUM,2.8365980735524277,5.673196147104855,2.0,2.4881097422146565,"{""pivot_highs"": [[9095, 1813.55], [9103, 1801.59]], ""pivot_lows"": [[9086, 1801.78], [9100, 1791.49]], ""broken_support"": 1791.49}",TP_BEFORE_SL,1.5333044632223847,1.7293189015451067
ET27-00447,SHORT_CONTINUATION_PRACTICAL_TARGET,SOLUSDT,SHORT,2025-04-06T08:15:00Z,118.72,119.56945338599189,117.44581992101216,FIXED_1_5R,1.7176849854753722,2.5765274782130585,1.5,1.5500511164935284,"{""pivot_highs"": [[9097, 120.6], [9103, 119.43]], ""pivot_lows"": [[9089, 119.43], [9102, 118.82]], ""broken_support"": 118.82}",SL_BEFORE_TP,-0.9555099275538184,-1.3354251153726278
ET27-00448,SHORT_CONTINUATION_PRACTICAL_TARGET,ETHUSDT,SHORT,2025-04-06T12:45:00Z,1777.98,1792.60798824908,1748.7240235018398,FIXED_2R_STRONG_MOMENTUM,2.82400001835066,5.64800003670132,2.0,2.426121282594659,"{""pivot_highs"": [[9115, 1792.28], [9120, 1792.09]], ""pivot_lows"": [[9113, 1785.1], [9117, 1783.75]], ""broken_support"": 1783.75}",TP_BEFORE_SL,1.4054615067751144,1.7082885269429755
ET27-00449,SHORT_CONTINUATION_PRACTICAL_TARGET,SOLUSDT,SHORT,2025-04-06T12:45:00Z,116.46,118.91917955573982,111.54164088852035,FIXED_2R_STRONG_MOMENTUM,4.155454573791641,8.310909147583281,2.0,3.6266363407331537,"{""pivot_highs"": [[9110, 120.18], [9120, 118.86]], ""pivot_lows"": [[9105, 118.5], [9117, 118.18]], ""broken_support"": 118.18}",TP_BEFORE_SL,3.983217509427825,1.8863425814729036
ET27-00450,MOMENTUM_BREAKDOWN_PULLBACK,ETHUSDT,SHORT,2025-04-06T13:15:00Z,1770.16,1781.6698755964974,1752.8951866052541,FIXED_1_5R,2.0618530945174296,3.092779641776145,1.5,3.557412029525464,"{""breakdown_time"": ""2025-04-06T12:45:00Z"", ""broken_support"": 1783.75, ""pullback_bars"": 2, ""breakdown_volume_ratio"": 2.426121282594659}",TP_BEFORE_SL,0.7353250211701734,1.1308922746921022
ET27-00451,MOMENTUM_BREAKDOWN_PULLBACK,BTCUSDT,SHORT,2025-04-06T13:30:00Z,82492.0,82662.59288908185,82236.11066637724,FIXED_1_5R,1.0379385395753946,1.5569078093630477,1.4999999999999574,2.5894557479259857,"{""breakdown_time"": ""2025-04-06T13:15:00Z"", ""broken_support"": 82642.39, ""pullback_bars"": 1, ""breakdown_volume_ratio"": 1.7303282535070383}",TP_BEFORE_SL,0.07019896913975043,0.3394545571883696
ET27-00452,SHORT_CONTINUATION_PRACTICAL_TARGET,BTCUSDT,SHORT,2025-04-06T16:30:00Z,82139.13,82737.48247996933,80942.42504006135,FIXED_2R_STRONG_MOMENTUM,2.772399097877705,5.54479819575541,2.0,1.3034265757939967,"{""pivot_highs"": [[9132, 82819.74], [9135, 82715.9]], ""pivot_lows"": [[9122, 82642.39], [9128, 82217.83]], ""broken_support"": 82217.83}",TP_BEFORE_SL,1.2169243184565648,1.6705388235207015
ET27-00453,MOMENTUM_BREAKDOWN_PULLBACK,BTCUSDT,SHORT,2025-04-06T16:45:00Z,81970.0,82239.29824910869,81566.05262633697,FIXED_1_5R,1.216789170129407,1.8251837551941104,1.5,3.3509853109241954,"{""breakdown_time"": ""2025-04-06T16:30:00Z"", ""broken_support"": 82217.83, ""pullback_bars"": 1, ""breakdown_volume_ratio"": 1.3034265757939967}",TP_BEFORE_SL,0.25279904070151477,0.7694790974277693
ET27-00454,SHORT_CONTINUATION_PRACTICAL_TARGET,SOLUSDT,SHORT,2025-04-07T00:30:00Z,103.73,106.67168161809414,99.31747757285879,FIXED_1_5R,2.076262014553946,3.1143930218309235,1.5000000000000024,1.2558965210509367,"{""pivot_highs"": [[9160, 108.29], [9167, 106.53]], ""pivot_lows"": [[9160, 106.07], [9165, 103.81]], ""broken_support"": 103.81}",SL_BEFORE_TP,-3.075902456467885,-1.0846291449314938
ET27-00455,SHORT_CONTINUATION_PRACTICAL_TARGET,BTCUSDT,SHORT,2025-04-07T06:15:00Z,75817.99,77561.83644687144,72330.29710625713,FIXED_2R_STRONG_MOMENTUM,2.820094839046445,5.64018967809289,2.0,3.4085460986564837,"{""pivot_highs"": [[9173, 79347.46], [9189, 77500.0]], ""pivot_lows"": [[9165, 77153.83], [9187, 76666.0]], ""broken_support"": 76666.0}",SL_BEFORE_TP,-2.540043099100144,-1.104345870776898
ET27-00456,MOMENTUM_BREAKDOWN_PULLBACK,BTCUSDT,SHORT,2025-04-07T06:30:00Z,75048.0,75962.0237265139,73676.96441022915,FIXED_1_5R,1.4338802955525543,2.1508204433288314,1.5,4.0357152365054665,"{""breakdown_time"": ""2025-04-07T06:15:00Z"", ""broken_support"": 76666.0, ""pullback_bars"": 1, ""breakdown_volume_ratio"": 3.4085460986564837}",SL_BEFORE_TP,-1.4579188339647964,-1.197057466644725
ET27-00457,MOMENTUM_BREAKDOWN_PULLBACK,ETHUSDT,SHORT,2025-04-07T06:30:00Z,1468.71,1513.2642340188063,1401.8786489717907,FIXED_1_5R,2.0067711937151347,3.0101567905727022,1.5,5.312668320816407,"{""breakdown_time"": ""2025-04-07T06:15:00Z"", ""broken_support"": 1520.78, ""pullback_bars"": 1, ""breakdown_volume_ratio"": 3.47852570209529}",SL_BEFORE_TP,-3.2735623791494755,-1.0791149051852658
ET27-00458,MOMENTUM_BREAKDOWN_PULLBACK,SOLUSDT,SHORT,2025-04-07T06:30:00Z,98.07,100.4008674426468,94.57369883602979,FIXED_1_5R,1.5464590477116347,2.3196885715674473,1.499999999999997,2.6702466580882707,"{""breakdown_time"": ""2025-04-07T06:15:00Z"", ""broken_support"": 101.76, ""pullback_bars"": 1, ""breakdown_volume_ratio"": 3.0326027082229463}",SL_BEFORE_TP,-2.61673849561212,-1.1009787153458752
ET27-00459,SHORT_CONTINUATION_PRACTICAL_TARGET,BTCUSDT,SHORT,2025-04-08T09:45:00Z,78900.0,79259.42523533154,78360.86214700268,FIXED_1_5R,1.1592404685471558,1.738860702820757,1.5000000000000202,1.1847542194016523,"{""pivot_highs"": [[9293, 79714.21], [9300, 79228.42]], ""pivot_lows"": [[9292, 79219.9], [9297, 78939.0]], ""broken_support"": 78939.0}",SL_BEFORE_TP,-0.6955452919284394,-1.5268411379777822
ET27-00460,TRAP_REVERSAL,SOLUSDT,LONG,2025-04-08T14:15:00Z,109.57,109.24109509346245,110.775,FALSE_BREAKDOWN_TO_MIDLINE,0.2757651365490914,1.010313263611123,3.663672922016624,1.1059406054542464,"{""lower"": 109.48, ""upper"": 112.07, ""midline"": 110.775, ""width_atr"": 2.1715446910811376, ""high_touches"": 3, ""low_touches"": 2, ""adx14"": 23.082394481397348}",SL_BEFORE_TP,-0.5401778831227025,-1.799525926105276
ET27-00461,SHORT_CONTINUATION_PRACTICAL_TARGET,ETHUSDT,SHORT,2025-04-08T14:30:00Z,1547.22,1588.0942629911165,1485.9086055133253,FIXED_1_5R,3.063433765551505,4.595150648327266,1.5000000000000029,1.6124266595079884,"{""pivot_highs"": [[9312, 1593.47], [9318, 1586.76]], ""pivot_lows"": [[9315, 1567.69], [9318, 1550.82]], ""broken_support"": 1550.82}",TP_BEFORE_SL,3.7226810981421368,1.4091524169914225
ET27-00462,MOMENTUM_BREAKDOWN_PULLBACK,ETHUSDT,SHORT,2025-04-08T14:45:00Z,1531.16,1551.8148359043869,1500.1777461434199,FIXED_1_5R,1.497780113397304,2.2466701700959564,1.5,1.5061624653965575,"{""breakdown_time"": ""2025-04-08T14:30:00Z"", ""broken_support"": 1550.82, ""pullback_bars"": 1, ""breakdown_volume_ratio"": 1.6124266595079884}",TP_BEFORE_SL,1.7834497933971758,1.3220860230015419
ET27-00463,MOMENTUM_BREAKDOWN_PULLBACK,BTCUSDT,SHORT,2025-04-08T15:00:00Z,78343.37,79306.81066081578,76898.20900877632,FIXED_1_5R,2.035056055284645,3.052584082926952,1.4999999999999925,1.7705087040641552,"{""breakdown_time"": ""2025-04-08T14:30:00Z"", ""broken_support"": 79381.02, ""pullback_bars"": 2, ""breakdown_volume_ratio"": 1.2675711165808479}",TP_BEFORE_SL,1.6046500210849683,1.3048410289837684
ET27-00464,SHORT_CONTINUATION_PRACTICAL_TARGET,BTCUSDT,SHORT,2025-04-08T16:30:00Z,77540.01,78726.91435465931,75166.20129068136,FIXED_2R_STRONG_MOMENTUM,2.494316384360668,4.988632768721336,2.0,1.3694816455396408,"{""pivot_highs"": [[9318, 80375.0], [9327, 78679.33]], ""pivot_lows"": [[9318, 79381.02], [9325, 78175.14]], ""broken_support"": 78175.14}",TP_BEFORE_SL,2.8213985080974755,1.8432089129427651
ET27-00465,SHORT_CONTINUATION_PRACTICAL_TARGET,ETHUSDT,SHORT,2025-04-08T16:45:00Z,1486.79,1540.2540658178964,1406.5939012731553,FIXED_1_5R,3.4851220328480546,5.227683049272082,1.5,1.6186794074149944,"{""pivot_highs"": [[9312, 1593.47], [9318, 1586.76]], ""pivot_lows"": [[9318, 1550.82], [9325, 1518.29]], ""broken_support"": 1518.29}",TP_BEFORE_SL,5.153908939853284,1.4332580501424275
ET27-00466,MOMENTUM_BREAKDOWN_PULLBACK,ETHUSDT,SHORT,2025-04-08T17:00:00Z,1473.21,1504.056730482799,1426.9399042758018,FIXED_1_5R,1.9312092603289837,2.896813890493468,1.4999999999999962,2.155094387529717,"{""breakdown_time"": ""2025-04-08T16:30:00Z"", ""broken_support"": 1518.29, ""pullback_bars"": 2, ""breakdown_volume_ratio"": 2.273953932903094}",TP_BEFORE_SL,2.900767149571222,1.3853783222837266
ET27-00467,SHORT_CONTINUATION_PRACTICAL_TARGET,BTCUSDT,SHORT,2025-04-09T01:00:00Z,75316.03,76917.32377455452,72113.44245089096,FIXED_2R_STRONG_MOMENTUM,3.265029637501783,6.530059275003566,2.0,3.1899327347003767,"{""pivot_highs"": [[9352, 77135.19], [9362, 76868.28]], ""pivot_lows"": [[9354, 76239.9], [9360, 75926.52]], ""broken_support"": 75926.52}",SL_BEFORE_TP,-2.3660995495308503,-1.1128827669677832
ET27-00468,MOMENTUM_BREAKDOWN_PULLBACK,BTCUSDT,SHORT,2025-04-09T01:15:00Z,74690.57,75581.58646307503,73354.04530538747,FIXED_1_5R,1.7146895493470353,2.5720343240205668,1.5000000000000082,5.226449916573433,"{""breakdown_time"": ""2025-04-09T01:00:00Z"", ""broken_support"": 75926.52, ""pullback_bars"": 1, ""breakdown_volume_ratio"": 3.1899327347003767}",SL_BEFORE_TP,-1.4329437184306162,-1.2011830032650102
ET27-00469,MOMENTUM_BREAKDOWN_PULLBACK,ETHUSDT,SHORT,2025-04-09T01:15:00Z,1397.85,1436.739022333895,1339.516466499157,FIXED_1_5R,2.151514351485362,3.2272715272280488,1.5000000000000029,6.059696004702795,"{""breakdown_time"": ""2025-04-09T01:00:00Z"", ""broken_support"": 1463.79, ""pullback_bars"": 1, ""breakdown_volume_ratio"": 4.658781837600921}",SL_BEFORE_TP,-3.0220597584787443,-1.0862670182653569
ET27-00470,MOMENTUM_BREAKDOWN_PULLBACK,SOLUSDT,SHORT,2025-04-09T01:15:00Z,101.33,103.3105072040977,98.35923919385344,FIXED_1_5R,1.6914496734734776,2.5371745102102166,1.5,3.2096288265022377,"{""breakdown_time"": ""2025-04-09T01:00:00Z"", ""broken_support"": 104.46, ""pullback_bars"": 1, ""breakdown_volume_ratio"": 2.0241437469145915}",SL_BEFORE_TP,-2.1945121919448387,-1.1227927873712509
ET27-00471,TRAP_REVERSAL,ETHUSDT,SHORT,2025-04-09T13:45:00Z,1487.53,1501.7095381805088,1466.955,FALSE_BREAKOUT_TO_MIDLINE,0.861266589787311,1.2497275905101455,1.4510345638959066,1.480495402295145,"{""lower"": 1442.635, ""upper"": 1491.275, ""midline"": 1466.955, ""width_atr"": 2.9543985420371066, ""high_touches"": 3, ""low_touches"": 2, ""adx14"": 19.066249007779167}",SL_BEFORE_TP,-1.1932270394888755,-1.2517763240630364
ET27-00472,RANGE_BOUNDARY_REJECTION,SOLUSDT,SHORT,2025-04-09T14:30:00Z,106.5,107.65210393564206,104.995,CONFIRMED_RANGE_MIDLINE,0.8995942210591613,1.1751451069729397,1.3063057537089904,0.8107948270574898,"{""lower"": 102.53, ""upper"": 107.46000000000001, ""midline"": 104.995, ""width_atr"": 3.849478656064198, ""high_touches"": 3, ""low_touches"": 3, ""adx14"": 24.76022973054928}",SL_BEFORE_TP,-1.3217877329972394,-1.2218549838192816
ET27-00473,SHORT_CONTINUATION_PRACTICAL_TARGET,ETHUSDT,SHORT,2025-04-10T15:00:00Z,1543.82,1586.1604152581285,1459.1391694837428,FIXED_2R_STRONG_MOMENTUM,2.59690990053212,5.19381980106424,2.0,1.6934027520248673,"{""pivot_highs"": [[9504, 1640.0], [9514, 1584.53]], ""pivot_lows"": [[9507, 1582.05], [9512, 1556.53]], ""broken_support"": 1556.53}",NEITHER_EXPIRED,-1.0989084219662908,-0.4006849695869005
ET27-00474,SHORT_CONTINUATION_PRACTICAL_TARGET,BTCUSDT,SHORT,2025-04-10T15:15:00Z,80232.01,81886.55992942149,77649.99,NEAREST_CONFIRMED_SUPPORT,3.678418242761524,5.740382506616709,1.560557317785373,1.801925075179023,"{""pivot_highs"": [[9509, 81948.0], [9514, 81841.58]], ""pivot_lows"": [[9507, 81459.48], [9512, 80634.26]], ""broken_support"": 80634.26}",SL_BEFORE_TP,-2.3022067544132288,-1.1163801832606686
ET27-00475,MOMENTUM_BREAKDOWN_PULLBACK,ETHUSDT,SHORT,2025-04-10T15:15:00Z,1527.27,1547.7338912876291,1496.5741630685561,FIXED_1_5R,1.2378031849972397,1.8567047774958665,1.5000000000000056,1.6875817118526228,"{""breakdown_time"": ""2025-04-10T15:00:00Z"", ""broken_support"": 1556.53, ""pullback_bars"": 1, ""breakdown_volume_ratio"": 1.6934027520248673}",TP_BEFORE_SL,1.7698500547672553,1.3208821602655931
ET27-00476,SHORT_CONTINUATION_PRACTICAL_TARGET,SOLUSDT,SHORT,2025-04-10T15:15:00Z,111.2,114.6844241814938,104.23115163701242,FIXED_2R_STRONG_MOMENTUM,3.336798174186192,6.673596348372384,2.0,1.8182473449088539,"{""pivot_highs"": [[9506, 115.76], [9514, 114.58]], ""pivot_lows"": [[9504, 113.34], [9511, 111.9]], ""broken_support"": 111.9}",SL_BEFORE_TP,-3.3734749833577276,-1.076592282138734
ET27-00477,MOMENTUM_BREAKDOWN_PULLBACK,BTCUSDT,SHORT,2025-04-10T15:30:00Z,79217.4,80337.75049278395,77536.87426082406,FIXED_1_5R,2.25005774630509,3.37508661945765,1.5000000000000064,2.9305441896502344,"{""breakdown_time"": ""2025-04-10T15:15:00Z"", ""broken_support"": 80634.26, ""pullback_bars"": 1, ""breakdown_volume_ratio"": 1.801925075179023}",SL_BEFORE_TP,-1.6542732439892665,-1.169698465993055
ET27-00478,MOMENTUM_BREAKDOWN_PULLBACK,SOLUSDT,SHORT,2025-04-10T15:30:00Z,109.94,111.49204408795023,107.61193386807464,FIXED_1_5R,1.410478071719737,2.1157171075796053,1.5,2.3656498040646885,"{""breakdown_time"": ""2025-04-10T15:15:00Z"", ""broken_support"": 111.9, ""pullback_bars"": 1, ""breakdown_volume_ratio"": 1.8182473449088539}",SL_BEFORE_TP,-1.6517191995181335,-1.1700054799013289
ET27-00479,SHORT_CONTINUATION_PRACTICAL_TARGET,BTCUSDT,SHORT,2025-04-11T00:45:00Z,79043.48,79781.76540807608,77566.90918384782,FIXED_2R_STRONG_MOMENTUM,2.336685781357979,4.673371562715958,2.0,3.8761324502449024,"{""pivot_highs"": [[9540, 80035.54], [9552, 79750.17]], ""pivot_lows"": [[9544, 79545.45], [9549, 79377.04]], ""broken_support"": 79377.04}",SL_BEFORE_TP,-1.174024423110025,-1.256952595737134
ET27-00480,SHORT_CONTINUATION_PRACTICAL_TARGET,ETHUSDT,SHORT,2025-04-11T00:45:00Z,1508.4,1530.3410277819607,1464.5179444360788,FIXED_2R_STRONG_MOMENTUM,2.0875782884661334,4.175156576932267,2.0,2.5791213055690165,"{""pivot_highs"": [[9545, 1532.81], [9553, 1529.29]], ""pivot_lows"": [[9544, 1520.89], [9549, 1514.48]], ""broken_support"": 1514.48}",SL_BEFORE_TP,-1.6945894843516742,-1.1649950055200422
ET27-00481,SHORT_CONTINUATION_PRACTICAL_TARGET,ETHUSDT,SHORT,2025-04-12T01:45:00Z,1554.68,1568.6986161360041,1533.6520757959938,FIXED_1_5R,2.0357664311137786,3.053649646670684,1.5000000000000082,1.3008077762005774,"{""pivot_highs"": [[9637, 1586.97], [9647, 1571.08]], ""pivot_lows"": [[9638, 1565.49], [9645, 1558.7]], ""broken_support"": 1558.7}",SL_BEFORE_TP,-1.1417042822962977,-1.266162648566791
ET27-00482,MOMENTUM_BREAKDOWN_PULLBACK,ETHUSDT,SHORT,2025-04-12T02:00:00Z,1549.29,1558.1535722658332,1535.9946416012501,FIXED_1_5R,1.2316614532240138,1.8474921798360207,1.5,2.221498390380533,"{""breakdown_time"": ""2025-04-12T01:45:00Z"", ""broken_support"": 1558.7, ""pullback_bars"": 1, ""breakdown_volume_ratio"": 1.3008077762005774}",SL_BEFORE_TP,-0.8121054331876684,-1.4195030951948198
ET27-00483,SHORT_CONTINUATION_PRACTICAL_TARGET,ETHUSDT,SHORT,2025-04-13T05:00:00Z,1598.7,1629.4815731726414,1537.1368536547172,FIXED_2R_STRONG_MOMENTUM,3.135942793730753,6.271885587461506,2.0,1.7491304600905053,"{""pivot_highs"": [[9750, 1649.75], [9756, 1629.23]], ""pivot_lows"": [[9746, 1634.77], [9753, 1606.55]], ""broken_support"": 1606.55}",SL_BEFORE_TP,-2.1654127211260024,-1.1246485999425855
ET27-00484,SHORT_CONTINUATION_PRACTICAL_TARGET,SOLUSDT,SHORT,2025-04-13T07:30:00Z,128.25,130.18907806799473,125.34138289800791,FIXED_1_5R,2.1768299556177038,3.265244933426556,1.5,1.6250906935238159,"{""pivot_highs"": [[9750, 133.96], [9755, 133.26]], ""pivot_lows"": [[9753, 130.87], [9764, 129.55]], ""broken_support"": 129.55}",SL_BEFORE_TP,-1.75195170993741,-1.1587352283955783
ET27-00485,MOMENTUM_BREAKDOWN_PULLBACK,BTCUSDT,SHORT,2025-04-13T13:30:00Z,83757.97,84222.04803798388,83061.85294302418,FIXED_1_5R,1.7094143172650627,2.564121475897594,1.5,2.621193162474925,"{""breakdown_time"": ""2025-04-13T13:15:00Z"", ""broken_support"": 84245.39, ""pullback_bars"": 1, ""breakdown_volume_ratio"": 2.666746793302761}",SL_BEFORE_TP,-0.794070302782987,-1.4331580284930032
ET27-00486,SHORT_CONTINUATION_PRACTICAL_TARGET,ETHUSDT,SHORT,2025-04-13T13:30:00Z,1584.25,1610.176268420338,1532.3974631593242,FIXED_2R_STRONG_MOMENTUM,2.958713085921445,5.91742617184289,2.0,1.706879377357179,"{""pivot_highs"": [[9784, 1628.2], [9793, 1609.3]], ""pivot_lows"": [[9786, 1612.06], [9789, 1592.58]], ""broken_support"": 1592.58}",SL_BEFORE_TP,-1.876501083814923,-1.1466543483372005
ET27-00487,MOMENTUM_BREAKDOWN_PULLBACK,ETHUSDT,SHORT,2025-04-13T13:45:00Z,1574.26,1590.929041954091,1549.2564370688635,FIXED_1_5R,1.6965342306527045,2.5448013459790566,1.5,3.0804364863698113,"{""breakdown_time"": ""2025-04-13T13:30:00Z"", ""broken_support"": 1592.58, ""pullback_bars"": 1, ""breakdown_volume_ratio"": 1.706879377357179}",SL_BEFORE_TP,-1.2988493612294647,-1.2266611368791196
ET27-00488,SHORT_CONTINUATION_PRACTICAL_TARGET,SOLUSDT,SHORT,2025-04-13T20:30:00Z,126.44,130.99079711643716,117.33840576712566,FIXED_2R_STRONG_MOMENTUM,3.4792793911661737,6.958558782332347,2.0,1.9108577307146806,"{""pivot_highs"": [[9813, 132.56], [9816, 132.29]], ""pivot_lows"": [[9817, 131.14], [9822, 127.05]], ""broken_support"": 127.05}",SL_BEFORE_TP,-3.839175194904435,-1.0666819443354083
ET27-00489,TRAP_REVERSAL,BTCUSDT,SHORT,2025-04-14T11:15:00Z,84848.38,84938.51332306756,84551.35,FALSE_BREAKOUT_TO_MIDLINE,0.31156863554981046,1.0267593456861717,3.295451558769059,1.3520166797636346,"{""lower"": 84230.53, ""upper"": 84872.17000000001, ""midline"": 84551.35, ""width_atr"": 2.2179909994481775, ""high_touches"": 2, ""low_touches"": 3, ""adx14"": 9.182455808767156}",SL_BEFORE_TP,-0.34622869059792516,-3.2592766478539987
ET27-00490,MOMENTUM_BREAKDOWN_PULLBACK,SOLUSDT,SHORT,2025-04-14T15:30:00Z,129.21,131.30554998356266,126.06667502465604,FIXED_1_5R,1.5189732588063973,2.278459888209596,1.5,1.7600030917894334,"{""breakdown_time"": ""2025-04-14T15:00:00Z"", ""broken_support"": 131.16, ""pullback_bars"": 2, ""breakdown_volume_ratio"": 2.5519084149161264}",SL_BEFORE_TP,-1.8618171840899682,-1.1479821538175823
ET27-00491,SHORT_CONTINUATION_PRACTICAL_TARGET,SOLUSDT,SHORT,2025-04-15T00:00:00Z,128.49,130.37063666055866,124.72872667888271,FIXED_2R_STRONG_MOMENTUM,2.3322352978525576,4.664470595705115,2.0,1.9058717286604396,"{""pivot_highs"": [[9918, 131.99], [9933, 130.29]], ""pivot_lows"": [[9922, 129.46], [9926, 128.65]], ""broken_support"": 128.65}",SL_BEFORE_TP,-1.7036443774291,-1.1639742574774627
ET27-00492,TRAP_REVERSAL,ETHUSDT,LONG,2025-04-15T10:15:00Z,1635.35,1631.614378550145,1642.065,FALSE_BREAKDOWN_TO_MIDLINE,0.5161497293122181,0.9278095971063027,1.7975590113020716,1.9563523773251956,"{""lower"": 1634.4250000000002, ""upper"": 1649.705, ""midline"": 1642.065, ""width_atr"": 2.1112331561852216, ""high_touches"": 3, ""low_touches"": 3, ""adx14"": 12.759788588330409}",SL_BEFORE_TP,-0.4684294768615274,-2.050652495892579
ET27-00493,MOMENTUM_BREAKDOWN_PULLBACK,ETHUSDT,SHORT,2025-04-15T14:15:00Z,1612.56,1638.651016566378,1573.4234751504328,FIXED_1_5R,2.157743791844287,3.2366156877664305,1.5,3.6671735227197115,"{""breakdown_time"": ""2025-04-15T13:45:00Z"", ""broken_support"": 1629.06, ""pullback_bars"": 2, ""breakdown_volume_ratio"": 4.9216593671875}",TP_BEFORE_SL,2.186981002230441,1.3516675657250086
ET27-00494,SHORT_CONTINUATION_PRACTICAL_TARGET,SOLUSDT,SHORT,2025-04-15T17:45:00Z,128.24,130.70381764310721,124.5442735353392,FIXED_1_5R,2.373216699364661,3.5598250490469914,1.5,1.012482724870044,"{""pivot_highs"": [[9997, 131.67], [10002, 130.6]], ""pivot_lows"": [[9996, 129.98], [9999, 129.07]], ""broken_support"": 129.07}",TP_BEFORE_SL,2.641882770321903,1.3750816640748407
ET27-00495,SHORT_CONTINUATION_PRACTICAL_TARGET,ETHUSDT,SHORT,2025-04-15T19:15:00Z,1602.6,1620.0176825792769,1567.764634841446,FIXED_2R_STRONG_MOMENTUM,1.7815273534033533,3.5630547068067067,2.0,1.6820919681668465,"{""pivot_highs"": [[10003, 1627.99], [10011, 1616.34]], ""pivot_lows"": [[9999, 1612.01], [10009, 1604.34]], ""broken_support"": 1604.34}",TP_BEFORE_SL,1.9336780955044268,1.7791761342248744
ET27-00496,SHORT_CONTINUATION_PRACTICAL_TARGET,SOLUSDT,SHORT,2025-04-16T00:00:00Z,125.81,127.22936775710605,123.68094836434094,FIXED_1_5R,1.788343036089137,2.6825145541337054,1.5,1.8974074588517444,"{""pivot_highs"": [[10022, 128.59], [10030, 127.15]], ""pivot_lows"": [[10019, 126.77], [10027, 125.82]], ""broken_support"": 125.82}",SL_BEFORE_TP,-1.3681835761116325,-1.2127313365322845
ET27-00497,SHORT_CONTINUATION_PRACTICAL_TARGET,SOLUSDT,SHORT,2025-04-16T08:00:00Z,123.81,126.51955823673856,118.39088352652288,FIXED_2R_STRONG_MOMENTUM,3.4057545111793663,6.811509022358733,2.0,3.0092883439886444,"{""pivot_highs"": [[10053, 126.61], [10059, 126.44]], ""pivot_lows"": [[10043, 125.82], [10053, 124.37]], ""broken_support"": 124.37}",SL_BEFORE_TP,-2.4284809278237285,-1.1096651092311145
ET27-00498,MOMENTUM_BREAKDOWN_PULLBACK,ETHUSDT,SHORT,2025-04-17T14:30:00Z,1574.42,1587.452145459671,1554.8717818104935,FIXED_1_5R,1.7529175743796512,2.6293763615694767,1.5,3.2657121433786314,"{""breakdown_time"": ""2025-04-17T14:00:00Z"", ""broken_support"": 1589.08, ""pullback_bars"": 2, ""breakdown_volume_ratio"": 2.4472642830816413}",SL_BEFORE_TP,-1.0677426264701304,-1.2899451983323231
ET27-00499,SHORT_CONTINUATION_PRACTICAL_TARGET,BTCUSDT,SHORT,2025-04-18T05:00:00Z,84574.72,84851.66543194515,84159.30185208228,FIXED_1_5R,2.106780766892334,3.1601711503385013,1.5,1.5459657401313358,"{""pivot_highs"": [[10224, 85018.97], [10235, 84976.5]], ""pivot_lows"": [[10233, 84800.07], [10241, 84598.58]], ""broken_support"": 84598.58}",SL_BEFORE_TP,-0.567456516492336,-1.7329217404828072
ET27-00500,SHORT_CONTINUATION_PRACTICAL_TARGET,ETHUSDT,SHORT,2025-04-18T05:15:00Z,1574.69,1585.598889558184,1552.872220883632,FIXED_2R_STRONG_MOMENTUM,2.186634171677301,4.373268343354602,2.0,1.9483828911936618,"{""pivot_highs"": [[10235, 1587.42], [10239, 1585.39]], ""pivot_lows"": [[10238, 1579.09], [10241, 1578.75]], ""broken_support"": 1578.75}",SL_BEFORE_TP,-0.9327642620569128,-1.346438194267422
ET27-00501,TRAP_REVERSAL,SOLUSDT,LONG,2025-04-18T10:45:00Z,133.87,133.46835374413243,134.63,FALSE_BREAKDOWN_TO_MIDLINE,0.6573857034290731,1.2439133374389382,1.892212335848504,1.5960417163478453,"{""lower"": 133.85000000000002, ""upper"": 135.41, ""midline"": 134.63, ""width_atr"": 2.553295797900966, ""high_touches"": 2, ""low_touches"": 2, ""adx14"": 13.338656866619997}",TP_BEFORE_SL,0.32771494733696194,1.0922845503746865
ET27-00502,SHORT_CONTINUATION_PRACTICAL_TARGET,SOLUSDT,SHORT,2025-04-18T15:00:00Z,132.73,134.9408594518291,128.30828109634174,FIXED_2R_STRONG_MOMENTUM,3.632729814978416,7.265459629956832,2.0,2.3021918868954145,"{""pivot_highs"": [[10275, 135.21], [10280, 134.88]], ""pivot_lows"": [[10261, 134.3], [10267, 133.56]], ""broken_support"": 133.56}",SL_BEFORE_TP,-1.9056817990123731,-1.1440851428780108
ET27-00503,SHORT_CONTINUATION_PRACTICAL_TARGET,BTCUSDT,SHORT,2025-04-18T15:15:00Z,84363.85,84631.20851980192,83962.81222029714,FIXED_1_5R,2.2526694504777116,3.3790041757165064,1.4999999999999727,1.13359086558997,"{""pivot_highs"": [[10274, 84769.95], [10280, 84619.34]], ""pivot_lows"": [[10273, 84566.16], [10281, 84368.16]], ""broken_support"": 84368.16}",SL_BEFORE_TP,-0.5569112360352373,-1.7573098480273333
ET27-00504,TRAP_REVERSAL,ETHUSDT,SHORT,2025-04-18T20:00:00Z,1592.49,1595.3488054841334,1588.1299999999999,FALSE_BREAKOUT_TO_MIDLINE,0.7813712417561375,1.1916790537043258,1.5251125073735994,1.0048581433171346,"{""lower"": 1583.1399999999999, ""upper"": 1593.12, ""midline"": 1588.1299999999999, ""width_atr"": 2.727742421093772, ""high_touches"": 2, ""low_touches"": 2, ""adx14"": 25.094530689435512}",SL_BEFORE_TP,-0.41951795516037316,-2.336913623963658
ET27-00505,TRAP_REVERSAL,BTCUSDT,LONG,2025-04-19T00:00:00Z,84409.93,84357.20083169929,84519.795,FALSE_BREAKDOWN_TO_MIDLINE,0.5833230379399885,1.2153953424374746,2.083571646217945,1.2796223678195184,"{""lower"": 84383.885, ""upper"": 84655.705, ""midline"": 84519.795, ""width_atr"": 3.007042843319957, ""high_touches"": 3, ""low_touches"": 2, ""adx14"": 15.070916174500171}",TP_BEFORE_SL,-0.10984351248720944,-1.7583973915771618
ET27-00506,SHORT_CONTINUATION_PRACTICAL_TARGET,BTCUSDT,SHORT,2025-04-20T08:15:00Z,84674.1,84965.33872627068,84091.62254745865,FIXED_2R_STRONG_MOMENTUM,2.9392145702155528,5.8784291404311055,2.0,1.3323419534960417,"{""pivot_highs"": [[10435, 85248.0], [10440, 85160.0]], ""pivot_lows"": [[10432, 85104.85], [10446, 84678.18]], ""broken_support"": 84678.18}",TP_BEFORE_SL,0.44790510030971953,1.3022293339824247
ET27-00507,SHORT_CONTINUATION_PRACTICAL_TARGET,BTCUSDT,SHORT,2025-04-20T10:30:00Z,84244.33,84638.30472719595,83456.3805456081,FIXED_2R_STRONG_MOMENTUM,3.6564705540209688,7.3129411080419375,2.0,2.3774433634019925,"{""pivot_highs"": [[10435, 85248.0], [10440, 85160.0]], ""pivot_lows"": [[10432, 85104.85], [10446, 84678.18]], ""broken_support"": 84678.18}",SL_BEFORE_TP,-0.7076572621515888,-1.513196350027395
ET27-00508,MOMENTUM_BREAKDOWN_PULLBACK,ETHUSDT,SHORT,2025-04-20T22:15:00Z,1577.4,1583.7095193937319,1567.9357209094023,FIXED_1_5R,1.2843382852168357,1.9265074278252767,1.500000000000018,1.5347247654055087,"{""breakdown_time"": ""2025-04-20T22:00:00Z"", ""broken_support"": 1583.62, ""pullback_bars"": 1, ""breakdown_volume_ratio"": 1.6696490327448623}",SL_BEFORE_TP,-0.6399948899284749,-1.600007665205212
ET27-00509,MOMENTUM_BREAKDOWN_PULLBACK,SOLUSDT,SHORT,2025-04-21T13:45:00Z,137.19,138.67067802770407,134.9689829584439,FIXED_1_5R,1.9594753858605773,2.9392130787908664,1.5,1.8542033824782478,"{""breakdown_time"": ""2025-04-21T13:00:00Z"", ""broken_support"": 138.31, ""pullback_bars"": 3, ""breakdown_volume_ratio"": 2.909220309289922}",SL_BEFORE_TP,-1.3192900559108338,-1.222368397341954
ET27-00510,MOMENTUM_BREAKDOWN_PULLBACK,SOLUSDT,SHORT,2025-04-21T16:30:00Z,136.49,137.76196592315836,134.5820511152625,FIXED_1_5R,1.2514635795507447,1.8771953693261172,1.5,2.8070800785447365,"{""breakdown_time"": ""2025-04-21T16:15:00Z"", ""broken_support"": 138.09, ""pullback_bars"": 1, ""breakdown_volume_ratio"": 2.0752927002855963}",TP_BEFORE_SL,1.157867158573904,1.2424647987529303
ET27-00511,MOMENTUM_BREAKDOWN_PULLBACK,ETHUSDT,SHORT,2025-04-21T17:00:00Z,1583.81,1591.5212930181667,1572.2430604727497,FIXED_1_5R,0.7278850343365275,1.0918275515048022,1.5000000000000147,3.3964333159435562,"{""breakdown_time"": ""2025-04-21T16:45:00Z"", ""broken_support"": 1608.6, ""pullback_bars"": 1, ""breakdown_volume_ratio"": 2.781988521784794}",TP_BEFORE_SL,0.4903236832227521,1.007067881995289
ET27-00512,MOMENTUM_BREAKDOWN_PULLBACK,SOLUSDT,SHORT,2025-04-24T01:00:00Z,149.72,151.07417461270018,147.68873808094975,FIXED_1_5R,1.7255282380756398,2.5882923571134415,1.4999999999999896,3.555962083917235,"{""breakdown_time"": ""2025-04-24T00:15:00Z"", ""broken_support"": 150.43, ""pullback_bars"": 3, ""breakdown_volume_ratio"": 1.3088418314467787}",TP_BEFORE_SL,1.1167071326811726,1.2346516493293826
ET27-00513,TRAP_REVERSAL,ETHUSDT,LONG,2025-04-24T01:15:00Z,1786.02,1780.2749688563258,1793.8925,FALSE_BREAKDOWN_TO_MIDLINE,0.6866400693677621,0.9409129055896809,1.3703145906647216,1.5756904553564617,"{""lower"": 1785.12, ""upper"": 1802.665, ""midline"": 1793.8925, ""width_atr"": 2.0969599147121163, ""high_touches"": 2, ""low_touches"": 2, ""adx14"": 12.98406203102688}",TP_BEFORE_SL,0.20078453768714494,0.6242006196865503
ET27-00514,SHORT_CONTINUATION_PRACTICAL_TARGET,SOLUSDT,SHORT,2025-04-24T02:45:00Z,148.91,150.8313347813166,146.0279978280251,FIXED_1_5R,2.3622548068801628,3.543382210320244,1.5,1.4719263875871267,"{""pivot_highs"": [[10797, 151.82], [10808, 150.75]], ""pivot_lows"": [[10791, 150.43], [10805, 149.07]], ""broken_support"": 149.07}",TP_BEFORE_SL,1.6953986783794937,1.3139918126318928
ET27-00515,SHORT_CONTINUATION_PRACTICAL_TARGET,BTCUSDT,SHORT,2025-04-24T03:30:00Z,92843.17,93658.40989652532,91212.69020694935,FIXED_2R_STRONG_MOMENTUM,2.9742538275267076,5.948507655053415,2.0,1.6928853411976845,"{""pivot_highs"": [[10800, 93787.65], [10809, 93631.0]], ""pivot_lows"": [[10805, 93060.75], [10811, 93050.0]], ""broken_support"": 93050.0}",SL_BEFORE_TP,-1.1180827889927965,-1.273322747021715
ET27-00516,MOMENTUM_BREAKDOWN_PULLBACK,SOLUSDT,SHORT,2025-04-24T03:30:00Z,148.34,149.78284249907546,146.1757362513868,FIXED_1_5R,1.683555936947977,2.525333905421982,1.5000000000000098,1.4886777629358647,"{""breakdown_time"": ""2025-04-24T02:45:00Z"", ""broken_support"": 149.07, ""pullback_bars"": 3, ""breakdown_volume_ratio"": 1.4719263875871267}",TP_BEFORE_SL,1.2189886400250738,1.2532537333575118
ET27-00517,MOMENTUM_BREAKDOWN_PULLBACK,BTCUSDT,SHORT,2025-04-24T03:45:00Z,92673.95,93031.52531327106,92137.58703009339,FIXED_1_5R,1.2798996759729027,1.9198495139593799,1.5000000000000204,2.06146942631848,"{""breakdown_time"": ""2025-04-24T03:30:00Z"", ""broken_support"": 93050.0, ""pullback_bars"": 1, ""breakdown_volume_ratio"": 1.6928853411976845}",TP_BEFORE_SL,0.3387634711875428,0.8779842406755168
ET27-00518,MOMENTUM_BREAKDOWN_PULLBACK,ETHUSDT,SHORT,2025-04-24T03:45:00Z,1768.18,1780.364773853072,1749.9028392203923,FIXED_1_5R,1.2446419866642386,1.866962979996358,1.5,2.6247558220295546,"{""breakdown_time"": ""2025-04-24T03:30:00Z"", ""broken_support"": 1775.5, ""pullback_bars"": 1, ""breakdown_volume_ratio"": 1.7532401748165238}",TP_BEFORE_SL,0.7936708242151711,1.1517266507223565
ET27-00519,SHORT_CONTINUATION_PRACTICAL_TARGET,ETHUSDT,SHORT,2025-04-24T03:45:00Z,1768.18,1799.2689782108932,1721.5465326836602,FIXED_1_5R,3.175655787326089,4.763483680989145,1.5000000000000036,2.6247558220295546,"{""pivot_highs"": [[10808, 1802.82], [10813, 1791.0]], ""pivot_lows"": [[10805, 1781.53], [10811, 1775.5]], ""broken_support"": 1775.5}",NEITHER_EXPIRED,0.17228834168466806,0.09798868201247463
ET27-00520,MOMENTUM_BREAKDOWN_PULLBACK,SOLUSDT,SHORT,2025-04-24T07:45:00Z,147.17,148.11699563391204,145.74950654913192,FIXED_1_5R,1.1715937252651791,1.7573905878977512,1.499999999999985,1.8655191524537964,"{""breakdown_time"": ""2025-04-24T07:15:00Z"", ""broken_support"": 147.83, ""pullback_bars"": 2, ""breakdown_volume_ratio"": 1.524438790452499}",TP_BEFORE_SL,0.7252058509669534,1.1270225676322214
ET27-00521,SHORT_CONTINUATION_PRACTICAL_TARGET,BTCUSDT,SHORT,2025-04-24T08:00:00Z,92095.5,92663.84842593595,91242.97736109607,FIXED_1_5R,2.080458175988616,3.1206872639829237,1.5,1.2541633780889088,"{""pivot_highs"": [[10826, 92666.67], [10829, 92636.53]], ""pivot_lows"": [[10821, 92527.62], [10825, 92254.0]], ""broken_support"": 92254.0}",SL_BEFORE_TP,-0.8571294210205209,-1.388897355765541
ET27-00522,TRAP_REVERSAL,SOLUSDT,LONG,2025-04-25T15:30:00Z,152.82,152.23519972461966,154.2175,FALSE_BREAKDOWN_TO_MIDLINE,0.474674840860065,1.134332725254827,2.3897047570491106,1.1430482679706815,"{""lower"": 152.57, ""upper"": 155.865, ""midline"": 154.2175, ""width_atr"": 2.674509001584724, ""high_touches"": 2, ""low_touches"": 2, ""adx14"": 26.375284819195908}",SL_BEFORE_TP,-0.6226726052743956,-1.6271679673226354
ET27-00523,SHORT_CONTINUATION_PRACTICAL_TARGET,SOLUSDT,SHORT,2025-04-25T17:30:00Z,151.11,153.34992732483758,146.63014535032488,FIXED_2R_STRONG_MOMENTUM,2.0376438052568826,4.075287610513765,2.0,1.496983563219192,"{""pivot_highs"": [[10955, 155.96], [10964, 153.24]], ""pivot_lows"": [[10950, 152.2], [10961, 151.58]], ""broken_support"": 151.58}",NEITHER_EXPIRED,1.0041267950499793,0.6774041207386303
ET27-00524,TRAP_REVERSAL,ETHUSDT,SHORT,2025-04-26T01:15:00Z,1802.85,1808.2706252228243,1794.5475000000001,FALSE_BREAKOUT_TO_MIDLINE,0.6829132860926154,1.0459840562136409,1.5316498851536278,1.3222906079650896,"{""lower"": 1784.625, ""upper"": 1804.47, ""midline"": 1794.5475000000001, ""width_atr"": 2.500157012413162, ""high_touches"": 2, ""low_touches"": 3, ""adx14"": 9.224114655602337}",SL_BEFORE_TP,-0.5406697852192005,-1.79821788486339
ET27-00525,SHORT_CONTINUATION_PRACTICAL_TARGET,SOLUSDT,SHORT,2025-04-26T09:15:00Z,149.82,152.39509256524505,144.66981486950988,FIXED_2R_STRONG_MOMENTUM,3.9560471392572722,7.9120942785145445,2.0,2.241455099532584,"{""pivot_highs"": [[11021, 152.35], [11025, 152.33]], ""pivot_lows"": [[10996, 151.03], [11024, 150.95]], ""broken_support"": 150.95}",NEITHER_EXPIRED,0.8079241756774751,0.4700537822743483
ET27-00526,MOMENTUM_BREAKDOWN_PULLBACK,SOLUSDT,SHORT,2025-04-26T11:15:00Z,148.41,149.2082731300355,147.21259030494673,FIXED_1_5R,1.2238270727233833,1.835740609085075,1.5,1.1563873201210402,"{""breakdown_time"": ""2025-04-26T11:00:00Z"", ""broken_support"": 148.9, ""pullback_bars"": 1, ""breakdown_volume_ratio"": 1.3548839907823287}",SL_BEFORE_TP,-0.7778836534165564,-1.446193146929742
ET27-00527,SHORT_CONTINUATION_PRACTICAL_TARGET,BTCUSDT,SHORT,2025-04-26T11:30:00Z,94059.62,94410.58745297929,93533.16882053105,FIXED_1_5R,2.1735158692183316,3.2602738038274977,1.5,1.376221142930701,"{""pivot_highs"": [[11029, 94423.77], [11035, 94394.44]], ""pivot_lows"": [[11013, 94380.72], [11030, 94120.5]], ""broken_support"": 94120.5}",SL_BEFORE_TP,-0.6131329692585377,-1.6432023427919282
ET27-00528,MOMENTUM_BREAKDOWN_PULLBACK,SOLUSDT,SHORT,2025-04-27T01:30:00Z,147.88,148.61798459590239,146.7730231061464,FIXED_1_5R,1.0065188184365323,1.5097782276547986,1.5,4.3676690322408644,"{""breakdown_time"": ""2025-04-27T01:15:00Z"", ""broken_support"": 148.72, ""pullback_bars"": 1, ""breakdown_volume_ratio"": 3.463419589092897}",TP_BEFORE_SL,0.5085643047427539,1.019079392753419
ET27-00529,SHORT_CONTINUATION_PRACTICAL_TARGET,BTCUSDT,SHORT,2025-04-27T05:15:00Z,93794.12,94310.49404591255,92761.37190817489,FIXED_2R_STRONG_MOMENTUM,2.3639121066652273,4.727824213330455,2.0,1.4980370365020812,"{""pivot_highs"": [[11093, 95369.0], [11100, 94465.0]], ""pivot_lows"": [[11086, 94555.0], [11095, 94041.6]], ""broken_support"": 94041.6}",SL_BEFORE_TP,-0.7905398908935387,-1.4359357132331947
ET27-00530,SHORT_CONTINUATION_PRACTICAL_TARGET,ETHUSDT,SHORT,2025-04-27T05:15:00Z,1794.12,1812.5123946803992,1766.531407979401,FIXED_1_5R,2.015837561914587,3.0237563428718808,1.5,1.2638987735131422,"{""pivot_highs"": [[11097, 1818.1], [11100, 1817.5]], ""pivot_lows"": [[11099, 1806.92], [11103, 1805.55]], ""broken_support"": 1805.55}",SL_BEFORE_TP,-1.2651485229750141,-1.2341124184654846
ET27-00531,SHORT_CONTINUATION_PRACTICAL_TARGET,ETHUSDT,SHORT,2025-04-27T12:00:00Z,1802.22,1811.8834615322198,1787.7248077016702,FIXED_1_5R,1.8114636105075481,2.7171954157613434,1.5000000000000118,1.1803299407049455,"{""pivot_highs"": [[11127, 1813.34], [11134, 1809.91]], ""pivot_lows"": [[11126, 1805.31], [11133, 1803.35]], ""broken_support"": 1803.35}",TP_BEFORE_SL,0.564296495340736,1.052403868367621
ET27-00532,SHORT_CONTINUATION_PRACTICAL_TARGET,BTCUSDT,SHORT,2025-04-27T12:45:00Z,93734.86,94065.21753676071,93239.32369485893,FIXED_1_5R,2.2834401061134173,3.425160159170126,1.5,1.3831177064360056,"{""pivot_highs"": [[11126, 94229.21], [11132, 94082.13]], ""pivot_lows"": [[11130, 93940.0], [11133, 93883.81]], ""broken_support"": 93883.81}",SL_BEFORE_TP,-0.5924382889788407,-1.6809702790675187
ET27-00533,SHORT_CONTINUATION_PRACTICAL_TARGET,ETHUSDT,SHORT,2025-04-27T22:00:00Z,1790.26,1807.8787674169018,1755.0224651661963,FIXED_2R_STRONG_MOMENTUM,3.044187855497772,6.088375710995544,2.0,4.159213392594753,"{""pivot_highs"": [[11167, 1808.4], [11171, 1804.86]], ""pivot_lows"": [[11169, 1798.51], [11172, 1796.14]], ""broken_support"": 1796.14}",TP_BEFORE_SL,1.7282914679322385,1.7561336784616268
ET27-00534,MOMENTUM_BREAKDOWN_PULLBACK,ETHUSDT,SHORT,2025-04-27T22:15:00Z,1789.55,1795.2365122645476,1781.0202316031784,FIXED_1_5R,0.9797120689452005,1.4695681034178008,1.5,1.7890414547267095,"{""breakdown_time"": ""2025-04-27T22:00:00Z"", ""broken_support"": 1796.14, ""pullback_bars"": 1, ""breakdown_volume_ratio"": 4.159213392594753}",SL_BEFORE_TP,-0.5577621337513718,-1.7552819373619402
ET27-00535,SHORT_CONTINUATION_PRACTICAL_TARGET,SOLUSDT,SHORT,2025-04-28T00:00:00Z,147.33,148.73724681166428,144.51550637667148,FIXED_2R_STRONG_MOMENTUM,2.458209934760044,4.916419869520088,2.0,2.969528945068951,"{""pivot_highs"": [[11175, 149.73], [11182, 148.68]], ""pivot_lows"": [[11172, 148.49], [11178, 147.83]], ""broken_support"": 147.83}",SL_BEFORE_TP,-1.1951665048966709,-1.2512650922845783
ET27-00536,MOMENTUM_BREAKDOWN_PULLBACK,BTCUSDT,SHORT,2025-04-28T00:45:00Z,93419.9,93823.59893597083,92814.35159604374,FIXED_1_5R,1.9464019021659353,2.919602853248903,1.5,0.9189317097055386,"{""breakdown_time"": ""2025-04-28T00:00:00Z"", ""broken_support"": 93660.0, ""pullback_bars"": 3, ""breakdown_volume_ratio"": 4.429940564021778}",TP_BEFORE_SL,0.40820065527393845,0.9446164207472776
ET27-00537,SHORT_CONTINUATION_PRACTICAL_TARGET,BTCUSDT,SHORT,2025-04-28T01:15:00Z,93043.48,93821.62801946884,91487.1839610623,FIXED_2R_STRONG_MOMENTUM,3.3953545616238117,6.790709123247623,2.0,3.3382327574754243,"{""pivot_highs"": [[11175, 94545.45], [11186, 93798.71]], ""pivot_lows"": [[11181, 93660.0], [11184, 93287.98]], ""broken_support"": 93287.98}",SL_BEFORE_TP,-1.0763272950118035,-1.286968991005624
ET27-00538,MOMENTUM_BREAKDOWN_PULLBACK,SOLUSDT,SHORT,2025-04-28T01:30:00Z,144.97,146.26976554137133,143.020351687943,FIXED_1_5R,1.7375471988674818,2.6063207983012417,1.5000000000000109,3.6691003415681323,"{""breakdown_time"": ""2025-04-28T01:15:00Z"", ""broken_support"": 146.78, ""pullback_bars"": 1, ""breakdown_volume_ratio"": 2.482677871236341}",SL_BEFORE_TP,-1.1365755269168303,-1.267685200850082
ET27-00539,SHORT_CONTINUATION_PRACTICAL_TARGET,ETHUSDT,SHORT,2025-04-28T15:00:00Z,1776.7,1800.0148174487592,1741.7277738268613,FIXED_1_5R,2.2974395520361157,3.4461593280541734,1.5,1.1810906463492246,"{""pivot_highs"": [[11235, 1814.92], [11241, 1799.0]], ""pivot_lows"": [[11225, 1788.3], [11240, 1780.0]], ""broken_support"": 1780.0}",SL_BEFORE_TP,-1.5522540355017271,-1.1828914169871372
ET27-00540,SHORT_CONTINUATION_PRACTICAL_TARGET,SOLUSDT,SHORT,2025-04-28T15:15:00Z,146.03,148.9732076780948,141.61518848285777,FIXED_1_5R,2.85173325514734,4.277599882721024,1.5000000000000049,1.3469253675660777,"{""pivot_highs"": [[11230, 152.91], [11235, 151.4]], ""pivot_lows"": [[11216, 150.88], [11224, 148.97]], ""broken_support"": 148.97}",SL_BEFORE_TP,-2.255481529887563,-1.1190782433086295
ET27-00541,SHORT_CONTINUATION_PRACTICAL_TARGET,SOLUSDT,SHORT,2025-04-29T04:30:00Z,146.84,148.11966640202186,144.9205003969672,FIXED_1_5R,1.8368487030810665,2.7552730546215995,1.5,1.0349254011974307,"{""pivot_highs"": [[11287, 149.21], [11294, 147.79]], ""pivot_lows"": [[11288, 147.24], [11291, 146.92]], ""broken_support"": 146.92}",SL_BEFORE_TP,-1.111469900586938,-1.2753967748494344
ET27-00542,SHORT_CONTINUATION_PRACTICAL_TARGET,BTCUSDT,SHORT,2025-04-29T05:30:00Z,94228.24,94896.4849817404,93225.87252738941,FIXED_1_5R,2.729203512688982,4.0938052690334725,1.5,2.1098124167813417,"{""pivot_highs"": [[11290, 94956.18], [11298, 94872.0]], ""pivot_lows"": [[11288, 94618.97], [11292, 94443.7]], ""broken_support"": 94443.7}",SL_BEFORE_TP,-0.949176974695057,-1.3384204628234002
ET27-00543,TRAP_REVERSAL,BTCUSDT,SHORT,2025-04-29T14:30:00Z,95145.72,95339.35106240005,94862.6625,FALSE_BREAKOUT_TO_MIDLINE,0.7380908567278264,1.0789702338491247,1.4618393169541712,1.2314471803014153,"{""lower"": 94561.16500000001, ""upper"": 95164.16, ""midline"": 94862.6625, ""width_atr"": 2.298521170291756, ""high_touches"": 2, ""low_touches"": 2, ""adx14"": 16.506774584179308}",TP_BEFORE_SL,0.05749893111323906,0.28253613506993847
ET27-00544,TRAP_REVERSAL,ETHUSDT,LONG,2025-04-29T20:30:00Z,1811.78,1806.0901183953606,1818.565,FALSE_BREAKDOWN_TO_MIDLINE,0.7487463936800314,0.8928558859602259,1.1924676946648214,1.3076689941724668,"{""lower"": 1809.835, ""upper"": 1827.295, ""midline"": 1818.565, ""width_atr"": 2.2976070403633586, ""high_touches"": 4, ""low_touches"": 2, ""adx14"": 12.436861974344604}",SL_BEFORE_TP,-0.5540492556844301,-1.764211331999341
ET27-00545,SHORT_CONTINUATION_PRACTICAL_TARGET,ETHUSDT,SHORT,2025-04-29T21:00:00Z,1801.03,1826.4693656162724,1750.1512687674551,FIXED_2R_STRONG_MOMENTUM,3.2641118731860126,6.528223746372025,2.0,1.733162228319659,"{""pivot_highs"": [[11355, 1828.9], [11360, 1825.69]], ""pivot_lows"": [[11341, 1812.19], [11348, 1807.48]], ""broken_support"": 1807.48}",TP_BEFORE_SL,2.5849796634450763,1.8300872724107906
ET27-00546,MOMENTUM_BREAKDOWN_PULLBACK,ETHUSDT,SHORT,2025-04-29T21:15:00Z,1796.31,1801.9842645438462,1787.7986031842306,FIXED_1_5R,0.7061462018976011,1.0592193028464019,1.5,2.215296304587255,"{""breakdown_time"": ""2025-04-29T21:00:00Z"", ""broken_support"": 1807.48, ""pullback_bars"": 1, ""breakdown_volume_ratio"": 1.733162228319659}",TP_BEFORE_SL,0.23382672343689742,0.7402285852753436
ET27-00547,SHORT_CONTINUATION_PRACTICAL_TARGET,BTCUSDT,SHORT,2025-04-29T22:00:00Z,94258.52,95016.98868911389,92741.58262177224,FIXED_2R_STRONG_MOMENTUM,2.8483140340482382,5.6966280680964765,2.0,2.206963524064781,"{""pivot_highs"": [[11357, 95448.84], [11360, 95408.0]], ""pivot_lows"": [[11348, 94658.99], [11365, 94350.0]], ""broken_support"": 94350.0}",SL_BEFORE_TP,-1.0446685743780875,-1.2982594420137399
ET27-00548,MOMENTUM_BREAKDOWN_PULLBACK,BTCUSDT,SHORT,2025-04-29T22:15:00Z,94198.01,94391.3455964412,93908.00660533819,FIXED_1_5R,0.708500503712413,1.0627507555686195,1.5,2.4444319285777354,"{""breakdown_time"": ""2025-04-29T22:00:00Z"", ""broken_support"": 94350.0, ""pullback_bars"": 1, ""breakdown_volume_ratio"": 2.206963524064781}",TP_BEFORE_SL,0.06786573374724791,0.3306590810929504
ET27-00549,SHORT_CONTINUATION_PRACTICAL_TARGET,SOLUSDT,SHORT,2025-04-29T23:00:00Z,145.15,147.48018362529052,140.48963274941897,FIXED_2R_STRONG_MOMENTUM,2.906059207036231,5.812118414072462,2.0,2.1557658708515555,"{""pivot_highs"": [[11355, 150.39], [11364, 148.83]], ""pivot_lows"": [[11352, 148.45], [11365, 145.84]], ""broken_support"": 145.84}",SL_BEFORE_TP,-1.8453624700589155,-1.149498947730597
ET27-00550,SHORT_CONTINUATION_PRACTICAL_TARGET,SOLUSDT,SHORT,2025-04-30T07:30:00Z,146.31,147.921518836859,143.89272174471148,FIXED_1_5R,2.619553488231368,3.929330232347075,1.5000000000000089,1.2635788092886646,"{""pivot_highs"": [[11391, 148.67], [11402, 147.86]], ""pivot_lows"": [[11397, 146.89], [11400, 146.77]], ""broken_support"": 146.77}",SL_BEFORE_TP,-1.3414413484102286,-1.217896305006531
ET27-00551,MOMENTUM_BREAKDOWN_PULLBACK,SOLUSDT,SHORT,2025-04-30T12:30:00Z,145.51,147.0923514758401,143.13647278623984,FIXED_1_5R,2.624440965384959,3.936661448077415,1.4999999999999911,6.1852375799203205,"{""breakdown_time"": ""2025-04-30T12:15:00Z"", ""broken_support"": 146.91, ""pullback_bars"": 1, ""breakdown_volume_ratio"": 1.8221170066741725}",TP_BEFORE_SL,1.3911780728198444,1.2793006134654112
ET27-00552,MOMENTUM_BREAKDOWN_PULLBACK,ETHUSDT,SHORT,2025-04-30T12:45:00Z,1775.46,1784.1577714693397,1762.4133427959905,FIXED_1_5R,1.0897511668837978,1.634626750325711,1.500000000000013,4.146483906729275,"{""breakdown_time"": ""2025-04-30T12:30:00Z"", ""broken_support"": 1795.0, ""pullback_bars"": 1, ""breakdown_volume_ratio"": 4.972048129639715}",TP_BEFORE_SL,0.4948325056047185,1.010092439767975
ET27-00553,MOMENTUM_BREAKDOWN_PULLBACK,BTCUSDT,SHORT,2025-04-30T13:30:00Z,93899.99,94682.36456233969,92726.42815649048,FIXED_1_5R,2.8567228892436023,4.285084333865403,1.5,4.096150784360082,"{""breakdown_time"": ""2025-04-30T13:00:00Z"", ""broken_support"": 94500.0, ""pullback_bars"": 2, ""breakdown_volume_ratio"": 1.6425812743976105}",SL_BEFORE_TP,-1.0731998356332972,-1.2880461441973055
ET27-00554,SHORT_CONTINUATION_PRACTICAL_TARGET,ETHUSDT,SHORT,2025-05-02T07:00:00Z,1821.7,1840.0306562016633,1785.0386875966735,FIXED_2R_STRONG_MOMENTUM,2.906600482691417,5.813200965382834,2.0,3.500276409036399,"{""pivot_highs"": [[11584, 1851.79], [11594, 1837.4]], ""pivot_lows"": [[11586, 1839.4], [11593, 1828.48]], ""broken_support"": 1828.48}",SL_BEFORE_TP,-1.2462390185905066,-1.238511919698941
ET27-00555,MOMENTUM_BREAKDOWN_PULLBACK,ETHUSDT,SHORT,2025-05-02T07:45:00Z,1816.32,1826.755008166933,1800.6674877496002,FIXED_1_5R,1.6368465516543493,2.455269827481524,1.5,0.9864878802117713,"{""breakdown_time"": ""2025-05-02T07:00:00Z"", ""broken_support"": 1828.48, ""pullback_bars"": 3, ""breakdown_volume_ratio"": 3.500276409036399}",SL_BEFORE_TP,-0.814513751262615,-1.4177445700343105
ET27-00556,SHORT_CONTINUATION_PRACTICAL_TARGET,SOLUSDT,SHORT,2025-05-02T19:00:00Z,148.93,150.56893610794,146.47159583809002,FIXED_1_5R,2.3774711931316674,3.566206789697481,1.4999999999999913,1.0903983484984567,"{""pivot_highs"": [[11633, 151.43], [11642, 150.5]], ""pivot_lows"": [[11629, 149.62], [11636, 149.47]], ""broken_support"": 149.47}",TP_BEFORE_SL,1.410711181031345,1.2819121817693824
ET27-00557,SHORT_CONTINUATION_PRACTICAL_TARGET,BTCUSDT,SHORT,2025-05-02T22:00:00Z,96637.81,97124.13458483356,95908.32312274966,FIXED_1_5R,2.28594159950998,3.428912399264936,1.4999999999999851,1.4776921739954811,"{""pivot_highs"": [[11642, 97619.0], [11650, 97136.0]], ""pivot_lows"": [[11636, 97053.46], [11647, 96769.84]], ""broken_support"": 96769.84}",TP_BEFORE_SL,0.5148669379514494,1.0230947576310971
ET27-00558,SHORT_CONTINUATION_PRACTICAL_TARGET,BTCUSDT,SHORT,2025-05-03T01:30:00Z,96476.0,96875.53964843205,95876.69052735192,FIXED_1_5R,2.571098375739982,3.8566475636099726,1.5,1.09007593459523,"{""pivot_highs"": [[11650, 97136.0], [11664, 96935.67]], ""pivot_lows"": [[11647, 96769.84], [11655, 96561.57]], ""broken_support"": 96561.57}",TP_BEFORE_SL,0.38120058112699284,0.9204770392408814
ET27-00559,SHORT_CONTINUATION_PRACTICAL_TARGET,BTCUSDT,SHORT,2025-05-03T03:45:00Z,96337.5,96713.37693337485,95773.68459993773,FIXED_1_5R,2.8056938319950615,4.2085407479925925,1.5,1.2280193793338334,"{""pivot_highs"": [[11664, 96935.67], [11674, 96699.98]], ""pivot_lows"": [[11655, 96561.57], [11671, 96435.16]], ""broken_support"": 96435.16}",TP_BEFORE_SL,0.3452501882052933,0.8848784549664773
ET27-00560,MOMENTUM_BREAKDOWN_PULLBACK,ETHUSDT,SHORT,2025-05-03T06:15:00Z,1825.74,1830.073511365075,1819.2397329523874,FIXED_1_5R,1.12191718044427,1.682875770666405,1.5,2.7936319528649194,"{""breakdown_time"": ""2025-05-03T06:00:00Z"", ""broken_support"": 1831.13, ""pullback_bars"": 1, ""breakdown_volume_ratio"": 1.5029349221332706}",SL_BEFORE_TP,-0.47735643438140607,-2.011137535097726
ET27-00561,SHORT_CONTINUATION_PRACTICAL_TARGET,SOLUSDT,SHORT,2025-05-03T06:15:00Z,147.54,148.2202097705397,146.51968534419044,FIXED_1_5R,1.6916529525286392,2.537479428792959,1.5,1.7231753650214103,"{""pivot_highs"": [[11676, 149.05], [11686, 148.18]], ""pivot_lows"": [[11678, 148.04], [11686, 147.6]], ""broken_support"": 147.6}",SL_BEFORE_TP,-0.7010341402600682,-1.5205688235249055
ET27-00562,MOMENTUM_BREAKDOWN_PULLBACK,BTCUSDT,SHORT,2025-05-03T06:45:00Z,96183.5,96335.9341299659,95954.84880505115,FIXED_1_5R,1.1479820758996786,1.7219731138495178,1.5,1.2981434845093456,"{""breakdown_time"": ""2025-05-03T06:15:00Z"", ""broken_support"": 96300.02, ""pullback_bars"": 2, ""breakdown_volume_ratio"": 1.7411685817442422}",SL_BEFORE_TP,-0.3984826191247969,-2.5143616462510145
ET27-00563,SHORT_CONTINUATION_PRACTICAL_TARGET,SOLUSDT,SHORT,2025-05-03T10:45:00Z,146.78,147.68215122159407,145.4267731676089,FIXED_1_5R,2.1402730157666956,3.210409523650043,1.5,2.520468047420776,"{""pivot_highs"": [[11698, 148.4], [11705, 147.64]], ""pivot_lows"": [[11693, 147.38], [11703, 146.89]], ""broken_support"": 146.89}",SL_BEFORE_TP,-0.8546281656861067,-1.3904799900149207
ET27-00564,SHORT_CONTINUATION_PRACTICAL_TARGET,BTCUSDT,SHORT,2025-05-04T01:30:00Z,95690.49,96057.54024796978,94956.38950406045,FIXED_2R_STRONG_MOMENTUM,2.510561029666243,5.021122059332486,2.0,1.9736089335512315,"{""pivot_highs"": [[11750, 96441.49], [11761, 96042.92]], ""pivot_lows"": [[11733, 95869.68], [11758, 95753.01]], ""broken_support"": 95753.01}",SL_BEFORE_TP,-0.6235806964409684,-1.6256832062375044
ET27-00565,MOMENTUM_BREAKDOWN_PULLBACK,SOLUSDT,SHORT,2025-05-04T03:45:00Z,145.61,146.2484447646296,144.65233285305564,FIXED_1_5R,1.1193459743803063,1.6790189615704596,1.5,1.1786314508048574,"{""breakdown_time"": ""2025-05-04T03:00:00Z"", ""broken_support"": 145.88, ""pullback_bars"": 3, ""breakdown_volume_ratio"": 1.585469094125754}",SL_BEFORE_TP,-0.6784621692394632,-1.5473676336006208
ET27-00566,RANGE_BOUNDARY_REJECTION,ETHUSDT,SHORT,2025-05-04T06:15:00Z,1841.6,1846.5111853391725,1835.835,CONFIRMED_RANGE_MIDLINE,0.7911183411999788,0.9286550846778228,1.1738510363307042,1.1313346649146672,"{""lower"": 1828.0500000000002, ""upper"": 1843.62, ""midline"": 1835.835, ""width_atr"": 2.508093611176713, ""high_touches"": 2, ""low_touches"": 4, ""adx14"": 15.689493071569334}",SL_BEFORE_TP,-0.5066803507369984,-1.8999538186324396
ET27-00567,TRAP_REVERSAL,ETHUSDT,SHORT,2025-05-04T06:15:00Z,1841.6,1846.5111853391725,1835.835,FALSE_BREAKOUT_TO_MIDLINE,0.7911183411999788,0.9286550846778228,1.1738510363307042,1.1313346649146672,"{""lower"": 1828.0500000000002, ""upper"": 1843.62, ""midline"": 1835.835, ""width_atr"": 2.508093611176713, ""high_touches"": 2, ""low_touches"": 4, ""adx14"": 15.689493071569334}",SL_BEFORE_TP,-0.5066803507369984,-1.8999538186324396
ET27-00568,SHORT_CONTINUATION_PRACTICAL_TARGET,BTCUSDT,SHORT,2025-05-04T08:15:00Z,95672.66,96098.39844279064,94821.18311441873,FIXED_2R_STRONG_MOMENTUM,2.729365030245831,5.458730060491662,2.0,1.59195238406551,"{""pivot_highs"": [[11784, 96142.86], [11789, 96082.8]], ""pivot_lows"": [[11786, 95866.06], [11790, 95808.8]], ""broken_support"": 95808.8}",TP_BEFORE_SL,0.6499897688443832,1.4606679573145418
ET27-00569,SHORT_CONTINUATION_PRACTICAL_TARGET,ETHUSDT,SHORT,2025-05-04T09:15:00Z,1825.06,1841.9122029651176,1791.3555940697647,FIXED_2R_STRONG_MOMENTUM,2.945144291877306,5.890288583754612,2.0,1.7578020510273438,"{""pivot_highs"": [[11783, 1849.95], [11787, 1848.54]], ""pivot_lows"": [[11786, 1839.5], [11790, 1836.31]], ""broken_support"": 1836.31}",SL_BEFORE_TP,-1.1633780240166138,-1.2599152175573995
ET27-00570,SHORT_CONTINUATION_PRACTICAL_TARGET,SOLUSDT,SHORT,2025-05-04T09:15:00Z,144.83,146.00788971428832,143.06316542856754,FIXED_1_5R,2.459588101103878,3.6893821516558165,1.5,1.1260058719897574,"{""pivot_highs"": [[11783, 146.54], [11794, 145.96]], ""pivot_lows"": [[11779, 145.22], [11790, 145.17]], ""broken_support"": 145.17}",SL_BEFORE_TP,-1.0532912478687513,-1.295097236849561
ET27-00571,MOMENTUM_BREAKDOWN_PULLBACK,BTCUSDT,SHORT,2025-05-04T22:30:00Z,94881.59,95343.90123248704,94188.12315126942,FIXED_1_5R,2.7544167386038247,4.131625107905781,1.5000000000000158,6.396506987663123,"{""breakdown_time"": ""2025-05-04T22:00:00Z"", ""broken_support"": 95348.3, ""pullback_bars"": 2, ""breakdown_volume_ratio"": 6.19597067283614}",TP_BEFORE_SL,0.4908760832639665,1.0074404427186967
ET27-00572,MOMENTUM_BREAKDOWN_PULLBACK,ETHUSDT,SHORT,2025-05-04T22:30:00Z,1815.51,1827.4722497333862,1797.5666253999207,FIXED_1_5R,2.1353224801972184,3.202983720295827,1.5,3.854635377001777,"{""breakdown_time"": ""2025-05-04T22:00:00Z"", ""broken_support"": 1831.91, ""pullback_bars"": 2, ""breakdown_volume_ratio"": 3.490598864548194}",TP_BEFORE_SL,0.748337965644878,1.1357521288124306
ET27-00573,MOMENTUM_BREAKDOWN_PULLBACK,SOLUSDT,SHORT,2025-05-04T23:00:00Z,144.88,145.39587589401728,144.10618615897408,FIXED_1_5R,0.9397232205433458,1.4095848308149928,1.4999999999999725,1.9686447126610311,"{""breakdown_time"": ""2025-05-04T22:30:00Z"", ""broken_support"": 146.0, ""pullback_bars"": 2, ""breakdown_volume_ratio"": 2.190927640581201}",TP_BEFORE_SL,0.29410673731771986,0.8259774220263062
ET27-00574,SHORT_CONTINUATION_PRACTICAL_TARGET,SOLUSDT,SHORT,2025-05-05T01:30:00Z,143.22,145.50844283616968,138.64311432766064,FIXED_2R_STRONG_MOMENTUM,3.343582709658476,6.687165419316952,2.0,2.2795392909665075,"{""pivot_highs"": [[11848, 147.14], [11858, 145.44]], ""pivot_lows"": [[11837, 146.0], [11853, 143.5]], ""broken_support"": 143.5}",SL_BEFORE_TP,-1.837851442654433,-1.1502016981011074
ET27-00575,SHORT_CONTINUATION_PRACTICAL_TARGET,BTCUSDT,SHORT,2025-05-05T10:00:00Z,94436.07,94664.12094584183,94093.99358123727,FIXED_1_5R,1.4571064787173438,2.185659718076016,1.5,1.6022181841849534,"{""pivot_highs"": [[11888, 94798.01], [11894, 94648.47]], ""pivot_lows"": [[11885, 94528.36], [11893, 94467.65]], ""broken_support"": 94467.65}",TP_BEFORE_SL,0.12223068025039113,0.5061581759138933
ET27-00576,MOMENTUM_BREAKDOWN_PULLBACK,BTCUSDT,SHORT,2025-05-05T10:30:00Z,94200.01,94469.29818273838,93796.07772589242,FIXED_1_5R,1.6581629165947342,2.4872443748921014,1.5,1.356456847935709,"{""breakdown_time"": ""2025-05-05T10:00:00Z"", ""broken_support"": 94467.65, ""pullback_bars"": 2, ""breakdown_volume_ratio"": 1.6022181841849534}",TP_BEFORE_SL,0.18880279323491994,0.6604532300637938
ET27-00577,MOMENTUM_BREAKDOWN_PULLBACK,BTCUSDT,SHORT,2025-05-06T08:15:00Z,94036.67,94236.96739121854,93736.22391317219,FIXED_1_5R,1.3318094928608268,1.9977142392912404,1.5,2.8963949412131345,"{""breakdown_time"": ""2025-05-06T08:00:00Z"", ""broken_support"": 94308.63, ""pullback_bars"": 1, ""breakdown_volume_ratio"": 1.9158550680649045}",SL_BEFORE_TP,-0.4529992387209593,-2.126764590527073
ET27-00578,SHORT_CONTINUATION_PRACTICAL_TARGET,SOLUSDT,SHORT,2025-05-06T10:30:00Z,143.41,144.47522595985757,141.81216106021364,FIXED_1_5R,1.928850060016494,2.893275090024741,1.5,1.5908268884061536,"{""pivot_highs"": [[11987, 144.67], [11991, 144.42]], ""pivot_lows"": [[11985, 143.68], [11991, 143.51]], ""broken_support"": 143.51}",TP_BEFORE_SL,0.8741753990561025,1.1768910888671733
ET27-00579,MOMENTUM_BREAKDOWN_PULLBACK,BTCUSDT,SHORT,2025-05-06T10:45:00Z,93942.83,94102.16896974195,93703.82154538708,FIXED_1_5R,1.0582051241495674,1.587307686224351,1.5,2.8012797449241447,"{""breakdown_time"": ""2025-05-06T10:30:00Z"", ""broken_support"": 94113.02, ""pullback_bars"": 1, ""breakdown_volume_ratio"": 1.588933166961793}",TP_BEFORE_SL,0.01441904891828566,0.08501161162808679
ET27-00580,SHORT_CONTINUATION_PRACTICAL_TARGET,ETHUSDT,SHORT,2025-05-07T16:15:00Z,1804.58,1826.2827565444998,1768.49,NEAREST_CONFIRMED_SUPPORT,3.178696230645254,5.285925164794811,1.6629224000186402,1.0322476216194019,"{""pivot_highs"": [[12095, 1837.11], [12102, 1835.81]], ""pivot_lows"": [[12101, 1821.92], [12107, 1816.79]], ""broken_support"": 1816.79}",SL_BEFORE_TP,-1.4426486243059236,-1.199559534804698
ET27-00581,SHORT_CONTINUATION_PRACTICAL_TARGET,SOLUSDT,SHORT,2025-05-07T16:15:00Z,145.23,146.39791438593178,143.4781284211023,FIXED_1_5R,2.0166222383982033,3.024933357597305,1.5,1.1312887582467392,"{""pivot_highs"": [[12091, 147.91], [12102, 147.43]], ""pivot_lows"": [[12090, 147.37], [12101, 146.33]], ""broken_support"": 146.33}",SL_BEFORE_TP,-1.0441825972125558,-1.29843968376322
ET27-00582,SHORT_CONTINUATION_PRACTICAL_TARGET,SOLUSDT,SHORT,2025-05-10T11:30:00Z,168.93,172.23379354810606,162.3224129037879,FIXED_2R_STRONG_MOMENTUM,3.522410245499801,7.044820490999602,2.0,1.4944591487460417,"{""pivot_highs"": [[12370, 173.4], [12376, 172.29]], ""pivot_lows"": [[12363, 171.09], [12372, 170.55]], ""broken_support"": 170.55}",SL_BEFORE_TP,-2.195717485411743,-1.122717111131965
ET27-00583,MOMENTUM_BREAKDOWN_PULLBACK,ETHUSDT,SHORT,2025-05-11T13:30:00Z,2489.04,2503.630878422731,2467.1536823659035,FIXED_1_5R,0.8537343761198536,1.2806015641797936,1.5000000000000155,3.064949537696071,"{""breakdown_time"": ""2025-05-11T13:15:00Z"", ""broken_support"": 2510.9, ""pullback_bars"": 1, ""breakdown_volume_ratio"": 2.1955868404183816}",TP_BEFORE_SL,0.6393075898377081,1.0905869525515701
ET27-00584,MOMENTUM_BREAKDOWN_PULLBACK,SOLUSDT,SHORT,2025-05-11T13:30:00Z,172.1,173.23432913582135,170.39850629626795,FIXED_1_5R,1.1905932404778066,1.78588986071671,1.5,3.0286932042959687,"{""breakdown_time"": ""2025-05-11T13:15:00Z"", ""broken_support"": 173.59, ""pullback_bars"": 1, ""breakdown_volume_ratio"": 1.468545908413175}",TP_BEFORE_SL,0.7486657197745735,1.135872881197819
ET27-00585,TRAP_REVERSAL,BTCUSDT,LONG,2025-05-11T23:00:00Z,103884.02,103717.04511674117,104188.48749999999,FALSE_BREAKDOWN_TO_MIDLINE,0.5583836289194644,1.0181750944810444,1.82343292630432,1.1011561007479171,"{""lower"": 103866.275, ""upper"": 104510.7, ""midline"": 104188.48749999999, ""width_atr"": 2.1550329189847317, ""high_touches"": 2, ""low_touches"": 3, ""adx14"": 17.105828506245263}",TP_BEFORE_SL,0.053084056623900644,0.33026435427716105
ET27-00586,RANGE_BOUNDARY_REJECTION,ETHUSDT,LONG,2025-05-12T05:30:00Z,2502.18,2489.802655623346,2515.945,CONFIRMED_RANGE_MIDLINE,0.8449297598608664,0.9396569886527759,1.1121125486306793,0.8369978459119188,"{""lower"": 2500.375, ""upper"": 2531.5150000000003, ""midline"": 2515.945, ""width_atr"": 2.1257478115980426, ""high_touches"": 3, ""low_touches"": 2, ""adx14"": 10.749735016094757}",SL_BEFORE_TP,-0.7346624294277005,-1.4851793581284674
ET27-00587,RANGE_BOUNDARY_REJECTION,BTCUSDT,LONG,2025-05-12T12:15:00Z,104000.04,103750.54888190114,104284.8625,CONFIRMED_RANGE_MIDLINE,0.8233827742900516,0.9399851265940146,1.1416137863759677,0.8844994531448791,"{""lower"": 103887.5, ""upper"": 104682.225, ""midline"": 104284.8625, ""width_atr"": 2.622790263172359, ""high_touches"": 2, ""low_touches"": 2, ""adx14"": 13.638047962657405}",TP_BEFORE_SL,0.03386768312782312,0.14117698565146153
ET27-00588,SHORT_CONTINUATION_PRACTICAL_TARGET,BTCUSDT,SHORT,2025-05-12T18:00:00Z,101965.65,103132.4269906987,99632.09601860258,FIXED_2R_STRONG_MOMENTUM,2.679351596926165,5.35870319385233,2.0,2.1162729871221804,"{""pivot_highs"": [[12583, 104629.96], [12596, 103088.88]], ""pivot_lows"": [[12588, 102433.41], [12591, 102388.0]], ""broken_support"": 102388.0}",SL_BEFORE_TP,-1.3842843650765808,-1.2097380750141928
ET27-00589,SHORT_CONTINUATION_PRACTICAL_TARGET,ETHUSDT,SHORT,2025-05-12T18:00:00Z,2461.32,2514.538397059637,2381.4924044105446,FIXED_1_5R,2.4430072022089444,3.6645108033134166,1.5,1.200499450007497,"{""pivot_highs"": [[12581, 2576.29], [12596, 2512.36]], ""pivot_lows"": [[12588, 2478.0], [12592, 2470.66]], ""broken_support"": 2470.66}",SL_BEFORE_TP,-2.402189274845896,-1.1109986081200525
ET27-00590,MOMENTUM_BREAKDOWN_PULLBACK,BTCUSDT,SHORT,2025-05-12T18:30:00Z,101202.99,102303.13861282497,99552.76708076255,FIXED_1_5R,2.3659698127819557,3.5489547191729334,1.5,1.6412895932498899,"{""breakdown_time"": ""2025-05-12T18:00:00Z"", ""broken_support"": 102388.0, ""pullback_bars"": 2, ""breakdown_volume_ratio"": 2.1162729871221804}",SL_BEFORE_TP,-1.327071254342354,-1.2207766961377273
ET27-00591,MOMENTUM_BREAKDOWN_PULLBACK,ETHUSDT,SHORT,2025-05-12T18:45:00Z,2435.05,2477.7616607900973,2370.9825088148546,FIXED_1_5R,1.7724759807112032,2.658713971066805,1.5,2.7395279552448906,"{""breakdown_time"": ""2025-05-12T18:00:00Z"", ""broken_support"": 2470.66, ""pullback_bars"": 3, ""breakdown_volume_ratio"": 1.200499450007497}",SL_BEFORE_TP,-1.9940362945359267,-1.1368272713327736
ET27-00592,SHORT_CONTINUATION_PRACTICAL_TARGET,BTCUSDT,SHORT,2025-05-13T02:00:00Z,102095.46,102748.35658229902,100789.66683540198,FIXED_2R_STRONG_MOMENTUM,1.916530917507464,3.833061835014928,2.0,1.7274299849235382,"{""pivot_highs"": [[12621, 103127.92], [12629, 102714.29]], ""pivot_lows"": [[12614, 102352.86], [12627, 102165.39]], ""broken_support"": 102165.39}",SL_BEFORE_TP,-0.8794961953244679,-1.375295430613514
ET27-00593,SHORT_CONTINUATION_PRACTICAL_TARGET,SOLUSDT,SHORT,2025-05-13T02:30:00Z,168.52,172.1857931973236,161.18841360535285,FIXED_2R_STRONG_MOMENTUM,2.699541118093528,5.399082236187056,2.0,1.3147858462079351,"{""pivot_highs"": [[12621, 174.81], [12632, 171.43]], ""pivot_lows"": [[12616, 172.12], [12630, 169.61]], ""broken_support"": 169.61}",SL_BEFORE_TP,-2.4152867299570255,-1.1103302827598922
ET27-00594,MOMENTUM_BREAKDOWN_PULLBACK,SOLUSDT,SHORT,2025-05-13T03:15:00Z,167.87,169.8272524728221,164.93412129076688,FIXED_1_5R,1.4042859443308071,2.1064289164962005,1.4999999999999927,1.4926860879124209,"{""breakdown_time"": ""2025-05-13T02:30:00Z"", ""broken_support"": 169.61, ""pullback_bars"": 3, ""breakdown_volume_ratio"": 1.3147858462079351}",SL_BEFORE_TP,-1.4059334442259435,-1.205843653588078
ET27-00595,SHORT_CONTINUATION_PRACTICAL_TARGET,BTCUSDT,SHORT,2025-05-14T08:45:00Z,103200.0,103910.80888786727,101778.38222426546,FIXED_2R_STRONG_MOMENTUM,3.116368022866725,6.23273604573345,2.0,3.152370743482503,"{""pivot_highs"": [[12743, 103971.0], [12752, 103888.0]], ""pivot_lows"": [[12742, 103687.13], [12749, 103381.02]], ""broken_support"": 103381.02}",SL_BEFORE_TP,-0.9287683021969686,-1.348448090939247
ET27-00596,MOMENTUM_BREAKDOWN_PULLBACK,BTCUSDT,SHORT,2025-05-14T09:00:00Z,103129.57,103329.8432750521,102829.16008742186,FIXED_1_5R,0.8269127606288151,1.2403691409432527,1.5000000000000364,3.236163581002057,"{""breakdown_time"": ""2025-05-14T08:45:00Z"", ""broken_support"": 103381.02, ""pullback_bars"": 1, ""breakdown_volume_ratio"": 3.152370743482503}",SL_BEFORE_TP,-0.4341957821137966,-2.2358661830222584
ET27-00597,MOMENTUM_BREAKDOWN_PULLBACK,SOLUSDT,SHORT,2025-05-14T14:15:00Z,176.94,179.13610026972455,173.64584959541315,FIXED_1_5R,1.6882227867508395,2.53233418012627,1.5000000000000064,1.8647605694718228,"{""breakdown_time"": ""2025-05-14T13:30:00Z"", ""broken_support"": 179.29, ""pullback_bars"": 3, ""breakdown_volume_ratio"": 2.2361665757709144}",TP_BEFORE_SL,1.6217330194341837,1.3066317800447025
ET27-00598,MOMENTUM_BREAKDOWN_PULLBACK,BTCUSDT,SHORT,2025-05-15T01:45:00Z,103033.52,103519.7427577602,102304.1858633597,FIXED_1_5R,2.4995645986046457,3.749346897906969,1.5,3.1614955303461305,"{""breakdown_time"": ""2025-05-15T01:15:00Z"", ""broken_support"": 103492.06, ""pullback_bars"": 2, ""breakdown_volume_ratio"": 1.4852239834921626}",TP_BEFORE_SL,0.46786103070175966,0.991425598548485
ET27-00599,SHORT_CONTINUATION_PRACTICAL_TARGET,SOLUSDT,SHORT,2025-05-15T03:45:00Z,174.06,176.559057614107,170.3114135788395,FIXED_1_5R,2.522832431041252,3.7842486465618927,1.5000000000000058,1.0270296910614243,"{""pivot_highs"": [[12817, 178.33], [12827, 176.46]], ""pivot_lows"": [[12813, 175.22], [12823, 174.11]], ""broken_support"": 174.11}",TP_BEFORE_SL,1.9136173854765575,1.332839388078989
ET27-00600,SHORT_CONTINUATION_PRACTICAL_TARGET,BTCUSDT,SHORT,2025-05-15T05:45:00Z,102375.31,102981.51015511758,101466.00976732363,FIXED_1_5R,3.1688198626302886,4.753229793945432,1.5,1.1306291080216133,"{""pivot_highs"": [[12827, 103159.3], [12834, 102962.38]], ""pivot_lows"": [[12816, 103492.06], [12832, 102711.0]], ""broken_support"": 102711.0}",TP_BEFORE_SL,0.6482026659322128,1.0946870981048429
ET27-00601,SHORT_CONTINUATION_PRACTICAL_TARGET,ETHUSDT,SHORT,2025-05-15T06:30:00Z,2559.07,2591.2562431798174,2494.6975136403657,FIXED_2R_STRONG_MOMENTUM,2.1802805675828996,4.360561135165799,2.0,1.7135334487683112,"{""pivot_highs"": [[12827, 2598.02], [12836, 2596.49]], ""pivot_lows"": [[12831, 2570.85], [12839, 2563.86]], ""broken_support"": 2563.86}",TP_BEFORE_SL,2.2754640693546646,1.809180339386385
ET27-00602,SHORT_CONTINUATION_PRACTICAL_TARGET,SOLUSDT,SHORT,2025-05-15T07:00:00Z,171.81,174.56618820073322,166.29762359853356,FIXED_2R_STRONG_MOMENTUM,2.595569170305331,5.191138340610662,2.0,1.877282197405641,"{""pivot_highs"": [[12834, 175.29], [12841, 174.46]], ""pivot_lows"": [[12832, 173.84], [12839, 172.74]], ""broken_support"": 172.74}",NEITHER_EXPIRED,-0.2749222978872023,-0.17137581529241946
ET27-00603,MOMENTUM_BREAKDOWN_PULLBACK,ETHUSDT,SHORT,2025-05-15T07:15:00Z,2541.21,2567.2575228568767,2502.138715714685,FIXED_1_5R,1.621616434624342,2.432424651936513,1.5,2.9253055640550487,"{""breakdown_time"": ""2025-05-15T07:00:00Z"", ""broken_support"": 2563.86, ""pullback_bars"": 1, ""breakdown_volume_ratio"": 1.4920724390561204}",SL_BEFORE_TP,-1.2650047362034873,-1.2341452595516147
ET27-00604,MOMENTUM_BREAKDOWN_PULLBACK,SOLUSDT,SHORT,2025-05-15T07:15:00Z,171.07,172.35083828081702,169.14874257877446,FIXED_1_5R,1.1747371850063435,1.7621057775095155,1.5,1.8556645714419042,"{""breakdown_time"": ""2025-05-15T07:00:00Z"", ""broken_support"": 172.74, ""pullback_bars"": 1, ""breakdown_volume_ratio"": 1.877282197405641}",SL_BEFORE_TP,-0.9887217401163396,-1.3205463220056997
ET27-00605,SHORT_CONTINUATION_PRACTICAL_TARGET,BTCUSDT,SHORT,2025-05-15T09:30:00Z,101699.63,102350.20931039695,100398.47137920611,FIXED_2R_STRONG_MOMENTUM,2.8030962543486826,5.606192508697365,2.0,1.5148077731443346,"{""pivot_highs"": [[12841, 102686.1], [12851, 102327.0]], ""pivot_lows"": [[12832, 102711.0], [12847, 101724.17]], ""broken_support"": 101724.17}",SL_BEFORE_TP,-0.8797066640232104,-1.3751719553624848
ET27-00606,SHORT_CONTINUATION_PRACTICAL_TARGET,SOLUSDT,SHORT,2025-05-15T10:30:00Z,169.27,172.1269207094011,164.98461893589837,FIXED_1_5R,2.4434685044548763,3.6652027566823144,1.5,1.1875477348205536,"{""pivot_highs"": [[12841, 174.46], [12851, 173.06]], ""pivot_lows"": [[12839, 172.74], [12847, 169.76]], ""broken_support"": 169.76}",SL_BEFORE_TP,-1.9277891589774294,-1.1421978561264177
ET27-00607,SHORT_CONTINUATION_PRACTICAL_TARGET,ETHUSDT,SHORT,2025-05-15T14:30:00Z,2493.37,2570.667289765276,2338.7754204694475,FIXED_2R_STRONG_MOMENTUM,3.566541539747633,7.133083079495266,2.0,2.8121674640322136,"{""pivot_highs"": [[12866, 2579.61], [12870, 2568.5]], ""pivot_lows"": [[12864, 2543.14], [12871, 2503.0]], ""broken_support"": 2503.0}",SL_BEFORE_TP,-3.340113090527127,-1.0774165306205625
ET27-00608,RANGE_BOUNDARY_REJECTION,SOLUSDT,LONG,2025-05-16T18:45:00Z,170.32,169.5650843872435,171.23000000000002,CONFIRMED_RANGE_MIDLINE,0.6866380933907031,0.8276960423483892,1.2054327458896499,1.198324210601652,"{""lower"": 169.99, ""upper"": 172.47, ""midline"": 171.23000000000002, ""width_atr"": 2.255699104421913, ""high_touches"": 2, ""low_touches"": 2, ""adx14"": 13.106872550696037}",TP_BEFORE_SL,0.29428839830908005,0.6639576550415105
ET27-00609,TRAP_REVERSAL,SOLUSDT,LONG,2025-05-16T18:45:00Z,170.32,169.5650843872435,171.23000000000002,FALSE_BREAKDOWN_TO_MIDLINE,0.6866380933907031,0.8276960423483892,1.2054327458896499,1.198324210601652,"{""lower"": 169.99, ""upper"": 172.47, ""midline"": 171.23000000000002, ""width_atr"": 2.255699104421913, ""high_touches"": 2, ""low_touches"": 2, ""adx14"": 13.106872550696037}",TP_BEFORE_SL,0.29428839830908005,0.6639576550415105
ET27-00610,SHORT_CONTINUATION_PRACTICAL_TARGET,SOLUSDT,SHORT,2025-05-16T20:30:00Z,169.28,171.62859488396992,164.58281023206015,FIXED_2R_STRONG_MOMENTUM,2.382065670553636,4.764131341107272,2.0,1.7438359196768831,"{""pivot_highs"": [[12982, 172.22], [12991, 171.53]], ""pivot_lows"": [[12983, 169.95], [12987, 169.73]], ""broken_support"": 169.73}",TP_BEFORE_SL,2.5348049196242,1.8270148663045445
ET27-00611,SHORT_CONTINUATION_PRACTICAL_TARGET,BTCUSDT,SHORT,2025-05-16T22:00:00Z,103466.0,103814.95975629931,102942.56036555103,FIXED_1_5R,1.5159142076136969,2.2738713114205136,1.4999999999999791,1.8917798900545433,"{""pivot_highs"": [[12985, 104094.9], [12991, 104047.62]], ""pivot_lows"": [[12989, 103587.0], [12995, 103526.47]], ""broken_support"": 103526.47}",TP_BEFORE_SL,0.26590496824943943,0.7884039046983518
ET27-00612,MOMENTUM_BREAKDOWN_PULLBACK,ETHUSDT,SHORT,2025-05-16T22:15:00Z,2548.94,2561.1925453961717,2530.5611819057426,FIXED_1_5R,0.8897216687339766,1.3345825031009648,1.5,1.0196964808491753,"{""breakdown_time"": ""2025-05-16T22:00:00Z"", ""broken_support"": 2562.1, ""pullback_bars"": 1, ""breakdown_volume_ratio"": 1.448287801538541}",TP_BEFORE_SL,0.4810376899518012,1.0007195809361025
ET27-00613,SHORT_CONTINUATION_PRACTICAL_TARGET,ETHUSDT,SHORT,2025-05-16T22:15:00Z,2548.94,2584.637121163477,2495.3943182547846,FIXED_1_5R,2.592155440655726,3.8882331609836056,1.5000000000000064,1.0196964808491753,"{""pivot_highs"": [[12988, 2593.47], [12991, 2593.46]], ""pivot_lows"": [[12995, 2562.1], [12998, 2550.0]], ""broken_support"": 2550.0}",TP_BEFORE_SL,1.8607038904491853,1.3286288697627866
ET27-00614,MOMENTUM_BREAKDOWN_PULLBACK,SOLUSDT,SHORT,2025-05-16T22:15:00Z,167.39,168.26041551437925,166.0843767284311,FIXED_1_5R,0.8674119964021869,1.3011179946032803,1.5,1.9353834390571616,"{""breakdown_time"": ""2025-05-16T22:00:00Z"", ""broken_support"": 168.82, ""pullback_bars"": 1, ""breakdown_volume_ratio"": 1.9048110691558306}",SL_BEFORE_TP,-0.759992540999618,-1.4615450820479678
ET27-00615,RANGE_BOUNDARY_REJECTION,BTCUSDT,LONG,2025-05-16T22:45:00Z,103521.96,103376.45660117187,103766.6225,CONFIRMED_RANGE_MIDLINE,0.7028380353796031,1.1818150793451074,1.6814899306165307,0.9857840023473708,"{""lower"": 103461.985, ""upper"": 104071.26, ""midline"": 103766.6225, ""width_atr"": 2.9430353342584548, ""high_touches"": 3, ""low_touches"": 3, ""adx14"": 15.969570755129581}",SL_BEFORE_TP,-0.3805531723202842,-2.7075388341509807
ET27-00616,MOMENTUM_BREAKDOWN_PULLBACK,BTCUSDT,SHORT,2025-05-17T00:30:00Z,103190.0,103404.51641356273,102868.22537965591,FIXED_1_5R,1.092779661003758,1.6391694915056367,1.5,3.3405835963136523,"{""breakdown_time"": ""2025-05-17T00:15:00Z"", ""broken_support"": 103407.51, ""pullback_bars"": 1, ""breakdown_volume_ratio"": 2.4126168012371334}",SL_BEFORE_TP,-0.44788488570862234,-2.154485085252379
ET27-00617,SHORT_CONTINUATION_PRACTICAL_TARGET,ETHUSDT,SHORT,2025-05-17T02:00:00Z,2457.49,2512.3140815430634,2347.8418369138726,FIXED_2R_STRONG_MOMENTUM,3.1615630627270237,6.323126125454047,2.0,1.4661105149709392,"{""pivot_highs"": [[12991, 2593.46], [13006, 2557.93]], ""pivot_lows"": [[13003, 2529.4], [13010, 2483.08]], ""broken_support"": 2483.08}",SL_BEFORE_TP,-2.4708974418233076,-1.107580023850782
ET27-00618,SHORT_CONTINUATION_PRACTICAL_TARGET,SOLUSDT,SHORT,2025-05-17T02:00:00Z,164.3,167.29301323185865,159.81048015221205,FIXED_1_5R,2.648374161710929,3.972561242566394,1.5,1.228227766121693,"{""pivot_highs"": [[12991, 171.53], [13005, 168.47]], ""pivot_lows"": [[13003, 166.36], [13010, 165.52]], ""broken_support"": 165.52}",SL_BEFORE_TP,-2.0616757345457333,-1.1317468281806191
ET27-00619,SHORT_FAILED_REBOUND,BTCUSDT,SHORT,2025-05-17T08:45:00Z,103426.06,103584.67398562541,103227.79251796822,CLOSER_PRIOR_LOW_OR_1_25R,0.9855481999126212,1.2319352498908218,1.250000000000046,1.0292844719249783,"{""rebound_bars"": 2, ""impulse_high"": 103640.14, ""impulse_low"": 103120.0, ""rebound_high"": 103568.58}",TP_BEFORE_SL,-0.04830026587904726,-0.31494739742683997
ET27-00620,SHORT_CONTINUATION_PRACTICAL_TARGET,BTCUSDT,SHORT,2025-05-17T09:15:00Z,102876.52,103587.53351821782,101454.49296356436,FIXED_2R_STRONG_MOMENTUM,3.7513537594780493,7.5027075189560986,2.0,1.95024054544407,"{""pivot_highs"": [[13037, 103640.14], [13042, 103568.58]], ""pivot_lows"": [[13034, 103285.71], [13041, 103120.0]], ""broken_support"": 103120.0}",SL_BEFORE_TP,-0.9311329409449504,-1.347255912403568
ET27-00621,SHORT_CONTINUATION_PRACTICAL_TARGET,SOLUSDT,SHORT,2025-05-17T13:30:00Z,166.28,168.16396713733727,163.4540492939941,FIXED_1_5R,2.2436958041931736,3.3655437062897606,1.5,1.083674295982546,"{""pivot_highs"": [[13055, 168.13], [13058, 168.08]], ""pivot_lows"": [[13045, 167.0], [13053, 166.71]], ""broken_support"": 166.71}",SL_BEFORE_TP,-1.3730088629644366,-1.211825350926256
ET27-00622,TRAP_REVERSAL,SOLUSDT,SHORT,2025-05-18T01:45:00Z,167.24,167.9292212827518,166.1125,FALSE_BREAKOUT_TO_MIDLINE,0.800047718233539,1.308801432693386,1.6359042127926404,1.2400638710621963,"{""lower"": 164.54000000000002, ""upper"": 167.685, ""midline"": 166.1125, ""width_atr"": 3.65071441757932, ""high_touches"": 2, ""low_touches"": 3, ""adx14"": 16.04886136118358}",SL_BEFORE_TP,-0.6521150937286462,-1.5823615869745988
ET27-00623,SHORT_CONTINUATION_PRACTICAL_TARGET,ETHUSDT,SHORT,2025-05-18T19:30:00Z,2432.76,2480.2329042593788,2337.814191481243,FIXED_2R_STRONG_MOMENTUM,2.2257400467288417,4.4514800934576835,2.0,2.4237894337684147,"{""pivot_highs"": [[13167, 2587.61], [13171, 2583.14]], ""pivot_lows"": [[13169, 2554.54], [13177, 2450.94]], ""broken_support"": 2450.94}",TP_BEFORE_SL,3.6628021061986002,1.8770114428201103
ET27-00624,MOMENTUM_BREAKDOWN_PULLBACK,ETHUSDT,SHORT,2025-05-18T19:45:00Z,2408.2,2439.060121889022,2361.9098171664664,FIXED_1_5R,1.392122158749675,2.088183238124523,1.5000000000000073,1.631453762802925,"{""breakdown_time"": ""2025-05-18T19:30:00Z"", ""broken_support"": 2450.94, ""pullback_bars"": 1, ""breakdown_volume_ratio"": 2.4237894337684147}",TP_BEFORE_SL,1.6821901351022939,1.3127136366867114
ET27-00625,MOMENTUM_BREAKDOWN_PULLBACK,SOLUSDT,SHORT,2025-05-18T19:45:00Z,166.65,168.17857259343077,164.35714110985384,FIXED_1_5R,1.2346066456540263,1.851909968481051,1.5000000000000093,1.423099818283819,"{""breakdown_time"": ""2025-05-18T19:30:00Z"", ""broken_support"": 168.94, ""pullback_bars"": 1, ""breakdown_volume_ratio"": 1.919481171119888}",SL_BEFORE_TP,-1.1572352795864185,-1.2616558753695302
ET27-00626,SHORT_CONTINUATION_PRACTICAL_TARGET,SOLUSDT,SHORT,2025-05-18T19:45:00Z,166.65,170.87381049452566,158.2023790109487,FIXED_2R_STRONG_MOMENTUM,3.411512497957644,6.823024995915288,2.0,1.423099818283819,"{""pivot_highs"": [[13168, 176.77], [13171, 176.46]], ""pivot_lows"": [[13169, 174.93], [13177, 168.94]], ""broken_support"": 168.94}",SL_BEFORE_TP,-2.77453975069046,-1.0946917482492113
ET27-00627,SHORT_CONTINUATION_PRACTICAL_TARGET,SOLUSDT,SHORT,2025-05-19T04:15:00Z,165.52,167.14006503158538,163.08990245262197,FIXED_1_5R,1.156652030309131,1.7349780454636863,1.4999999999999911,1.2110499367732852,"{""pivot_highs"": [[13199, 174.28], [13206, 168.73]], ""pivot_lows"": [[13205, 166.5], [13208, 165.96]], ""broken_support"": 165.96}",TP_BEFORE_SL,1.2281594655498065,1.2547950284370535
ET27-00628,MOMENTUM_BREAKDOWN_PULLBACK,SOLUSDT,SHORT,2025-05-19T04:30:00Z,164.35,166.00861532090943,161.86207701863583,FIXED_1_5R,1.1143156001162324,1.671473400174358,1.5000000000000087,2.1354506723956503,"{""breakdown_time"": ""2025-05-19T04:15:00Z"", ""broken_support"": 165.96, ""pullback_bars"": 1, ""breakdown_volume_ratio"": 1.2110499367732852}",TP_BEFORE_SL,1.2737955469206963,1.2621871720178548
ET27-00629,SHORT_CONTINUATION_PRACTICAL_TARGET,SOLUSDT,SHORT,2025-05-19T06:30:00Z,160.76,163.90561164547438,154.4687767090512,FIXED_2R_STRONG_MOMENTUM,2.1602747741957913,4.320549548391583,2.0,1.8891827410924702,"{""pivot_highs"": [[13206, 168.73], [13217, 166.84]], ""pivot_lows"": [[13205, 166.5], [13208, 165.96]], ""broken_support"": 165.96}",SL_BEFORE_TP,-2.196712892183621,-1.1226546832489914
ET27-00630,MOMENTUM_BREAKDOWN_PULLBACK,BTCUSDT,SHORT,2025-05-19T12:15:00Z,102608.7,102695.18330429938,102478.97504355092,FIXED_1_5R,0.3186043522187344,0.4779065283281016,1.5,1.0814627636823646,"{""breakdown_time"": ""2025-05-19T12:00:00Z"", ""broken_support"": 102782.6, ""pullback_bars"": 1, ""breakdown_volume_ratio"": 1.332274819569241}",TP_BEFORE_SL,-0.11357314102110486,-1.3474961958842617
ET27-00631,SHORT_CONTINUATION_PRACTICAL_TARGET,ETHUSDT,SHORT,2025-05-20T13:30:00Z,2472.69,2513.479592241493,2411.505611637761,FIXED_1_5R,3.0449259840470426,4.567388976070563,1.5,1.9571249031061442,"{""pivot_highs"": [[13331, 2540.0], [13342, 2519.54]], ""pivot_lows"": [[13341, 2492.58], [13346, 2478.68]], ""broken_support"": 2478.68}",SL_BEFORE_TP,-1.8896039633554047,-1.1454894661575763
ET27-00632,SHORT_CONTINUATION_PRACTICAL_TARGET,SOLUSDT,SHORT,2025-05-20T14:00:00Z,164.72,166.6060573223478,161.8909140164783,FIXED_1_5R,2.191629103593812,3.2874436553907342,1.5000000000000075,1.9985662345113788,"{""pivot_highs"": [[13342, 166.77], [13348, 166.52]], ""pivot_lows"": [[13341, 165.23], [13346, 165.14]], ""broken_support"": 165.14}",SL_BEFORE_TP,-1.3850080878750581,-1.2096055063203959
ET27-00633,MOMENTUM_BREAKDOWN_PULLBACK,BTCUSDT,SHORT,2025-05-23T04:30:00Z,110634.9,110879.17032861018,110268.49450708472,FIXED_1_5R,0.9747961125807332,1.4621941688710707,1.4999999999999702,1.2869043593485332,"{""breakdown_time"": ""2025-05-23T04:15:00Z"", ""broken_support"": 111000.13, ""pullback_bars"": 1, ""breakdown_volume_ratio"": 1.3241333906033432}",SL_BEFORE_TP,-0.46078957780066654,-2.0870078306715953
ET27-00634,SHORT_CONTINUATION_PRACTICAL_TARGET,BTCUSDT,SHORT,2025-05-23T04:30:00Z,110634.9,111308.79860717515,109624.05208923726,FIXED_1_5R,2.6892899611897882,4.033934941784682,1.5,1.2869043593485332,"{""pivot_highs"": [[13584, 111800.0], [13593, 111618.93]], ""pivot_lows"": [[13589, 111201.86], [13598, 111000.13]], ""broken_support"": 111000.13}",SL_BEFORE_TP,-0.849119371170541,-1.3940114390694773
ET27-00635,MOMENTUM_BREAKDOWN_PULLBACK,BTCUSDT,SHORT,2025-05-23T11:45:00Z,109076.35,110503.12578667738,106936.18631998394,FIXED_1_5R,3.970086289256844,5.955129433885266,1.5,7.519450242334984,"{""breakdown_time"": ""2025-05-23T11:30:00Z"", ""broken_support"": 110816.34, ""pullback_bars"": 1, ""breakdown_volume_ratio"": 2.067826167863759}",TP_BEFORE_SL,1.7220785624162003,1.316521108330811
ET27-00636,SHORT_CONTINUATION_PRACTICAL_TARGET,BTCUSDT,SHORT,2025-05-23T22:45:00Z,107797.37,108702.05222586442,105988.00554827115,FIXED_2R_STRONG_MOMENTUM,2.4187924781366874,4.837584956273375,2.0,2.0982353555752282,"{""pivot_highs"": [[13660, 109157.85], [13671, 108664.65]], ""pivot_lows"": [[13668, 108166.07], [13671, 108055.0]], ""broken_support"": 108055.0}",SL_BEFORE_TP,-1.0792433190758035,-1.285971892232987
ET27-00637,MOMENTUM_BREAKDOWN_PULLBACK,SOLUSDT,SHORT,2025-05-23T22:45:00Z,175.67,176.36548678496527,174.62676982255206,FIXED_1_5R,0.5736494501253885,0.8604741751880827,1.5,1.125416314408433,"{""breakdown_time"": ""2025-05-23T22:30:00Z"", ""broken_support"": 176.46, ""pullback_bars"": 1, ""breakdown_volume_ratio"": 1.4508385682821925}",TP_BEFORE_SL,0.3538579025718247,0.8937943766666312
ET27-00638,SHORT_CONTINUATION_PRACTICAL_TARGET,SOLUSDT,SHORT,2025-05-24T00:45:00Z,172.75,175.44407046459023,167.36185907081955,FIXED_2R_STRONG_MOMENTUM,2.0094436704047105,4.018887340809421,2.0,1.8644883602283795,"{""pivot_highs"": [[13673, 178.07], [13680, 175.31]], ""pivot_lows"": [[13671, 176.46], [13678, 173.23]], ""broken_support"": 173.23}",SL_BEFORE_TP,-1.7995198058409412,-1.153893524853687
ET27-00639,SHORT_CONTINUATION_PRACTICAL_TARGET,SOLUSDT,SHORT,2025-05-24T08:15:00Z,173.4,175.49829707438298,170.25255438842555,FIXED_1_5R,2.3764061142975934,3.5646091714463903,1.5,1.0702681453671827,"{""pivot_highs"": [[13700, 176.39], [13709, 175.41]], ""pivot_lows"": [[13703, 174.5], [13707, 173.6]], ""broken_support"": 173.6}",SL_BEFORE_TP,-1.4500905849959456,-1.1983322595645218
ET27-00640,TRAP_REVERSAL,ETHUSDT,SHORT,2025-05-24T17:00:00Z,2562.55,2565.8328558284607,2553.5350000000003,FALSE_BREAKOUT_TO_MIDLINE,0.3962071569306763,1.0880183920245543,2.746084650396467,1.0172594411211122,"{""lower"": 2543.6850000000004, ""upper"": 2563.385, ""midline"": 2553.5350000000003, ""width_atr"": 2.3775887213404134, ""high_touches"": 4, ""low_touches"": 4, ""adx14"": 13.692218317341025}",SL_BEFORE_TP,-0.36810894727753485,-2.87340544981659
ET27-00641,TRAP_REVERSAL,BTCUSDT,LONG,2025-05-24T22:00:00Z,108719.98,108578.57053699867,108876.5625,FALSE_BREAKDOWN_TO_MIDLINE,0.8001451952886302,0.8859996522305493,1.107298597113927,1.078820714570257,"{""lower"": 108680.825, ""upper"": 109072.3, ""midline"": 108876.5625, ""width_atr"": 2.21510522476618, ""high_touches"": 3, ""low_touches"": 2, ""adx14"": 15.28977115028165}",SL_BEFORE_TP,-0.37006759475243445,-2.845194419538598
ET27-00642,SHORT_CONTINUATION_PRACTICAL_TARGET,BTCUSDT,SHORT,2025-05-24T22:45:00Z,108100.5,108885.99164278765,106922.26253581853,FIXED_1_5R,3.512674136900946,5.269011205351419,1.5,2.255074305586116,"{""pivot_highs"": [[13762, 109125.0], [13767, 108863.63]], ""pivot_lows"": [[13755, 108781.54], [13765, 108580.11]], ""broken_support"": 108580.11}",TP_BEFORE_SL,0.8499463593428964,1.16970851646586
ET27-00643,SHORT_CONTINUATION_PRACTICAL_TARGET,SOLUSDT,SHORT,2025-05-25T00:30:00Z,173.49,176.9727258101632,166.5245483796736,FIXED_2R_STRONG_MOMENTUM,3.7559400171678115,7.511880034335623,2.0,4.170941838709832,"{""pivot_highs"": [[13767, 177.54], [13776, 176.88]], ""pivot_lows"": [[13772, 175.44], [13775, 175.35]], ""broken_support"": 175.35}",SL_BEFORE_TP,-2.247450464097759,-1.119554631256053
ET27-00644,MOMENTUM_BREAKDOWN_PULLBACK,SOLUSDT,SHORT,2025-05-25T00:45:00Z,172.31,174.0422659027533,169.71160114587008,FIXED_1_5R,1.7001625444980553,2.550243816747083,1.5,4.104928857089345,"{""breakdown_time"": ""2025-05-25T00:30:00Z"", ""broken_support"": 175.35, ""pullback_bars"": 1, ""breakdown_volume_ratio"": 4.170941838709832}",SL_BEFORE_TP,-1.245319425891291,-1.2387300929624652
ET27-00645,SHORT_CONTINUATION_PRACTICAL_TARGET,ETHUSDT,SHORT,2025-05-25T07:00:00Z,2496.66,2515.189869865696,2459.6002602686076,FIXED_2R_STRONG_MOMENTUM,2.154962117516928,4.309924235033856,2.0,2.0039647544851458,"{""pivot_highs"": [[13790, 2520.22], [13796, 2518.75]], ""pivot_lows"": [[13798, 2507.28], [13801, 2502.08]], ""broken_support"": 2502.08}",SL_BEFORE_TP,-0.9821863555989253,-1.3233689196648275
ET27-00646,MOMENTUM_BREAKDOWN_PULLBACK,ETHUSDT,SHORT,2025-05-25T07:15:00Z,2492.32,2501.491226421776,2478.5631603673364,FIXED_1_5R,1.0469173413222002,1.5703760119833001,1.5,2.1733002495493374,"{""breakdown_time"": ""2025-05-25T07:00:00Z"", ""broken_support"": 2502.08, ""pullback_bars"": 1, ""breakdown_volume_ratio"": 2.0039647544851458}",TP_BEFORE_SL,0.3119692347958425,0.8477897366269813
ET27-00647,MOMENTUM_BREAKDOWN_PULLBACK,SOLUSDT,SHORT,2025-05-25T07:15:00Z,172.11,173.01809785113537,170.747853223297,FIXED_1_5R,1.1108473924249618,1.6662710886374252,1.4999999999999845,1.5123672255300227,"{""breakdown_time"": ""2025-05-25T07:00:00Z"", ""broken_support"": 173.38, ""pullback_bars"": 1, ""breakdown_volume_ratio"": 1.2935927033250427}",TP_BEFORE_SL,0.5514396471460192,1.0451327194711677
ET27-00648,SHORT_FAILED_REBOUND,ETHUSDT,SHORT,2025-05-25T10:45:00Z,2492.31,2503.197483102575,2478.700646121781,CLOSER_PRIOR_LOW_OR_1_25R,1.0806616085918026,1.3508270107397533,1.25,0.9411883542825278,"{""rebound_bars"": 5, ""impulse_high"": 2496.24, ""impulse_low"": 2475.93, ""rebound_high"": 2502.19}",SL_BEFORE_TP,-0.6768430533350611,-1.5493963980146404
ET27-00649,MOMENTUM_BREAKDOWN_PULLBACK,BTCUSDT,SHORT,2025-05-25T15:15:00Z,106835.71,107454.51000942187,105907.50998586722,FIXED_1_5R,2.2146131901229182,3.3219197851843774,1.5,2.413033571743629,"{""breakdown_time"": ""2025-05-25T14:30:00Z"", ""broken_support"": 107300.0, ""pullback_bars"": 3, ""breakdown_volume_ratio"": 1.741152785248256}",SL_BEFORE_TP,-0.8192070922932592,-1.4143595670587632
ET27-00650,MOMENTUM_BREAKDOWN_PULLBACK,ETHUSDT,SHORT,2025-05-25T15:15:00Z,2489.2,2509.5497486241147,2458.6753770638275,FIXED_1_5R,1.9857471575964725,2.9786207363947086,1.5,2.7126180548216716,"{""breakdown_time"": ""2025-05-25T14:30:00Z"", ""broken_support"": 2511.23, ""pullback_bars"": 3, ""breakdown_volume_ratio"": 1.4658481642994472}",SL_BEFORE_TP,-1.0575216384426689,-1.2935702111288285
ET27-00651,TRAP_REVERSAL,ETHUSDT,LONG,2025-05-26T16:15:00Z,2544.21,2533.7996272383934,2556.665,FALSE_BREAKDOWN_TO_MIDLINE,0.9348547522646559,1.118462922134529,1.1964028844321413,2.32948707431878,"{""lower"": 2540.665, ""upper"": 2572.665, ""midline"": 2556.665, ""width_atr"": 2.8736100769414, ""high_touches"": 5, ""low_touches"": 2, ""adx14"": 23.01312605665967}",SL_BEFORE_TP,-0.6491789892189165,-1.5865403804289584
ET27-00652,RANGE_BOUNDARY_REJECTION,SOLUSDT,LONG,2025-05-26T16:30:00Z,176.18,175.1059726504712,177.3725,CONFIRMED_RANGE_MIDLINE,1.1185660428826478,1.2419516195027398,1.1103069214421315,1.2438840206651958,"{""lower"": 175.96499999999997, ""upper"": 178.78, ""midline"": 177.3725, ""width_atr"": 2.931734850230825, ""high_touches"": 3, ""low_touches"": 2, ""adx14"": 19.23016808225481}",SL_BEFORE_TP,-0.8496193379094218,-1.393688298706265
ET27-00653,TRAP_REVERSAL,SOLUSDT,LONG,2025-05-26T16:30:00Z,176.18,175.1059726504712,177.3725,FALSE_BREAKDOWN_TO_MIDLINE,1.1185660428826478,1.2419516195027398,1.1103069214421315,1.2438840206651958,"{""lower"": 175.96499999999997, ""upper"": 178.78, ""midline"": 177.3725, ""width_atr"": 2.931734850230825, ""high_touches"": 3, ""low_touches"": 2, ""adx14"": 19.23016808225481}",SL_BEFORE_TP,-0.8496193379094218,-1.393688298706265
ET27-00654,MOMENTUM_BREAKDOWN_PULLBACK,SOLUSDT,SHORT,2025-05-26T17:30:00Z,174.5,175.4049349152414,173.1425976271379,FIXED_1_5R,0.9448146335765795,1.417221950364884,1.5000000000000158,0.9915992769321527,"{""breakdown_time"": ""2025-05-26T17:15:00Z"", ""broken_support"": 175.18, ""pullback_bars"": 1, ""breakdown_volume_ratio"": 1.525339276423685}",SL_BEFORE_TP,-0.7585873439778786,-1.4627957137539354
ET27-00655,SHORT_CONTINUATION_PRACTICAL_TARGET,BTCUSDT,SHORT,2025-05-27T01:00:00Z,108723.26,109693.02340055301,106783.73319889397,FIXED_2R_STRONG_MOMENTUM,3.588606099557405,7.17721219911481,2.0,3.9857334256762393,"{""pivot_highs"": [[13960, 109888.89], [13969, 109666.0]], ""pivot_lows"": [[13957, 109136.36], [13964, 109057.74]], ""broken_support"": 109057.74}",SL_BEFORE_TP,-1.1319557788765833,-1.269071635257837
ET27-00656,SHORT_CONTINUATION_PRACTICAL_TARGET,SOLUSDT,SHORT,2025-05-27T01:00:00Z,172.77,175.8716122493414,166.5667755013172,FIXED_2R_STRONG_MOMENTUM,3.800424904803395,7.60084980960679,2.0,3.850385075788783,"{""pivot_highs"": [[13960, 176.04], [13969, 175.79]], ""pivot_lows"": [[13957, 174.3], [13964, 173.9]], ""broken_support"": 173.9}",SL_BEFORE_TP,-2.035226167356254,-1.133687890898692
ET27-00657,MOMENTUM_BREAKDOWN_PULLBACK,BTCUSDT,SHORT,2025-05-27T01:15:00Z,108355.99,108779.7309606162,107720.3785590757,FIXED_1_5R,1.2527152474839658,1.87907287122597,1.500000000000017,7.529762751382815,"{""breakdown_time"": ""2025-05-27T01:00:00Z"", ""broken_support"": 109057.74, ""pullback_bars"": 1, ""breakdown_volume_ratio"": 3.9857334256762393}",SL_BEFORE_TP,-0.631063715643405,-1.6137107340811085
ET27-00658,MOMENTUM_BREAKDOWN_PULLBACK,SOLUSDT,SHORT,2025-05-27T01:15:00Z,172.16,172.91439650640902,171.02840524038646,FIXED_1_5R,0.8671514390952202,1.3007271586428302,1.5,4.805283710782392,"{""breakdown_time"": ""2025-05-27T01:00:00Z"", ""broken_support"": 173.9, ""pullback_bars"": 1, ""breakdown_volume_ratio"": 3.850385075788783}",SL_BEFORE_TP,-0.678194996752453,-1.5477013698894007
ET27-00659,SHORT_CONTINUATION_PRACTICAL_TARGET,BTCUSDT,SHORT,2025-05-27T21:30:00Z,108916.9,109928.60082475285,107399.34876287071,FIXED_1_5R,3.251925440067827,4.877888160101741,1.5,1.4823311054861434,"{""pivot_highs"": [[14040, 110409.11], [14046, 110064.71]], ""pivot_lows"": [[14037, 109968.0], [14045, 109574.46]], ""broken_support"": 109574.46}",TP_BEFORE_SL,1.1533110813191398,1.2416226678832094
ET27-00660,MOMENTUM_BREAKDOWN_PULLBACK,ETHUSDT,SHORT,2025-05-28T01:45:00Z,2634.47,2647.098092136394,2615.5278617954086,FIXED_1_5R,1.0392834708752618,1.5589252063128927,1.5,1.3902050452305696,"{""breakdown_time"": ""2025-05-28T01:15:00Z"", ""broken_support"": 2640.82, ""pullback_bars"": 2, ""breakdown_volume_ratio"": 1.2908998104692198}",SL_BEFORE_TP,-0.719340897273232,-1.5006875093806071
ET27-00661,SHORT_CONTINUATION_PRACTICAL_TARGET,ETHUSDT,SHORT,2025-05-28T01:45:00Z,2634.47,2661.3850767803283,2594.097384829507,FIXED_1_5R,2.2150926769466324,3.3226390154199485,1.5,1.3902050452305696,"{""pivot_highs"": [[14063, 2664.7], [14067, 2660.17]], ""pivot_lows"": [[14057, 2652.98], [14065, 2640.82]], ""broken_support"": 2640.82}",SL_BEFORE_TP,-1.2616505323776126,-1.234913987115991
ET27-00662,MOMENTUM_BREAKDOWN_PULLBACK,SOLUSDT,SHORT,2025-05-28T02:00:00Z,175.02,175.5616491974333,174.20752620385008,FIXED_1_5R,0.6394335157899815,0.9591502736849723,1.5,2.471440770434211,"{""breakdown_time"": ""2025-05-28T01:45:00Z"", ""broken_support"": 175.86, ""pullback_bars"": 1, ""breakdown_volume_ratio"": 1.7568727410899794}",TP_BEFORE_SL,0.2242176872071367,0.7245017587204388
ET27-00663,SHORT_CONTINUATION_PRACTICAL_TARGET,SOLUSDT,SHORT,2025-05-28T09:15:00Z,173.23,174.5326660364719,171.2760009452921,FIXED_1_5R,2.0787433030904694,3.118114954635704,1.5,1.0977721936148228,"{""pivot_highs"": [[14086, 175.18], [14099, 174.47]], ""pivot_lows"": [[14090, 173.7], [14096, 173.5]], ""broken_support"": 173.5}",SL_BEFORE_TP,-0.9919863975477222,-1.3191547091578464
ET27-00664,MOMENTUM_BREAKDOWN_PULLBACK,BTCUSDT,SHORT,2025-05-28T13:45:00Z,108068.45,108546.02223136133,107352.09165295798,FIXED_1_5R,1.8987551674778158,2.8481327512167525,1.5000000000000153,3.5548047387716912,"{""breakdown_time"": ""2025-05-28T13:30:00Z"", ""broken_support"": 108719.89, ""pullback_bars"": 1, ""breakdown_volume_ratio"": 2.5696894738403295}",TP_BEFORE_SL,0.4228746382889851,0.9569108860021752
ET27-00665,MOMENTUM_BREAKDOWN_PULLBACK,SOLUSDT,SHORT,2025-05-28T14:00:00Z,172.11,173.02378328786787,170.73932506819824,FIXED_1_5R,1.3087812299401622,1.9631718449102231,1.4999999999999845,2.6753724833419983,"{""breakdown_time"": ""2025-05-28T13:45:00Z"", ""broken_support"": 172.86, ""pullback_bars"": 1, ""breakdown_volume_ratio"": 2.3968442651205977}",TP_BEFORE_SL,0.5563947079203839,1.047962842520548
ET27-00666,SHORT_CONTINUATION_PRACTICAL_TARGET,SOLUSDT,SHORT,2025-05-28T14:00:00Z,172.11,175.19981940655654,167.47527089016523,FIXED_1_5R,4.4254449571317,6.63816743569753,1.4999999999999953,2.6753724833419983,"{""pivot_highs"": [[14115, 175.13], [14118, 174.51]], ""pivot_lows"": [[14096, 173.5], [14104, 172.86]], ""broken_support"": 172.86}",SL_BEFORE_TP,-2.035258501282046,-1.1336854830814667
ET27-00667,MOMENTUM_BREAKDOWN_PULLBACK,ETHUSDT,SHORT,2025-05-28T19:45:00Z,2617.79,2627.8847646036534,2602.6478530945196,FIXED_1_5R,0.7105800706105115,1.0658701059157831,1.5000000000000224,1.5841271579560732,"{""breakdown_time"": ""2025-05-28T19:30:00Z"", ""broken_support"": 2633.62, ""pullback_bars"": 1, ""breakdown_volume_ratio"": 1.3340760075680393}",SL_BEFORE_TP,-0.6256216351828605,-1.6223717190717082
ET27-00668,RANGE_BOUNDARY_REJECTION,SOLUSDT,SHORT,2025-05-29T09:00:00Z,173.03,173.33551121192343,172.495,CONFIRMED_RANGE_MIDLINE,0.4343299726455647,0.7605826768269728,1.7511632277969609,1.006001526046967,"{""lower"": 171.77499999999998, ""upper"": 173.215, ""midline"": 172.495, ""width_atr"": 2.047175803048351, ""high_touches"": 2, ""low_touches"": 2, ""adx14"": 19.157357764390348}",TP_BEFORE_SL,0.06919493729410886,0.39189396436947654
ET27-00669,MOMENTUM_BREAKDOWN_PULLBACK,SOLUSDT,SHORT,2025-05-29T13:15:00Z,171.79,172.6011155306738,170.57332670398927,FIXED_1_5R,1.19994115642649,1.7999117346397346,1.5,1.2514075245213574,"{""breakdown_time"": ""2025-05-29T12:30:00Z"", ""broken_support"": 172.13, ""pullback_bars"": 3, ""breakdown_volume_ratio"": 1.9294456020503632}",TP_BEFORE_SL,0.46823289831231474,0.9916926326666513
ET27-00670,SHORT_CONTINUATION_PRACTICAL_TARGET,ETHUSDT,SHORT,2025-05-29T13:30:00Z,2659.22,2719.824028959526,2538.0119420809474,FIXED_2R_STRONG_MOMENTUM,4.083749752356308,8.167499504712616,2.0,2.639506540936252,"{""pivot_highs"": [[14200, 2744.42], [14203, 2735.85]], ""pivot_lows"": [[14201, 2724.38], [14210, 2676.16]], ""broken_support"": 2676.16}",NEITHER_EXPIRED,2.195676626980844,0.9634321843353638
ET27-00671,SHORT_CONTINUATION_PRACTICAL_TARGET,SOLUSDT,SHORT,2025-05-29T13:30:00Z,170.78,172.99233939873565,166.3553212025287,FIXED_2R_STRONG_MOMENTUM,3.0582772837517416,6.116554567503483,2.0,2.8151483884031276,"{""pivot_highs"": [[14206, 173.46], [14210, 172.92]], ""pivot_lows"": [[14202, 172.13], [14210, 171.45]], ""broken_support"": 171.45}",TP_BEFORE_SL,2.350864736779074,1.81473367050542
ET27-00672,MOMENTUM_BREAKDOWN_PULLBACK,ETHUSDT,SHORT,2025-05-29T14:00:00Z,2649.85,2676.3073809846524,2610.1639285230212,FIXED_1_5R,1.6645262502380453,2.4967893753570682,1.5,2.4644928675759856,"{""breakdown_time"": ""2025-05-29T13:30:00Z"", ""broken_support"": 2676.16, ""pullback_bars"": 2, ""breakdown_volume_ratio"": 2.639506540936252}",TP_BEFORE_SL,1.257672376812977,1.2596270014900894
ET27-00673,MOMENTUM_BREAKDOWN_PULLBACK,BTCUSDT,SHORT,2025-05-29T14:15:00Z,107045.56,107931.4660805153,105716.70087922705,FIXED_1_5R,2.854225953202659,4.281338929803988,1.5,2.1022083957919855,"{""breakdown_time"": ""2025-05-29T13:30:00Z"", ""broken_support"": 107681.81, ""pullback_bars"": 3, ""breakdown_volume_ratio"": 3.5356446699283213}",TP_BEFORE_SL,1.0013958325529315,1.210003859720022
ET27-00674,SHORT_CONTINUATION_PRACTICAL_TARGET,BTCUSDT,SHORT,2025-05-29T14:15:00Z,107045.56,108621.91840042942,103892.84319914115,FIXED_2R_STRONG_MOMENTUM,5.078735948440073,10.157471896880146,2.0,2.1022083957919855,"{""pivot_highs"": [[14205, 108891.91], [14210, 108797.25]], ""pivot_lows"": [[14187, 107751.78], [14192, 107681.81]], ""broken_support"": 107681.81}",NEITHER_EXPIRED,1.4794174144168124,1.00462601370893
ET27-00675,SHORT_CONTINUATION_PRACTICAL_TARGET,BTCUSDT,SHORT,2025-05-29T18:45:00Z,105837.13,106857.36478103051,103796.66043793899,FIXED_2R_STRONG_MOMENTUM,2.536333958553539,5.072667917107078,2.0,1.3296556934146926,"{""pivot_highs"": [[14210, 108797.25], [14219, 107835.33]], ""pivot_lows"": [[14224, 106641.59], [14231, 106117.51]], ""broken_support"": 106117.51}",TP_BEFORE_SL,1.6879335730863207,1.7510287663948947
ET27-00676,MOMENTUM_BREAKDOWN_PULLBACK,BTCUSDT,SHORT,2025-05-29T19:00:00Z,105678.01,106110.12341314828,105029.83988027758,FIXED_1_5R,1.0777370837938702,1.6166056256907873,1.4999999999999831,0.9895064054542543,"{""breakdown_time"": ""2025-05-29T18:45:00Z"", ""broken_support"": 106117.51, ""pullback_bars"": 1, ""breakdown_volume_ratio"": 1.3296556934146926}",SL_BEFORE_TP,-0.6488962435498957,-1.5869459643757131
ET27-00677,SHORT_CONTINUATION_PRACTICAL_TARGET,SOLUSDT,SHORT,2025-05-29T19:00:00Z,166.24,169.90779617659192,158.9044076468162,FIXED_2R_STRONG_MOMENTUM,3.7504494596933156,7.500898919386631,2.0,2.694470218732041,"{""pivot_highs"": [[14225, 170.3], [14232, 169.81]], ""pivot_lows"": [[14217, 169.03], [14227, 167.82]], ""broken_support"": 167.82}",TP_BEFORE_SL,4.172651800519618,1.891221872538532
ET27-00678,SHORT_CONTINUATION_PRACTICAL_TARGET,BTCUSDT,SHORT,2025-05-30T00:45:00Z,104939.99,106252.48105298773,102315.00789402456,FIXED_2R_STRONG_MOMENTUM,3.4952177064555077,6.990435412911015,2.0,5.742442865338809,"{""pivot_highs"": [[14247, 106470.69], [14257, 106214.93]], ""pivot_lows"": [[14237, 105639.3], [14255, 105322.86]], ""broken_support"": 105322.86}",SL_BEFORE_TP,-1.4907062874579302,-1.191891575509548
ET27-00679,SHORT_CONTINUATION_PRACTICAL_TARGET,ETHUSDT,SHORT,2025-05-30T00:45:00Z,2573.5,2646.8881277190562,2426.7237445618875,FIXED_2R_STRONG_MOMENTUM,4.425963505442906,8.851927010885811,2.0,7.897434657587603,"{""pivot_highs"": [[14248, 2668.95], [14257, 2645.23]], ""pivot_lows"": [[14243, 2640.29], [14255, 2619.05]], ""broken_support"": 2619.05}",SL_BEFORE_TP,-3.0916855534896532,-1.0841607517723362
ET27-00680,SHORT_CONTINUATION_PRACTICAL_TARGET,SOLUSDT,SHORT,2025-05-30T00:45:00Z,161.85,167.62641422659453,150.29717154681092,FIXED_2R_STRONG_MOMENTUM,4.961948720161727,9.923897440323454,2.0,10.502296115663963,"{""pivot_highs"": [[14247, 168.55], [14257, 167.51]], ""pivot_lows"": [[14243, 166.74], [14255, 165.96]], ""broken_support"": 165.96}",NEITHER_EXPIRED,3.473314797652142,0.9731919802631879
ET27-00681,MOMENTUM_BREAKDOWN_PULLBACK,SOLUSDT,SHORT,2025-05-30T06:30:00Z,163.72,164.3886222585999,162.71706661210015,FIXED_1_5R,0.9053557458316939,1.3580336187475408,1.5,1.005471505787591,"{""breakdown_time"": ""2025-05-30T06:15:00Z"", ""broken_support"": 164.51, ""pullback_bars"": 1, ""breakdown_volume_ratio"": 1.2738316069494915}",TP_BEFORE_SL,0.37259063516970703,0.9123318586150626
ET27-00682,SHORT_CONTINUATION_PRACTICAL_TARGET,ETHUSDT,SHORT,2025-05-30T13:45:00Z,2576.69,2623.9297795537213,2482.2104408925575,FIXED_2R_STRONG_MOMENTUM,2.880861604019871,5.761723208039742,2.0,1.5253415359334195,"{""pivot_highs"": [[14304, 2626.3], [14307, 2622.29]], ""pivot_lows"": [[14294, 2588.16], [14305, 2578.2]], ""broken_support"": 2578.2}",TP_BEFORE_SL,3.4267025954787957,1.8690921918260126
ET27-00683,SHORT_CONTINUATION_PRACTICAL_TARGET,BTCUSDT,SHORT,2025-05-30T16:15:00Z,104685.85,105869.17542607586,102319.1991478483,FIXED_2R_STRONG_MOMENTUM,3.099704568390679,6.199409136781358,2.0,1.3256164771283563,"{""pivot_highs"": [[14311, 105979.35], [14318, 105831.0]], ""pivot_lows"": [[14309, 105366.14], [14313, 105047.61]], ""broken_support"": 105047.61}",NEITHER_EXPIRED,-0.23432588071835656,-0.2073022641062331
ET27-00684,SHORT_CONTINUATION_PRACTICAL_TARGET,SOLUSDT,SHORT,2025-05-30T16:15:00Z,159.25,162.38459749073212,152.98080501853576,FIXED_2R_STRONG_MOMENTUM,2.7353107565504033,5.470621513100807,2.0,2.3484309650365156,"{""pivot_highs"": [[14311, 162.54], [14314, 162.05]], ""pivot_lows"": [[14305, 161.74], [14313, 160.1]], ""broken_support"": 160.1}",TP_BEFORE_SL,3.69670014534646,1.8780704696121182
ET27-00685,MOMENTUM_BREAKDOWN_PULLBACK,BTCUSDT,SHORT,2025-05-30T16:30:00Z,104400.0,104762.38856048453,103856.4171592732,FIXED_1_5R,0.9033636822630902,1.3550455233946535,1.50000000000002,3.9080272669369385,"{""breakdown_time"": ""2025-05-30T16:15:00Z"", ""broken_support"": 105047.61, ""pullback_bars"": 1, ""breakdown_volume_ratio"": 1.3256164771283563}",TP_BEFORE_SL,0.2806732190869714,0.8085874464001168
ET27-00686,MOMENTUM_BREAKDOWN_PULLBACK,SOLUSDT,SHORT,2025-05-30T16:30:00Z,157.92,159.4054657753872,155.69180133691918,FIXED_1_5R,1.1465925063088749,1.7198887594633012,1.4999999999999905,5.015271163825356,"{""breakdown_time"": ""2025-05-30T16:15:00Z"", ""broken_support"": 160.1, ""pullback_bars"": 1, ""breakdown_volume_ratio"": 2.3484309650365156}",SL_BEFORE_TP,-1.1806444879604938,-1.255144215558386
ET27-00687,SHORT_CONTINUATION_PRACTICAL_TARGET,ETHUSDT,SHORT,2025-05-30T16:45:00Z,2540.82,2616.3924022251895,2427.4613966622164,FIXED_1_5R,4.3372535418441505,6.505880312766213,1.499999999999997,1.1055439275904297,"{""pivot_highs"": [[14307, 2622.29], [14317, 2616.8]], ""pivot_lows"": [[14305, 2578.2], [14311, 2572.56]], ""broken_support"": 2572.56}",NEITHER_EXPIRED,-0.23094780425216985,-0.07764696935945894
ET27-00688,MOMENTUM_BREAKDOWN_PULLBACK,ETHUSDT,SHORT,2025-05-30T22:30:00Z,2524.81,2556.157251413976,2477.789122879036,FIXED_1_5R,2.1905180214509197,3.2857770321763637,1.4999999999999927,2.2002960487636676,"{""breakdown_time"": ""2025-05-30T22:15:00Z"", ""broken_support"": 2565.65, ""pullback_bars"": 1, ""breakdown_volume_ratio"": 1.780692548849733}",TP_BEFORE_SL,1.6223530927461507,1.3066961622894129
ET27-00689,MOMENTUM_BREAKDOWN_PULLBACK,BTCUSDT,SHORT,2025-05-30T22:45:00Z,103966.33,104353.20380995437,103386.01928506844,FIXED_1_5R,1.2478522294213712,1.87177834413208,1.5000000000000189,1.0741618186784423,"{""breakdown_time"": ""2025-05-30T22:30:00Z"", ""broken_support"": 104398.93, ""pullback_bars"": 1, ""breakdown_volume_ratio"": 1.6067553171990907}",TP_BEFORE_SL,0.31817178016340675,0.8550372612986584
ET27-00690,SHORT_CONTINUATION_PRACTICAL_TARGET,SOLUSDT,SHORT,2025-05-30T22:45:00Z,156.75,161.03234640235502,148.18530719528997,FIXED_2R_STRONG_MOMENTUM,4.184168963263197,8.368337926526394,2.0,1.6790209585548515,"{""pivot_highs"": [[14335, 161.51], [14341, 161.03]], ""pivot_lows"": [[14336, 159.88], [14339, 159.84]], ""broken_support"": 159.84}",NEITHER_EXPIRED,-0.31655502392344786,-0.11587105604701343
ET27-00691,SHORT_CONTINUATION_PRACTICAL_TARGET,BTCUSDT,SHORT,2025-05-31T02:45:00Z,103189.83,104017.42005520295,101948.44491719558,FIXED_1_5R,2.2116216844531618,3.3174325266797426,1.5,1.0831942118579345,"{""pivot_highs"": [[14355, 104292.69], [14361, 103852.18]], ""pivot_lows"": [[14353, 103550.0], [14359, 103269.87]], ""broken_support"": 103269.87}",SL_BEFORE_TP,-1.0420073830947767,-1.2992491154805719
ET27-00692,SHORT_CONTINUATION_PRACTICAL_TARGET,BTCUSDT,SHORT,2025-05-31T09:15:00Z,103496.8,103829.2711194558,102998.09332081629,FIXED_1_5R,1.682450835841282,2.52367625376196,1.500000000000022,1.2120724628233133,"{""pivot_highs"": [[14383, 103826.28], [14387, 103755.9]], ""pivot_lows"": [[14381, 103633.35], [14385, 103513.84]], ""broken_support"": 103513.84}",SL_BEFORE_TP,-0.5612380667381058,-1.7471094644448335
ET27-00693,MOMENTUM_BREAKDOWN_PULLBACK,BTCUSDT,SHORT,2025-05-31T10:00:00Z,103476.01,103621.18153853255,103258.25269220117,FIXED_1_5R,0.7766112252459189,1.1649168378688393,1.4999999999999498,2.015612666700757,"{""breakdown_time"": ""2025-05-31T09:15:00Z"", ""broken_support"": 103513.84, ""pullback_bars"": 3, ""breakdown_volume_ratio"": 1.2120724628233133}",SL_BEFORE_TP,-0.3802948746598864,-2.7106825932296275
ET27-00694,MOMENTUM_BREAKDOWN_PULLBACK,SOLUSDT,SHORT,2025-05-31T10:30:00Z,152.94,154.06559278511472,151.2516108223279,FIXED_1_5R,1.279170106812165,1.9187551602182638,1.5000000000000127,1.7240069145462076,"{""breakdown_time"": ""2025-05-31T10:15:00Z"", ""broken_support"": 154.21, ""pullback_bars"": 1, ""breakdown_volume_ratio"": 1.3538022046648712}",SL_BEFORE_TP,-0.9759701746532753,-1.326100171264504
ET27-00695,SHORT_CONTINUATION_PRACTICAL_TARGET,ETHUSDT,SHORT,2025-06-01T00:00:00Z,2520.44,2549.0803430908736,2463.159313818253,FIXED_2R_STRONG_MOMENTUM,3.7178684965406616,7.435736993081323,2.0,2.3910968695837584,"{""pivot_highs"": [[14436, 2550.34], [14445, 2548.31]], ""pivot_lows"": [[14432, 2531.67], [14444, 2524.41]], ""broken_support"": 2524.41}",NEITHER_EXPIRED,-0.8648908920664646,-0.761131105546931
ET27-00696,MOMENTUM_BREAKDOWN_PULLBACK,ETHUSDT,SHORT,2025-06-01T00:15:00Z,2517.85,2524.1660965869733,2508.3758551195397,FIXED_1_5R,0.8184152723352867,1.2276229085029595,1.500000000000036,2.282995732052151,"{""breakdown_time"": ""2025-06-01T00:00:00Z"", ""broken_support"": 2524.41, ""pullback_bars"": 1, ""breakdown_volume_ratio"": 2.3910968695837584}",SL_BEFORE_TP,-0.49085277466780564,-1.9567364774729816
ET27-00697,SHORT_CONTINUATION_PRACTICAL_TARGET,SOLUSDT,SHORT,2025-06-01T02:00:00Z,154.39,156.79856810148928,149.5728637970214,FIXED_2R_STRONG_MOMENTUM,3.512665582356082,7.025331164712164,2.0,1.7998115159447625,"{""pivot_highs"": [[14445, 157.68], [14453, 156.73]], ""pivot_lows"": [[14437, 157.08], [14444, 156.4]], ""broken_support"": 156.4}",SL_BEFORE_TP,-1.800054473404556,-1.1538407819031091
ET27-00698,SHORT_FAILED_REBOUND,ETHUSDT,SHORT,2025-06-01T02:45:00Z,2507.07,2514.6858155592377,2497.5502305509535,CLOSER_PRIOR_LOW_OR_1_25R,0.7967871505786388,0.9959839382232747,1.2499999999999702,0.9828038197909003,"{""rebound_bars"": 2, ""impulse_high"": 2530.38, ""impulse_low"": 2496.92, ""rebound_high"": 2513.73}",TP_BEFORE_SL,0.13971693845990074,0.45993779941243007
ET27-00699,MOMENTUM_BREAKDOWN_PULLBACK,SOLUSDT,SHORT,2025-06-01T03:15:00Z,153.76,154.41386629255578,152.7792005611663,FIXED_1_5R,0.9355839243104116,1.4033758864656174,1.5,1.7704745964858928,"{""breakdown_time"": ""2025-06-01T03:00:00Z"", ""broken_support"": 154.29, ""pullback_bars"": 1, ""breakdown_volume_ratio"": 1.4083426204496319}",SL_BEFORE_TP,-0.6652512308505398,-1.5643722641789393
ET27-00700,MOMENTUM_BREAKDOWN_PULLBACK,BTCUSDT,SHORT,2025-06-01T09:30:00Z,103887.84,104050.16458624929,103644.35312062607,FIXED_1_5R,1.1058420603380914,1.6587630905070876,1.4999999999999551,2.498805155433577,"{""breakdown_time"": ""2025-06-01T09:15:00Z"", ""broken_support"": 104220.7, ""pullback_bars"": 1, ""breakdown_volume_ratio"": 3.0393096485763835}",SL_BEFORE_TP,-0.39624984237740557,-2.5360015494947152
ET27-00701,MOMENTUM_BREAKDOWN_PULLBACK,ETHUSDT,SHORT,2025-06-01T09:30:00Z,2485.68,2495.523406135065,2470.9148907974018,FIXED_1_5R,1.2389355310021974,1.858403296503296,1.5,2.9289764874106856,"{""breakdown_time"": ""2025-06-01T09:15:00Z"", ""broken_support"": 2499.0, ""pullback_bars"": 1, ""breakdown_volume_ratio"": 2.852146081005954}",SL_BEFORE_TP,-0.6360045595195432,-1.606053627996563
ET27-00702,SHORT_CONTINUATION_PRACTICAL_TARGET,ETHUSDT,SHORT,2025-06-01T09:30:00Z,2485.68,2511.4845051125544,2434.0709897748907,FIXED_2R_STRONG_MOMENTUM,3.247871499478608,6.495742998957216,2.0,2.9289764874106856,"{""pivot_highs"": [[14468, 2527.28], [14484, 2510.69]], ""pivot_lows"": [[14473, 2509.29], [14481, 2499.0]], ""broken_support"": 2499.0}",SL_BEFORE_TP,-1.2781265936304986,-1.2311856776163306
ET27-00703,SHORT_CONTINUATION_PRACTICAL_TARGET,ETHUSDT,SHORT,2025-06-02T03:00:00Z,2493.68,2532.1043539629845,2416.8312920740304,FIXED_2R_STRONG_MOMENTUM,4.026216210473836,8.052432420947673,2.0,2.1202829126385367,"{""pivot_highs"": [[14541, 2545.25], [14549, 2541.71]], ""pivot_lows"": [[14539, 2532.76], [14546, 2526.51]], ""broken_support"": 2526.51}",SL_BEFORE_TP,-1.780869476556122,-1.1557562166371194
ET27-00704,TRAP_REVERSAL,SOLUSDT,SHORT,2025-06-02T08:15:00Z,156.31,156.66620759063403,155.68,FALSE_BREAKOUT_TO_MIDLINE,0.4597904345455366,0.8131998906819875,1.7686315973183866,1.5337560406978668,"{""lower"": 154.88, ""upper"": 156.48, ""midline"": 155.68, ""width_atr"": 2.065269563636801, ""high_touches"": 2, ""low_touches"": 2, ""adx14"": 22.18160550591119}",TP_BEFORE_SL,0.1630452306314346,0.7154704355018571
ET27-00705,SHORT_CONTINUATION_PRACTICAL_TARGET,SOLUSDT,SHORT,2025-06-02T09:00:00Z,153.69,156.6373153733292,147.79536925334162,FIXED_2R_STRONG_MOMENTUM,3.375482759739836,6.750965519479672,2.0,2.6604341094075026,"{""pivot_highs"": [[14573, 156.73], [14577, 156.55]], ""pivot_lows"": [[14563, 155.1], [14569, 154.66]], ""broken_support"": 154.66}",SL_BEFORE_TP,-2.1577014596455135,-1.1251498239169948
ET27-00706,SHORT_CONTINUATION_PRACTICAL_TARGET,BTCUSDT,SHORT,2025-06-02T11:30:00Z,104020.19,104654.97506626617,102750.61986746767,FIXED_2R_STRONG_MOMENTUM,2.5663366309003464,5.132673261800693,2.0,1.4249603218654583,"{""pivot_highs"": [[14577, 105935.63], [14588, 104487.82]], ""pivot_lows"": [[14560, 104734.09], [14567, 104610.13]], ""broken_support"": 104610.13}",SL_BEFORE_TP,-0.850251785029585,-1.3932802916559512
ET27-00707,SHORT_CONTINUATION_PRACTICAL_TARGET,BTCUSDT,SHORT,2025-06-02T13:45:00Z,103800.0,104599.40683910526,102201.18632178949,FIXED_2R_STRONG_MOMENTUM,2.772172207180807,5.544344414361614,2.0,1.996607542920252,"{""pivot_highs"": [[14588, 104487.82], [14594, 104281.98]], ""pivot_lows"": [[14567, 104610.13], [14593, 103862.5]], ""broken_support"": 103862.5}",SL_BEFORE_TP,-1.0101414634925403,-1.311631059197379
ET27-00708,SHORT_CONTINUATION_PRACTICAL_TARGET,SOLUSDT,SHORT,2025-06-03T21:30:00Z,155.68,159.8006485164696,149.4990272252956,FIXED_1_5R,4.0940976191274565,6.141146428691185,1.5,1.1342338000696834,"{""pivot_highs"": [[14709, 161.94], [14717, 161.2]], ""pivot_lows"": [[14715, 160.05], [14722, 156.64]], ""broken_support"": 156.64}",NEITHER_EXPIRED,0.10044193216855163,0.03794742487135756
ET27-00709,SHORT_CONTINUATION_PRACTICAL_TARGET,BTCUSDT,SHORT,2025-06-04T05:15:00Z,105361.0,105629.34600421245,104958.48099368133,FIXED_1_5R,1.5434599056430949,2.315189858464642,1.5,3.6293939016460737,"{""pivot_highs"": [[14744, 105839.63], [14749, 105745.29]], ""pivot_lows"": [[14743, 105422.59], [14747, 105415.09]], ""broken_support"": 105415.09}",SL_BEFORE_TP,-0.49469196781774066,-1.9423147579265068
ET27-00710,MOMENTUM_BREAKDOWN_PULLBACK,BTCUSDT,SHORT,2025-06-04T05:30:00Z,105359.77,105408.22251897959,105287.09122153063,FIXED_1_5R,0.29391111837437445,0.44086667756156167,1.5,3.3411179246779676,"{""breakdown_time"": ""2025-06-04T05:15:00Z"", ""broken_support"": 105415.09, ""pullback_bars"": 1, ""breakdown_volume_ratio"": 3.6293939016460737}",SL_BEFORE_TP,-0.28598768484363835,-6.218788482525666
ET27-00711,MOMENTUM_BREAKDOWN_PULLBACK,BTCUSDT,SHORT,2025-06-04T11:45:00Z,105084.36,105310.48629901835,104745.17055147249,FIXED_1_5R,1.286861950434916,1.9302929256523327,1.4999999999999678,3.2226768274502295,"{""breakdown_time"": ""2025-06-04T11:30:00Z"", ""broken_support"": 105329.54, ""pullback_bars"": 1, ""breakdown_volume_ratio"": 2.961541108980608}",TP_BEFORE_SL,0.08277824076533519,0.38468318327031126
ET27-00712,SHORT_CONTINUATION_PRACTICAL_TARGET,BTCUSDT,SHORT,2025-06-04T13:45:00Z,104761.17,105293.78381105482,103962.24928341777,FIXED_1_5R,2.47914026843642,3.71871040265463,1.5,1.1976721366423042,"{""pivot_highs"": [[14776, 106000.0], [14780, 105820.04]], ""pivot_lows"": [[14773, 105329.54], [14786, 104794.5]], ""broken_support"": 104794.5}",SL_BEFORE_TP,-0.7484076581569488,-1.472062126030978
ET27-00713,SHORT_CONTINUATION_PRACTICAL_TARGET,SOLUSDT,SHORT,2025-06-04T20:00:00Z,154.7,156.19509813327966,151.70980373344065,FIXED_2R_STRONG_MOMENTUM,2.2966835728709176,4.593367145741835,2.0,1.6359472188470483,"{""pivot_highs"": [[14803, 157.57], [14808, 156.52]], ""pivot_lows"": [[14806, 155.58], [14813, 155.28]], ""broken_support"": 155.28}",TP_BEFORE_SL,1.692899978383541,1.751668474640153
ET27-00714,MOMENTUM_BREAKDOWN_PULLBACK,SOLUSDT,SHORT,2025-06-04T20:15:00Z,154.63,154.81888077708305,154.3466788343754,FIXED_1_5R,0.2873411506342258,0.43101172595133863,1.5,2.257795471588375,"{""breakdown_time"": ""2025-06-04T20:00:00Z"", ""broken_support"": 155.28, ""pullback_bars"": 1, ""breakdown_volume_ratio"": 1.6359472188470483}",TP_BEFORE_SL,-0.056774774866077016,-0.46479496606904847
ET27-00715,SHORT_CONTINUATION_PRACTICAL_TARGET,SOLUSDT,SHORT,2025-06-04T22:15:00Z,153.62,155.66564163421188,150.55153754868218,FIXED_1_5R,2.7043858260413547,4.056578739062051,1.5000000000000069,1.2115498268345708,"{""pivot_highs"": [[14815, 156.0], [14823, 155.59]], ""pivot_lows"": [[14817, 154.0], [14820, 153.91]], ""broken_support"": 153.91}",TP_BEFORE_SL,1.7574368254900583,1.3197690182708712
ET27-00716,TRAP_REVERSAL,ETHUSDT,SHORT,2025-06-05T04:15:00Z,2628.6,2634.032195666544,2616.7325,FALSE_BREAKOUT_TO_MIDLINE,0.6404905875801604,1.3992540981027115,2.1846598923322795,1.9380296757535231,"{""lower"": 2602.91, ""upper"": 2630.555, ""midline"": 2616.7325, ""width_atr"": 3.259522185974297, ""high_touches"": 3, ""low_touches"": 2, ""adx14"": 17.87954748434422}",SL_BEFORE_TP,-0.44665737147317874,-2.161342555985953
ET27-00717,MOMENTUM_BREAKDOWN_PULLBACK,BTCUSDT,SHORT,2025-06-05T05:45:00Z,104649.23,104758.80270029865,104484.87094955202,FIXED_1_5R,0.6996718846615564,1.0495078269923346,1.5,3.3505075683044034,"{""breakdown_time"": ""2025-06-05T05:30:00Z"", ""broken_support"": 104880.2, ""pullback_bars"": 1, ""breakdown_volume_ratio"": 2.740720622265742}",TP_BEFORE_SL,-0.08294289556838608,-0.7921599204495191
ET27-00718,SHORT_CONTINUATION_PRACTICAL_TARGET,BTCUSDT,SHORT,2025-06-05T16:30:00Z,103754.42,104904.5317617165,101454.196476567,FIXED_2R_STRONG_MOMENTUM,3.4619228550574874,6.923845710114975,2.0,1.565741702909337,"{""pivot_highs"": [[14891, 104927.79], [14894, 104871.31]], ""pivot_lows"": [[14875, 104517.43], [14889, 103900.0]], ""broken_support"": 103900.0}",TP_BEFORE_SL,1.9769884651015348,1.7834900778439473
ET27-00719,MOMENTUM_BREAKDOWN_PULLBACK,BTCUSDT,SHORT,2025-06-05T16:45:00Z,103262.53,103950.26722019838,102230.92416970243,FIXED_1_5R,1.9378692959846848,2.9068039439770272,1.5,1.5002287433210952,"{""breakdown_time"": ""2025-06-05T16:30:00Z"", ""broken_support"": 103900.0, ""pullback_bars"": 1, ""breakdown_volume_ratio"": 1.565741702909337}",TP_BEFORE_SL,0.7590127399527907,1.1396442351505827
ET27-00720,SHORT_CONTINUATION_PRACTICAL_TARGET,BTCUSDT,SHORT,2025-06-05T20:30:00Z,100845.93,102721.04135909538,97095.70728180921,FIXED_2R_STRONG_MOMENTUM,3.8756897163606787,7.751379432721357,2.0,1.5628763007427482,"{""pivot_highs"": [[14894, 104871.31], [14906, 103354.56]], ""pivot_lows"": [[14905, 102581.56], [14909, 101596.62]], ""broken_support"": 101596.62}",SL_BEFORE_TP,-2.09938228651904,-1.129075124432483
ET27-00721,SHORT_CONTINUATION_PRACTICAL_TARGET,SOLUSDT,SHORT,2025-06-05T20:30:00Z,142.28,148.77076115904575,129.2984776819085,FIXED_2R_STRONG_MOMENTUM,4.611187633753189,9.222375267506377,2.0,3.0642101517504847,"{""pivot_highs"": [[14893, 151.69], [14906, 150.05]], ""pivot_lows"": [[14905, 148.35], [14909, 144.15]], ""broken_support"": 144.15}",SL_BEFORE_TP,-4.80196314242743,-1.0526089300827397
ET27-00722,MOMENTUM_BREAKDOWN_PULLBACK,SOLUSDT,SHORT,2025-06-05T20:45:00Z,141.82,143.663648148651,139.0545277770235,FIXED_1_5R,1.2740577976605956,1.9110866964908837,1.4999999999999922,1.5620230844980791,"{""breakdown_time"": ""2025-06-05T20:30:00Z"", ""broken_support"": 144.15, ""pullback_bars"": 1, ""breakdown_volume_ratio"": 3.0642101517504847}",SL_BEFORE_TP,-1.5399916433866867,-1.1846165713609986
ET27-00723,RANGE_BOUNDARY_REJECTION,ETHUSDT,SHORT,2025-06-06T10:45:00Z,2481.8,2487.284727741452,2467.5675,CONFIRMED_RANGE_MIDLINE,0.5941306269743625,1.5417290605885514,2.594932815431309,0.8159152942157246,"{""lower"": 2450.5, ""upper"": 2484.635, ""midline"": 2467.5675, ""width_atr"": 3.697658280919745, ""high_touches"": 2, ""low_touches"": 2, ""adx14"": 20.720140904554274}",SL_BEFORE_TP,-0.4609979749154619,-2.085982801841541
ET27-00724,TRAP_REVERSAL,ETHUSDT,SHORT,2025-06-06T11:15:00Z,2484.23,2495.2057601444158,2467.5675,FALSE_BREAKOUT_TO_MIDLINE,1.1880584300949693,1.8036129918098796,1.5181180875638458,1.2640191478444158,"{""lower"": 2450.5, ""upper"": 2484.635, ""midline"": 2467.5675, ""width_atr"": 3.694903494399458, ""high_touches"": 2, ""low_touches"": 2, ""adx14"": 24.075627031208438}",AMBIGUOUS_INTRACANDLE,,
ET27-00725,SHORT_CONTINUATION_PRACTICAL_TARGET,ETHUSDT,SHORT,2025-06-07T00:00:00Z,2463.7,2485.3861682583893,2420.327663483221,FIXED_2R_STRONG_MOMENTUM,2.2680284634123358,4.5360569268246715,2.0,2.210462680309613,"{""pivot_highs"": [[15010, 2507.06], [15015, 2499.12]], ""pivot_lows"": [[15013, 2487.43], [15020, 2472.71]], ""broken_support"": 2472.71}",SL_BEFORE_TP,-1.120227635604556,-1.2726567427471915
ET27-00726,SHORT_CONTINUATION_PRACTICAL_TARGET,SOLUSDT,SHORT,2025-06-07T00:00:00Z,147.23,148.61598463600708,144.4580307279858,FIXED_2R_STRONG_MOMENTUM,2.47565177673294,4.95130355346588,2.0,1.7745822283664896,"{""pivot_highs"": [[15010, 149.97], [15014, 149.79]], ""pivot_lows"": [[15012, 149.09], [15020, 147.94]], ""broken_support"": 147.94}",SL_BEFORE_TP,-1.1813737933893194,-1.2549465490598637
ET27-00727,RANGE_BOUNDARY_REJECTION,BTCUSDT,LONG,2025-06-08T07:45:00Z,105426.45,105390.27479810442,105514.81,CONFIRMED_RANGE_MIDLINE,0.41358207194734536,1.010197869323815,2.4425572041053725,1.1070186405671918,"{""lower"": 105403.39499999999, ""upper"": 105626.225, ""midline"": 105514.81, ""width_atr"": 2.5475598825423345, ""high_touches"": 4, ""low_touches"": 3, ""adx14"": 8.298013788048376}",SL_BEFORE_TP,-0.27431321257196273,-7.994390265751557
ET27-00728,SHORT_CONTINUATION_PRACTICAL_TARGET,ETHUSDT,SHORT,2025-06-08T09:30:00Z,2496.71,2519.846075963494,2462.005886054759,FIXED_1_5R,4.08709739602576,6.13064609403868,1.5000000000000098,2.3337694136457303,"{""pivot_highs"": [[15152, 2521.13], [15155, 2519.28]], ""pivot_lows"": [[15148, 2512.31], [15151, 2511.22]], ""broken_support"": 2511.22}",SL_BEFORE_TP,-1.1666625264245356,-1.2589939629112052
ET27-00729,SHORT_CONTINUATION_PRACTICAL_TARGET,BTCUSDT,SHORT,2025-06-08T10:00:00Z,105001.01,105469.3248738165,104064.38025236699,FIXED_2R_STRONG_MOMENTUM,4.544595908268811,9.089191816537623,2.0,1.6996582141766927,"{""pivot_highs"": [[15145, 105599.32], [15152, 105495.99]], ""pivot_lows"": [[15143, 105412.76], [15157, 105075.51]], ""broken_support"": 105075.51}",SL_BEFORE_TP,-0.6860098753492978,-1.5381046771936187
ET27-00730,SHORT_CONTINUATION_PRACTICAL_TARGET,ETHUSDT,SHORT,2025-06-09T03:00:00Z,2486.18,2505.152792109165,2457.720811836252,FIXED_1_5R,2.2511829314537413,3.376774397180612,1.5,1.5381590178541664,"{""pivot_highs"": [[15207, 2548.63], [15225, 2504.31]], ""pivot_lows"": [[15219, 2495.0], [15223, 2491.53]], ""broken_support"": 2491.53}",SL_BEFORE_TP,-1.0031302684908296,-1.3144941432799215
ET27-00731,SHORT_CONTINUATION_PRACTICAL_TARGET,SOLUSDT,SHORT,2025-06-09T03:15:00Z,150.98,152.55169972585875,148.62245041121184,FIXED_1_5R,2.5473366436942686,3.821004965541403,1.5,2.0174938377527156,"{""pivot_highs"": [[15222, 152.69], [15225, 152.49]], ""pivot_lows"": [[15217, 151.85], [15221, 151.72]], ""broken_support"": 151.72}",SL_BEFORE_TP,-1.2809986262145743,-1.2305478546813475
ET27-00732,SHORT_CONTINUATION_PRACTICAL_TARGET,SOLUSDT,SHORT,2025-06-09T05:30:00Z,150.03,151.75782076938447,147.4382688459233,FIXED_1_5R,2.9882355212115637,4.48235328181737,1.5000000000000082,1.300765814730547,"{""pivot_highs"": [[15225, 152.49], [15232, 151.87]], ""pivot_lows"": [[15221, 151.72], [15229, 150.79]], ""broken_support"": 150.79}",SL_BEFORE_TP,-1.3916501828863994,-1.208396615193065
ET27-00733,TRAP_REVERSAL,BTCUSDT,LONG,2025-06-10T09:00:00Z,109163.77,109033.08891671842,109411.0875,FALSE_BREAKDOWN_TO_MIDLINE,0.6115912626112361,1.1574530780780994,1.892527164525314,1.4887492921019896,"{""lower"": 109128.33499999999, ""upper"": 109693.84, ""midline"": 109411.0875, ""width_atr"": 2.6465798130685743, ""high_touches"": 4, ""low_touches"": 2, ""adx14"": 13.144521907906869}",TP_BEFORE_SL,-0.013443606793728247,-0.11230047709650526
ET27-00734,TRAP_REVERSAL,SOLUSDT,LONG,2025-06-10T15:30:00Z,157.34,156.14491014478898,159.325,FALSE_BREAKDOWN_TO_MIDLINE,1.023837035364494,1.7005554070573625,1.660962973909174,1.0507407889172693,"{""lower"": 156.9, ""upper"": 161.75, ""midline"": 159.325, ""width_atr"": 4.155009432860584, ""high_touches"": 2, ""low_touches"": 2, ""adx14"": 18.87200124349039}",TP_BEFORE_SL,1.0215990847845335,1.3449900800272137
ET27-00735,SHORT_CONTINUATION_PRACTICAL_TARGET,BTCUSDT,SHORT,2025-06-11T09:30:00Z,109289.36,109691.55673254808,108484.96653490384,FIXED_2R_STRONG_MOMENTUM,2.5348428312469884,5.069685662493977,2.0,2.035889431927139,"{""pivot_highs"": [[15436, 109745.29], [15442, 109675.69]], ""pivot_lows"": [[15429, 109430.38], [15435, 109373.67]], ""broken_support"": 109373.67}",SL_BEFORE_TP,-0.6080108773151203,-1.652154636707906
ET27-00736,MOMENTUM_BREAKDOWN_PULLBACK,BTCUSDT,SHORT,2025-06-11T09:45:00Z,109269.83,109321.60758769643,109192.16361845535,FIXED_1_5R,0.3399414970272762,0.509912245540962,1.5000000000001406,1.6508166985971526,"{""breakdown_time"": ""2025-06-11T09:30:00Z"", ""broken_support"": 109373.67, ""pullback_bars"": 1, ""breakdown_volume_ratio"": 2.035889431927139}",SL_BEFORE_TP,-0.28738507207014935,-6.064886250351196
ET27-00737,SHORT_CONTINUATION_PRACTICAL_TARGET,BTCUSDT,SHORT,2025-06-11T17:45:00Z,108984.72,109798.05091023946,107764.72363464082,FIXED_1_5R,2.785293004807176,4.1779395072107635,1.5,1.1052842459602323,"{""pivot_highs"": [[15471, 109971.3], [15477, 109768.85]], ""pivot_lows"": [[15468, 109660.72], [15472, 109341.79]], ""broken_support"": 109341.79}",TP_BEFORE_SL,0.8794196446613654,1.1784047861614013
ET27-00738,SHORT_CONTINUATION_PRACTICAL_TARGET,SOLUSDT,SHORT,2025-06-11T21:30:00Z,161.57,163.95936075478346,156.79127849043306,FIXED_2R_STRONG_MOMENTUM,2.404732894784126,4.809465789568252,2.0,1.7037893139330371,"{""pivot_highs"": [[15475, 167.44], [15489, 163.74]], ""pivot_lows"": [[15481, 162.39], [15488, 161.85]], ""broken_support"": 161.85}",TP_BEFORE_SL,2.7176787210292357,1.837710567889887
ET27-00739,MOMENTUM_BREAKDOWN_PULLBACK,SOLUSDT,SHORT,2025-06-11T21:45:00Z,160.41,161.97451626961583,158.06322559557623,FIXED_1_5R,1.5077704538781596,2.261655680817253,1.500000000000009,1.4165967215254545,"{""breakdown_time"": ""2025-06-11T21:30:00Z"", ""broken_support"": 161.85, ""pullback_bars"": 1, ""breakdown_volume_ratio"": 1.7037893139330371}",TP_BEFORE_SL,1.2229851034372976,1.2539277746887747
ET27-00740,SHORT_CONTINUATION_PRACTICAL_TARGET,BTCUSDT,SHORT,2025-06-12T03:15:00Z,107882.27,108784.3893084078,106078.03138318441,FIXED_2R_STRONG_MOMENTUM,3.553146442265458,7.106292884530916,2.0,3.760790291845177,"{""pivot_highs"": [[15505, 108813.55], [15512, 108759.0]], ""pivot_lows"": [[15506, 108326.55], [15510, 108258.49]], ""broken_support"": 108258.49}",TP_BEFORE_SL,1.4324143984137463,1.7129897946015826
ET27-00741,SHORT_CONTINUATION_PRACTICAL_TARGET,SOLUSDT,SHORT,2025-06-12T05:00:00Z,159.08,160.67603148354448,155.88793703291108,FIXED_2R_STRONG_MOMENTUM,1.855171406778827,3.710342813557654,2.0,1.5373435128644006,"{""pivot_highs"": [[15516, 160.63], [15519, 160.59]], ""pivot_lows"": [[15510, 159.29], [15517, 159.28]], ""broken_support"": 159.28}",TP_BEFORE_SL,1.7665771731763449,1.7607866737364624
ET27-00742,SHORT_CONTINUATION_PRACTICAL_TARGET,BTCUSDT,SHORT,2025-06-12T10:15:00Z,107285.48,107790.23700758899,106528.34448861651,FIXED_1_5R,2.7011120169211718,4.051668025381719,1.4999999999999856,1.395181189597523,"{""pivot_highs"": [[15530, 107993.58], [15537, 107835.83]], ""pivot_lows"": [[15529, 107640.33], [15534, 107438.65]], ""broken_support"": 107438.65}",SL_BEFORE_TP,-0.7104802621836582,-1.510117042713075
ET27-00743,SHORT_CONTINUATION_PRACTICAL_TARGET,ETHUSDT,SHORT,2025-06-12T11:15:00Z,2727.49,2754.8260022376207,2672.817995524758,FIXED_2R_STRONG_MOMENTUM,2.15923806651356,4.31847613302712,2.0,1.7396824288730186,"{""pivot_highs"": [[15530, 2777.21], [15540, 2762.11]], ""pivot_lows"": [[15541, 2748.93], [15546, 2733.64]], ""broken_support"": 2733.64}",SL_BEFORE_TP,-1.2422402369072283,-1.239463544928715
ET27-00744,MOMENTUM_BREAKDOWN_PULLBACK,ETHUSDT,SHORT,2025-06-12T12:00:00Z,2718.05,2741.1034369895274,2683.469844515709,FIXED_1_5R,1.7253016219605384,2.5879524329408246,1.5000000000000098,1.6311608917960447,"{""breakdown_time"": ""2025-06-12T11:15:00Z"", ""broken_support"": 2733.64, ""pullback_bars"": 3, ""breakdown_volume_ratio"": 1.7396824288730186}",SL_BEFORE_TP,-1.0881608870155883,-1.282965182283381
ET27-00745,SHORT_CONTINUATION_PRACTICAL_TARGET,BTCUSDT,SHORT,2025-06-12T13:15:00Z,106833.28,107454.7191844476,105590.40163110479,FIXED_2R_STRONG_MOMENTUM,2.713804877504919,5.427609755009838,2.0,1.6986057480626564,"{""pivot_highs"": [[15537, 107835.83], [15554, 107431.82]], ""pivot_lows"": [[15534, 107438.65], [15552, 106870.0]], ""broken_support"": 106870.0}",SL_BEFORE_TP,-0.8216906346483089,-1.41259044877885
ET27-00746,MOMENTUM_BREAKDOWN_PULLBACK,BTCUSDT,SHORT,2025-06-12T20:00:00Z,106486.67,107005.19661257793,105708.8800811331,FIXED_1_5R,1.4005837919832267,2.10087568797484,1.5,1.911560789271045,"{""breakdown_time"": ""2025-06-12T19:45:00Z"", ""broken_support"": 107229.47, ""pullback_bars"": 1, ""breakdown_volume_ratio"": 2.5832343866325136}",TP_BEFORE_SL,0.49041059398974185,1.0071265354551306
ET27-00747,MOMENTUM_BREAKDOWN_PULLBACK,ETHUSDT,SHORT,2025-06-12T20:00:00Z,2684.92,2705.6212118568574,2653.868182214714,FIXED_1_5R,1.2290376263104446,1.843556439465667,1.5,1.6189777688472506,"{""breakdown_time"": ""2025-06-12T19:45:00Z"", ""broken_support"": 2718.15, ""pullback_bars"": 1, ""breakdown_volume_ratio"": 2.9558446443621986}",TP_BEFORE_SL,0.9165267414033174,1.188723150868799
ET27-00748,SHORT_CONTINUATION_PRACTICAL_TARGET,BTCUSDT,SHORT,2025-06-13T00:00:00Z,104328.68,106186.14971378555,100613.74057242888,FIXED_2R_STRONG_MOMENTUM,4.0248780792378485,8.049756158475697,2.0,6.597712311338415,"{""pivot_highs"": [[15589, 106430.39], [15596, 106140.0]], ""pivot_lows"": [[15587, 105772.73], [15595, 105726.65]], ""broken_support"": 105726.65}",NEITHER_EXPIRED,-1.7921139537086093,-1.0065783674015043
ET27-00749,SHORT_CONTINUATION_PRACTICAL_TARGET,SOLUSDT,SHORT,2025-06-13T00:00:00Z,147.98,153.0745804475754,137.79083910484914,FIXED_2R_STRONG_MOMENTUM,4.0893900661990825,8.178780132398165,2.0,6.972610517385434,"{""pivot_highs"": [[15590, 153.65], [15597, 152.95]], ""pivot_lows"": [[15589, 152.2], [15595, 152.02]], ""broken_support"": 152.02}",NEITHER_EXPIRED,-0.40894174888498447,-0.1187834810397389
ET27-00750,MOMENTUM_BREAKDOWN_PULLBACK,SOLUSDT,SHORT,2025-06-13T00:15:00Z,145.84,148.70590392729832,141.54114410905254,FIXED_1_5R,2.0729374938629266,3.1094062407943794,1.4999999999999951,3.1109618907950245,"{""breakdown_time"": ""2025-06-13T00:00:00Z"", ""broken_support"": 152.02, ""pullback_bars"": 1, ""breakdown_volume_ratio"": 6.972610517385434}",TP_BEFORE_SL,2.7076521468372627,1.3778688996982627
ET27-00751,MOMENTUM_BREAKDOWN_PULLBACK,ETHUSDT,SHORT,2025-06-13T00:30:00Z,2536.48,2576.5648034468772,2476.352794829684,FIXED_1_5R,1.487007322892666,2.230510984338999,1.5,3.4886816089559805,"{""breakdown_time"": ""2025-06-13T00:00:00Z"", ""broken_support"": 2632.73, ""pullback_bars"": 2, ""breakdown_volume_ratio"": 5.7542088952484605}",TP_BEFORE_SL,2.1304979014348957,1.348133170764637
ET27-00752,SHORT_CONTINUATION_PRACTICAL_TARGET,ETHUSDT,SHORT,2025-06-13T02:30:00Z,2452.11,2510.415827152854,2335.4983456942923,FIXED_2R_STRONG_MOMENTUM,1.901797598033949,3.803595196067898,2.0,1.3099353776786864,"{""pivot_highs"": [[15597, 2658.81], [15607, 2507.35]], ""pivot_lows"": [[15595, 2632.73], [15604, 2455.03]], ""broken_support"": 2455.03}",SL_BEFORE_TP,-2.617781875725555,-1.100934405485266
ET27-00753,TRAP_REVERSAL,BTCUSDT,LONG,2025-06-13T14:00:00Z,104548.38,104341.17725414631,104913.9825,FALSE_BREAKDOWN_TO_MIDLINE,0.6013692067763842,1.0610963890203835,1.7644674470586026,2.2356050714726625,"{""lower"": 104532.89499999999, ""upper"": 105295.07, ""midline"": 104913.9825, ""width_atr"": 2.2120777081711513, ""high_touches"": 2, ""low_touches"": 3, ""adx14"": 11.338160141590818}",SL_BEFORE_TP,-0.4381883849885483,-2.2109690485336344
ET27-00754,MOMENTUM_BREAKDOWN_PULLBACK,ETHUSDT,SHORT,2025-06-13T14:15:00Z,2508.95,2531.98302611199,2474.4004608320147,FIXED_1_5R,1.3938107605982408,2.0907161408973476,1.4999999999999902,2.2594211305165324,"{""breakdown_time"": ""2025-06-13T14:00:00Z"", ""broken_support"": 2534.89, ""pullback_bars"": 1, ""breakdown_volume_ratio"": 2.081999219688482}",SL_BEFORE_TP,-1.1580344810374954,-1.261428088985034
ET27-00755,SHORT_CONTINUATION_PRACTICAL_TARGET,BTCUSDT,SHORT,2025-06-14T07:00:00Z,104940.0,105377.45525021567,104065.08949956865,FIXED_2R_STRONG_MOMENTUM,3.0388860468677525,6.077772093735505,2.0,1.8392585735881184,"{""pivot_highs"": [[15710, 105440.0], [15719, 105363.06]], ""pivot_lows"": [[15700, 105450.08], [15711, 105197.96]], ""broken_support"": 105197.96}",SL_BEFORE_TP,-0.6568622548272088,-1.5757297457873247
ET27-00756,MOMENTUM_BREAKDOWN_PULLBACK,ETHUSDT,SHORT,2025-06-14T07:00:00Z,2537.51,2548.3899125595935,2521.1901311606102,FIXED_1_5R,1.467098641407259,2.2006479621108888,1.5,1.8360921298229724,"{""breakdown_time"": ""2025-06-14T06:15:00Z"", ""broken_support"": 2547.41, ""pullback_bars"": 3, ""breakdown_volume_ratio"": 1.7934418385685096}",TP_BEFORE_SL,0.4031450059069711,0.9402506484640684
ET27-00757,SHORT_CONTINUATION_PRACTICAL_TARGET,SOLUSDT,SHORT,2025-06-14T07:00:00Z,145.92,147.11883675144634,144.12174487283045,FIXED_1_5R,2.4547839812057215,3.6821759718086113,1.5000000000000118,1.2643475167480922,"{""pivot_highs"": [[15714, 147.15], [15720, 147.07]], ""pivot_lows"": [[15711, 146.49], [15721, 146.07]], ""broken_support"": 146.07}",TP_BEFORE_SL,0.9923568579835116,1.2078768234478352
ET27-00758,SHORT_CONTINUATION_PRACTICAL_TARGET,ETHUSDT,SHORT,2025-06-14T15:15:00Z,2522.83,2537.7530470304255,2500.4454294543616,FIXED_1_5R,1.9816885835124434,2.9725328752686653,1.5,2.5443232134835947,"{""pivot_highs"": [[15748, 2546.19], [15753, 2537.0]], ""pivot_lows"": [[15745, 2528.7], [15751, 2526.21]], ""broken_support"": 2526.21}",TP_BEFORE_SL,0.6472801792288155,1.0942657027311307
ET27-00759,MOMENTUM_BREAKDOWN_PULLBACK,ETHUSDT,SHORT,2025-06-14T15:30:00Z,2511.68,2523.7843095481885,2493.5235356777166,FIXED_1_5R,1.5220607910081647,2.2830911865122756,1.5000000000000189,3.3643645388898484,"{""breakdown_time"": ""2025-06-14T15:15:00Z"", ""broken_support"": 2526.21, ""pullback_bars"": 1, ""breakdown_volume_ratio"": 2.5443232134835947}",SL_BEFORE_TP,-0.7219208477269663,-1.4980070921023376
ET27-00760,MOMENTUM_BREAKDOWN_PULLBACK,SOLUSDT,SHORT,2025-06-14T15:30:00Z,144.02,144.88176149837804,142.72735775243297,FIXED_1_5R,1.6743664341232267,2.5115496511848403,1.5,5.133372748825819,"{""breakdown_time"": ""2025-06-14T15:15:00Z"", ""broken_support"": 145.0, ""pullback_bars"": 1, ""breakdown_volume_ratio"": 2.3073051016943635}",SL_BEFORE_TP,-0.838362379098757,-1.4010947352029113
ET27-00761,SHORT_CONTINUATION_PRACTICAL_TARGET,BTCUSDT,SHORT,2025-06-14T16:45:00Z,104457.85,104917.74154436748,103538.06691126505,FIXED_2R_STRONG_MOMENTUM,2.9439569708900595,5.887913941780119,2.0,4.765014621152064,"{""pivot_highs"": [[15751, 105090.36], [15757, 104983.05]], ""pivot_lows"": [[15755, 104841.96], [15758, 104615.38]], ""broken_support"": 104615.38}",SL_BEFORE_TP,-0.6802651829110763,-1.5451260043165271
ET27-00762,TRAP_REVERSAL,BTCUSDT,LONG,2025-06-14T20:00:00Z,104372.41,104265.55714219026,104690.02,FALSE_BREAKDOWN_TO_MIDLINE,0.46534839704637937,1.383204037921569,2.9724052918220556,1.1998686348073055,"{""lower"": 104359.29000000001, ""upper"": 105020.75, ""midline"": 104690.02, ""width_atr"": 2.880684307558289, ""high_touches"": 5, ""low_touches"": 2, ""adx14"": 25.59029810894707}",TP_BEFORE_SL,0.06430455711428007,0.6281181184643856
ET27-00763,MOMENTUM_BREAKDOWN_PULLBACK,BTCUSDT,SHORT,2025-06-15T20:15:00Z,104989.67,105319.90012428496,104494.32481357254,FIXED_1_5R,1.9913249961021824,2.9869874941533174,1.500000000000022,1.8037079747446165,"{""breakdown_time"": ""2025-06-15T19:30:00Z"", ""broken_support"": 105472.0, ""pullback_bars"": 3, ""breakdown_volume_ratio"": 2.1773575687274436}",SL_BEFORE_TP,-0.5545358246053773,-1.7630291408017151
ET27-00764,SHORT_CONTINUATION_PRACTICAL_TARGET,ETHUSDT,SHORT,2025-06-15T20:30:00Z,2494.08,2554.027713838102,2374.1845723237957,FIXED_2R_STRONG_MOMENTUM,5.776902228434567,11.553804456869134,2.0,3.9554602254674722,"{""pivot_highs"": [[15863, 2559.51], [15868, 2553.45]], ""pivot_lows"": [[15861, 2544.54], [15865, 2541.0]], ""broken_support"": 2541.0}",SL_BEFORE_TP,-2.643600278984721,-1.0998502130734382
ET27-00765,MOMENTUM_BREAKDOWN_PULLBACK,SOLUSDT,SHORT,2025-06-16T22:45:00Z,153.0,154.1011834457721,151.34822483134184,FIXED_1_5R,1.090429576834508,1.635644365251762,1.5,4.434218376392422,"{""breakdown_time"": ""2025-06-16T22:30:00Z"", ""broken_support"": 156.36, ""pullback_bars"": 1, ""breakdown_volume_ratio"": 5.019002704415335}",SL_BEFORE_TP,-0.959727742334711,-1.3334594262289634
ET27-00766,SHORT_CONTINUATION_PRACTICAL_TARGET,ETHUSDT,SHORT,2025-06-16T23:45:00Z,2544.17,2658.3217431441362,2315.8665137117277,FIXED_2R_STRONG_MOMENTUM,5.280541467369489,10.561082934738979,2.0,1.5488923954875653,"{""pivot_highs"": [[15971, 2680.34], [15981, 2596.39]], ""pivot_lows"": [[15974, 2645.0], [15979, 2544.21]], ""broken_support"": 2544.21}",NEITHER_EXPIRED,1.1050359056195243,0.24628613830716117
ET27-00767,SHORT_CONTINUATION_PRACTICAL_TARGET,SOLUSDT,SHORT,2025-06-16T23:45:00Z,150.72,156.9655782485314,138.22884350293722,FIXED_2R_STRONG_MOMENTUM,5.403766130644927,10.807532261289854,2.0,2.089463549667069,"{""pivot_highs"": [[15975, 157.36], [15981, 154.13]], ""pivot_lows"": [[15974, 156.36], [15979, 151.83]], ""broken_support"": 151.83}",NEITHER_EXPIRED,1.8499681528662457,0.44643936702828957
ET27-00768,SHORT_CONTINUATION_PRACTICAL_TARGET,BTCUSDT,SHORT,2025-06-17T09:00:00Z,106459.55,106847.04064104511,105878.31403843235,FIXED_1_5R,1.597198690358449,2.395798035537643,1.4999999999999811,1.3390636572703865,"{""pivot_highs"": [[15999, 107735.21], [16017, 106822.78]], ""pivot_lows"": [[16005, 107040.0], [16014, 106481.6]], ""broken_support"": 106481.6}",TP_BEFORE_SL,0.30596883188746726,0.840621700408335
ET27-00769,SHORT_CONTINUATION_PRACTICAL_TARGET,ETHUSDT,SHORT,2025-06-17T10:00:00Z,2561.4,2577.319357184697,2537.5209642229547,FIXED_1_5R,1.4480605035643084,2.172090755346483,1.5000000000000142,1.6547012708454767,"{""pivot_highs"": [[16012, 2586.73], [16015, 2586.5]], ""pivot_lows"": [[16008, 2574.57], [16013, 2570.24]], ""broken_support"": 2570.24}",TP_BEFORE_SL,0.6922650026175284,1.1138437043231109
ET27-00770,SHORT_CONTINUATION_PRACTICAL_TARGET,BTCUSDT,SHORT,2025-06-17T11:15:00Z,105554.17,106272.35648288991,104476.89027566512,FIXED_1_5R,3.001638336040157,4.502457504060265,1.5000000000000102,1.2854682931491301,"{""pivot_highs"": [[15999, 107735.21], [16017, 106822.78]], ""pivot_lows"": [[16005, 107040.0], [16014, 106481.6]], ""broken_support"": 106481.6}",TP_BEFORE_SL,0.7805941881167517,1.1472643052531184
ET27-00771,SHORT_CONTINUATION_PRACTICAL_TARGET,SOLUSDT,SHORT,2025-06-17T12:45:00Z,149.67,151.50885426304848,145.992291473903,FIXED_2R_STRONG_MOMENTUM,2.3319655678198146,4.663931135639629,2.0,1.5143939257771688,"{""pivot_highs"": [[16008, 154.33], [16032, 151.43]], ""pivot_lows"": [[16026, 150.32], [16031, 150.18]], ""broken_support"": 150.18}",TP_BEFORE_SL,2.217211549473494,1.8046566238454929
ET27-00772,SHORT_CONTINUATION_PRACTICAL_TARGET,BTCUSDT,SHORT,2025-06-17T13:30:00Z,105317.85,105864.76903548026,104224.0119290395,FIXED_2R_STRONG_MOMENTUM,2.242479149792961,4.484958299585922,2.0,1.564943827149215,"{""pivot_highs"": [[16017, 106822.78], [16032, 105862.03]], ""pivot_lows"": [[16005, 107040.0], [16014, 106481.6]], ""broken_support"": 106481.6}",TP_BEFORE_SL,0.7986065334228829,1.5378423064429527
ET27-00773,MOMENTUM_BREAKDOWN_PULLBACK,SOLUSDT,SHORT,2025-06-17T13:30:00Z,149.23,150.6178405900514,147.1482391149229,FIXED_1_5R,1.702165437868934,2.5532481568033836,1.4999999999999898,1.3288431838592376,"{""breakdown_time"": ""2025-06-17T12:45:00Z"", ""broken_support"": 150.18, ""pullback_bars"": 3, ""breakdown_volume_ratio"": 1.5143939257771688}",SL_BEFORE_TP,-1.1700010655038606,-1.258064220464061
ET27-00774,MOMENTUM_BREAKDOWN_PULLBACK,ETHUSDT,SHORT,2025-06-17T15:00:00Z,2521.51,2542.535409215436,2489.971886176846,FIXED_1_5R,1.4794391181982964,2.2191586772974605,1.5000000000000109,3.566221536350009,"{""breakdown_time"": ""2025-06-17T14:45:00Z"", ""broken_support"": 2547.45, ""pullback_bars"": 1, ""breakdown_volume_ratio"": 1.8937858405190864}",TP_BEFORE_SL,1.0107629881759008,1.2121756852391283
ET27-00775,SHORT_CONTINUATION_PRACTICAL_TARGET,SOLUSDT,SHORT,2025-06-17T15:15:00Z,147.5,150.87373723555166,140.75252552889668,FIXED_2R_STRONG_MOMENTUM,3.599143089399251,7.198286178798502,2.0,2.748932907856494,"{""pivot_highs"": [[16032, 151.43], [16041, 150.78]], ""pivot_lows"": [[16031, 150.18], [16038, 149.15]], ""broken_support"": 149.15}",NEITHER_EXPIRED,1.0616949152542288,0.4641736717068074
ET27-00776,SHORT_CONTINUATION_PRACTICAL_TARGET,BTCUSDT,SHORT,2025-06-17T15:45:00Z,104241.63,105439.50498039313,102444.81752941031,FIXED_1_5R,3.3269702338773928,4.990455350816089,1.5,1.2014856099904625,"{""pivot_highs"": [[16032, 105862.03], [16038, 105754.05]], ""pivot_lows"": [[16005, 107040.0], [16014, 106481.6]], ""broken_support"": 106481.6}",SL_BEFORE_TP,-1.3891330099050905,-1.2088531074569184
ET27-00777,MOMENTUM_BREAKDOWN_PULLBACK,SOLUSDT,SHORT,2025-06-17T17:00:00Z,145.83,146.78570316000364,144.39644525999458,FIXED_1_5R,0.9911948748576095,1.4867923122864144,1.5,1.5640566167103027,"{""breakdown_time"": ""2025-06-17T16:45:00Z"", ""broken_support"": 146.52, ""pullback_bars"": 1, ""breakdown_volume_ratio"": 2.467708317764097}",SL_BEFORE_TP,-0.895354289243381,-1.366214128661742
ET27-00778,TRAP_REVERSAL,ETHUSDT,SHORT,2025-06-18T08:00:00Z,2543.11,2549.792369603445,2530.16,FALSE_BREAKOUT_TO_MIDLINE,0.7303830090673159,1.4154350221134122,1.9379353086552404,1.8349425148646639,"{""lower"": 2515.16, ""upper"": 2545.16, ""midline"": 2530.16, ""width_atr"": 3.2790000512279125, ""high_touches"": 2, ""low_touches"": 3, ""adx14"": 19.03552503292646}",TP_BEFORE_SL,0.2692190270967545,1.0245670931567155
ET27-00779,MOMENTUM_BREAKDOWN_PULLBACK,SOLUSDT,SHORT,2025-06-18T10:30:00Z,146.43,146.9325479026157,145.67617814607644,FIXED_1_5R,0.8312541939817599,1.2468812909726634,1.5000000000000282,1.722973622047439,"{""breakdown_time"": ""2025-06-18T10:15:00Z"", ""broken_support"": 147.08, ""pullback_bars"": 1, ""breakdown_volume_ratio"": 1.3428862880992147}",TP_BEFORE_SL,0.2748001460927191,0.8006994991505816
ET27-00780,SHORT_CONTINUATION_PRACTICAL_TARGET,SOLUSDT,SHORT,2025-06-18T12:45:00Z,145.17,146.83535600278972,142.67196599581538,FIXED_1_5R,2.548130136031142,3.8221952040467126,1.5,1.4356389944082302,"{""pivot_highs"": [[16117, 148.38], [16127, 146.77]], ""pivot_lows"": [[16114, 147.08], [16123, 145.34]], ""broken_support"": 145.34}",SL_BEFORE_TP,-1.3871764157813156,-1.209209321860528
ET27-00781,SHORT_CONTINUATION_PRACTICAL_TARGET,ETHUSDT,SHORT,2025-06-18T13:00:00Z,2482.85,2517.9614302135337,2412.6271395729323,FIXED_2R_STRONG_MOMENTUM,3.2467587620657823,6.493517524131565,2.0,2.4294625177314266,"{""pivot_highs"": [[16121, 2528.8], [16127, 2516.88]], ""pivot_lows"": [[16114, 2526.92], [16123, 2488.27]], ""broken_support"": 2488.27}",SL_BEFORE_TP,-1.654158334717515,-1.16971225506226
ET27-00782,MOMENTUM_BREAKDOWN_PULLBACK,BTCUSDT,SHORT,2025-06-18T13:15:00Z,103919.96,104128.67496346396,103606.88755480408,FIXED_1_5R,0.8725249083531793,1.308787362529769,1.5,1.839876042045965,"{""breakdown_time"": ""2025-06-18T13:00:00Z"", ""broken_support"": 104175.87, ""pullback_bars"": 1, ""breakdown_volume_ratio"": 2.087596842292395}",SL_BEFORE_TP,-0.44084203598995797,-2.194968965620324
ET27-00783,MOMENTUM_BREAKDOWN_PULLBACK,ETHUSDT,SHORT,2025-06-18T13:15:00Z,2471.08,2487.389565095081,2446.6156523573786,FIXED_1_5R,1.4395396134334162,2.1593094201501244,1.5,2.247656412329536,"{""breakdown_time"": ""2025-06-18T13:00:00Z"", ""broken_support"": 2488.27, ""pullback_bars"": 1, ""breakdown_volume_ratio"": 2.4294625177314266}",SL_BEFORE_TP,-0.9000176884229111,-1.363626618209993
ET27-00784,TRAP_REVERSAL,BTCUSDT,SHORT,2025-06-18T20:45:00Z,104822.33,105056.17585440348,104207.9675,FALSE_BREAKOUT_TO_MIDLINE,0.5212338630878323,1.369391559359344,2.6272114233848045,1.6201102464289843,"{""lower"": 103576.0, ""upper"": 104839.935, ""midline"": 104207.9675, ""width_atr"": 2.8172649218968298, ""high_touches"": 4, ""low_touches"": 3, ""adx14"": 21.039730387554503}",SL_BEFORE_TP,-0.4630878233707266,-2.075809501270577
ET27-00785,RANGE_BOUNDARY_REJECTION,ETHUSDT,LONG,2025-06-19T02:15:00Z,2514.19,2505.9128210912772,2524.8625,CONFIRMED_RANGE_MIDLINE,0.6544331852942757,0.8438186786916935,1.2893885848900797,0.8638905822284457,"{""lower"": 2509.68, ""upper"": 2540.045, ""midline"": 2524.8625, ""width_atr"": 2.40080151590285, ""high_touches"": 2, ""low_touches"": 2, ""adx14"": 12.07678946246717}",TP_BEFORE_SL,0.1844905914032005,0.5603894818694752
ET27-00786,SHORT_CONTINUATION_PRACTICAL_TARGET,SOLUSDT,SHORT,2025-06-19T02:15:00Z,145.1,147.05396854127378,142.16904718808934,FIXED_1_5R,2.3270245161253773,3.4905367741880493,1.4999999999999927,1.1781587823961919,"{""pivot_highs"": [[16169, 147.92], [16172, 147.8]], ""pivot_lows"": [[16177, 145.83], [16180, 145.45]], ""broken_support"": 145.45}",SL_BEFORE_TP,-1.586635796880621,-1.1782219071822846
ET27-00787,MOMENTUM_BREAKDOWN_PULLBACK,SOLUSDT,SHORT,2025-06-19T06:15:00Z,145.16,145.53434271322666,144.59848593016,FIXED_1_5R,0.5326023300491525,0.7989034950737287,1.5,1.2084605677357545,"{""breakdown_time"": ""2025-06-19T06:00:00Z"", ""broken_support"": 145.6, ""pullback_bars"": 1, ""breakdown_volume_ratio"": 3.8825101608073593}",SL_BEFORE_TP,-0.497882828070176,-1.9306552196437459
ET27-00788,MOMENTUM_BREAKDOWN_PULLBACK,BTCUSDT,SHORT,2025-06-19T13:45:00Z,104283.33,104560.31553903101,103867.85169145348,FIXED_1_5R,1.7022969061654143,2.5534453592481214,1.5,2.763580691048793,"{""breakdown_time"": ""2025-06-19T13:30:00Z"", ""broken_support"": 104694.43, ""pullback_bars"": 1, ""breakdown_volume_ratio"": 1.510417172586415}",SL_BEFORE_TP,-0.5056086442876453,-1.903585049514006
ET27-00789,SHORT_CONTINUATION_PRACTICAL_TARGET,SOLUSDT,SHORT,2025-06-19T13:45:00Z,143.95,145.55667602289253,140.7366479542149,FIXED_2R_STRONG_MOMENTUM,2.834842568150786,5.669685136301572,2.0,2.5416786744087307,"{""pivot_highs"": [[16218, 146.5], [16226, 145.5]], ""pivot_lows"": [[16212, 145.05], [16224, 144.52]], ""broken_support"": 144.52}",SL_BEFORE_TP,-1.3561347849201413,-1.215027793455225
ET27-00790,MOMENTUM_BREAKDOWN_PULLBACK,SOLUSDT,SHORT,2025-06-19T14:30:00Z,143.74,144.71153522840885,142.28269715738674,FIXED_1_5R,1.6297456512298845,2.4446184768448505,1.5000000000000147,2.4989744031926717,"{""breakdown_time"": ""2025-06-19T13:45:00Z"", ""broken_support"": 144.52, ""pullback_bars"": 3, ""breakdown_volume_ratio"": 2.5416786744087307}",SL_BEFORE_TP,-0.9158976126400721,-1.3550833669356432
ET27-00791,SHORT_CONTINUATION_PRACTICAL_TARGET,BTCUSDT,SHORT,2025-06-19T14:45:00Z,104148.6,104803.79975349388,102838.20049301226,FIXED_2R_STRONG_MOMENTUM,3.5131818429069743,7.026363685813949,2.0,2.199420002757029,"{""pivot_highs"": [[16218, 105073.53], [16233, 104690.47]], ""pivot_lows"": [[16224, 104694.43], [16231, 104244.11]], ""broken_support"": 104244.11}",SL_BEFORE_TP,-0.8691008746098084,-1.3814968468273976
ET27-00792,SHORT_CONTINUATION_PRACTICAL_TARGET,ETHUSDT,SHORT,2025-06-19T14:45:00Z,2496.92,2525.1022976597937,2440.5554046804127,FIXED_2R_STRONG_MOMENTUM,3.3066261928511307,6.613252385702261,2.0,3.145750228850792,"{""pivot_highs"": [[16224, 2536.83], [16233, 2522.27]], ""pivot_lows"": [[16222, 2524.52], [16231, 2507.21]], ""broken_support"": 2507.21}",SL_BEFORE_TP,-1.3686824431617222,-1.2126373112774749
ET27-00793,SHORT_CONTINUATION_PRACTICAL_TARGET,SOLUSDT,SHORT,2025-06-20T04:45:00Z,144.5,146.08375545295368,142.1243668205695,FIXED_1_5R,2.946222877739948,4.419334316609896,1.4999999999999911,1.132746761253236,"{""pivot_highs"": [[16279, 147.25], [16285, 146.07]], ""pivot_lows"": [[16273, 146.59], [16284, 145.51]], ""broken_support"": 145.51}",SL_BEFORE_TP,-1.3360245349160427,-1.218973200283682
ET27-00794,SHORT_CONTINUATION_PRACTICAL_TARGET,ETHUSDT,SHORT,2025-06-20T16:00:00Z,2486.99,2512.9376266883837,2448.068559967424,FIXED_1_5R,2.096563279696887,3.144844919545331,1.5,1.411925119862209,"{""pivot_highs"": [[16324, 2559.55], [16334, 2508.76]], ""pivot_lows"": [[16317, 2541.03], [16332, 2488.4]], ""broken_support"": 2488.4}",TP_BEFORE_SL,1.3250018710399278,1.2699683261331927
ET27-00795,SHORT_CONTINUATION_PRACTICAL_TARGET,SOLUSDT,SHORT,2025-06-20T17:00:00Z,141.48,143.92082174743973,136.5983565051205,FIXED_2R_STRONG_MOMENTUM,3.020006155224946,6.040012310449892,2.0,1.4224185962578695,"{""pivot_highs"": [[16319, 148.57], [16325, 147.96]], ""pivot_lows"": [[16318, 147.89], [16337, 141.89]], ""broken_support"": 141.89}",TP_BEFORE_SL,3.2104124221653123,1.8608861952511824
ET27-00796,MOMENTUM_BREAKDOWN_PULLBACK,SOLUSDT,SHORT,2025-06-20T17:15:00Z,137.64,141.6850585185757,131.57241222213645,FIXED_1_5R,3.5940496560169155,5.391074484025361,1.4999999999999964,6.879163562139701,"{""breakdown_time"": ""2025-06-20T17:00:00Z"", ""broken_support"": 141.89, ""pullback_bars"": 1, ""breakdown_volume_ratio"": 1.4224185962578695}",SL_BEFORE_TP,-3.1788684383723487,-1.0816640843347587
ET27-00797,SHORT_CONTINUATION_PRACTICAL_TARGET,BTCUSDT,SHORT,2025-06-21T18:45:00Z,102645.22,103442.27142256098,101051.11715487804,FIXED_2R_STRONG_MOMENTUM,4.181489707869435,8.36297941573887,2.0,3.360103152281949,"{""pivot_highs"": [[16437, 103589.2], [16440, 103423.21]], ""pivot_lows"": [[16430, 103281.82], [16439, 103174.12]], ""broken_support"": 103174.12}",TP_BEFORE_SL,1.313021996661862,1.6909251761844106
ET27-00798,SHORT_CONTINUATION_PRACTICAL_TARGET,ETHUSDT,SHORT,2025-06-21T18:45:00Z,2387.32,2415.8604516492583,2330.239096701484,FIXED_2R_STRONG_MOMENTUM,2.9409452465840364,5.881890493168073,2.0,2.730156999319893,"{""pivot_highs"": [[16432, 2428.23], [16437, 2424.22]], ""pivot_lows"": [[16435, 2413.86], [16439, 2396.27]], ""broken_support"": 2396.27}",TP_BEFORE_SL,2.1510034389405774,1.79924746565288
ET27-00799,SHORT_CONTINUATION_PRACTICAL_TARGET,SOLUSDT,SHORT,2025-06-21T18:45:00Z,137.71,139.71448547031994,133.70102905936014,FIXED_2R_STRONG_MOMENTUM,2.3725801167097593,4.745160233419519,2.0,2.0337186884504668,"{""pivot_highs"": [[16426, 141.39], [16437, 140.89]], ""pivot_lows"": [[16431, 139.15], [16438, 138.26]], ""broken_support"": 138.26}",TP_BEFORE_SL,2.671169080415271,1.8351177871360433
ET27-00800,SHORT_CONTINUATION_PRACTICAL_TARGET,BTCUSDT,SHORT,2025-06-21T21:15:00Z,101848.0,102917.34824845253,99709.30350309494,FIXED_2R_STRONG_MOMENTUM,3.7562839534570402,7.5125679069140805,2.0,3.933857874669762,"{""pivot_highs"": [[16440, 103423.21], [16451, 102888.88]], ""pivot_lows"": [[16439, 103174.12], [16448, 102206.0]], ""broken_support"": 102206.0}",SL_BEFORE_TP,-1.2899452600468642,-1.228583345372965
ET27-00801,SHORT_CONTINUATION_PRACTICAL_TARGET,SOLUSDT,SHORT,2025-06-21T21:15:00Z,135.32,139.00749948613594,127.9450010277281,FIXED_2R_STRONG_MOMENTUM,3.430248477163089,6.860496954326178,2.0,4.520351329547767,"{""pivot_highs"": [[16442, 139.63], [16451, 138.9]], ""pivot_lows"": [[16443, 137.37], [16448, 136.82]], ""broken_support"": 136.82}",TP_BEFORE_SL,5.2100435798639495,1.911927309760708
ET27-00802,MOMENTUM_BREAKDOWN_PULLBACK,SOLUSDT,SHORT,2025-06-21T21:30:00Z,133.95,135.47767085598002,131.65849371602994,FIXED_1_5R,1.1626784263847287,1.7440176395770932,1.5,4.687845391015399,"{""breakdown_time"": ""2025-06-21T21:15:00Z"", ""broken_support"": 136.82, ""pullback_bars"": 1, ""breakdown_volume_ratio"": 4.520351329547767}",SL_BEFORE_TP,-1.3804784292497456,-1.210438000267907
ET27-00803,SHORT_CONTINUATION_PRACTICAL_TARGET,ETHUSDT,SHORT,2025-06-21T21:45:00Z,2281.8,2411.7299797195706,2086.905030420645,FIXED_1_5R,5.624723828472251,8.437085742708367,1.4999999999999982,2.0354386213947864,"{""pivot_highs"": [[16442, 2411.76], [16451, 2409.42]], ""pivot_lows"": [[16444, 2383.98], [16448, 2377.92]], ""broken_support"": 2377.92}",NEITHER_EXPIRED,4.26039442545359,0.7482005323930446
ET27-00804,SHORT_CONTINUATION_PRACTICAL_TARGET,ETHUSDT,SHORT,2025-06-22T09:15:00Z,2256.5,2281.313846176771,2206.8723076464576,FIXED_2R_STRONG_MOMENTUM,1.8886416549727556,3.777283309945511,2.0,2.1854640718913365,"{""pivot_highs"": [[16489, 2298.22], [16497, 2278.11]], ""pivot_lows"": [[16486, 2278.98], [16496, 2263.97]], ""broken_support"": 2263.97}",SL_BEFORE_TP,-1.3396608099610556,-1.2182491162965965
ET27-00805,SHORT_CONTINUATION_PRACTICAL_TARGET,BTCUSDT,SHORT,2025-06-22T09:45:00Z,102199.99,102830.98664946176,100937.9967010765,FIXED_2R_STRONG_MOMENTUM,2.342520922498813,4.685041844997626,2.0,1.5574588704815937,"{""pivot_highs"": [[16489, 102946.47], [16500, 102804.05]], ""pivot_lows"": [[16487, 102609.05], [16494, 102269.18]], ""broken_support"": 102269.18}",SL_BEFORE_TP,-0.8574136117447317,-1.3887183493117212
ET27-00806,MOMENTUM_BREAKDOWN_PULLBACK,ETHUSDT,SHORT,2025-06-22T09:45:00Z,2241.95,2265.880851044129,2206.053723433806,FIXED_1_5R,1.6785225897663796,2.5177838846495533,1.4999999999999905,3.554173327446901,"{""breakdown_time"": ""2025-06-22T09:15:00Z"", ""broken_support"": 2263.97, ""pullback_bars"": 2, ""breakdown_volume_ratio"": 2.1854640718913365}",SL_BEFORE_TP,-1.3074123439028174,-1.2248428185891869
ET27-00807,MOMENTUM_BREAKDOWN_PULLBACK,SOLUSDT,SHORT,2025-06-22T09:45:00Z,132.32,134.09057183680252,129.6641422447962,FIXED_1_5R,1.921543736274542,2.8823156044117972,1.499999999999992,2.1977194075875732,"{""breakdown_time"": ""2025-06-22T09:15:00Z"", ""broken_support"": 134.12, ""pullback_bars"": 2, ""breakdown_volume_ratio"": 2.1251940643282285}",TP_BEFORE_SL,1.7671476384550961,1.3206409966547819
ET27-00808,SHORT_CONTINUATION_PRACTICAL_TARGET,SOLUSDT,SHORT,2025-06-22T09:45:00Z,132.32,135.45214319733546,126.05571360532906,FIXED_2R_STRONG_MOMENTUM,3.399212625466672,6.798425250933344,2.0,2.1977194075875732,"{""pivot_highs"": [[16488, 136.5], [16500, 135.36]], ""pivot_lows"": [[16487, 135.46], [16496, 134.12]], ""broken_support"": 134.12}",TP_BEFORE_SL,4.494194675537282,1.8986099996098016
ET27-00809,MOMENTUM_BREAKDOWN_PULLBACK,BTCUSDT,SHORT,2025-06-22T13:15:00Z,101060.03,102318.1583383174,99172.83749252389,FIXED_1_5R,4.15585759191674,6.233786387875134,1.5000000000000058,4.823981737792416,"{""breakdown_time"": ""2025-06-22T13:00:00Z"", ""broken_support"": 102584.36, ""pullback_bars"": 1, ""breakdown_volume_ratio"": 2.524637416557046}",TP_BEFORE_SL,1.6273975334027797,1.307218338055745
ET27-00810,SHORT_CONTINUATION_PRACTICAL_TARGET,ETHUSDT,SHORT,2025-06-22T13:30:00Z,2182.7,2286.820848472916,2026.5187272906253,FIXED_1_5R,5.152333283190962,7.728499924786442,1.5,4.178897508993732,"{""pivot_highs"": [[16512, 2287.0], [16516, 2284.8]], ""pivot_lows"": [[16496, 2263.97], [16503, 2236.05]], ""broken_support"": 2236.05}",SL_BEFORE_TP,-5.010277567825003,-1.0503115377643375
ET27-00811,SHORT_CONTINUATION_PRACTICAL_TARGET,BTCUSDT,SHORT,2025-06-22T14:15:00Z,99537.71,102855.20800355502,92902.71399288999,FIXED_2R_STRONG_MOMENTUM,7.38403165298187,14.76806330596374,2.0,5.5199998508749735,"{""pivot_highs"": [[16512, 102831.0], [16516, 102810.28]], ""pivot_lows"": [[16513, 102584.36], [16518, 100268.75]], ""broken_support"": 100268.75}",NEITHER_EXPIRED,-2.5364361948853276,-0.7610284923440882
ET27-00812,SHORT_CONTINUATION_PRACTICAL_TARGET,BTCUSDT,SHORT,2025-06-22T20:00:00Z,98471.14,99820.07856129545,95773.2628774091,FIXED_2R_STRONG_MOMENTUM,3.1763227200258224,6.352645440051645,2.0,1.78113417074894,"{""pivot_highs"": [[16532, 100380.0], [16539, 99777.61]], ""pivot_lows"": [[16522, 99066.36], [16529, 98673.66]], ""broken_support"": 98673.66}",SL_BEFORE_TP,-1.6098821414024964,-1.175197553677345
ET27-00813,SHORT_CONTINUATION_PRACTICAL_TARGET,ETHUSDT,SHORT,2025-06-22T20:00:00Z,2138.08,2194.8099167267833,2024.6201665464332,FIXED_2R_STRONG_MOMENTUM,2.822500851444898,5.645001702889796,2.0,4.8738330602455235,"{""pivot_highs"": [[16532, 2219.95], [16542, 2190.35]], ""pivot_lows"": [[16537, 2179.2], [16540, 2170.8]], ""broken_support"": 2170.8}",SL_BEFORE_TP,-2.8933112290832597,-1.0904530148477614
ET27-00814,SHORT_CONTINUATION_PRACTICAL_TARGET,ETHUSDT,SHORT,2025-06-25T09:30:00Z,2412.96,2449.5702687289718,2339.7394625420566,FIXED_2R_STRONG_MOMENTUM,3.3273933689980444,6.654786737996089,2.0,4.989575551793089,"{""pivot_highs"": [[16765, 2460.3], [16788, 2448.47]], ""pivot_lows"": [[16776, 2426.23], [16787, 2424.64]], ""broken_support"": 2424.64}",SL_BEFORE_TP,-1.7572347958097827,-1.158182504555537
ET27-00815,MOMENTUM_BREAKDOWN_PULLBACK,SOLUSDT,SHORT,2025-06-25T15:30:00Z,143.46,144.19979483032378,142.35030775451435,FIXED_1_5R,0.8085570092604129,1.2128355138906193,1.5,2.487925931280964,"{""breakdown_time"": ""2025-06-25T15:15:00Z"", ""broken_support"": 144.75, ""pullback_bars"": 1, ""breakdown_volume_ratio"": 1.6667734988901788}",SL_BEFORE_TP,-0.7556802107373303,-1.4654047120730946
ET27-00816,SHORT_CONTINUATION_PRACTICAL_TARGET,BTCUSDT,SHORT,2025-06-26T11:15:00Z,107191.71,107487.15964662159,106748.53553006763,FIXED_1_5R,1.6215992151652272,2.4323988227478806,1.5000000000000246,1.2707843137981492,"{""pivot_highs"": [[16881, 108174.86], [16891, 107444.0]], ""pivot_lows"": [[16884, 107275.63], [16888, 107240.0]], ""broken_support"": 107240.0}",SL_BEFORE_TP,-0.5156273284767812,-1.8707409433104076
ET27-00817,SHORT_CONTINUATION_PRACTICAL_TARGET,SOLUSDT,SHORT,2025-06-26T12:45:00Z,143.01,144.0279329401646,140.9741341196708,FIXED_2R_STRONG_MOMENTUM,1.7570883460646947,3.5141766921293893,2.0,1.306748147217256,"{""pivot_highs"": [[16888, 144.21], [16895, 143.97]], ""pivot_lows"": [[16859, 144.95], [16871, 144.02]], ""broken_support"": 144.02}",TP_BEFORE_SL,1.1835828825461139,1.6628225824537115
ET27-00818,SHORT_CONTINUATION_PRACTICAL_TARGET,ETHUSDT,SHORT,2025-06-26T13:00:00Z,2431.23,2455.8841830803312,2394.2487253795034,FIXED_1_5R,2.2127587032649605,3.3191380548974205,1.4999999999999907,1.085449263482994,"{""pivot_highs"": [[16879, 2500.56], [16896, 2454.77]], ""pivot_lows"": [[16893, 2440.0], [16897, 2433.88]], ""broken_support"": 2433.88}",SL_BEFORE_TP,-1.2540621446893638,-1.2366718856993906
ET27-00819,SHORT_CONTINUATION_PRACTICAL_TARGET,BTCUSDT,SHORT,2025-06-26T13:45:00Z,106960.01,107370.38482040464,106139.26035919071,FIXED_2R_STRONG_MOMENTUM,1.8768725871523106,3.7537451743046213,2.0,2.2164379879625073,"{""pivot_highs"": [[16891, 107444.0], [16896, 107421.57]], ""pivot_lows"": [[16884, 107275.63], [16888, 107240.0]], ""broken_support"": 107240.0}",SL_BEFORE_TP,-0.6236712621891513,-1.6255355134773661
ET27-00820,SHORT_CONTINUATION_PRACTICAL_TARGET,SOLUSDT,SHORT,2025-06-26T22:30:00Z,139.29,141.8649961155017,135.42750582674745,FIXED_1_5R,2.7106330631548263,4.065949594732225,1.4999999999999944,1.1144256180502683,"{""pivot_highs"": [[16916, 143.07], [16920, 142.5]], ""pivot_lows"": [[16922, 140.89], [16934, 139.32]], ""broken_support"": 139.32}",SL_BEFORE_TP,-2.088658278054207,-1.129823885165305
ET27-00821,MOMENTUM_BREAKDOWN_PULLBACK,SOLUSDT,SHORT,2025-06-27T00:45:00Z,137.85,138.61245769132992,136.7063134630051,FIXED_1_5R,0.9895869304491127,1.484380395673669,1.5,2.47133978387617,"{""breakdown_time"": ""2025-06-27T00:30:00Z"", ""broken_support"": 138.62, ""pullback_bars"": 1, ""breakdown_volume_ratio"": 1.5021906435428651}",SL_BEFORE_TP,-0.7931067764453594,-1.4339126010033783
ET27-00822,SHORT_CONTINUATION_PRACTICAL_TARGET,SOLUSDT,SHORT,2025-06-27T00:45:00Z,137.85,139.38704807610827,135.5444278858376,FIXED_1_5R,1.9949207738144834,2.9923811607217066,1.4999999999999907,2.47133978387617,"{""pivot_highs"": [[16916, 143.07], [16920, 142.5]], ""pivot_lows"": [[16934, 139.32], [16940, 138.62]], ""broken_support"": 138.62}",SL_BEFORE_TP,-1.3550149264477893,-1.2152437553141922
ET27-00823,MOMENTUM_BREAKDOWN_PULLBACK,BTCUSDT,SHORT,2025-06-27T07:45:00Z,106869.71,107034.47926513093,106622.55610230363,FIXED_1_5R,0.8882733414337347,1.332410012150602,1.5,4.546812428947329,"{""breakdown_time"": ""2025-06-27T07:30:00Z"", ""broken_support"": 107202.67, ""pullback_bars"": 1, ""breakdown_volume_ratio"": 4.880866436110465}",SL_BEFORE_TP,-0.3941777039826523,-2.5566453112247944
ET27-00824,TRAP_REVERSAL,SOLUSDT,SHORT,2025-06-27T09:00:00Z,141.83,142.4115556488287,141.2125,FALSE_BREAKOUT_TO_MIDLINE,0.8589709024600405,0.9120615255605908,1.0618072427698098,1.1303892600433902,"{""lower"": 140.25, ""upper"": 142.175, ""midline"": 141.2125, ""width_atr"": 2.8432687234074954, ""high_touches"": 2, ""low_touches"": 2, ""adx14"": 15.354730820133026}",SL_BEFORE_TP,-0.6500371210806579,-1.5853128598880926
ET27-00825,RANGE_BOUNDARY_REJECTION,BTCUSDT,SHORT,2025-06-28T02:30:00Z,107150.0,107220.68119109096,107006.4975,CONFIRMED_RANGE_MIDLINE,0.5126483584534909,1.0408189211794736,2.0302784628420887,0.8909456412015101,"{""lower"": 106829.54999999999, ""upper"": 107183.445, ""midline"": 107006.4975, ""width_atr"": 2.566788816298136, ""high_touches"": 2, ""low_touches"": 2, ""adx14"": 8.95438584294948}",SL_BEFORE_TP,-0.30596471403729353,-4.6383088064978875
ET27-00826,SHORT_FAILED_REBOUND,ETHUSDT,SHORT,2025-06-29T21:45:00Z,2431.15,2439.333833382367,2422.68,CLOSER_PRIOR_LOW_OR_1_25R,1.2328143777859806,1.2759225771074232,1.0349673074050783,1.5572184907749917,"{""rebound_bars"": 2, ""impulse_high"": 2439.59, ""impulse_low"": 2422.68, ""rebound_high"": 2438.67}",SL_BEFORE_TP,-0.5766239591290987,-1.712961729227234
