candidate_id,symbol,direction,setup_type,entry_time,entry_price,stop,target,rr,quality_score,outcome,net_return_pct,short_reason
ET-HED-0001,BTCUSDT,SHORT,SHORT_DOWN_CONTINUATION_RETEST,2025-12-01T13:30:00Z,85994.0,86215.63920478,84756.0,5.585654,85.1778,SL_BEFORE_TP,-0.4977379872781864,Structure and a causal level existed first; a closed rejection/continuation candle then authorized entry. Stop and target were derived from pre-entry structural anchors.
ET-HED-0002,BTCUSDT,SHORT,SHORT_DOWN_CONTINUATION_RETEST,2025-10-30T07:00:00Z,110768.01,111042.38795952,108420.0,8.557575,83.9125,SL_BEFORE_TP,-0.4877050544827907,Structure and a causal level existed first; a closed rejection/continuation candle then authorized entry. Stop and target were derived from pre-entry structural anchors.
ET-HED-0003,SOLUSDT,LONG,LONG_UP_CONTINUATION_RETEST,2025-11-15T18:45:00Z,142.72,142.23907861,144.69,4.096304,83.5967,SL_BEFORE_TP,-0.5769684627242095,Structure and a causal level existed first; a closed rejection/continuation candle then authorized entry. Stop and target were derived from pre-entry structural anchors.
ET-HED-0004,SOLUSDT,SHORT,SHORT_DOWN_CONTINUATION_RETEST,2025-07-12T00:15:00Z,162.73,163.52025518,159.54,4.036671,83.3357,SL_BEFORE_TP,-0.725623535918394,Structure and a causal level existed first; a closed rejection/continuation candle then authorized entry. Stop and target were derived from pre-entry structural anchors.
ET-HED-0005,BTCUSDT,SHORT,SHORT_DOWN_CONTINUATION_RETEST,2025-07-30T21:15:00Z,117103.56,117379.51284468,115796.23,4.737512,83.3101,SL_BEFORE_TP,-0.4756485530243452,Structure and a causal level existed first; a closed rejection/continuation candle then authorized entry. Stop and target were derived from pre-entry structural anchors.
ET-HED-0006,BTCUSDT,SHORT,SHORT_DOWN_CONTINUATION_RETEST,2025-10-10T23:15:00Z,113050.99,114399.33536536,102000.0,8.195964,83.194,SL_BEFORE_TP,-1.4326877998680072,Structure and a causal level existed first; a closed rejection/continuation candle then authorized entry. Stop and target were derived from pre-entry structural anchors.
ET-HED-0007,SOLUSDT,SHORT,SHORT_DOWN_CONTINUATION_RETEST,2025-10-16T11:00:00Z,195.75,196.91826403,186.37,8.029007,83.1595,SL_BEFORE_TP,-0.8368143192847963,Structure and a causal level existed first; a closed rejection/continuation candle then authorized entry. Stop and target were derived from pre-entry structural anchors.
ET-HED-0008,SOLUSDT,SHORT,SHORT_DOWN_CONTINUATION_RETEST,2025-10-22T02:30:00Z,186.99,187.64027368,184.14,4.38277,83.1316,TP_BEFORE_SL,1.2841456762393832,Structure and a causal level existed first; a closed rejection/continuation candle then authorized entry. Stop and target were derived from pre-entry structural anchors.
ET-HED-0009,BTCUSDT,SHORT,SHORT_DOWN_CONTINUATION_RETEST,2025-10-14T11:45:00Z,111332.77,111697.10578008,110012.24,3.624486,83.0534,TP_BEFORE_SL,0.946110791997719,Structure and a causal level existed first; a closed rejection/continuation candle then authorized entry. Stop and target were derived from pre-entry structural anchors.
ET-HED-0010,BTCUSDT,LONG,LONG_UP_CONTINUATION_RETEST,2025-08-31T05:00:00Z,108816.32,108644.75515186,109378.93,3.279285,83.042,SL_BEFORE_TP,-0.3976646298459763,Structure and a causal level existed first; a closed rejection/continuation candle then authorized entry. Stop and target were derived from pre-entry structural anchors.
ET-HED-0011,SOLUSDT,SHORT,SHORT_DOWN_CONTINUATION_RETEST,2025-11-02T17:15:00Z,184.13,184.73336561,182.0,3.530198,82.9454,SL_BEFORE_TP,-0.5676845761147001,Structure and a causal level existed first; a closed rejection/continuation candle then authorized entry. Stop and target were derived from pre-entry structural anchors.
ET-HED-0012,BTCUSDT,SHORT,SHORT_DOWN_CONTINUATION_RETEST,2025-07-20T23:00:00Z,117479.93,117705.88568002,116467.02,4.482782,82.8117,SL_BEFORE_TP,-0.4323355589503739,Structure and a causal level existed first; a closed rejection/continuation candle then authorized entry. Stop and target were derived from pre-entry structural anchors.
ET-HED-0013,SOLUSDT,SHORT,RANGE_MEAN_REVERSION_CANDIDATE,2025-12-02T11:15:00Z,128.09,128.62195301,125.715,4.46468,82.7793,SL_BEFORE_TP,-0.6552962838629051,Structure and a causal level existed first; a closed rejection/continuation candle then authorized entry. Stop and target were derived from pre-entry structural anchors.
ET-HED-0014,SOLUSDT,SHORT,SHORT_DOWN_CONTINUATION_RETEST,2025-07-18T17:45:00Z,178.49,179.31129885,174.86,4.419828,82.6846,TP_BEFORE_SL,1.7937273796851338,Structure and a causal level existed first; a closed rejection/continuation candle then authorized entry. Stop and target were derived from pre-entry structural anchors.
ET-HED-0015,ETHUSDT,LONG,LONG_UP_CONTINUATION_RETEST,2025-07-27T06:45:00Z,3778.43,3771.24604853,3811.0,4.533717,82.6576,SL_BEFORE_TP,-0.430130595776553,Structure and a causal level existed first; a closed rejection/continuation candle then authorized entry. Stop and target were derived from pre-entry structural anchors.
ET-HED-0016,SOLUSDT,SHORT,SHORT_DOWN_CONTINUATION_RETEST,2025-10-29T19:30:00Z,194.08,195.76930904,189.37,2.788122,82.4918,SL_BEFORE_TP,-1.1104189200329677,Structure and a causal level existed first; a closed rejection/continuation candle then authorized entry. Stop and target were derived from pre-entry structural anchors.
ET-HED-0017,ETHUSDT,SHORT,SHORT_DOWN_CONTINUATION_RETEST,2025-12-14T13:00:00Z,3098.54,3109.97424856,3050.01,4.244267,82.4736,TP_BEFORE_SL,1.3262215107760347,Structure and a causal level existed first; a closed rejection/continuation candle then authorized entry. Stop and target were derived from pre-entry structural anchors.
ET-HED-0018,SOLUSDT,SHORT,SHORT_DOWN_CONTINUATION_RETEST,2025-10-28T23:15:00Z,194.17,195.36174877,190.22,3.314457,82.3743,SL_BEFORE_TP,-0.8537656538085203,Structure and a causal level existed first; a closed rejection/continuation candle then authorized entry. Stop and target were derived from pre-entry structural anchors.
ET-HED-0019,SOLUSDT,SHORT,SHORT_DOWN_CONTINUATION_RETEST,2025-08-14T14:45:00Z,196.37,199.40693032,186.68,3.190722,82.3721,NEITHER_EXPIRED,3.5334888221215035,Structure and a causal level existed first; a closed rejection/continuation candle then authorized entry. Stop and target were derived from pre-entry structural anchors.
ET-HED-0020,SOLUSDT,SHORT,RANGE_MEAN_REVERSION_CANDIDATE,2025-11-17T05:15:00Z,140.09,140.62974207,137.725,4.381723,82.3473,SL_BEFORE_TP,-0.6252823684773992,Structure and a causal level existed first; a closed rejection/continuation candle then authorized entry. Stop and target were derived from pre-entry structural anchors.
ET-HED-0021,SOLUSDT,LONG,LONG_UP_CONTINUATION_RETEST,2025-11-03T01:15:00Z,186.88,186.0976938,189.13,2.876112,82.3325,SL_BEFORE_TP,-0.6586141909246541,Structure and a causal level existed first; a closed rejection/continuation candle then authorized entry. Stop and target were derived from pre-entry structural anchors.
ET-HED-0022,SOLUSDT,SHORT,SHORT_DOWN_CONTINUATION_RETEST,2025-11-25T16:45:00Z,136.42,137.22379999,133.13,4.093058,82.3266,SL_BEFORE_TP,-0.8292097859551503,Structure and a causal level existed first; a closed rejection/continuation candle then authorized entry. Stop and target were derived from pre-entry structural anchors.
ET-HED-0023,BTCUSDT,SHORT,SHORT_DOWN_CONTINUATION_RETEST,2025-12-14T13:00:00Z,89431.65,89702.32534438,88687.27,2.750084,82.255,TP_BEFORE_SL,0.592345148501666,Structure and a causal level existed first; a closed rejection/continuation candle then authorized entry. Stop and target were derived from pre-entry structural anchors.
ET-HED-0024,ETHUSDT,SHORT,SHORT_DOWN_CONTINUATION_RETEST,2025-11-05T04:00:00Z,3334.83,3354.73117222,3177.78,7.891495,82.0368,SL_BEFORE_TP,-0.8367672181190724,Structure and a causal level existed first; a closed rejection/continuation candle then authorized entry. Stop and target were derived from pre-entry structural anchors.
ET-HED-0025,SOLUSDT,SHORT,SHORT_DOWN_CONTINUATION_RETEST,2025-09-25T19:15:00Z,199.04,200.03915694,193.6,5.44459,82.0063,SL_BEFORE_TP,-0.74198801245981,Structure and a causal level existed first; a closed rejection/continuation candle then authorized entry. Stop and target were derived from pre-entry structural anchors.
ET-HED-0026,ETHUSDT,SHORT,SHORT_DOWN_CONTINUATION_RETEST,2025-08-10T10:15:00Z,4218.25,4235.44561109,4160.0,3.387492,82.004,TP_BEFORE_SL,1.1409044034848574,Structure and a causal level existed first; a closed rejection/continuation candle then authorized entry. Stop and target were derived from pre-entry structural anchors.
ET-HED-0027,SOLUSDT,SHORT,SHORT_DOWN_CONTINUATION_RETEST,2025-10-08T05:15:00Z,219.79,220.71107714,217.3,2.703357,81.9883,SL_BEFORE_TP,-0.6590714500204714,Structure and a causal level existed first; a closed rejection/continuation candle then authorized entry. Stop and target were derived from pre-entry structural anchors.
ET-HED-0028,SOLUSDT,SHORT,SHORT_DOWN_CONTINUATION_RETEST,2025-09-22T18:15:00Z,220.8,221.5832534,217.8,3.830178,81.9824,TP_BEFORE_SL,1.118695652173913,Structure and a causal level existed first; a closed rejection/continuation candle then authorized entry. Stop and target were derived from pre-entry structural anchors.
ET-HED-0029,BTCUSDT,LONG,LONG_UP_CONTINUATION_RETEST,2025-09-18T06:00:00Z,117273.36,117136.74874661,117779.3,3.703502,81.9458,SL_BEFORE_TP,-0.3564895875670326,Structure and a causal level existed first; a closed rejection/continuation candle then authorized entry. Stop and target were derived from pre-entry structural anchors.
ET-HED-0030,ETHUSDT,SHORT,SHORT_DOWN_CONTINUATION_RETEST,2025-12-09T12:15:00Z,3116.49,3122.41358156,3093.0,3.965506,81.9434,SL_BEFORE_TP,-0.43007221457473,Structure and a causal level existed first; a closed rejection/continuation candle then authorized entry. Stop and target were derived from pre-entry structural anchors.
ET-HED-0031,BTCUSDT,SHORT,SHORT_DOWN_CONTINUATION_RETEST,2025-08-29T04:00:00Z,111704.23,111857.95466019,111302.27,2.614805,81.88,TP_BEFORE_SL,0.11984313217144227,Structure and a causal level existed first; a closed rejection/continuation candle then authorized entry. Stop and target were derived from pre-entry structural anchors.
ET-HED-0032,SOLUSDT,SHORT,RANGE_MEAN_REVERSION_CANDIDATE,2025-10-12T12:45:00Z,182.15,183.36832794,177.96833333,3.4323,81.8745,SL_BEFORE_TP,-0.9088596980510539,Structure and a causal level existed first; a closed rejection/continuation candle then authorized entry. Stop and target were derived from pre-entry structural anchors.
ET-HED-0033,ETHUSDT,SHORT,SHORT_DOWN_CONTINUATION_RETEST,2025-10-21T07:45:00Z,3888.87,3899.10566344,3849.91,3.806299,81.8083,SL_BEFORE_TP,-0.5032040525911198,Structure and a causal level existed first; a closed rejection/continuation candle then authorized entry. Stop and target were derived from pre-entry structural anchors.
ET-HED-0034,SOLUSDT,SHORT,SHORT_DOWN_CONTINUATION_RETEST,2025-10-26T04:30:00Z,193.24,193.57901809,191.9,3.952591,81.7776,SL_BEFORE_TP,-0.4154388791140531,Structure and a causal level existed first; a closed rejection/continuation candle then authorized entry. Stop and target were derived from pre-entry structural anchors.
ET-HED-0035,SOLUSDT,LONG,LONG_UP_CONTINUATION_RETEST,2025-08-24T03:30:00Z,208.38,207.01466879,211.99,2.644047,81.7719,SL_BEFORE_TP,-0.8952122132642257,Structure and a causal level existed first; a closed rejection/continuation candle then authorized entry. Stop and target were derived from pre-entry structural anchors.
ET-HED-0036,BTCUSDT,SHORT,SHORT_DOWN_CONTINUATION_RETEST,2025-12-06T21:15:00Z,89488.24,89640.7169235,89077.6,2.693129,81.6592,TP_BEFORE_SL,0.21887593721811877,Structure and a causal level existed first; a closed rejection/continuation candle then authorized entry. Stop and target were derived from pre-entry structural anchors.
ET-HED-0037,BTCUSDT,SHORT,SHORT_DOWN_CONTINUATION_RETEST,2025-09-06T21:30:00Z,110173.88,110230.52641175,110000.0,3.069568,81.6183,SL_BEFORE_TP,-0.2914154641281581,Structure and a causal level existed first; a closed rejection/continuation candle then authorized entry. Stop and target were derived from pre-entry structural anchors.
ET-HED-0038,BTCUSDT,SHORT,SHORT_DOWN_CONTINUATION_RETEST,2025-09-15T03:30:00Z,115440.0,115621.41484373,114825.0,3.39002,81.6089,SL_BEFORE_TP,-0.39715076553188045,Structure and a causal level existed first; a closed rejection/continuation candle then authorized entry. Stop and target were derived from pre-entry structural anchors.
ET-HED-0039,BTCUSDT,LONG,LONG_UP_CONTINUATION_RETEST,2025-09-07T05:00:00Z,110557.76,110476.86634855,110733.12,2.167784,81.6051,SL_BEFORE_TP,-0.3131686780285659,Structure and a causal level existed first; a closed rejection/continuation candle then authorized entry. Stop and target were derived from pre-entry structural anchors.
ET-HED-0040,BTCUSDT,SHORT,SHORT_DOWN_CONTINUATION_RETEST,2025-10-09T18:15:00Z,120762.6,121178.01461203,119651.47,2.674749,81.5909,SL_BEFORE_TP,-0.5839927693093716,Structure and a causal level existed first; a closed rejection/continuation candle then authorized entry. Stop and target were derived from pre-entry structural anchors.
ET-HED-0041,BTCUSDT,LONG,LONG_UP_CONTINUATION_RETEST,2025-09-05T09:45:00Z,112305.09,112096.68439002,112999.0,3.329613,81.5894,AMBIGUOUS_INTRACANDLE,,Structure and a causal level existed first; a closed rejection/continuation candle then authorized entry. Stop and target were derived from pre-entry structural anchors.
ET-HED-0042,ETHUSDT,SHORT,SHORT_DOWN_CONTINUATION_RETEST,2025-08-10T15:30:00Z,4218.17,4240.35514175,4153.07,2.934396,81.5126,SL_BEFORE_TP,-0.7659423339979229,Structure and a causal level existed first; a closed rejection/continuation candle then authorized entry. Stop and target were derived from pre-entry structural anchors.
ET-HED-0043,ETHUSDT,LONG,LONG_UP_CONTINUATION_RETEST,2025-10-03T04:15:00Z,4505.01,4488.13716639,4560.0,3.259085,81.5061,SL_BEFORE_TP,-0.6145348758382394,Structure and a causal level existed first; a closed rejection/continuation candle then authorized entry. Stop and target were derived from pre-entry structural anchors.
ET-HED-0044,SOLUSDT,SHORT,SHORT_DOWN_CONTINUATION_RETEST,2025-11-21T08:30:00Z,128.2,129.6906535,122.2,4.02508,81.4511,TP_BEFORE_SL,4.440187207488289,Structure and a causal level existed first; a closed rejection/continuation candle then authorized entry. Stop and target were derived from pre-entry structural anchors.
ET-HED-0045,SOLUSDT,LONG,LONG_UP_CONTINUATION_RETEST,2025-08-10T05:45:00Z,182.93,181.93521237,186.18,3.267029,81.4355,SL_BEFORE_TP,-0.7838078117312737,Structure and a causal level existed first; a closed rejection/continuation candle then authorized entry. Stop and target were derived from pre-entry structural anchors.
ET-HED-0046,BTCUSDT,SHORT,SHORT_DOWN_CONTINUATION_RETEST,2025-10-11T21:45:00Z,110696.53,111045.30168082,109561.59,3.254106,81.379,SL_BEFORE_TP,-0.5550701117912239,Structure and a causal level existed first; a closed rejection/continuation candle then authorized entry. Stop and target were derived from pre-entry structural anchors.
ET-HED-0047,SOLUSDT,SHORT,SHORT_DOWN_CONTINUATION_RETEST,2025-08-07T18:15:00Z,169.0,169.68301639,167.0,2.928187,81.3783,SL_BEFORE_TP,-0.644151710059175,Structure and a causal level existed first; a closed rejection/continuation candle then authorized entry. Stop and target were derived from pre-entry structural anchors.
ET-HED-0048,ETHUSDT,LONG,LONG_UP_CONTINUATION_RETEST,2025-11-10T00:00:00Z,3583.46,3563.29826499,3623.25,1.97354,81.3701,SL_BEFORE_TP,-0.8026331816177669,Structure and a causal level existed first; a closed rejection/continuation candle then authorized entry. Stop and target were derived from pre-entry structural anchors.
ET-HED-0049,ETHUSDT,LONG,LONG_UP_CONTINUATION_RETEST,2025-08-28T09:30:00Z,4598.59,4585.64702899,4633.97,2.73353,81.3643,SL_BEFORE_TP,-0.521455207139586,Structure and a causal level existed first; a closed rejection/continuation candle then authorized entry. Stop and target were derived from pre-entry structural anchors.
ET-HED-0050,ETHUSDT,SHORT,RANGE_MEAN_REVERSION_CANDIDATE,2025-11-18T11:15:00Z,3059.12,3071.10082047,3009.06,4.178345,81.3495,SL_BEFORE_TP,-0.6316427099950395,Structure and a causal level existed first; a closed rejection/continuation candle then authorized entry. Stop and target were derived from pre-entry structural anchors.
ET-HED-0051,SOLUSDT,SHORT,RANGE_MEAN_REVERSION_CANDIDATE,2025-09-07T03:45:00Z,202.73,203.14131869,201.245,3.610339,81.3145,SL_BEFORE_TP,-0.4428898978937511,Structure and a causal level existed first; a closed rejection/continuation candle then authorized entry. Stop and target were derived from pre-entry structural anchors.
ET-HED-0052,ETHUSDT,SHORT,SHORT_DOWN_CONTINUATION_RETEST,2025-11-29T19:45:00Z,2991.04,3001.34565859,2961.91,2.826602,81.2893,SL_BEFORE_TP,-0.5845510120225705,Structure and a causal level existed first; a closed rejection/continuation candle then authorized entry. Stop and target were derived from pre-entry structural anchors.
ET-HED-0053,BTCUSDT,SHORT,SHORT_DOWN_CONTINUATION_RETEST,2025-07-04T18:15:00Z,107793.0,107955.03703242,107333.33,2.836821,81.2212,TP_BEFORE_SL,0.18643770931321912,Structure and a causal level existed first; a closed rejection/continuation candle then authorized entry. Stop and target were derived from pre-entry structural anchors.
ET-HED-0054,BTCUSDT,SHORT,SHORT_DOWN_CONTINUATION_RETEST,2025-08-19T05:15:00Z,115209.73,115532.15605076,114366.0,2.616817,81.2079,SL_BEFORE_TP,-0.5198600871297914,Structure and a causal level existed first; a closed rejection/continuation candle then authorized entry. Stop and target were derived from pre-entry structural anchors.
ET-HED-0055,BTCUSDT,SHORT,SHORT_DOWN_CONTINUATION_RETEST,2025-11-02T17:30:00Z,110163.16,110297.87784841,109735.59,3.173819,81.1947,SL_BEFORE_TP,-0.36228938277551265,Structure and a causal level existed first; a closed rejection/continuation candle then authorized entry. Stop and target were derived from pre-entry structural anchors.
ET-HED-0056,ETHUSDT,LONG,LONG_UP_CONTINUATION_RETEST,2025-09-29T02:15:00Z,4118.81,4109.75021057,4146.38,3.043117,81.121,SL_BEFORE_TP,-0.4599613342203408,Structure and a causal level existed first; a closed rejection/continuation candle then authorized entry. Stop and target were derived from pre-entry structural anchors.
ET-HED-0057,SOLUSDT,SHORT,SHORT_DOWN_CONTINUATION_RETEST,2025-09-19T19:45:00Z,237.23,238.09140056,235.12,2.449499,81.1068,SL_BEFORE_TP,-0.6031077688319442,Structure and a causal level existed first; a closed rejection/continuation candle then authorized entry. Stop and target were derived from pre-entry structural anchors.
ET-HED-0058,BTCUSDT,SHORT,SHORT_DOWN_CONTINUATION_RETEST,2025-08-01T21:15:00Z,113858.84,114132.48988474,113168.22,2.523736,81.1028,TP_BEFORE_SL,0.3665580854328002,Structure and a causal level existed first; a closed rejection/continuation candle then authorized entry. Stop and target were derived from pre-entry structural anchors.
ET-HED-0059,SOLUSDT,SHORT,SHORT_DOWN_CONTINUATION_RETEST,2025-07-17T05:15:00Z,170.67,171.49986724,168.71,2.361824,81.1006,SL_BEFORE_TP,-0.7262408390461116,Structure and a causal level existed first; a closed rejection/continuation candle then authorized entry. Stop and target were derived from pre-entry structural anchors.
ET-HED-0060,BTCUSDT,LONG,LONG_UP_CONTINUATION_RETEST,2025-10-19T20:30:00Z,108921.17,108760.29443107,109450.07,3.287634,81.0902,SL_BEFORE_TP,-0.3876990826760321,Structure and a causal level existed first; a closed rejection/continuation candle then authorized entry. Stop and target were derived from pre-entry structural anchors.
ET-HED-0061,BTCUSDT,LONG,LONG_UP_CONTINUATION_RETEST,2025-11-01T05:30:00Z,110145.33,110017.57929814,110564.49,3.281078,81.0494,SL_BEFORE_TP,-0.35598376604800297,Structure and a causal level existed first; a closed rejection/continuation candle then authorized entry. Stop and target were derived from pre-entry structural anchors.
ET-HED-0062,SOLUSDT,SHORT,SHORT_DOWN_CONTINUATION_RETEST,2025-07-15T09:45:00Z,159.57,160.02875877,158.39,2.572158,81.043,SL_BEFORE_TP,-0.5274968791126169,Structure and a causal level existed first; a closed rejection/continuation candle then authorized entry. Stop and target were derived from pre-entry structural anchors.
ET-HED-0063,ETHUSDT,LONG,LONG_UP_CONTINUATION_RETEST,2025-09-26T20:00:00Z,4024.07,4004.1004188,4068.3,2.214869,80.9914,SL_BEFORE_TP,-0.7362533256131227,Structure and a causal level existed first; a closed rejection/continuation candle then authorized entry. Stop and target were derived from pre-entry structural anchors.
ET-HED-0064,BTCUSDT,SHORT,RANGE_MEAN_REVERSION_CANDIDATE,2025-12-16T19:00:00Z,87781.35,88083.12869635,86685.13166667,3.632524,80.9686,TP_BEFORE_SL,1.008805507468278,Structure and a causal level existed first; a closed rejection/continuation candle then authorized entry. Stop and target were derived from pre-entry structural anchors.
ET-HED-0065,BTCUSDT,SHORT,SHORT_DOWN_CONTINUATION_RETEST,2025-11-19T08:45:00Z,91600.0,92083.12852036,90808.19,1.638922,80.955,SL_BEFORE_TP,-0.767432882489081,Structure and a causal level existed first; a closed rejection/continuation candle then authorized entry. Stop and target were derived from pre-entry structural anchors.
ET-HED-0066,BTCUSDT,SHORT,SHORT_DOWN_CONTINUATION_RETEST,2025-11-16T15:00:00Z,95531.13,95713.04672389,95117.48,2.273843,80.9418,TP_BEFORE_SL,0.1930002167879818,Structure and a causal level existed first; a closed rejection/continuation candle then authorized entry. Stop and target were derived from pre-entry structural anchors.
ET-HED-0067,SOLUSDT,LONG,RANGE_MEAN_REVERSION_CANDIDATE,2025-10-05T19:30:00Z,227.87,226.82854116,231.83833333,3.81036,80.9328,SL_BEFORE_TP,-0.6970407864133139,Structure and a causal level existed first; a closed rejection/continuation candle then authorized entry. Stop and target were derived from pre-entry structural anchors.
ET-HED-0068,SOLUSDT,SHORT,SHORT_DOWN_CONTINUATION_RETEST,2025-11-13T04:00:00Z,154.33,155.96758329,150.42,2.387665,80.9249,SL_BEFORE_TP,-1.3010920041469451,Structure and a causal level existed first; a closed rejection/continuation candle then authorized entry. Stop and target were derived from pre-entry structural anchors.
ET-HED-0069,SOLUSDT,SHORT,SHORT_DOWN_CONTINUATION_RETEST,2025-10-30T21:30:00Z,181.92,182.89295316,178.65,3.360902,80.8673,SL_BEFORE_TP,-0.7748247361477589,Structure and a causal level existed first; a closed rejection/continuation candle then authorized entry. Stop and target were derived from pre-entry structural anchors.
ET-HED-0070,BTCUSDT,SHORT,SHORT_DOWN_CONTINUATION_RETEST,2025-12-17T06:45:00Z,86803.56,87042.62226912,86209.11,2.486591,80.843,SL_BEFORE_TP,-0.51540606528119,Structure and a causal level existed first; a closed rejection/continuation candle then authorized entry. Stop and target were derived from pre-entry structural anchors.
ET-HED-0071,SOLUSDT,LONG,LONG_UP_CONTINUATION_RETEST,2025-08-09T07:15:00Z,180.21,179.13311741,182.15,1.801496,80.8301,TP_BEFORE_SL,0.836521835636201,Structure and a causal level existed first; a closed rejection/continuation candle then authorized entry. Stop and target were derived from pre-entry structural anchors.
ET-HED-0072,SOLUSDT,SHORT,SHORT_DOWN_CONTINUATION_RETEST,2025-11-28T06:00:00Z,140.37,140.67847813,139.35,3.306555,80.7922,TP_BEFORE_SL,0.48665099380210175,Structure and a causal level existed first; a closed rejection/continuation candle then authorized entry. Stop and target were derived from pre-entry structural anchors.
ET-HED-0073,BTCUSDT,LONG,LONG_UP_CONTINUATION_RETEST,2025-11-10T02:15:00Z,105838.0,105492.0658008,106670.11,2.4054,80.7464,SL_BEFORE_TP,-0.5668525474782189,Structure and a causal level existed first; a closed rejection/continuation candle then authorized entry. Stop and target were derived from pre-entry structural anchors.
ET-HED-0074,BTCUSDT,LONG,LONG_UP_CONTINUATION_RETEST,2025-08-14T02:45:00Z,123579.26,123195.23289667,124474.0,2.329888,80.7463,SL_BEFORE_TP,-0.5507536841780685,Structure and a causal level existed first; a closed rejection/continuation candle then authorized entry. Stop and target were derived from pre-entry structural anchors.
ET-HED-0075,BTCUSDT,SHORT,SHORT_DOWN_CONTINUATION_RETEST,2025-12-16T04:15:00Z,85800.01,85968.00159468,85386.0,2.464469,80.7383,TP_BEFORE_SL,0.2425290812903108,Structure and a causal level existed first; a closed rejection/continuation candle then authorized entry. Stop and target were derived from pre-entry structural anchors.
ET-HED-0076,SOLUSDT,LONG,RANGE_MEAN_REVERSION_CANDIDATE,2025-10-27T23:30:00Z,198.29,197.30142926,201.60833333,3.356698,80.719,TP_BEFORE_SL,1.433474875182814,Structure and a causal level existed first; a closed rejection/continuation candle then authorized entry. Stop and target were derived from pre-entry structural anchors.
ET-HED-0077,SOLUSDT,LONG,RANGE_MEAN_REVERSION_CANDIDATE,2025-07-25T00:00:00Z,182.87,181.82729093,187.03833333,3.9976,80.6962,SL_BEFORE_TP,-0.8101914310712531,Structure and a causal level existed first; a closed rejection/continuation candle then authorized entry. Stop and target were derived from pre-entry structural anchors.
ET-HED-0078,SOLUSDT,SHORT,SHORT_DOWN_CONTINUATION_RETEST,2025-07-18T22:00:00Z,175.97,177.21492939,173.24,2.192895,80.6923,SL_BEFORE_TP,-0.9474668352560152,Structure and a causal level existed first; a closed rejection/continuation candle then authorized entry. Stop and target were derived from pre-entry structural anchors.
ET-HED-0079,SOLUSDT,SHORT,SHORT_DOWN_CONTINUATION_RETEST,2025-10-08T01:15:00Z,220.65,221.98101798,217.91,2.058575,80.6833,SL_BEFORE_TP,-0.8432259143439766,Structure and a causal level existed first; a closed rejection/continuation candle then authorized entry. Stop and target were derived from pre-entry structural anchors.
ET-HED-0080,ETHUSDT,LONG,LONG_UP_CONTINUATION_RETEST,2025-08-31T06:00:00Z,4459.76,4447.38744308,4491.46,2.562122,80.6729,SL_BEFORE_TP,-0.517426518915828,Structure and a causal level existed first; a closed rejection/continuation candle then authorized entry. Stop and target were derived from pre-entry structural anchors.
ET-HED-0081,SOLUSDT,SHORT,RANGE_MEAN_REVERSION_CANDIDATE,2025-10-01T02:15:00Z,210.35,211.06727605,207.53333333,3.926894,80.6441,TP_BEFORE_SL,1.0990381126693556,Structure and a causal level existed first; a closed rejection/continuation candle then authorized entry. Stop and target were derived from pre-entry structural anchors.
ET-HED-0082,ETHUSDT,SHORT,SHORT_DOWN_CONTINUATION_RETEST,2025-11-08T15:00:00Z,3399.77,3414.50415746,3373.11,1.809401,80.6303,TP_BEFORE_SL,0.5441706938998772,Structure and a causal level existed first; a closed rejection/continuation candle then authorized entry. Stop and target were derived from pre-entry structural anchors.
ET-HED-0083,SOLUSDT,LONG,LONG_UP_CONTINUATION_RETEST,2025-07-26T11:15:00Z,188.46,187.80236387,189.78,2.007189,80.5879,SL_BEFORE_TP,-0.5889526318582269,Structure and a causal level existed first; a closed rejection/continuation candle then authorized entry. Stop and target were derived from pre-entry structural anchors.
ET-HED-0084,BTCUSDT,SHORT,SHORT_DOWN_CONTINUATION_RETEST,2025-08-19T08:30:00Z,114967.29,115145.14149977,114600.74,2.060989,80.5476,SL_BEFORE_TP,-0.394697479404804,Structure and a causal level existed first; a closed rejection/continuation candle then authorized entry. Stop and target were derived from pre-entry structural anchors.
ET-HED-0085,ETHUSDT,SHORT,SHORT_DOWN_CONTINUATION_RETEST,2025-07-30T21:15:00Z,3765.94,3791.25136131,3677.65,3.488157,80.5441,SL_BEFORE_TP,-0.9121127078498313,Structure and a causal level existed first; a closed rejection/continuation candle then authorized entry. Stop and target were derived from pre-entry structural anchors.
ET-HED-0086,ETHUSDT,SHORT,SHORT_DOWN_CONTINUATION_RETEST,2025-10-08T05:15:00Z,4448.2,4468.36112974,4410.08,1.890767,80.5432,SL_BEFORE_TP,-0.6932424292972537,Structure and a causal level existed first; a closed rejection/continuation candle then authorized entry. Stop and target were derived from pre-entry structural anchors.
ET-HED-0087,ETHUSDT,SHORT,SHORT_DOWN_CONTINUATION_RETEST,2025-08-16T11:30:00Z,4406.73,4427.93017176,4372.54,1.612723,80.5294,SL_BEFORE_TP,-0.721086242179588,Structure and a causal level existed first; a closed rejection/continuation candle then authorized entry. Stop and target were derived from pre-entry structural anchors.
ET-HED-0088,ETHUSDT,SHORT,SHORT_DOWN_CONTINUATION_RETEST,2025-09-10T21:30:00Z,4333.36,4346.78016278,4300.59,2.441848,80.505,SL_BEFORE_TP,-0.5496941583436474,Structure and a causal level existed first; a closed rejection/continuation candle then authorized entry. Stop and target were derived from pre-entry structural anchors.
ET-HED-0089,SOLUSDT,LONG,LONG_UP_CONTINUATION_RETEST,2025-09-10T14:45:00Z,223.62,222.11006558,226.0,1.576227,80.5045,SL_BEFORE_TP,-0.9152233342277111,Structure and a causal level existed first; a closed rejection/continuation candle then authorized entry. Stop and target were derived from pre-entry structural anchors.
ET-HED-0090,BTCUSDT,LONG,LONG_UP_CONTINUATION_RETEST,2025-08-03T12:30:00Z,113788.0,113635.1623068,114260.31,3.090272,80.4905,SL_BEFORE_TP,-0.3743179361619815,Structure and a causal level existed first; a closed rejection/continuation candle then authorized entry. Stop and target were derived from pre-entry structural anchors.
ET-HED-0091,SOLUSDT,SHORT,SHORT_DOWN_CONTINUATION_RETEST,2025-07-04T10:30:00Z,150.29,151.07977964,149.02,1.608043,80.4887,SL_BEFORE_TP,-0.7655037860137109,Structure and a causal level existed first; a closed rejection/continuation candle then authorized entry. Stop and target were derived from pre-entry structural anchors.
ET-HED-0092,BTCUSDT,LONG,LONG_UP_CONTINUATION_RETEST,2025-07-10T04:00:00Z,111074.51,110956.97530674,111581.0,4.309281,80.4621,SL_BEFORE_TP,-0.34581608080917325,Structure and a causal level existed first; a closed rejection/continuation candle then authorized entry. Stop and target were derived from pre-entry structural anchors.
ET-HED-0093,SOLUSDT,SHORT,SHORT_DOWN_CONTINUATION_RETEST,2025-11-19T07:30:00Z,139.45,139.97013679,137.12,4.479591,80.4276,SL_BEFORE_TP,-0.6129916027249978,Structure and a causal level existed first; a closed rejection/continuation candle then authorized entry. Stop and target were derived from pre-entry structural anchors.
ET-HED-0094,ETHUSDT,SHORT,SHORT_DOWN_CONTINUATION_RETEST,2025-08-20T01:00:00Z,4104.95,4119.28530852,4067.34,2.623592,80.4249,SL_BEFORE_TP,-0.5892200518885877,Structure and a causal level existed first; a closed rejection/continuation candle then authorized entry. Stop and target were derived from pre-entry structural anchors.
ET-HED-0095,ETHUSDT,SHORT,SHORT_DOWN_CONTINUATION_RETEST,2025-10-09T05:15:00Z,4442.4,4462.5682203,4412.05,1.504843,80.401,TP_BEFORE_SL,0.4431892670628367,Structure and a causal level existed first; a closed rejection/continuation candle then authorized entry. Stop and target were derived from pre-entry structural anchors.
ET-HED-0096,ETHUSDT,SHORT,SHORT_DOWN_CONTINUATION_RETEST,2025-07-12T17:00:00Z,2924.49,2937.18620068,2903.85,1.625683,80.3664,SL_BEFORE_TP,-0.6741338380367313,Structure and a causal level existed first; a closed rejection/continuation candle then authorized entry. Stop and target were derived from pre-entry structural anchors.
ET-HED-0097,BTCUSDT,LONG,LONG_UP_CONTINUATION_RETEST,2025-07-16T11:15:00Z,118872.41,118611.14441238,119310.75,1.677756,80.3649,SL_BEFORE_TP,-0.4597865657977327,Structure and a causal level existed first; a closed rejection/continuation candle then authorized entry. Stop and target were derived from pre-entry structural anchors.
ET-HED-0098,ETHUSDT,LONG,LONG_UP_CONTINUATION_RETEST,2025-12-04T02:15:00Z,3212.81,3195.61894396,3240.35,1.601996,80.3619,SL_BEFORE_TP,-0.7750785150693675,Structure and a causal level existed first; a closed rejection/continuation candle then authorized entry. Stop and target were derived from pre-entry structural anchors.
ET-HED-0099,ETHUSDT,SHORT,RANGE_MEAN_REVERSION_CANDIDATE,2025-11-14T17:00:00Z,3231.32,3248.94990687,3162.68,3.893384,80.353,TP_BEFORE_SL,1.8842093014619514,Structure and a causal level existed first; a closed rejection/continuation candle then authorized entry. Stop and target were derived from pre-entry structural anchors.
ET-HED-0100,BTCUSDT,SHORT,SHORT_DOWN_CONTINUATION_RETEST,2025-11-25T12:00:00Z,87361.71,87572.74955329,86876.59,2.298716,80.3438,SL_BEFORE_TP,-0.4815698517004763,Structure and a causal level existed first; a closed rejection/continuation candle then authorized entry. Stop and target were derived from pre-entry structural anchors.
ET-HED-0101,ETHUSDT,SHORT,SHORT_DOWN_CONTINUATION_RETEST,2025-10-05T21:00:00Z,4498.57,4511.61468448,4474.0,1.883526,80.3291,SL_BEFORE_TP,-0.5299740246344924,Structure and a causal level existed first; a closed rejection/continuation candle then authorized entry. Stop and target were derived from pre-entry structural anchors.
ET-HED-0102,ETHUSDT,LONG,LONG_UP_CONTINUATION_RETEST,2025-07-09T21:15:00Z,2744.27,2729.30581457,2795.74,3.439546,80.2669,TP_BEFORE_SL,1.6355443159747327,Structure and a causal level existed first; a closed rejection/continuation candle then authorized entry. Stop and target were derived from pre-entry structural anchors.
ET-HED-0103,BTCUSDT,SHORT,SHORT_DOWN_CONTINUATION_RETEST,2025-08-25T02:45:00Z,113320.01,113700.59462236,112159.0,3.050596,80.2621,TP_BEFORE_SL,0.7845410320736776,Structure and a causal level existed first; a closed rejection/continuation candle then authorized entry. Stop and target were derived from pre-entry structural anchors.
ET-HED-0104,BTCUSDT,SHORT,SHORT_DOWN_CONTINUATION_RETEST,2025-10-30T02:00:00Z,110460.76,110781.41957753,109703.43,2.361788,80.2443,SL_BEFORE_TP,-0.5302927496877701,Structure and a causal level existed first; a closed rejection/continuation candle then authorized entry. Stop and target were derived from pre-entry structural anchors.
ET-HED-0105,SOLUSDT,LONG,RANGE_MEAN_REVERSION_CANDIDATE,2025-12-08T19:30:00Z,134.19,133.44166751,136.65666667,3.296218,80.1699,SL_BEFORE_TP,-0.7976663611297382,Structure and a causal level existed first; a closed rejection/continuation candle then authorized entry. Stop and target were derived from pre-entry structural anchors.
ET-HED-0106,BTCUSDT,SHORT,SHORT_DOWN_CONTINUATION_RETEST,2025-10-13T13:00:00Z,114412.26,114805.54251615,113616.5,2.02338,80.1634,SL_BEFORE_TP,-0.5837415851675404,Structure and a causal level existed first; a closed rejection/continuation candle then authorized entry. Stop and target were derived from pre-entry structural anchors.
ET-HED-0107,ETHUSDT,SHORT,SHORT_DOWN_CONTINUATION_RETEST,2025-08-01T22:00:00Z,3536.97,3556.7133978,3491.0,2.328373,80.1359,TP_BEFORE_SL,1.0597000257282307,Structure and a causal level existed first; a closed rejection/continuation candle then authorized entry. Stop and target were derived from pre-entry structural anchors.
ET-HED-0108,SOLUSDT,LONG,LONG_UP_CONTINUATION_RETEST,2025-08-22T23:30:00Z,199.82,198.39989653,202.4,1.816769,80.1247,SL_BEFORE_TP,-0.9506913572214927,Structure and a causal level existed first; a closed rejection/continuation candle then authorized entry. Stop and target were derived from pre-entry structural anchors.
ET-HED-0109,BTCUSDT,LONG,LONG_UP_CONTINUATION_RETEST,2025-07-06T23:45:00Z,109160.4,108944.79109986,109700.0,2.50268,80.1243,SL_BEFORE_TP,-0.43751567431046057,Structure and a causal level existed first; a closed rejection/continuation candle then authorized entry. Stop and target were derived from pre-entry structural anchors.
ET-HED-0110,ETHUSDT,SHORT,RANGE_MEAN_REVERSION_CANDIDATE,2025-09-10T11:00:00Z,4326.93,4332.95890351,4306.75,3.347209,80.1213,SL_BEFORE_TP,-0.37933443596266886,Structure and a causal level existed first; a closed rejection/continuation candle then authorized entry. Stop and target were derived from pre-entry structural anchors.
ET-HED-0111,BTCUSDT,SHORT,SHORT_DOWN_CONTINUATION_RETEST,2025-09-19T01:15:00Z,117269.31,117487.85518355,116612.03,3.007525,80.1182,TP_BEFORE_SL,0.3204876501788907,Structure and a causal level existed first; a closed rejection/continuation candle then authorized entry. Stop and target were derived from pre-entry structural anchors.
ET-HED-0112,BTCUSDT,SHORT,SHORT_DOWN_CONTINUATION_RETEST,2025-07-15T09:30:00Z,116964.97,117278.36174121,116300.0,2.121849,80.1075,SL_BEFORE_TP,-0.5079364096874459,Structure and a causal level existed first; a closed rejection/continuation candle then authorized entry. Stop and target were derived from pre-entry structural anchors.
ET-HED-0113,ETHUSDT,LONG,LONG_UP_CONTINUATION_RETEST,2025-07-28T04:30:00Z,3880.32,3865.57395561,3907.4,1.836425,80.1028,TP_BEFORE_SL,0.4578805871680667,Structure and a causal level existed first; a closed rejection/continuation candle then authorized entry. Stop and target were derived from pre-entry structural anchors.
ET-HED-0114,BTCUSDT,SHORT,SHORT_DOWN_CONTINUATION_RETEST,2025-12-04T21:30:00Z,92300.0,92782.39881226,90889.0,2.924966,80.08,TP_BEFORE_SL,1.2887107258938246,Structure and a causal level existed first; a closed rejection/continuation candle then authorized entry. Stop and target were derived from pre-entry structural anchors.
ET-HED-0115,SOLUSDT,SHORT,SHORT_DOWN_CONTINUATION_RETEST,2025-12-14T13:00:00Z,131.38,131.98400501,130.14,2.052963,80.0502,TP_BEFORE_SL,0.7038270665245921,Structure and a causal level existed first; a closed rejection/continuation candle then authorized entry. Stop and target were derived from pre-entry structural anchors.
ET-HED-0116,ETHUSDT,LONG,LONG_UP_CONTINUATION_RETEST,2025-11-23T06:00:00Z,2825.35,2811.26936301,2852.17,1.904743,80.0448,SL_BEFORE_TP,-0.7383678832711037,Structure and a causal level existed first; a closed rejection/continuation candle then authorized entry. Stop and target were derived from pre-entry structural anchors.
ET-HED-0117,ETHUSDT,SHORT,SHORT_DOWN_CONTINUATION_RETEST,2025-08-14T15:15:00Z,4653.65,4711.01962408,4451.33,3.526605,80.0439,NEITHER_EXPIRED,3.4186335457114163,Structure and a causal level existed first; a closed rejection/continuation candle then authorized entry. Stop and target were derived from pre-entry structural anchors.
ET-HED-0118,BTCUSDT,SHORT,SHORT_DOWN_CONTINUATION_RETEST,2025-08-29T10:00:00Z,109772.71,109964.3861377,109414.18,1.870499,80.0165,SL_BEFORE_TP,-0.4146118299347743,Structure and a causal level existed first; a closed rejection/continuation candle then authorized entry. Stop and target were derived from pre-entry structural anchors.
ET-HED-0119,BTCUSDT,LONG,LONG_UP_CONTINUATION_RETEST,2025-11-24T03:00:00Z,87518.22,87182.42617827,88059.44,1.611763,80.0077,SL_BEFORE_TP,-0.6236844736216025,Structure and a causal level existed first; a closed rejection/continuation candle then authorized entry. Stop and target were derived from pre-entry structural anchors.
ET-HED-0120,ETHUSDT,LONG,LONG_UP_CONTINUATION_RETEST,2025-08-09T11:30:00Z,4208.35,4193.7852438,4246.65,2.629636,79.9973,SL_BEFORE_TP,-0.5860918459728961,Structure and a causal level existed first; a closed rejection/continuation candle then authorized entry. Stop and target were derived from pre-entry structural anchors.
ET-HED-0121,ETHUSDT,LONG,LONG_UP_CONTINUATION_RETEST,2025-09-28T22:00:00Z,4049.95,4040.66380218,4066.0,1.728372,79.9751,TP_BEFORE_SL,0.1563011889035712,Structure and a causal level existed first; a closed rejection/continuation candle then authorized entry. Stop and target were derived from pre-entry structural anchors.
ET-HED-0122,BTCUSDT,SHORT,SHORT_DOWN_CONTINUATION_RETEST,2025-10-22T09:00:00Z,108229.3,108401.98477544,107610.0,3.586303,79.9729,TP_BEFORE_SL,0.33221103712211286,Structure and a causal level existed first; a closed rejection/continuation candle then authorized entry. Stop and target were derived from pre-entry structural anchors.
ET-HED-0123,ETHUSDT,SHORT,SHORT_DOWN_CONTINUATION_RETEST,2025-09-13T19:15:00Z,4639.5,4654.05287508,4605.0,2.370666,79.9701,SL_BEFORE_TP,-0.5536733501454979,Structure and a causal level existed first; a closed rejection/continuation candle then authorized entry. Stop and target were derived from pre-entry structural anchors.
ET-HED-0124,ETHUSDT,SHORT,SHORT_DOWN_CONTINUATION_RETEST,2025-07-04T10:00:00Z,2551.47,2560.04740143,2527.37,2.809709,79.9464,TP_BEFORE_SL,0.704553531885537,Structure and a causal level existed first; a closed rejection/continuation candle then authorized entry. Stop and target were derived from pre-entry structural anchors.
ET-HED-0125,BTCUSDT,SHORT,SHORT_DOWN_CONTINUATION_RETEST,2025-09-21T18:30:00Z,115523.2,115680.96818843,115209.02,1.991403,79.9379,TP_BEFORE_SL,0.0319626880141764,Structure and a causal level existed first; a closed rejection/continuation candle then authorized entry. Stop and target were derived from pre-entry structural anchors.
ET-HED-0126,SOLUSDT,SHORT,SHORT_DOWN_CONTINUATION_RETEST,2025-07-07T23:30:00Z,148.52,148.93117678,147.7,1.994276,79.9219,SL_BEFORE_TP,-0.5168494344195911,Structure and a causal level existed first; a closed rejection/continuation candle then authorized entry. Stop and target were derived from pre-entry structural anchors.
ET-HED-0127,SOLUSDT,SHORT,RANGE_MEAN_REVERSION_CANDIDATE,2025-08-28T15:15:00Z,214.33,216.34053859,209.15666667,2.573108,79.9157,TP_BEFORE_SL,2.173723384500546,Structure and a causal level existed first; a closed rejection/continuation candle then authorized entry. Stop and target were derived from pre-entry structural anchors.
ET-HED-0128,BTCUSDT,LONG,LONG_UP_CONTINUATION_RETEST,2025-11-02T06:30:00Z,110413.17,110248.92623465,110784.13,2.258594,79.9118,TP_BEFORE_SL,0.09597441319727207,Structure and a causal level existed first; a closed rejection/continuation candle then authorized entry. Stop and target were derived from pre-entry structural anchors.
ET-HED-0129,ETHUSDT,SHORT,SHORT_DOWN_CONTINUATION_RETEST,2025-10-03T09:15:00Z,4460.47,4475.21032521,4428.0,2.202801,79.8973,SL_BEFORE_TP,-0.5704657403816045,Structure and a causal level existed first; a closed rejection/continuation candle then authorized entry. Stop and target were derived from pre-entry structural anchors.
ET-HED-0130,SOLUSDT,SHORT,RANGE_MEAN_REVERSION_CANDIDATE,2025-10-06T12:45:00Z,233.48,234.52385658,230.81833333,2.549839,79.881,SL_BEFORE_TP,-0.6870860801781782,Structure and a causal level existed first; a closed rejection/continuation candle then authorized entry. Stop and target were derived from pre-entry structural anchors.
ET-HED-0131,BTCUSDT,SHORT,SHORT_DOWN_CONTINUATION_RETEST,2025-08-01T10:00:00Z,114938.67,115391.68382729,114116.0,1.815993,79.8736,SL_BEFORE_TP,-0.6341352612571622,Structure and a causal level existed first; a closed rejection/continuation candle then authorized entry. Stop and target were derived from pre-entry structural anchors.
ET-HED-0132,BTCUSDT,SHORT,SHORT_DOWN_CONTINUATION_RETEST,2025-08-25T08:45:00Z,111548.23,111870.92196218,110991.28,1.725949,79.865,TP_BEFORE_SL,0.25929075521861455,Structure and a causal level existed first; a closed rejection/continuation candle then authorized entry. Stop and target were derived from pre-entry structural anchors.
ET-HED-0133,ETHUSDT,LONG,LONG_UP_CONTINUATION_RETEST,2025-07-07T05:00:00Z,2573.43,2568.92676692,2590.57,3.806154,79.8504,SL_BEFORE_TP,-0.41498953070415645,Structure and a causal level existed first; a closed rejection/continuation candle then authorized entry. Stop and target were derived from pre-entry structural anchors.
ET-HED-0134,SOLUSDT,LONG,LONG_UP_CONTINUATION_RETEST,2025-07-10T19:00:00Z,159.07,158.18870639,161.18,2.394208,79.8502,TP_BEFORE_SL,1.0864600490350247,Structure and a causal level existed first; a closed rejection/continuation candle then authorized entry. Stop and target were derived from pre-entry structural anchors.
ET-HED-0135,SOLUSDT,LONG,RANGE_MEAN_REVERSION_CANDIDATE,2025-07-14T20:45:00Z,163.37,162.70473521,165.56166667,3.294428,79.8337,SL_BEFORE_TP,-0.647213558180822,Structure and a causal level existed first; a closed rejection/continuation candle then authorized entry. Stop and target were derived from pre-entry structural anchors.
ET-HED-0136,ETHUSDT,LONG,RANGE_MEAN_REVERSION_CANDIDATE,2025-09-09T17:45:00Z,4285.83,4274.89480084,4324.56166667,3.541926,79.8305,TP_BEFORE_SL,0.6637144886754694,Structure and a causal level existed first; a closed rejection/continuation candle then authorized entry. Stop and target were derived from pre-entry structural anchors.
ET-HED-0137,SOLUSDT,LONG,LONG_UP_CONTINUATION_RETEST,2025-12-10T06:00:00Z,139.16,138.52291461,140.22,1.663827,79.7875,SL_BEFORE_TP,-0.6978078398965292,Structure and a causal level existed first; a closed rejection/continuation candle then authorized entry. Stop and target were derived from pre-entry structural anchors.
ET-HED-0138,BTCUSDT,LONG,LONG_UP_CONTINUATION_RETEST,2025-08-10T15:45:00Z,118727.98,118531.75835691,119113.94,1.966959,79.7853,SL_BEFORE_TP,-0.4052699246546608,Structure and a causal level existed first; a closed rejection/continuation candle then authorized entry. Stop and target were derived from pre-entry structural anchors.
ET-HED-0139,ETHUSDT,SHORT,SHORT_DOWN_CONTINUATION_RETEST,2025-10-16T17:45:00Z,3927.16,3973.39507457,3857.12,1.514867,79.7761,TP_BEFORE_SL,1.5434771183246918,Structure and a causal level existed first; a closed rejection/continuation candle then authorized entry. Stop and target were derived from pre-entry structural anchors.
ET-HED-0140,SOLUSDT,LONG,RANGE_MEAN_REVERSION_CANDIDATE,2025-12-10T17:15:00Z,136.37,135.80701813,138.01666667,2.924902,79.7568,TP_BEFORE_SL,0.9674992080369595,Structure and a causal level existed first; a closed rejection/continuation candle then authorized entry. Stop and target were derived from pre-entry structural anchors.
ET-HED-0141,ETHUSDT,SHORT,SHORT_DOWN_CONTINUATION_RETEST,2025-12-09T04:15:00Z,3123.83,3133.42241663,3090.8,3.443345,79.7414,SL_BEFORE_TP,-0.5470723000291347,Structure and a causal level existed first; a closed rejection/continuation candle then authorized entry. Stop and target were derived from pre-entry structural anchors.
ET-HED-0142,BTCUSDT,LONG,LONG_UP_CONTINUATION_RETEST,2025-11-06T06:15:00Z,103256.72,102957.90790371,104200.0,3.156766,79.7238,SL_BEFORE_TP,-0.5293875539432197,Structure and a causal level existed first; a closed rejection/continuation candle then authorized entry. Stop and target were derived from pre-entry structural anchors.
ET-HED-0143,SOLUSDT,SHORT,SHORT_DOWN_CONTINUATION_RETEST,2025-10-13T12:45:00Z,193.23,194.71403377,190.02,2.163024,79.7222,SL_BEFORE_TP,-1.0080141644672134,Structure and a causal level existed first; a closed rejection/continuation candle then authorized entry. Stop and target were derived from pre-entry structural anchors.
ET-HED-0144,BTCUSDT,SHORT,RANGE_MEAN_REVERSION_CANDIDATE,2025-10-16T04:30:00Z,111550.57,111725.37406408,110990.51666667,3.203892,79.6896,TP_BEFORE_SL,0.2620622784177721,Structure and a causal level existed first; a closed rejection/continuation candle then authorized entry. Stop and target were derived from pre-entry structural anchors.
ET-HED-0145,BTCUSDT,LONG,LONG_UP_CONTINUATION_RETEST,2025-09-13T09:45:00Z,115910.37,115857.61361282,116056.17,2.763646,79.683,TP_BEFORE_SL,-0.1142131528007348,Structure and a causal level existed first; a closed rejection/continuation candle then authorized entry. Stop and target were derived from pre-entry structural anchors.
ET-HED-0146,ETHUSDT,SHORT,SHORT_DOWN_CONTINUATION_RETEST,2025-07-28T15:45:00Z,3806.57,3827.4542965,3773.33,1.591627,79.6753,TP_BEFORE_SL,0.6332270784459562,Structure and a causal level existed first; a closed rejection/continuation candle then authorized entry. Stop and target were derived from pre-entry structural anchors.
ET-HED-0147,ETHUSDT,LONG,LONG_UP_CONTINUATION_RETEST,2025-11-23T15:15:00Z,2820.87,2808.1737803,2858.16,2.937095,79.6611,SL_BEFORE_TP,-0.6900817017444902,Structure and a causal level existed first; a closed rejection/continuation candle then authorized entry. Stop and target were derived from pre-entry structural anchors.
ET-HED-0148,ETHUSDT,SHORT,SHORT_DOWN_CONTINUATION_RETEST,2025-09-27T10:30:00Z,3990.05,4000.32370407,3972.98,1.661523,79.6584,SL_BEFORE_TP,-0.49748309093870735,Structure and a causal level existed first; a closed rejection/continuation candle then authorized entry. Stop and target were derived from pre-entry structural anchors.
ET-HED-0149,BTCUSDT,LONG,LONG_UP_CONTINUATION_RETEST,2025-12-03T07:00:00Z,93431.8,93089.52230199,93958.58,1.539043,79.6441,SL_BEFORE_TP,-0.6063396167150825,Structure and a causal level existed first; a closed rejection/continuation candle then authorized entry. Stop and target were derived from pre-entry structural anchors.
ET-HED-0150,SOLUSDT,LONG,RANGE_MEAN_REVERSION_CANDIDATE,2025-09-14T22:30:00Z,241.6,240.56864241,244.86166667,3.162498,79.6183,SL_BEFORE_TP,-0.6668864197019863,Structure and a causal level existed first; a closed rejection/continuation candle then authorized entry. Stop and target were derived from pre-entry structural anchors.
ET-HED-0151,SOLUSDT,SHORT,SHORT_DOWN_CONTINUATION_RETEST,2025-11-14T05:15:00Z,141.52,143.29350584,138.71,1.584432,79.5762,SL_BEFORE_TP,-1.4931838892029283,Structure and a causal level existed first; a closed rejection/continuation candle then authorized entry. Stop and target were derived from pre-entry structural anchors.
ET-HED-0152,ETHUSDT,SHORT,SHORT_DOWN_CONTINUATION_RETEST,2025-09-02T14:15:00Z,4354.76,4401.807939,4271.31,1.773723,79.5705,TP_BEFORE_SL,1.676293894497052,Structure and a causal level existed first; a closed rejection/continuation candle then authorized entry. Stop and target were derived from pre-entry structural anchors.
ET-HED-0153,ETHUSDT,SHORT,SHORT_DOWN_CONTINUATION_RETEST,2025-09-26T12:00:00Z,3906.0,3919.2574396,3873.0,2.489168,79.5647,SL_BEFORE_TP,-0.5794121761392729,Structure and a causal level existed first; a closed rejection/continuation candle then authorized entry. Stop and target were derived from pre-entry structural anchors.
ET-HED-0154,SOLUSDT,LONG,RANGE_MEAN_REVERSION_CANDIDATE,2025-11-02T13:45:00Z,185.01,184.52213469,186.36833333,2.784238,79.5305,SL_BEFORE_TP,-0.5036967245013726,Structure and a causal level existed first; a closed rejection/continuation candle then authorized entry. Stop and target were derived from pre-entry structural anchors.
ET-HED-0155,ETHUSDT,SHORT,SHORT_DOWN_CONTINUATION_RETEST,2025-08-10T07:00:00Z,4225.21,4239.42267261,4203.0,1.56269,79.5158,TP_BEFORE_SL,0.2856543461745106,Structure and a causal level existed first; a closed rejection/continuation candle then authorized entry. Stop and target were derived from pre-entry structural anchors.
ET-HED-0156,ETHUSDT,SHORT,SHORT_DOWN_CONTINUATION_RETEST,2025-10-05T17:30:00Z,4522.32,4540.00761272,4491.13,1.763381,79.5101,TP_BEFORE_SL,0.44969024748358377,Structure and a causal level existed first; a closed rejection/continuation candle then authorized entry. Stop and target were derived from pre-entry structural anchors.
ET-HED-0157,ETHUSDT,LONG,LONG_UP_CONTINUATION_RETEST,2025-10-25T08:15:00Z,3934.11,3923.81921822,3960.57,2.571233,79.4702,TP_BEFORE_SL,0.4325790585418312,Structure and a causal level existed first; a closed rejection/continuation candle then authorized entry. Stop and target were derived from pre-entry structural anchors.
ET-HED-0158,SOLUSDT,LONG,RANGE_MEAN_REVERSION_CANDIDATE,2025-09-09T03:15:00Z,212.34,211.22480525,214.67,2.089321,79.4622,TP_BEFORE_SL,0.8572967881699087,Structure and a causal level existed first; a closed rejection/continuation candle then authorized entry. Stop and target were derived from pre-entry structural anchors.
ET-HED-0159,SOLUSDT,LONG,LONG_UP_CONTINUATION_RETEST,2025-08-04T10:15:00Z,162.61,162.01553699,164.08,2.47282,79.4472,SL_BEFORE_TP,-0.605575923989931,Structure and a causal level existed first; a closed rejection/continuation candle then authorized entry. Stop and target were derived from pre-entry structural anchors.
ET-HED-0160,BTCUSDT,SHORT,SHORT_DOWN_CONTINUATION_RETEST,2025-11-12T21:00:00Z,101539.01,101905.2330161,100813.59,1.980815,79.4449,SL_BEFORE_TP,-0.600672234346193,Structure and a causal level existed first; a closed rejection/continuation candle then authorized entry. Stop and target were derived from pre-entry structural anchors.
ET-HED-0161,SOLUSDT,SHORT,SHORT_DOWN_CONTINUATION_RETEST,2025-09-23T04:15:00Z,215.92,218.0386852,212.34,1.689727,79.4242,SL_BEFORE_TP,-1.2212361985920785,Structure and a causal level existed first; a closed rejection/continuation candle then authorized entry. Stop and target were derived from pre-entry structural anchors.
ET-HED-0162,SOLUSDT,SHORT,SHORT_DOWN_CONTINUATION_RETEST,2025-09-04T07:30:00Z,206.83,207.56069928,205.68,1.573835,79.3861,SL_BEFORE_TP,-0.5932849586616941,Structure and a causal level existed first; a closed rejection/continuation candle then authorized entry. Stop and target were derived from pre-entry structural anchors.
ET-HED-0163,ETHUSDT,SHORT,SHORT_DOWN_CONTINUATION_RETEST,2025-09-19T08:30:00Z,4540.75,4550.73033204,4518.33,2.246418,79.3807,TP_BEFORE_SL,0.2537510323184512,Structure and a causal level existed first; a closed rejection/continuation candle then authorized entry. Stop and target were derived from pre-entry structural anchors.
ET-HED-0164,SOLUSDT,LONG,RANGE_MEAN_REVERSION_CANDIDATE,2025-10-09T15:00:00Z,220.86,219.16310084,224.93833333,2.403403,79.3557,SL_BEFORE_TP,-1.0083143892058386,Structure and a causal level existed first; a closed rejection/continuation candle then authorized entry. Stop and target were derived from pre-entry structural anchors.
ET-HED-0165,BTCUSDT,SHORT,SHORT_DOWN_CONTINUATION_RETEST,2025-09-21T07:00:00Z,115687.2,115796.66819696,115487.56,1.823726,79.3549,SL_BEFORE_TP,-0.3346242946151398,Structure and a causal level existed first; a closed rejection/continuation candle then authorized entry. Stop and target were derived from pre-entry structural anchors.
ET-HED-0166,SOLUSDT,SHORT,SHORT_DOWN_CONTINUATION_RETEST,2025-07-29T17:45:00Z,180.54,181.8787378,178.3,1.673218,79.347,SL_BEFORE_TP,-0.9815186662235618,Structure and a causal level existed first; a closed rejection/continuation candle then authorized entry. Stop and target were derived from pre-entry structural anchors.
ET-HED-0167,ETHUSDT,SHORT,SHORT_DOWN_CONTINUATION_RETEST,2025-08-01T10:30:00Z,3623.73,3643.96315386,3585.69,1.880083,79.3366,SL_BEFORE_TP,-0.7983515841412061,Structure and a causal level existed first; a closed rejection/continuation candle then authorized entry. Stop and target were derived from pre-entry structural anchors.
ET-HED-0168,BTCUSDT,LONG,LONG_UP_CONTINUATION_RETEST,2025-09-18T00:45:00Z,116383.9,116043.50371702,116990.68,1.782569,79.3337,TP_BEFORE_SL,0.2813607724092412,Structure and a causal level existed first; a closed rejection/continuation candle then authorized entry. Stop and target were derived from pre-entry structural anchors.
ET-HED-0169,ETHUSDT,SHORT,RANGE_MEAN_REVERSION_CANDIDATE,2025-11-09T07:30:00Z,3410.9,3418.05402893,3389.76666667,2.954046,79.3184,SL_BEFORE_TP,-0.4497402131402297,Structure and a causal level existed first; a closed rejection/continuation candle then authorized entry. Stop and target were derived from pre-entry structural anchors.
ET-HED-0170,ETHUSDT,SHORT,SHORT_DOWN_CONTINUATION_RETEST,2025-11-29T07:30:00Z,3008.58,3015.93711806,2992.5,2.185638,79.3133,TP_BEFORE_SL,0.29447141176235725,Structure and a causal level existed first; a closed rejection/continuation candle then authorized entry. Stop and target were derived from pre-entry structural anchors.
ET-HED-0171,SOLUSDT,SHORT,SHORT_DOWN_CONTINUATION_RETEST,2025-11-16T04:30:00Z,141.17,141.74178638,139.06,3.690189,79.2917,SL_BEFORE_TP,-0.6450339165545231,Structure and a causal level existed first; a closed rejection/continuation candle then authorized entry. Stop and target were derived from pre-entry structural anchors.
ET-HED-0172,SOLUSDT,LONG,RANGE_MEAN_REVERSION_CANDIDATE,2025-08-21T08:45:00Z,186.11,185.6411101,187.89166667,3.799755,79.2867,SL_BEFORE_TP,-0.49194234592446506,Structure and a causal level existed first; a closed rejection/continuation candle then authorized entry. Stop and target were derived from pre-entry structural anchors.
ET-HED-0173,ETHUSDT,SHORT,SHORT_DOWN_CONTINUATION_RETEST,2025-08-12T00:00:00Z,4223.22,4238.71803599,4190.0,2.143497,79.2747,SL_BEFORE_TP,-0.6069720258475775,Structure and a causal level existed first; a closed rejection/continuation candle then authorized entry. Stop and target were derived from pre-entry structural anchors.
ET-HED-0174,SOLUSDT,SHORT,SHORT_DOWN_CONTINUATION_RETEST,2025-08-29T10:45:00Z,207.92,209.63862532,205.34,1.5012,79.2703,SL_BEFORE_TP,-1.0665800884955758,Structure and a causal level existed first; a closed rejection/continuation candle then authorized entry. Stop and target were derived from pre-entry structural anchors.
ET-HED-0175,SOLUSDT,SHORT,SHORT_DOWN_CONTINUATION_RETEST,2025-08-19T17:45:00Z,177.99,178.92100073,176.34,1.772286,79.266,TP_BEFORE_SL,0.6870183718186446,Structure and a causal level existed first; a closed rejection/continuation candle then authorized entry. Stop and target were derived from pre-entry structural anchors.
ET-HED-0176,SOLUSDT,SHORT,SHORT_DOWN_CONTINUATION_RETEST,2025-08-10T10:15:00Z,179.97,181.1901683,177.51,2.016115,79.2593,SL_BEFORE_TP,-0.9179842751569771,Structure and a causal level existed first; a closed rejection/continuation candle then authorized entry. Stop and target were derived from pre-entry structural anchors.
ET-HED-0177,ETHUSDT,LONG,RANGE_MEAN_REVERSION_CANDIDATE,2025-07-14T19:30:00Z,2996.28,2983.47073197,3032.335,2.814759,79.2587,SL_BEFORE_TP,-0.6675057080780205,Structure and a causal level existed first; a closed rejection/continuation candle then authorized entry. Stop and target were derived from pre-entry structural anchors.
ET-HED-0178,SOLUSDT,LONG,RANGE_MEAN_REVERSION_CANDIDATE,2025-11-24T08:45:00Z,130.11,129.51295145,131.94666667,3.076243,79.2353,SL_BEFORE_TP,-0.6988798324494742,Structure and a causal level existed first; a closed rejection/continuation candle then authorized entry. Stop and target were derived from pre-entry structural anchors.
ET-HED-0179,BTCUSDT,LONG,LONG_UP_CONTINUATION_RETEST,2025-10-12T14:15:00Z,111416.49,111169.66296611,112250.0,3.376899,79.217,TP_BEFORE_SL,0.508102906490767,Structure and a causal level existed first; a closed rejection/continuation candle then authorized entry. Stop and target were derived from pre-entry structural anchors.
ET-HED-0180,SOLUSDT,SHORT,SHORT_DOWN_CONTINUATION_RETEST,2025-08-01T04:00:00Z,171.14,172.37261192,168.89,1.825392,79.2019,TP_BEFORE_SL,1.0747131003856494,Structure and a causal level existed first; a closed rejection/continuation candle then authorized entry. Stop and target were derived from pre-entry structural anchors.
ET-HED-0181,ETHUSDT,SHORT,SHORT_DOWN_CONTINUATION_RETEST,2025-07-12T22:15:00Z,2934.5,2942.38862177,2915.0,2.471915,79.1998,SL_BEFORE_TP,-0.5088233692281513,Structure and a causal level existed first; a closed rejection/continuation candle then authorized entry. Stop and target were derived from pre-entry structural anchors.
ET-HED-0182,SOLUSDT,SHORT,SHORT_DOWN_CONTINUATION_RETEST,2025-09-13T15:30:00Z,240.19,241.22984249,237.93,2.173406,79.1985,TP_BEFORE_SL,0.700921770265203,Structure and a causal level existed first; a closed rejection/continuation candle then authorized entry. Stop and target were derived from pre-entry structural anchors.
ET-HED-0183,ETHUSDT,LONG,LONG_UP_CONTINUATION_RETEST,2025-10-15T09:45:00Z,4160.83,4133.36429232,4217.6,2.066941,79.1973,SL_BEFORE_TP,-0.9001016547179379,Structure and a causal level existed first; a closed rejection/continuation candle then authorized entry. Stop and target were derived from pre-entry structural anchors.
ET-HED-0184,SOLUSDT,LONG,RANGE_MEAN_REVERSION_CANDIDATE,2025-11-06T08:15:00Z,158.97,158.37349371,160.72833333,2.94772,79.1964,SL_BEFORE_TP,-0.615231987167395,Structure and a causal level existed first; a closed rejection/continuation candle then authorized entry. Stop and target were derived from pre-entry structural anchors.
ET-HED-0185,ETHUSDT,LONG,LONG_UP_CONTINUATION_RETEST,2025-09-08T17:30:00Z,4340.93,4325.6858144,4384.06,2.829275,79.1848,SL_BEFORE_TP,-0.591173264715176,Structure and a causal level existed first; a closed rejection/continuation candle then authorized entry. Stop and target were derived from pre-entry structural anchors.
ET-HED-0186,SOLUSDT,SHORT,RANGE_MEAN_REVERSION_CANDIDATE,2025-08-10T22:30:00Z,182.94,183.82007008,181.035,2.1646,79.1744,SL_BEFORE_TP,-0.7210703400021843,Structure and a causal level existed first; a closed rejection/continuation candle then authorized entry. Stop and target were derived from pre-entry structural anchors.
ET-HED-0187,SOLUSDT,LONG,LONG_UP_CONTINUATION_RETEST,2025-09-07T02:30:00Z,202.33,201.93808313,203.19,2.194343,79.1656,TP_BEFORE_SL,0.18504818860277028,Structure and a causal level existed first; a closed rejection/continuation candle then authorized entry. Stop and target were derived from pre-entry structural anchors.
ET-HED-0188,ETHUSDT,LONG,RANGE_MEAN_REVERSION_CANDIDATE,2025-07-24T07:00:00Z,3544.94,3523.00055758,3597.67666667,2.403738,79.1602,SL_BEFORE_TP,-0.8588946052683537,Structure and a causal level existed first; a closed rejection/continuation candle then authorized entry. Stop and target were derived from pre-entry structural anchors.
ET-HED-0189,BTCUSDT,LONG,LONG_UP_CONTINUATION_RETEST,2025-11-23T15:15:00Z,86709.02,86408.1777093,87200.0,1.632018,79.1497,TP_BEFORE_SL,0.32623866813394486,Structure and a causal level existed first; a closed rejection/continuation candle then authorized entry. Stop and target were derived from pre-entry structural anchors.
ET-HED-0190,BTCUSDT,LONG,RANGE_MEAN_REVERSION_CANDIDATE,2025-07-28T11:45:00Z,118716.84,118443.75892429,119214.98833333,1.824177,79.1432,SL_BEFORE_TP,-0.4700272444162068,Structure and a causal level existed first; a closed rejection/continuation candle then authorized entry. Stop and target were derived from pre-entry structural anchors.
ET-HED-0191,SOLUSDT,SHORT,SHORT_DOWN_CONTINUATION_RETEST,2025-08-28T18:15:00Z,209.94,211.0632599,207.17,2.466037,79.1372,SL_BEFORE_TP,-0.7750385348194692,Structure and a causal level existed first; a closed rejection/continuation candle then authorized entry. Stop and target were derived from pre-entry structural anchors.
ET-HED-0192,SOLUSDT,LONG,LONG_UP_CONTINUATION_RETEST,2025-07-10T11:00:00Z,157.93,157.35176143,159.17,2.144444,79.1356,SL_BEFORE_TP,-0.6061359906287573,Structure and a causal level existed first; a closed rejection/continuation candle then authorized entry. Stop and target were derived from pre-entry structural anchors.
ET-HED-0193,ETHUSDT,LONG,RANGE_MEAN_REVERSION_CANDIDATE,2025-11-06T08:00:00Z,3380.42,3365.62543901,3420.75166667,2.726114,79.1201,SL_BEFORE_TP,-0.677654521923319,Structure and a causal level existed first; a closed rejection/continuation candle then authorized entry. Stop and target were derived from pre-entry structural anchors.
ET-HED-0194,ETHUSDT,LONG,LONG_UP_CONTINUATION_RETEST,2025-12-15T08:00:00Z,3128.9,3121.1616115,3145.0,2.080537,79.1065,TP_BEFORE_SL,0.27455783182587834,Structure and a causal level existed first; a closed rejection/continuation candle then authorized entry. Stop and target were derived from pre-entry structural anchors.
ET-HED-0195,BTCUSDT,SHORT,SHORT_DOWN_CONTINUATION_RETEST,2025-10-15T14:30:00Z,111918.76,112302.59965369,110725.4,3.109007,79.0996,TP_BEFORE_SL,0.8262734290479992,Structure and a causal level existed first; a closed rejection/continuation candle then authorized entry. Stop and target were derived from pre-entry structural anchors.
ET-HED-0196,SOLUSDT,LONG,LONG_UP_CONTINUATION_RETEST,2025-11-23T15:15:00Z,131.23,130.31951915,132.75,1.669448,79.0802,TP_BEFORE_SL,0.9182717366455921,Structure and a causal level existed first; a closed rejection/continuation candle then authorized entry. Stop and target were derived from pre-entry structural anchors.
ET-HED-0197,BTCUSDT,LONG,RANGE_MEAN_REVERSION_CANDIDATE,2025-11-14T19:15:00Z,95403.55,94598.85777221,97371.39,2.445457,79.061,SL_BEFORE_TP,-1.083461514576765,Structure and a causal level existed first; a closed rejection/continuation candle then authorized entry. Stop and target were derived from pre-entry structural anchors.
ET-HED-0198,BTCUSDT,SHORT,SHORT_DOWN_CONTINUATION_RETEST,2025-08-26T02:45:00Z,109643.0,110094.78870064,108666.66,2.161054,79.0572,SL_BEFORE_TP,-0.6520543040960187,Structure and a causal level existed first; a closed rejection/continuation candle then authorized entry. Stop and target were derived from pre-entry structural anchors.
ET-HED-0199,BTCUSDT,LONG,LONG_UP_CONTINUATION_RETEST,2025-08-10T06:45:00Z,117982.05,117705.4501998,118648.1,2.407992,79.0556,SL_BEFORE_TP,-0.4744422733797199,Structure and a causal level existed first; a closed rejection/continuation candle then authorized entry. Stop and target were derived from pre-entry structural anchors.
ET-HED-0200,ETHUSDT,SHORT,SHORT_DOWN_CONTINUATION_RETEST,2025-10-22T02:45:00Z,3866.06,3879.91085922,3821.64,3.207021,79.0471,SL_BEFORE_TP,-0.5982680874068192,Structure and a causal level existed first; a closed rejection/continuation candle then authorized entry. Stop and target were derived from pre-entry structural anchors.
ET-HED-0201,BTCUSDT,SHORT,SHORT_DOWN_CONTINUATION_RETEST,2025-11-21T11:30:00Z,82925.23,83437.39728746,81648.0,2.493775,79.0458,TP_BEFORE_SL,1.3002188212200267,Structure and a causal level existed first; a closed rejection/continuation candle then authorized entry. Stop and target were derived from pre-entry structural anchors.
ET-HED-0202,SOLUSDT,LONG,LONG_UP_CONTINUATION_RETEST,2025-09-24T16:45:00Z,214.2,213.04549109,216.24,1.766985,79.0445,SL_BEFORE_TP,-0.7789864192343491,Structure and a causal level existed first; a closed rejection/continuation candle then authorized entry. Stop and target were derived from pre-entry structural anchors.
ET-HED-0203,ETHUSDT,LONG,LONG_UP_CONTINUATION_RETEST,2025-07-15T15:15:00Z,2990.5,2963.64038323,3067.43,2.864151,79.0214,TP_BEFORE_SL,2.332479518475166,Structure and a causal level existed first; a closed rejection/continuation candle then authorized entry. Stop and target were derived from pre-entry structural anchors.
ET-HED-0204,SOLUSDT,SHORT,SHORT_DOWN_CONTINUATION_RETEST,2025-08-19T05:15:00Z,179.58,180.77120548,177.32,1.897238,79.0061,SL_BEFORE_TP,-0.9033285889297135,Structure and a causal level existed first; a closed rejection/continuation candle then authorized entry. Stop and target were derived from pre-entry structural anchors.
ET-HED-0205,ETHUSDT,LONG,LONG_UP_CONTINUATION_RETEST,2025-08-22T04:00:00Z,4278.93,4262.01836173,4314.89,2.126346,79.0021,TP_BEFORE_SL,0.6003970151416368,Structure and a causal level existed first; a closed rejection/continuation candle then authorized entry. Stop and target were derived from pre-entry structural anchors.
ET-HED-0206,ETHUSDT,LONG,LONG_UP_CONTINUATION_RETEST,2025-08-20T18:45:00Z,4293.93,4257.8298336,4364.77,1.962318,79.0,TP_BEFORE_SL,1.4097707228576186,Structure and a causal level existed first; a closed rejection/continuation candle then authorized entry. Stop and target were derived from pre-entry structural anchors.
ET-HED-0207,BTCUSDT,LONG,LONG_UP_CONTINUATION_RETEST,2025-10-19T04:30:00Z,107069.75,106927.35473818,107367.16,2.088623,78.9879,SL_BEFORE_TP,-0.3729929899154507,Structure and a causal level existed first; a closed rejection/continuation candle then authorized entry. Stop and target were derived from pre-entry structural anchors.
ET-HED-0208,ETHUSDT,SHORT,SHORT_DOWN_CONTINUATION_RETEST,2025-10-16T22:15:00Z,3866.9,3893.76247589,3826.04,1.521081,78.9753,SL_BEFORE_TP,-0.934677283870802,Structure and a causal level existed first; a closed rejection/continuation candle then authorized entry. Stop and target were derived from pre-entry structural anchors.
ET-HED-0209,ETHUSDT,LONG,RANGE_MEAN_REVERSION_CANDIDATE,2025-10-27T11:45:00Z,4161.39,4139.22678886,4200.67,1.772306,78.9498,SL_BEFORE_TP,-0.7725915412878962,Structure and a causal level existed first; a closed rejection/continuation candle then authorized entry. Stop and target were derived from pre-entry structural anchors.
ET-HED-0210,BTCUSDT,SHORT,SHORT_DOWN_CONTINUATION_RETEST,2025-08-11T23:30:00Z,118680.02,118957.03445459,118050.11,2.273925,78.9395,SL_BEFORE_TP,-0.47341288162067763,Structure and a causal level existed first; a closed rejection/continuation candle then authorized entry. Stop and target were derived from pre-entry structural anchors.
ET-HED-0211,SOLUSDT,SHORT,SHORT_DOWN_CONTINUATION_RETEST,2025-12-09T07:15:00Z,132.44,132.87761799,131.77,1.531016,78.9327,SL_BEFORE_TP,-0.5704273557837563,Structure and a causal level existed first; a closed rejection/continuation candle then authorized entry. Stop and target were derived from pre-entry structural anchors.
ET-HED-0212,SOLUSDT,LONG,LONG_UP_CONTINUATION_RETEST,2025-12-12T09:15:00Z,138.12,137.36742377,139.42,1.7274,78.9165,SL_BEFORE_TP,-0.7848712930784946,Structure and a causal level existed first; a closed rejection/continuation candle then authorized entry. Stop and target were derived from pre-entry structural anchors.
ET-HED-0213,BTCUSDT,SHORT,RANGE_MEAN_REVERSION_CANDIDATE,2025-07-16T17:15:00Z,119207.6,119501.27117113,118337.29,2.963553,78.878,SL_BEFORE_TP,-0.48635272510309857,Structure and a causal level existed first; a closed rejection/continuation candle then authorized entry. Stop and target were derived from pre-entry structural anchors.
ET-HED-0214,BTCUSDT,LONG,LONG_UP_CONTINUATION_RETEST,2025-12-04T00:45:00Z,93048.33,92612.95809933,94150.0,2.530411,78.8722,SL_BEFORE_TP,-0.7078986723028748,Structure and a causal level existed first; a closed rejection/continuation candle then authorized entry. Stop and target were derived from pre-entry structural anchors.
ET-HED-0215,ETHUSDT,SHORT,SHORT_DOWN_CONTINUATION_RETEST,2025-07-31T21:45:00Z,3744.75,3761.45970269,3718.0,1.600866,78.8526,TP_BEFORE_SL,0.47433340009346414,Structure and a causal level existed first; a closed rejection/continuation candle then authorized entry. Stop and target were derived from pre-entry structural anchors.
ET-HED-0216,ETHUSDT,SHORT,RANGE_MEAN_REVERSION_CANDIDATE,2025-08-04T10:45:00Z,3557.01,3571.89312611,3528.04833333,1.94594,78.8445,SL_BEFORE_TP,-0.6584167632365363,Structure and a causal level existed first; a closed rejection/continuation candle then authorized entry. Stop and target were derived from pre-entry structural anchors.
ET-HED-0217,BTCUSDT,LONG,LONG_UP_CONTINUATION_RETEST,2025-08-18T19:30:00Z,116347.02,116163.51535959,116800.0,2.468493,78.8318,SL_BEFORE_TP,-0.39772182253572064,Structure and a causal level existed first; a closed rejection/continuation candle then authorized entry. Stop and target were derived from pre-entry structural anchors.
ET-HED-0218,BTCUSDT,LONG,LONG_UP_CONTINUATION_RETEST,2025-08-04T16:00:00Z,114826.0,114518.62145124,115466.0,2.082123,78.8208,TP_BEFORE_SL,0.3173650566944768,Structure and a causal level existed first; a closed rejection/continuation candle then authorized entry. Stop and target were derived from pre-entry structural anchors.
ET-HED-0219,BTCUSDT,LONG,LONG_UP_CONTINUATION_RETEST,2025-10-02T02:15:00Z,118701.5,118322.5046001,119456.92,1.993217,78.8138,SL_BEFORE_TP,-0.559284423448734,Structure and a causal level existed first; a closed rejection/continuation candle then authorized entry. Stop and target were derived from pre-entry structural anchors.
ET-HED-0220,BTCUSDT,SHORT,SHORT_DOWN_CONTINUATION_RETEST,2025-11-03T18:15:00Z,107190.0,107865.20738712,105306.56,2.789424,78.796,TP_BEFORE_SL,1.5171042074820433,Structure and a causal level existed first; a closed rejection/continuation candle then authorized entry. Stop and target were derived from pre-entry structural anchors.
ET-HED-0221,ETHUSDT,SHORT,SHORT_DOWN_CONTINUATION_RETEST,2025-11-15T23:45:00Z,3170.98,3179.30057073,3152.75,2.190955,78.7916,TP_BEFORE_SL,0.3349011346649937,Structure and a causal level existed first; a closed rejection/continuation candle then authorized entry. Stop and target were derived from pre-entry structural anchors.
ET-HED-0222,SOLUSDT,SHORT,RANGE_MEAN_REVERSION_CANDIDATE,2025-08-10T05:00:00Z,185.04,185.97575045,182.69333333,2.507791,78.768,TP_BEFORE_SL,1.0281942661046208,Structure and a causal level existed first; a closed rejection/continuation candle then authorized entry. Stop and target were derived from pre-entry structural anchors.
ET-HED-0223,SOLUSDT,SHORT,SHORT_DOWN_CONTINUATION_RETEST,2025-08-16T11:30:00Z,186.82,187.44692637,185.39,2.28097,78.767,TP_BEFORE_SL,0.5254426720907863,Structure and a causal level existed first; a closed rejection/continuation candle then authorized entry. Stop and target were derived from pre-entry structural anchors.
ET-HED-0224,BTCUSDT,SHORT,SHORT_DOWN_CONTINUATION_RETEST,2025-08-30T03:00:00Z,107782.01,107989.75064033,107350.1,2.079083,78.7583,SL_BEFORE_TP,-0.4327414791485258,Structure and a causal level existed first; a closed rejection/continuation candle then authorized entry. Stop and target were derived from pre-entry structural anchors.
ET-HED-0225,ETHUSDT,LONG,LONG_UP_CONTINUATION_RETEST,2025-08-26T16:45:00Z,4525.43,4493.75039941,4579.0,1.690994,78.7571,TP_BEFORE_SL,0.9437549138976784,Structure and a causal level existed first; a closed rejection/continuation candle then authorized entry. Stop and target were derived from pre-entry structural anchors.
ET-HED-0226,SOLUSDT,LONG,LONG_UP_CONTINUATION_RETEST,2025-12-03T08:45:00Z,142.32,141.36802751,144.26,2.037874,78.7469,SL_BEFORE_TP,-0.9088957911748193,Structure and a causal level existed first; a closed rejection/continuation candle then authorized entry. Stop and target were derived from pre-entry structural anchors.
ET-HED-0227,SOLUSDT,LONG,RANGE_MEAN_REVERSION_CANDIDATE,2025-11-11T05:30:00Z,165.9,164.84687359,168.11333333,2.101679,78.7286,SL_BEFORE_TP,-0.8747959071729984,Structure and a causal level existed first; a closed rejection/continuation candle then authorized entry. Stop and target were derived from pre-entry structural anchors.
ET-HED-0228,ETHUSDT,LONG,LONG_UP_CONTINUATION_RETEST,2025-11-22T03:00:00Z,2752.84,2736.99185599,2784.12,1.973733,78.6507,SL_BEFORE_TP,-0.8157016030717347,Structure and a causal level existed first; a closed rejection/continuation candle then authorized entry. Stop and target were derived from pre-entry structural anchors.
ET-HED-0229,SOLUSDT,LONG,LONG_UP_CONTINUATION_RETEST,2025-11-02T08:45:00Z,187.39,187.05941234,188.34,2.873671,78.6455,SL_BEFORE_TP,-0.4164169165910625,Structure and a causal level existed first; a closed rejection/continuation candle then authorized entry. Stop and target were derived from pre-entry structural anchors.
ET-HED-0230,BTCUSDT,LONG,RANGE_MEAN_REVERSION_CANDIDATE,2025-09-25T04:00:00Z,112546.21,112338.47908765,113166.31,2.985112,78.6367,SL_BEFORE_TP,-0.4245738851179455,Structure and a causal level existed first; a closed rejection/continuation candle then authorized entry. Stop and target were derived from pre-entry structural anchors.
ET-HED-0231,BTCUSDT,SHORT,SHORT_DOWN_CONTINUATION_RETEST,2025-09-22T11:30:00Z,112795.31,113015.96854601,112173.52,2.817883,78.6359,SL_BEFORE_TP,-0.43562741217698076,Structure and a causal level existed first; a closed rejection/continuation candle then authorized entry. Stop and target were derived from pre-entry structural anchors.
ET-HED-0232,BTCUSDT,LONG,RANGE_MEAN_REVERSION_CANDIDATE,2025-09-21T22:30:00Z,115305.46,115170.47648739,115528.23666667,1.650399,78.609,TP_BEFORE_SL,-0.0467943472321346,Structure and a causal level existed first; a closed rejection/continuation candle then authorized entry. Stop and target were derived from pre-entry structural anchors.
ET-HED-0233,BTCUSDT,SHORT,RANGE_MEAN_REVERSION_CANDIDATE,2025-11-12T07:30:00Z,103422.92,103576.72650418,103076.92,2.24958,78.6083,TP_BEFORE_SL,0.09454866677521773,Structure and a causal level existed first; a closed rejection/continuation candle then authorized entry. Stop and target were derived from pre-entry structural anchors.
ET-HED-0234,BTCUSDT,SHORT,SHORT_DOWN_CONTINUATION_RETEST,2025-07-12T22:45:00Z,117395.99,117589.15757019,117000.01,2.04993,78.5868,SL_BEFORE_TP,-0.4045435846573591,Structure and a causal level existed first; a closed rejection/continuation candle then authorized entry. Stop and target were derived from pre-entry structural anchors.
ET-HED-0235,ETHUSDT,SHORT,SHORT_DOWN_CONTINUATION_RETEST,2025-10-30T03:30:00Z,3939.03,3951.25639031,3910.18,2.35965,78.5798,TP_BEFORE_SL,0.4924138176150058,Structure and a causal level existed first; a closed rejection/continuation candle then authorized entry. Stop and target were derived from pre-entry structural anchors.
ET-HED-0236,ETHUSDT,LONG,RANGE_MEAN_REVERSION_CANDIDATE,2025-08-30T21:00:00Z,4343.9,4333.48197361,4372.05166667,2.702207,78.5761,TP_BEFORE_SL,0.4080735438200682,Structure and a causal level existed first; a closed rejection/continuation candle then authorized entry. Stop and target were derived from pre-entry structural anchors.
ET-HED-0237,ETHUSDT,SHORT,SHORT_DOWN_CONTINUATION_RETEST,2025-07-05T20:15:00Z,2501.79,2509.53273049,2487.95,1.787483,78.5541,SL_BEFORE_TP,-0.5494876264594635,Structure and a causal level existed first; a closed rejection/continuation candle then authorized entry. Stop and target were derived from pre-entry structural anchors.
ET-HED-0238,SOLUSDT,SHORT,SHORT_DOWN_CONTINUATION_RETEST,2025-10-07T10:30:00Z,231.0,231.79667519,228.22,3.489502,78.5533,TP_BEFORE_SL,0.963463203463204,Structure and a causal level existed first; a closed rejection/continuation candle then authorized entry. Stop and target were derived from pre-entry structural anchors.
ET-HED-0239,BTCUSDT,LONG,LONG_UP_CONTINUATION_RETEST,2025-07-30T10:00:00Z,118164.08,117957.77323952,118481.81,1.540085,78.5358,SL_BEFORE_TP,-0.414593464003614,Structure and a causal level existed first; a closed rejection/continuation candle then authorized entry. Stop and target were derived from pre-entry structural anchors.
ET-HED-0240,BTCUSDT,LONG,LONG_UP_CONTINUATION_RETEST,2025-10-20T10:00:00Z,110964.13,110645.69239364,111679.25,2.245715,78.5357,SL_BEFORE_TP,-0.526973462829841,Structure and a causal level existed first; a closed rejection/continuation candle then authorized entry. Stop and target were derived from pre-entry structural anchors.
ET-HED-0241,BTCUSDT,SHORT,SHORT_DOWN_CONTINUATION_RETEST,2025-11-26T13:15:00Z,86592.28,86760.22906191,86306.77,1.69998,78.5137,SL_BEFORE_TP,-0.43395385120936425,Structure and a causal level existed first; a closed rejection/continuation candle then authorized entry. Stop and target were derived from pre-entry structural anchors.
ET-HED-0242,BTCUSDT,SHORT,RANGE_MEAN_REVERSION_CANDIDATE,2025-11-29T15:45:00Z,90871.04,90960.53568952,90632.63166667,2.663909,78.5092,SL_BEFORE_TP,-0.33848648097347755,Structure and a causal level existed first; a closed rejection/continuation candle then authorized entry. Stop and target were derived from pre-entry structural anchors.
ET-HED-0243,SOLUSDT,SHORT,SHORT_DOWN_CONTINUATION_RETEST,2025-07-23T19:30:00Z,188.89,190.54946874,186.01,1.735495,78.4977,TP_BEFORE_SL,1.284696913547565,Structure and a causal level existed first; a closed rejection/continuation candle then authorized entry. Stop and target were derived from pre-entry structural anchors.
ET-HED-0244,SOLUSDT,LONG,LONG_UP_CONTINUATION_RETEST,2025-11-22T03:00:00Z,128.03,127.1122103,129.94,2.081087,78.4774,SL_BEFORE_TP,-0.9568551901897994,Structure and a causal level existed first; a closed rejection/continuation candle then authorized entry. Stop and target were derived from pre-entry structural anchors.
ET-HED-0245,BTCUSDT,LONG,RANGE_MEAN_REVERSION_CANDIDATE,2025-08-17T01:15:00Z,117275.48,117157.6930338,117544.64,2.285142,78.477,TP_BEFORE_SL,-0.010489108209146947,Structure and a causal level existed first; a closed rejection/continuation candle then authorized entry. Stop and target were derived from pre-entry structural anchors.
ET-HED-0246,ETHUSDT,LONG,LONG_UP_CONTINUATION_RETEST,2025-11-23T00:15:00Z,2779.09,2765.82426951,2799.01,1.501614,78.4625,TP_BEFORE_SL,0.4767813924701997,Structure and a causal level existed first; a closed rejection/continuation candle then authorized entry. Stop and target were derived from pre-entry structural anchors.
ET-HED-0247,BTCUSDT,LONG,RANGE_MEAN_REVERSION_CANDIDATE,2025-08-08T11:00:00Z,116544.39,116293.2629796,117029.84166667,1.933092,78.4463,TP_BEFORE_SL,0.17653799609745902,Structure and a causal level existed first; a closed rejection/continuation candle then authorized entry. Stop and target were derived from pre-entry structural anchors.
ET-HED-0248,ETHUSDT,SHORT,RANGE_MEAN_REVERSION_CANDIDATE,2025-10-06T10:15:00Z,4565.0,4581.80385513,4530.345,2.062324,78.444,SL_BEFORE_TP,-0.6081019743702003,Structure and a causal level existed first; a closed rejection/continuation candle then authorized entry. Stop and target were derived from pre-entry structural anchors.
ET-HED-0249,BTCUSDT,SHORT,RANGE_MEAN_REVERSION_CANDIDATE,2025-12-04T03:15:00Z,93800.44,94137.86447988,92991.345,2.397855,78.4282,TP_BEFORE_SL,0.6225705806923731,Structure and a causal level existed first; a closed rejection/continuation candle then authorized entry. Stop and target were derived from pre-entry structural anchors.
ET-HED-0250,ETHUSDT,LONG,LONG_UP_CONTINUATION_RETEST,2025-09-27T14:15:00Z,4023.71,4014.07076724,4039.01,1.587263,78.4076,SL_BEFORE_TP,-0.4795608222262574,Structure and a causal level existed first; a closed rejection/continuation candle then authorized entry. Stop and target were derived from pre-entry structural anchors.
ET-HED-0251,ETHUSDT,SHORT,RANGE_MEAN_REVERSION_CANDIDATE,2025-09-01T09:45:00Z,4461.81,4487.30538795,4422.98833333,1.522694,78.4032,TP_BEFORE_SL,0.6300878493257224,Structure and a causal level existed first; a closed rejection/continuation candle then authorized entry. Stop and target were derived from pre-entry structural anchors.
ET-HED-0252,BTCUSDT,LONG,RANGE_MEAN_REVERSION_CANDIDATE,2025-09-15T00:30:00Z,115206.37,114944.33704059,115650.875,1.696371,78.3845,SL_BEFORE_TP,-0.4674465894637505,Structure and a causal level existed first; a closed rejection/continuation candle then authorized entry. Stop and target were derived from pre-entry structural anchors.
ET-HED-0253,SOLUSDT,LONG,LONG_UP_CONTINUATION_RETEST,2025-07-21T17:15:00Z,195.54,193.06078503,199.28,1.508542,78.3833,SL_BEFORE_TP,-1.50788123657563,Structure and a causal level existed first; a closed rejection/continuation candle then authorized entry. Stop and target were derived from pre-entry structural anchors.
ET-HED-0254,SOLUSDT,LONG,LONG_UP_CONTINUATION_RETEST,2025-10-19T16:30:00Z,190.53,189.82733344,191.7,1.665086,78.3801,TP_BEFORE_SL,0.37407652338213804,Structure and a causal level existed first; a closed rejection/continuation candle then authorized entry. Stop and target were derived from pre-entry structural anchors.
ET-HED-0255,BTCUSDT,LONG,LONG_UP_CONTINUATION_RETEST,2025-11-26T03:30:00Z,87823.89,87615.56956352,88224.0,1.920647,78.3743,SL_BEFORE_TP,-0.4772024701707064,Structure and a causal level existed first; a closed rejection/continuation candle then authorized entry. Stop and target were derived from pre-entry structural anchors.
ET-HED-0256,BTCUSDT,SHORT,SHORT_DOWN_CONTINUATION_RETEST,2025-11-28T03:45:00Z,91135.94,91338.66993049,90652.55,2.384404,78.3579,SL_BEFORE_TP,-0.4624478405445683,Structure and a causal level existed first; a closed rejection/continuation candle then authorized entry. Stop and target were derived from pre-entry structural anchors.
ET-HED-0257,SOLUSDT,SHORT,SHORT_DOWN_CONTINUATION_RETEST,2025-08-02T21:15:00Z,158.28,159.74044847,155.98,1.574859,78.3524,SL_BEFORE_TP,-1.162699311346973,Structure and a causal level existed first; a closed rejection/continuation candle then authorized entry. Stop and target were derived from pre-entry structural anchors.
ET-HED-0258,SOLUSDT,LONG,RANGE_MEAN_REVERSION_CANDIDATE,2025-07-04T08:45:00Z,150.37,149.50278543,151.79166667,1.639348,78.3404,SL_BEFORE_TP,-0.816720469508556,Structure and a causal level existed first; a closed rejection/continuation candle then authorized entry. Stop and target were derived from pre-entry structural anchors.
ET-HED-0259,ETHUSDT,LONG,LONG_UP_CONTINUATION_RETEST,2025-08-08T02:15:00Z,3893.96,3876.96697795,3937.0,2.532804,78.3264,TP_BEFORE_SL,0.8653015439295721,Structure and a causal level existed first; a closed rejection/continuation candle then authorized entry. Stop and target were derived from pre-entry structural anchors.
ET-HED-0260,ETHUSDT,LONG,LONG_UP_CONTINUATION_RETEST,2025-08-11T18:15:00Z,4299.33,4262.75089018,4366.46,1.8352,78.3254,SL_BEFORE_TP,-1.0908095405563136,Structure and a causal level existed first; a closed rejection/continuation candle then authorized entry. Stop and target were derived from pre-entry structural anchors.
ET-HED-0261,BTCUSDT,LONG,LONG_UP_CONTINUATION_RETEST,2025-07-21T10:15:00Z,118797.23,118489.2416504,119500.0,2.281807,78.3237,SL_BEFORE_TP,-0.4992554974556196,Structure and a causal level existed first; a closed rejection/continuation candle then authorized entry. Stop and target were derived from pre-entry structural anchors.
ET-HED-0262,ETHUSDT,LONG,LONG_UP_CONTINUATION_RETEST,2025-09-20T22:15:00Z,4493.0,4487.75687205,4501.39,1.60019,78.3198,SL_BEFORE_TP,-0.35669548074782303,Structure and a causal level existed first; a closed rejection/continuation candle then authorized entry. Stop and target were derived from pre-entry structural anchors.
ET-HED-0263,BTCUSDT,LONG,LONG_UP_CONTINUATION_RETEST,2025-10-14T00:15:00Z,115226.15,114966.28451496,115835.04,2.343097,78.3165,SL_BEFORE_TP,-0.46552648425725474,Structure and a causal level existed first; a closed rejection/continuation candle then authorized entry. Stop and target were derived from pre-entry structural anchors.
ET-HED-0264,SOLUSDT,LONG,RANGE_MEAN_REVERSION_CANDIDATE,2025-11-06T23:45:00Z,154.66,153.67054762,157.31166667,2.679934,78.2937,TP_BEFORE_SL,1.4745135587740834,Structure and a causal level existed first; a closed rejection/continuation candle then authorized entry. Stop and target were derived from pre-entry structural anchors.
ET-HED-0265,ETHUSDT,SHORT,SHORT_DOWN_CONTINUATION_RETEST,2025-12-04T21:30:00Z,3130.73,3155.33867701,3066.37,2.615338,78.284,SL_BEFORE_TP,-1.0260363879989671,Structure and a causal level existed first; a closed rejection/continuation candle then authorized entry. Stop and target were derived from pre-entry structural anchors.
ET-HED-0266,BTCUSDT,LONG,RANGE_MEAN_REVERSION_CANDIDATE,2025-07-17T02:15:00Z,118383.66,117960.91787162,119053.09666667,1.583558,78.2595,SL_BEFORE_TP,-0.5970949980597041,Structure and a causal level existed first; a closed rejection/continuation candle then authorized entry. Stop and target were derived from pre-entry structural anchors.
ET-HED-0267,ETHUSDT,LONG,LONG_UP_CONTINUATION_RETEST,2025-09-28T17:00:00Z,4033.48,4022.35035498,4055.12,1.944357,78.246,TP_BEFORE_SL,0.2965094161865157,Structure and a causal level existed first; a closed rejection/continuation candle then authorized entry. Stop and target were derived from pre-entry structural anchors.
ET-HED-0268,BTCUSDT,SHORT,SHORT_DOWN_CONTINUATION_RETEST,2025-09-25T19:45:00Z,109549.37,110037.77688373,108631.51,1.879294,78.2355,TP_BEFORE_SL,0.5978505508520958,Structure and a causal level existed first; a closed rejection/continuation candle then authorized entry. Stop and target were derived from pre-entry structural anchors.
ET-HED-0269,BTCUSDT,LONG,RANGE_MEAN_REVERSION_CANDIDATE,2025-10-15T11:45:00Z,112099.65,111821.90625266,112729.10833333,2.266328,78.2312,SL_BEFORE_TP,-0.48776504417274397,Structure and a causal level existed first; a closed rejection/continuation candle then authorized entry. Stop and target were derived from pre-entry structural anchors.
ET-HED-0270,ETHUSDT,LONG,LONG_UP_CONTINUATION_RETEST,2025-09-18T05:00:00Z,4611.42,4596.20690131,4644.47,2.17247,78.2238,SL_BEFORE_TP,-0.5699005228324496,Structure and a causal level existed first; a closed rejection/continuation candle then authorized entry. Stop and target were derived from pre-entry structural anchors.
ET-HED-0271,ETHUSDT,SHORT,SHORT_DOWN_CONTINUATION_RETEST,2025-11-12T09:00:00Z,3468.47,3482.84542115,3424.58,3.053128,78.2201,SL_BEFORE_TP,-0.6544600111865007,Structure and a causal level existed first; a closed rejection/continuation candle then authorized entry. Stop and target were derived from pre-entry structural anchors.
ET-HED-0272,SOLUSDT,SHORT,SHORT_DOWN_CONTINUATION_RETEST,2025-08-12T12:15:00Z,175.05,175.53194329,173.72,2.759661,78.2135,SL_BEFORE_TP,-0.5153175035703943,Structure and a causal level existed first; a closed rejection/continuation candle then authorized entry. Stop and target were derived from pre-entry structural anchors.
ET-HED-0273,ETHUSDT,SHORT,SHORT_DOWN_CONTINUATION_RETEST,2025-12-17T06:45:00Z,2936.2,2945.92089644,2913.95,2.288884,78.2081,SL_BEFORE_TP,-0.5710706505006526,Structure and a causal level existed first; a closed rejection/continuation candle then authorized entry. Stop and target were derived from pre-entry structural anchors.
ET-HED-0274,BTCUSDT,SHORT,SHORT_DOWN_CONTINUATION_RETEST,2025-08-28T01:30:00Z,111442.01,111644.77671045,110862.42,2.858408,78.204,SL_BEFORE_TP,-0.4219481813456161,Structure and a causal level existed first; a closed rejection/continuation candle then authorized entry. Stop and target were derived from pre-entry structural anchors.
ET-HED-0275,ETHUSDT,SHORT,SHORT_DOWN_CONTINUATION_RETEST,2025-08-22T14:00:00Z,4290.47,4324.7055032,4207.39,2.426721,78.1909,SL_BEFORE_TP,-1.037942957298375,Structure and a causal level existed first; a closed rejection/continuation candle then authorized entry. Stop and target were derived from pre-entry structural anchors.
ET-HED-0276,BTCUSDT,LONG,RANGE_MEAN_REVERSION_CANDIDATE,2025-11-25T19:45:00Z,86630.58,86119.93836945,87402.88666667,1.512424,78.183,TP_BEFORE_SL,0.6514942814304179,Structure and a causal level existed first; a closed rejection/continuation candle then authorized entry. Stop and target were derived from pre-entry structural anchors.
ET-HED-0277,SOLUSDT,LONG,LONG_UP_CONTINUATION_RETEST,2025-08-20T18:45:00Z,183.56,182.38399364,186.25,2.287403,78.1695,TP_BEFORE_SL,1.2254608847243396,Structure and a causal level existed first; a closed rejection/continuation candle then authorized entry. Stop and target were derived from pre-entry structural anchors.
ET-HED-0278,ETHUSDT,LONG,LONG_UP_CONTINUATION_RETEST,2025-11-19T11:45:00Z,3091.78,3081.67042652,3112.55,2.054488,78.1296,SL_BEFORE_TP,-0.5669823040449226,Structure and a causal level existed first; a closed rejection/continuation candle then authorized entry. Stop and target were derived from pre-entry structural anchors.
ET-HED-0279,SOLUSDT,SHORT,RANGE_MEAN_REVERSION_CANDIDATE,2025-08-20T10:30:00Z,180.92,181.83696951,178.94166667,2.157469,78.1261,TP_BEFORE_SL,0.85348514813177,Structure and a causal level existed first; a closed rejection/continuation candle then authorized entry. Stop and target were derived from pre-entry structural anchors.
ET-HED-0280,SOLUSDT,SHORT,SHORT_DOWN_CONTINUATION_RETEST,2025-08-21T21:45:00Z,180.96,181.762456,179.43,1.906647,78.1257,SL_BEFORE_TP,-0.683443854995567,Structure and a causal level existed first; a closed rejection/continuation candle then authorized entry. Stop and target were derived from pre-entry structural anchors.
ET-HED-0281,BTCUSDT,LONG,LONG_UP_CONTINUATION_RETEST,2025-09-07T13:30:00Z,111103.82,111025.66243004,111292.13,2.409364,78.1226,TP_BEFORE_SL,-0.07050987805820028,Structure and a causal level existed first; a closed rejection/continuation candle then authorized entry. Stop and target were derived from pre-entry structural anchors.
ET-HED-0282,ETHUSDT,SHORT,SHORT_DOWN_CONTINUATION_RETEST,2025-07-04T21:00:00Z,2490.29,2497.49105819,2474.24,2.228839,78.1198,SL_BEFORE_TP,-0.5291654461930102,Structure and a causal level existed first; a closed rejection/continuation candle then authorized entry. Stop and target were derived from pre-entry structural anchors.
ET-HED-0283,ETHUSDT,SHORT,RANGE_MEAN_REVERSION_CANDIDATE,2025-09-08T11:00:00Z,4328.69,4339.57452075,4308.84833333,1.822925,78.1124,TP_BEFORE_SL,0.21837578274257435,Structure and a causal level existed first; a closed rejection/continuation candle then authorized entry. Stop and target were derived from pre-entry structural anchors.
ET-HED-0284,ETHUSDT,SHORT,SHORT_DOWN_CONTINUATION_RETEST,2025-08-19T06:00:00Z,4230.47,4253.92566356,4193.77,1.564654,78.1111,SL_BEFORE_TP,-0.7944458076762198,Structure and a causal level existed first; a closed rejection/continuation candle then authorized entry. Stop and target were derived from pre-entry structural anchors.
ET-HED-0285,ETHUSDT,SHORT,SHORT_DOWN_CONTINUATION_RETEST,2025-12-05T23:00:00Z,3027.13,3035.08004438,3010.13,2.138353,78.096,TP_BEFORE_SL,0.3215880388354646,Structure and a causal level existed first; a closed rejection/continuation candle then authorized entry. Stop and target were derived from pre-entry structural anchors.
ET-HED-0286,ETHUSDT,LONG,LONG_UP_CONTINUATION_RETEST,2025-08-12T10:30:00Z,4294.5,4271.23793119,4332.32,1.625823,78.0935,SL_BEFORE_TP,-0.7816711796483786,Structure and a causal level existed first; a closed rejection/continuation candle then authorized entry. Stop and target were derived from pre-entry structural anchors.
ET-HED-0287,BTCUSDT,SHORT,SHORT_DOWN_CONTINUATION_RETEST,2025-08-25T15:15:00Z,111994.63,112461.51809074,110588.0,3.012778,78.0844,SL_BEFORE_TP,-0.6568843548480866,Structure and a causal level existed first; a closed rejection/continuation candle then authorized entry. Stop and target were derived from pre-entry structural anchors.
ET-HED-0288,BTCUSDT,LONG,LONG_UP_CONTINUATION_RETEST,2025-10-27T18:45:00Z,115480.93,115281.55871509,115790.0,1.550223,78.0832,SL_BEFORE_TP,-0.41264433609081386,Structure and a causal level existed first; a closed rejection/continuation candle then authorized entry. Stop and target were derived from pre-entry structural anchors.
ET-HED-0289,BTCUSDT,LONG,LONG_UP_CONTINUATION_RETEST,2025-10-20T17:00:00Z,110683.19,110052.36063508,111705.56,1.620676,78.0461,SL_BEFORE_TP,-0.80994143818949,Structure and a causal level existed first; a closed rejection/continuation candle then authorized entry. Stop and target were derived from pre-entry structural anchors.
ET-HED-0290,SOLUSDT,LONG,LONG_UP_CONTINUATION_RETEST,2025-09-10T09:30:00Z,220.85,219.76086162,222.89,1.87304,78.0382,SL_BEFORE_TP,-0.7331575186778395,Structure and a causal level existed first; a closed rejection/continuation candle then authorized entry. Stop and target were derived from pre-entry structural anchors.
ET-HED-0291,BTCUSDT,LONG,LONG_UP_CONTINUATION_RETEST,2025-07-16T02:00:00Z,117724.29,117534.34869905,118195.0,2.478187,78.0123,SL_BEFORE_TP,-0.4013441889944705,Structure and a causal level existed first; a closed rejection/continuation candle then authorized entry. Stop and target were derived from pre-entry structural anchors.
ET-HED-0292,SOLUSDT,LONG,LONG_UP_CONTINUATION_RETEST,2025-08-18T19:30:00Z,183.7,182.84794467,185.7,2.347265,78.006,SL_BEFORE_TP,-0.7038297931409825,Structure and a causal level existed first; a closed rejection/continuation candle then authorized entry. Stop and target were derived from pre-entry structural anchors.
ET-HED-0293,ETHUSDT,LONG,LONG_UP_CONTINUATION_RETEST,2025-08-23T17:15:00Z,4748.35,4737.30932488,4768.9,1.861299,77.999,SL_BEFORE_TP,-0.4725160344119692,Structure and a causal level existed first; a closed rejection/continuation candle then authorized entry. Stop and target were derived from pre-entry structural anchors.
ET-HED-0294,BTCUSDT,LONG,LONG_UP_CONTINUATION_RETEST,2025-09-14T11:00:00Z,116027.26,115942.79002535,116165.19,1.632888,77.9988,SL_BEFORE_TP,-0.31280183523251115,Structure and a causal level existed first; a closed rejection/continuation candle then authorized entry. Stop and target were derived from pre-entry structural anchors.
ET-HED-0295,SOLUSDT,LONG,RANGE_MEAN_REVERSION_CANDIDATE,2025-10-07T01:00:00Z,232.52,231.49947131,234.775,2.209639,77.9985,SL_BEFORE_TP,-0.6788993161878636,Structure and a causal level existed first; a closed rejection/continuation candle then authorized entry. Stop and target were derived from pre-entry structural anchors.
ET-HED-0296,ETHUSDT,LONG,RANGE_MEAN_REVERSION_CANDIDATE,2025-09-28T12:00:00Z,3992.39,3984.26550403,4007.64,1.87704,77.9941,SL_BEFORE_TP,-0.44349955715748635,Structure and a causal level existed first; a closed rejection/continuation candle then authorized entry. Stop and target were derived from pre-entry structural anchors.
ET-HED-0297,BTCUSDT,LONG,LONG_UP_CONTINUATION_RETEST,2025-10-31T03:15:00Z,109041.49,108495.80161032,110042.16,1.833776,77.9887,TP_BEFORE_SL,0.6776965575213602,Structure and a causal level existed first; a closed rejection/continuation candle then authorized entry. Stop and target were derived from pre-entry structural anchors.
ET-HED-0298,BTCUSDT,LONG,LONG_UP_CONTINUATION_RETEST,2025-10-27T02:45:00Z,115029.61,114779.68788579,115445.39,1.663638,77.9871,TP_BEFORE_SL,0.12145475934413658,Structure and a causal level existed first; a closed rejection/continuation candle then authorized entry. Stop and target were derived from pre-entry structural anchors.
ET-HED-0299,BTCUSDT,SHORT,SHORT_DOWN_CONTINUATION_RETEST,2025-11-25T16:00:00Z,86988.94,87357.92570773,86116.0,2.365783,77.9803,SL_BEFORE_TP,-0.6641754270485382,Structure and a causal level existed first; a closed rejection/continuation candle then authorized entry. Stop and target were derived from pre-entry structural anchors.
ET-HED-0300,BTCUSDT,LONG,LONG_UP_CONTINUATION_RETEST,2025-10-23T19:30:00Z,110526.88,110040.44214317,111293.61,1.576214,77.9768,SL_BEFORE_TP,-0.680108195246262,Structure and a causal level existed first; a closed rejection/continuation candle then authorized entry. Stop and target were derived from pre-entry structural anchors.
ET-HED-0301,BTCUSDT,SHORT,RANGE_MEAN_REVERSION_CANDIDATE,2025-07-29T08:00:00Z,118882.37,119306.86148143,118165.41166667,1.688982,77.9756,TP_BEFORE_SL,0.363082133482026,Structure and a causal level existed first; a closed rejection/continuation candle then authorized entry. Stop and target were derived from pre-entry structural anchors.
ET-HED-0302,ETHUSDT,LONG,RANGE_MEAN_REVERSION_CANDIDATE,2025-07-30T12:00:00Z,3758.18,3741.58191318,3789.34833333,1.877827,77.9612,TP_BEFORE_SL,0.5893464743572747,Structure and a causal level existed first; a closed rejection/continuation candle then authorized entry. Stop and target were derived from pre-entry structural anchors.
ET-HED-0303,ETHUSDT,LONG,LONG_UP_CONTINUATION_RETEST,2025-07-13T06:15:00Z,2953.56,2948.68693263,2963.4,2.019262,77.9271,TP_BEFORE_SL,0.09315727461098289,Structure and a causal level existed first; a closed rejection/continuation candle then authorized entry. Stop and target were derived from pre-entry structural anchors.
ET-HED-0304,SOLUSDT,LONG,RANGE_MEAN_REVERSION_CANDIDATE,2025-09-21T22:45:00Z,236.79,235.71304327,238.475,1.564594,77.9265,SL_BEFORE_TP,-0.6948151231048636,Structure and a causal level existed first; a closed rejection/continuation candle then authorized entry. Stop and target were derived from pre-entry structural anchors.
ET-HED-0305,BTCUSDT,SHORT,RANGE_MEAN_REVERSION_CANDIDATE,2025-10-06T12:00:00Z,124215.0,124462.4051868,123746.02166667,1.895588,77.9259,SL_BEFORE_TP,-0.4391749682405467,Structure and a causal level existed first; a closed rejection/continuation candle then authorized entry. Stop and target were derived from pre-entry structural anchors.
ET-HED-0306,BTCUSDT,SHORT,SHORT_DOWN_CONTINUATION_RETEST,2025-09-17T20:00:00Z,115652.02,116055.41262417,114720.81,2.308446,77.9002,SL_BEFORE_TP,-0.5887985978714384,Structure and a causal level existed first; a closed rejection/continuation candle then authorized entry. Stop and target were derived from pre-entry structural anchors.
ET-HED-0307,BTCUSDT,LONG,RANGE_MEAN_REVERSION_CANDIDATE,2025-11-24T12:30:00Z,86199.98,85774.24500969,86859.01,1.547982,77.8984,SL_BEFORE_TP,-0.7338922147197675,Structure and a causal level existed first; a closed rejection/continuation candle then authorized entry. Stop and target were derived from pre-entry structural anchors.
ET-HED-0308,SOLUSDT,LONG,LONG_UP_CONTINUATION_RETEST,2025-12-16T18:15:00Z,127.6,126.87077695,129.85,3.085476,77.8933,SL_BEFORE_TP,-0.8114914184952879,Structure and a causal level existed first; a closed rejection/continuation candle then authorized entry. Stop and target were derived from pre-entry structural anchors.
ET-HED-0309,ETHUSDT,LONG,RANGE_MEAN_REVERSION_CANDIDATE,2025-11-02T15:15:00Z,3857.24,3844.50531768,3881.26,1.886188,77.8896,SL_BEFORE_TP,-0.570150115626707,Structure and a causal level existed first; a closed rejection/continuation candle then authorized entry. Stop and target were derived from pre-entry structural anchors.
ET-HED-0310,BTCUSDT,SHORT,SHORT_DOWN_CONTINUATION_RETEST,2025-08-13T07:15:00Z,119343.34,119514.84296041,118920.92,2.463048,77.8823,SL_BEFORE_TP,-0.38370551419961785,Structure and a causal level existed first; a closed rejection/continuation candle then authorized entry. Stop and target were derived from pre-entry structural anchors.
ET-HED-0311,ETHUSDT,SHORT,SHORT_DOWN_CONTINUATION_RETEST,2025-12-07T11:00:00Z,3038.02,3044.78094195,3024.07,2.063322,77.8792,SL_BEFORE_TP,-0.46254435290090123,Structure and a causal level existed first; a closed rejection/continuation candle then authorized entry. Stop and target were derived from pre-entry structural anchors.
ET-HED-0312,SOLUSDT,SHORT,SHORT_DOWN_CONTINUATION_RETEST,2025-11-11T23:00:00Z,156.68,157.39885353,155.52,1.613681,77.873,TP_BEFORE_SL,0.5003625223385222,Structure and a causal level existed first; a closed rejection/continuation candle then authorized entry. Stop and target were derived from pre-entry structural anchors.
ET-HED-0313,BTCUSDT,LONG,LONG_UP_CONTINUATION_RETEST,2025-10-08T12:00:00Z,122884.14,122698.51612664,123200.0,1.701613,77.8713,SL_BEFORE_TP,-0.39105600556752396,Structure and a causal level existed first; a closed rejection/continuation candle then authorized entry. Stop and target were derived from pre-entry structural anchors.
ET-HED-0314,SOLUSDT,SHORT,SHORT_DOWN_CONTINUATION_RETEST,2025-12-17T06:45:00Z,127.67,128.08723004,127.02,1.557894,77.8621,SL_BEFORE_TP,-0.5668035090467665,Structure and a causal level existed first; a closed rejection/continuation candle then authorized entry. Stop and target were derived from pre-entry structural anchors.
ET-HED-0315,ETHUSDT,LONG,LONG_UP_CONTINUATION_RETEST,2025-12-11T23:45:00Z,3240.81,3220.27178577,3273.4,1.586798,77.86,SL_BEFORE_TP,-0.873737066659261,Structure and a causal level existed first; a closed rejection/continuation candle then authorized entry. Stop and target were derived from pre-entry structural anchors.
ET-HED-0316,SOLUSDT,SHORT,RANGE_MEAN_REVERSION_CANDIDATE,2025-08-29T04:15:00Z,216.27,217.71123523,213.11166667,2.191407,77.853,SL_BEFORE_TP,-0.9064055255005269,Structure and a causal level existed first; a closed rejection/continuation candle then authorized entry. Stop and target were derived from pre-entry structural anchors.
ET-HED-0317,ETHUSDT,LONG,LONG_UP_CONTINUATION_RETEST,2025-10-07T07:30:00Z,4681.47,4662.67388317,4730.94,2.631927,77.8334,SL_BEFORE_TP,-0.6415003157127963,Structure and a causal level existed first; a closed rejection/continuation candle then authorized entry. Stop and target were derived from pre-entry structural anchors.
ET-HED-0318,ETHUSDT,SHORT,SHORT_DOWN_CONTINUATION_RETEST,2025-08-28T18:45:00Z,4492.65,4511.81413141,4459.02,1.754841,77.8289,TP_BEFORE_SL,0.5085559747587549,Structure and a causal level existed first; a closed rejection/continuation candle then authorized entry. Stop and target were derived from pre-entry structural anchors.
ET-HED-0319,ETHUSDT,SHORT,SHORT_DOWN_CONTINUATION_RETEST,2025-09-25T20:00:00Z,3911.59,3952.34951411,3815.0,2.369753,77.7971,SL_BEFORE_TP,-1.282019079453625,Structure and a causal level existed first; a closed rejection/continuation candle then authorized entry. Stop and target were derived from pre-entry structural anchors.
ET-HED-0320,SOLUSDT,LONG,LONG_UP_CONTINUATION_RETEST,2025-09-13T09:45:00Z,243.02,242.66572094,243.6,1.637128,77.7948,TP_BEFORE_SL,-0.0013365155131330742,Structure and a causal level existed first; a closed rejection/continuation candle then authorized entry. Stop and target were derived from pre-entry structural anchors.
ET-HED-0321,SOLUSDT,SHORT,SHORT_DOWN_CONTINUATION_RETEST,2025-12-06T10:00:00Z,132.52,132.85900176,131.88,1.887896,77.7648,SL_BEFORE_TP,-0.49581177180803054,Structure and a causal level existed first; a closed rejection/continuation candle then authorized entry. Stop and target were derived from pre-entry structural anchors.
ET-HED-0322,BTCUSDT,SHORT,RANGE_MEAN_REVERSION_CANDIDATE,2025-11-07T17:45:00Z,102118.31,102826.1205502,100942.79333333,1.660779,77.763,SL_BEFORE_TP,-0.9331279514907721,Structure and a causal level existed first; a closed rejection/continuation candle then authorized entry. Stop and target were derived from pre-entry structural anchors.
ET-HED-0323,ETHUSDT,LONG,LONG_UP_CONTINUATION_RETEST,2025-10-31T21:45:00Z,3858.2,3838.2034632,3906.09,2.394915,77.7542,SL_BEFORE_TP,-0.7582866829091243,Structure and a causal level existed first; a closed rejection/continuation candle then authorized entry. Stop and target were derived from pre-entry structural anchors.
ET-HED-0324,ETHUSDT,SHORT,SHORT_DOWN_CONTINUATION_RETEST,2025-08-29T16:30:00Z,4333.74,4359.44321637,4269.23,2.509803,77.7409,SL_BEFORE_TP,-0.8330954872696682,Structure and a causal level existed first; a closed rejection/continuation candle then authorized entry. Stop and target were derived from pre-entry structural anchors.
ET-HED-0325,BTCUSDT,SHORT,SHORT_DOWN_CONTINUATION_RETEST,2025-10-07T19:30:00Z,121270.0,121661.82440466,120574.94,1.773907,77.7396,SL_BEFORE_TP,-0.5631008531871041,Structure and a causal level existed first; a closed rejection/continuation candle then authorized entry. Stop and target were derived from pre-entry structural anchors.
ET-HED-0326,ETHUSDT,LONG,LONG_UP_CONTINUATION_RETEST,2025-10-12T11:15:00Z,3829.65,3811.3263136,3866.6,2.016516,77.7317,SL_BEFORE_TP,-0.7184689566931715,Structure and a causal level existed first; a closed rejection/continuation candle then authorized entry. Stop and target were derived from pre-entry structural anchors.
ET-HED-0327,SOLUSDT,SHORT,RANGE_MEAN_REVERSION_CANDIDATE,2025-07-04T05:45:00Z,153.13,153.9751722,151.67166667,1.725487,77.7289,TP_BEFORE_SL,0.7123498530660144,Structure and a causal level existed first; a closed rejection/continuation candle then authorized entry. Stop and target were derived from pre-entry structural anchors.
ET-HED-0328,ETHUSDT,LONG,RANGE_MEAN_REVERSION_CANDIDATE,2025-09-21T23:30:00Z,4451.93,4442.26004058,4472.365,2.113246,77.7013,SL_BEFORE_TP,-0.45720825394828624,Structure and a causal level existed first; a closed rejection/continuation candle then authorized entry. Stop and target were derived from pre-entry structural anchors.
ET-HED-0329,ETHUSDT,LONG,LONG_UP_CONTINUATION_RETEST,2025-08-22T09:45:00Z,4322.04,4302.97908493,4354.19,1.686698,77.6863,SL_BEFORE_TP,-0.6810166280275101,Structure and a causal level existed first; a closed rejection/continuation candle then authorized entry. Stop and target were derived from pre-entry structural anchors.
ET-HED-0330,ETHUSDT,LONG,LONG_UP_CONTINUATION_RETEST,2025-07-07T00:15:00Z,2573.27,2560.75153931,2605.0,2.534657,77.6767,SL_BEFORE_TP,-0.7264806526326331,Structure and a causal level existed first; a closed rejection/continuation candle then authorized entry. Stop and target were derived from pre-entry structural anchors.
ET-HED-0331,ETHUSDT,LONG,LONG_UP_CONTINUATION_RETEST,2025-08-20T23:45:00Z,4343.89,4328.20418171,4378.0,2.174576,77.6387,SL_BEFORE_TP,-0.6011007251564956,Structure and a causal level existed first; a closed rejection/continuation candle then authorized entry. Stop and target were derived from pre-entry structural anchors.
ET-HED-0332,ETHUSDT,LONG,RANGE_MEAN_REVERSION_CANDIDATE,2025-11-22T13:00:00Z,2721.08,2708.98036729,2746.435,2.095518,77.6364,TP_BEFORE_SL,0.6917991385773303,Structure and a causal level existed first; a closed rejection/continuation candle then authorized entry. Stop and target were derived from pre-entry structural anchors.
ET-HED-0333,SOLUSDT,SHORT,RANGE_MEAN_REVERSION_CANDIDATE,2025-11-07T06:30:00Z,157.79,158.57517606,156.12333333,2.122666,77.6278,TP_BEFORE_SL,0.8162562076177096,Structure and a causal level existed first; a closed rejection/continuation candle then authorized entry. Stop and target were derived from pre-entry structural anchors.
ET-HED-0334,ETHUSDT,LONG,LONG_UP_CONTINUATION_RETEST,2025-07-18T00:30:00Z,3478.73,3454.77019797,3523.44,1.866042,77.622,TP_BEFORE_SL,1.0452391533691905,Structure and a causal level existed first; a closed rejection/continuation candle then authorized entry. Stop and target were derived from pre-entry structural anchors.
ET-HED-0335,ETHUSDT,LONG,LONG_UP_CONTINUATION_RETEST,2025-10-18T07:45:00Z,3900.02,3881.83382948,3927.73,1.523685,77.6206,SL_BEFORE_TP,-0.7063096732837244,Structure and a causal level existed first; a closed rejection/continuation candle then authorized entry. Stop and target were derived from pre-entry structural anchors.
ET-HED-0336,BTCUSDT,SHORT,RANGE_MEAN_REVERSION_CANDIDATE,2025-11-22T19:30:00Z,84617.88,84854.4496069,84206.755,1.737861,77.6199,SL_BEFORE_TP,-0.5195740178080529,Structure and a causal level existed first; a closed rejection/continuation candle then authorized entry. Stop and target were derived from pre-entry structural anchors.
ET-HED-0337,BTCUSDT,LONG,RANGE_MEAN_REVERSION_CANDIDATE,2025-07-18T10:30:00Z,118787.58,118319.51283295,119619.58,1.777523,77.6102,SL_BEFORE_TP,-0.634037126650784,Structure and a causal level existed first; a closed rejection/continuation candle then authorized entry. Stop and target were derived from pre-entry structural anchors.
ET-HED-0338,SOLUSDT,LONG,RANGE_MEAN_REVERSION_CANDIDATE,2025-12-17T05:45:00Z,127.43,126.91885101,128.435,1.966159,77.6017,TP_BEFORE_SL,0.5486682884720987,Structure and a causal level existed first; a closed rejection/continuation candle then authorized entry. Stop and target were derived from pre-entry structural anchors.
ET-HED-0339,ETHUSDT,SHORT,SHORT_DOWN_CONTINUATION_RETEST,2025-08-25T00:00:00Z,4780.15,4810.58876757,4723.71,1.854214,77.5933,TP_BEFORE_SL,0.9407160863152748,Structure and a causal level existed first; a closed rejection/continuation candle then authorized entry. Stop and target were derived from pre-entry structural anchors.
ET-HED-0340,SOLUSDT,LONG,LONG_UP_CONTINUATION_RETEST,2025-10-18T09:30:00Z,186.27,185.24238557,188.04,1.722436,77.5659,SL_BEFORE_TP,-0.7916800504643795,Structure and a causal level existed first; a closed rejection/continuation candle then authorized entry. Stop and target were derived from pre-entry structural anchors.
ET-HED-0341,BTCUSDT,LONG,LONG_UP_CONTINUATION_RETEST,2025-08-17T10:45:00Z,118291.99,118171.28584629,118484.0,1.590749,77.522,SL_BEFORE_TP,-0.34203916064815654,Structure and a causal level existed first; a closed rejection/continuation candle then authorized entry. Stop and target were derived from pre-entry structural anchors.
ET-HED-0342,SOLUSDT,SHORT,SHORT_DOWN_CONTINUATION_RETEST,2025-10-11T14:15:00Z,183.73,185.04247903,180.77,2.255274,77.4886,SL_BEFORE_TP,-0.9543520546454144,Structure and a causal level existed first; a closed rejection/continuation candle then authorized entry. Stop and target were derived from pre-entry structural anchors.
ET-HED-0343,BTCUSDT,LONG,LONG_UP_CONTINUATION_RETEST,2025-08-22T20:15:00Z,116846.8,116464.56369419,117429.05,1.523272,77.479,SL_BEFORE_TP,-0.567126036665105,Structure and a causal level existed first; a closed rejection/continuation candle then authorized entry. Stop and target were derived from pre-entry structural anchors.
ET-HED-0344,SOLUSDT,LONG,LONG_UP_CONTINUATION_RETEST,2025-07-14T07:15:00Z,166.24,165.22650762,168.65,2.377916,77.466,SL_BEFORE_TP,-0.8496561477382112,Structure and a causal level existed first; a closed rejection/continuation candle then authorized entry. Stop and target were derived from pre-entry structural anchors.
ET-HED-0345,ETHUSDT,SHORT,SHORT_DOWN_CONTINUATION_RETEST,2025-11-02T12:30:00Z,3883.0,3899.33145211,3853.97,1.777552,77.4197,TP_BEFORE_SL,0.5076178212722173,Structure and a causal level existed first; a closed rejection/continuation candle then authorized entry. Stop and target were derived from pre-entry structural anchors.
ET-HED-0346,BTCUSDT,SHORT,SHORT_DOWN_CONTINUATION_RETEST,2025-07-29T17:45:00Z,117675.0,118102.9698821,116950.75,1.692292,77.4053,SL_BEFORE_TP,-0.6036880238793334,Structure and a causal level existed first; a closed rejection/continuation candle then authorized entry. Stop and target were derived from pre-entry structural anchors.
ET-HED-0347,BTCUSDT,LONG,LONG_UP_CONTINUATION_RETEST,2025-09-15T23:15:00Z,115346.62,115190.37300499,115605.07,1.654112,77.3957,SL_BEFORE_TP,-0.37545866797829985,Structure and a causal level existed first; a closed rejection/continuation candle then authorized entry. Stop and target were derived from pre-entry structural anchors.
ET-HED-0348,ETHUSDT,SHORT,SHORT_DOWN_CONTINUATION_RETEST,2025-10-10T09:45:00Z,4342.22,4353.69541147,4313.39,2.512328,77.3742,SL_BEFORE_TP,-0.504275220279026,Structure and a causal level existed first; a closed rejection/continuation candle then authorized entry. Stop and target were derived from pre-entry structural anchors.
ET-HED-0349,ETHUSDT,LONG,LONG_UP_CONTINUATION_RETEST,2025-12-02T02:15:00Z,2798.47,2782.80592906,2825.11,1.700707,77.3598,SL_BEFORE_TP,-0.799736961268117,Structure and a causal level existed first; a closed rejection/continuation candle then authorized entry. Stop and target were derived from pre-entry structural anchors.
ET-HED-0350,SOLUSDT,LONG,RANGE_MEAN_REVERSION_CANDIDATE,2025-08-19T17:30:00Z,178.43,177.46453767,180.40833333,2.049105,77.3554,SL_BEFORE_TP,-0.781087446057282,Structure and a causal level existed first; a closed rejection/continuation candle then authorized entry. Stop and target were derived from pre-entry structural anchors.
ET-HED-0351,ETHUSDT,SHORT,SHORT_DOWN_CONTINUATION_RETEST,2025-09-22T04:15:00Z,4297.42,4313.47426081,4261.6,2.231183,77.3464,TP_BEFORE_SL,0.5935233698358482,Structure and a causal level existed first; a closed rejection/continuation candle then authorized entry. Stop and target were derived from pre-entry structural anchors.
ET-HED-0352,BTCUSDT,SHORT,SHORT_DOWN_CONTINUATION_RETEST,2025-08-29T22:45:00Z,108240.0,108528.89712313,107463.9,2.686423,77.3421,SL_BEFORE_TP,-0.5069042157520276,Structure and a causal level existed first; a closed rejection/continuation candle then authorized entry. Stop and target were derived from pre-entry structural anchors.
ET-HED-0353,ETHUSDT,LONG,LONG_UP_CONTINUATION_RETEST,2025-08-04T18:30:00Z,3688.22,3673.24225268,3718.54,2.024336,77.3378,SL_BEFORE_TP,-0.646096906366749,Structure and a causal level existed first; a closed rejection/continuation candle then authorized entry. Stop and target were derived from pre-entry structural anchors.
ET-HED-0354,SOLUSDT,LONG,LONG_UP_CONTINUATION_RETEST,2025-08-04T00:00:00Z,161.97,161.53996084,163.14,2.720682,77.3368,SL_BEFORE_TP,-0.505505439278883,Structure and a causal level existed first; a closed rejection/continuation candle then authorized entry. Stop and target were derived from pre-entry structural anchors.
ET-HED-0355,ETHUSDT,LONG,RANGE_MEAN_REVERSION_CANDIDATE,2025-12-17T05:45:00Z,2926.51,2916.12777445,2944.34666667,1.718,77.3158,TP_BEFORE_SL,0.3694859293151188,Structure and a causal level existed first; a closed rejection/continuation candle then authorized entry. Stop and target were derived from pre-entry structural anchors.
ET-HED-0356,BTCUSDT,LONG,LONG_UP_CONTINUATION_RETEST,2025-09-23T11:00:00Z,112969.32,112801.64837777,113281.5,1.861854,77.2951,SL_BEFORE_TP,-0.3884222638766011,Structure and a causal level existed first; a closed rejection/continuation candle then authorized entry. Stop and target were derived from pre-entry structural anchors.
ET-HED-0357,SOLUSDT,SHORT,RANGE_MEAN_REVERSION_CANDIDATE,2025-10-03T19:45:00Z,234.33,235.88003121,231.56666667,1.78276,77.2729,TP_BEFORE_SL,0.9392486365382251,Structure and a causal level existed first; a closed rejection/continuation candle then authorized entry. Stop and target were derived from pre-entry structural anchors.
ET-HED-0358,BTCUSDT,LONG,LONG_UP_CONTINUATION_RETEST,2025-10-06T04:15:00Z,123915.94,123698.37502017,124244.93,1.512146,77.2699,SL_BEFORE_TP,-0.4155746515177951,Structure and a causal level existed first; a closed rejection/continuation candle then authorized entry. Stop and target were derived from pre-entry structural anchors.
ET-HED-0359,SOLUSDT,SHORT,RANGE_MEAN_REVERSION_CANDIDATE,2025-12-01T23:45:00Z,126.99,127.81970483,125.47333333,1.827959,77.2646,SL_BEFORE_TP,-0.8933623356169866,Structure and a causal level existed first; a closed rejection/continuation candle then authorized entry. Stop and target were derived from pre-entry structural anchors.
ET-HED-0360,ETHUSDT,SHORT,RANGE_MEAN_REVERSION_CANDIDATE,2025-12-06T12:00:00Z,3038.99,3044.67289039,3027.235,2.06849,77.2281,SL_BEFORE_TP,-0.42699931194245494,Structure and a causal level existed first; a closed rejection/continuation candle then authorized entry. Stop and target were derived from pre-entry structural anchors.
ET-HED-0361,ETHUSDT,SHORT,SHORT_DOWN_CONTINUATION_RETEST,2025-12-17T12:00:00Z,2928.71,2935.86412716,2908.56,2.816556,77.1873,SL_BEFORE_TP,-0.48427571046637996,Structure and a causal level existed first; a closed rejection/continuation candle then authorized entry. Stop and target were derived from pre-entry structural anchors.
ET-HED-0362,ETHUSDT,LONG,RANGE_MEAN_REVERSION_CANDIDATE,2025-08-31T23:00:00Z,4445.4,4432.23812514,4466.49666667,1.602862,77.1663,SL_BEFORE_TP,-0.5360785274665822,Structure and a causal level existed first; a closed rejection/continuation candle then authorized entry. Stop and target were derived from pre-entry structural anchors.
ET-HED-0363,BTCUSDT,LONG,LONG_UP_CONTINUATION_RETEST,2025-10-24T14:00:00Z,110937.94,110325.31037821,112104.98,1.904968,77.1479,SL_BEFORE_TP,-0.7922273279907748,Structure and a causal level existed first; a closed rejection/continuation candle then authorized entry. Stop and target were derived from pre-entry structural anchors.
ET-HED-0364,BTCUSDT,SHORT,RANGE_MEAN_REVERSION_CANDIDATE,2025-07-21T03:45:00Z,118428.08,118791.70836555,117663.08333333,2.103787,77.1458,SL_BEFORE_TP,-0.5470457323550302,Structure and a causal level existed first; a closed rejection/continuation candle then authorized entry. Stop and target were derived from pre-entry structural anchors.
ET-HED-0365,BTCUSDT,SHORT,SHORT_DOWN_CONTINUATION_RETEST,2025-08-25T23:00:00Z,110153.23,110672.69079527,109274.1,1.69239,77.1341,TP_BEFORE_SL,0.5580973413126334,Structure and a causal level existed first; a closed rejection/continuation candle then authorized entry. Stop and target were derived from pre-entry structural anchors.
ET-HED-0366,ETHUSDT,SHORT,SHORT_DOWN_CONTINUATION_RETEST,2025-07-23T19:30:00Z,3594.66,3616.21589989,3552.0,1.979041,77.1284,TP_BEFORE_SL,0.9467603612024462,Structure and a causal level existed first; a closed rejection/continuation candle then authorized entry. Stop and target were derived from pre-entry structural anchors.
ET-HED-0367,SOLUSDT,LONG,LONG_UP_CONTINUATION_RETEST,2025-07-27T23:45:00Z,188.31,186.99273791,190.7,1.814369,77.0995,TP_BEFORE_SL,1.029183792682272,Structure and a causal level existed first; a closed rejection/continuation candle then authorized entry. Stop and target were derived from pre-entry structural anchors.
ET-HED-0368,ETHUSDT,LONG,RANGE_MEAN_REVERSION_CANDIDATE,2025-12-07T10:00:00Z,3030.37,3023.46303723,3040.82,1.512966,77.095,TP_BEFORE_SL,0.10484237898343352,Structure and a causal level existed first; a closed rejection/continuation candle then authorized entry. Stop and target were derived from pre-entry structural anchors.
ET-HED-0369,BTCUSDT,SHORT,RANGE_MEAN_REVERSION_CANDIDATE,2025-11-26T02:30:00Z,87808.03,88141.29031712,87188.83333333,1.857997,77.0916,TP_BEFORE_SL,0.46517089003135903,Structure and a causal level existed first; a closed rejection/continuation candle then authorized entry. Stop and target were derived from pre-entry structural anchors.
ET-HED-0370,ETHUSDT,SHORT,SHORT_DOWN_CONTINUATION_RETEST,2025-09-15T02:30:00Z,4617.36,4632.01861015,4580.1,2.541851,77.072,SL_BEFORE_TP,-0.5574673438934942,Structure and a causal level existed first; a closed rejection/continuation candle then authorized entry. Stop and target were derived from pre-entry structural anchors.
ET-HED-0371,BTCUSDT,LONG,RANGE_MEAN_REVERSION_CANDIDATE,2025-10-19T08:00:00Z,106786.0,106650.67471951,107000.9,1.588026,77.0714,AMBIGUOUS_INTRACANDLE,,Structure and a causal level existed first; a closed rejection/continuation candle then authorized entry. Stop and target were derived from pre-entry structural anchors.
ET-HED-0372,ETHUSDT,SHORT,SHORT_DOWN_CONTINUATION_RETEST,2025-07-14T21:00:00Z,3003.98,3013.7095198,2980.97,2.364968,77.0409,SL_BEFORE_TP,-0.5638876357365948,Structure and a causal level existed first; a closed rejection/continuation candle then authorized entry. Stop and target were derived from pre-entry structural anchors.
ET-HED-0373,ETHUSDT,LONG,RANGE_MEAN_REVERSION_CANDIDATE,2025-11-26T11:15:00Z,2916.2,2903.48528932,2942.00333333,2.029408,77.0334,SL_BEFORE_TP,-0.6760026980316791,Structure and a causal level existed first; a closed rejection/continuation candle then authorized entry. Stop and target were derived from pre-entry structural anchors.
ET-HED-0374,ETHUSDT,LONG,LONG_UP_CONTINUATION_RETEST,2025-11-20T07:00:00Z,3020.81,3004.5244069,3063.61,2.62809,77.0269,SL_BEFORE_TP,-0.7791134530142549,Structure and a causal level existed first; a closed rejection/continuation candle then authorized entry. Stop and target were derived from pre-entry structural anchors.
ET-HED-0375,SOLUSDT,SHORT,SHORT_DOWN_CONTINUATION_RETEST,2025-08-10T15:00:00Z,181.52,182.53242675,178.52,2.963177,77.0246,SL_BEFORE_TP,-0.7977494215513459,Structure and a causal level existed first; a closed rejection/continuation candle then authorized entry. Stop and target were derived from pre-entry structural anchors.
ET-HED-0376,SOLUSDT,LONG,LONG_UP_CONTINUATION_RETEST,2025-08-31T03:45:00Z,205.45,204.69762693,206.66,1.608245,77.0006,SL_BEFORE_TP,-0.6062073837916652,Structure and a causal level existed first; a closed rejection/continuation candle then authorized entry. Stop and target were derived from pre-entry structural anchors.
ET-HED-0377,SOLUSDT,LONG,LONG_UP_CONTINUATION_RETEST,2025-09-18T05:00:00Z,246.27,245.40830801,247.99,1.996073,76.9815,SL_BEFORE_TP,-0.5898972631664421,Structure and a causal level existed first; a closed rejection/continuation candle then authorized entry. Stop and target were derived from pre-entry structural anchors.
ET-HED-0378,ETHUSDT,LONG,LONG_UP_CONTINUATION_RETEST,2025-07-14T07:15:00Z,3031.64,3014.60087283,3065.57,1.991299,76.9715,TP_BEFORE_SL,0.8791962106318789,Structure and a causal level existed first; a closed rejection/continuation candle then authorized entry. Stop and target were derived from pre-entry structural anchors.
ET-HED-0379,SOLUSDT,SHORT,SHORT_DOWN_CONTINUATION_RETEST,2025-11-28T20:00:00Z,137.53,138.11643904,136.01,2.591915,76.951,SL_BEFORE_TP,-0.6664080855086074,Structure and a causal level existed first; a closed rejection/continuation candle then authorized entry. Stop and target were derived from pre-entry structural anchors.
ET-HED-0380,SOLUSDT,SHORT,RANGE_MEAN_REVERSION_CANDIDATE,2025-07-05T07:15:00Z,148.08,148.58975943,147.27833333,1.572637,76.9502,TP_BEFORE_SL,0.3013740343057827,Structure and a causal level existed first; a closed rejection/continuation candle then authorized entry. Stop and target were derived from pre-entry structural anchors.
ET-HED-0381,BTCUSDT,LONG,LONG_UP_CONTINUATION_RETEST,2025-07-19T05:30:00Z,118133.03,118019.25054435,118371.42,2.095194,76.934,SL_BEFORE_TP,-0.33631468493612765,Structure and a causal level existed first; a closed rejection/continuation candle then authorized entry. Stop and target were derived from pre-entry structural anchors.
ET-HED-0382,BTCUSDT,LONG,LONG_UP_CONTINUATION_RETEST,2025-08-20T23:45:00Z,114347.99,114180.40888754,114615.38,1.595586,76.9323,SL_BEFORE_TP,-0.38655361450603587,Structure and a causal level existed first; a closed rejection/continuation candle then authorized entry. Stop and target were derived from pre-entry structural anchors.
ET-HED-0383,SOLUSDT,LONG,LONG_UP_CONTINUATION_RETEST,2025-08-08T01:45:00Z,174.07,173.29099568,175.55,1.899861,76.8917,TP_BEFORE_SL,0.6102326650198301,Structure and a causal level existed first; a closed rejection/continuation candle then authorized entry. Stop and target were derived from pre-entry structural anchors.
ET-HED-0384,BTCUSDT,SHORT,SHORT_DOWN_CONTINUATION_RETEST,2025-07-22T05:45:00Z,117092.69,117401.92770499,116552.18,1.747879,76.8903,SL_BEFORE_TP,-0.5040965076385171,Structure and a causal level existed first; a closed rejection/continuation candle then authorized entry. Stop and target were derived from pre-entry structural anchors.
ET-HED-0385,BTCUSDT,LONG,LONG_UP_CONTINUATION_RETEST,2025-07-29T09:30:00Z,118924.82,118726.49674978,119273.36,1.757434,76.8817,SL_BEFORE_TP,-0.40676354878654575,Structure and a causal level existed first; a closed rejection/continuation candle then authorized entry. Stop and target were derived from pre-entry structural anchors.
ET-HED-0386,ETHUSDT,SHORT,RANGE_MEAN_REVERSION_CANDIDATE,2025-11-11T03:30:00Z,3618.27,3639.17007405,3575.19833333,2.060838,76.8789,TP_BEFORE_SL,0.9503939360523128,Structure and a causal level existed first; a closed rejection/continuation candle then authorized entry. Stop and target were derived from pre-entry structural anchors.
ET-HED-0387,ETHUSDT,SHORT,SHORT_DOWN_CONTINUATION_RETEST,2025-08-25T03:15:00Z,4753.28,4781.1279535,4700.18,1.906783,76.8731,TP_BEFORE_SL,0.8771233337821349,Structure and a causal level existed first; a closed rejection/continuation candle then authorized entry. Stop and target were derived from pre-entry structural anchors.
ET-HED-0388,BTCUSDT,SHORT,SHORT_DOWN_CONTINUATION_RETEST,2025-08-17T02:15:00Z,117407.92,117515.04717674,117172.21,2.200282,76.8718,SL_BEFORE_TP,-0.33124356920725884,Structure and a causal level existed first; a closed rejection/continuation candle then authorized entry. Stop and target were derived from pre-entry structural anchors.
ET-HED-0389,ETHUSDT,SHORT,RANGE_MEAN_REVERSION_CANDIDATE,2025-10-19T04:45:00Z,3899.39,3906.86709793,3881.47666667,2.39576,76.7798,SL_BEFORE_TP,-0.4317504514808759,Structure and a causal level existed first; a closed rejection/continuation candle then authorized entry. Stop and target were derived from pre-entry structural anchors.
ET-HED-0390,BTCUSDT,SHORT,SHORT_DOWN_CONTINUATION_RETEST,2025-11-22T05:15:00Z,84160.8,84378.13297325,83832.91,1.508699,76.7318,SL_BEFORE_TP,-0.4982353937343737,Structure and a causal level existed first; a closed rejection/continuation candle then authorized entry. Stop and target were derived from pre-entry structural anchors.
ET-HED-0391,SOLUSDT,LONG,LONG_UP_CONTINUATION_RETEST,2025-10-25T07:15:00Z,194.17,193.91099707,194.75,2.239357,76.726,AMBIGUOUS_INTRACANDLE,,Structure and a causal level existed first; a closed rejection/continuation candle then authorized entry. Stop and target were derived from pre-entry structural anchors.
ET-HED-0392,ETHUSDT,LONG,LONG_UP_CONTINUATION_RETEST,2025-09-12T15:45:00Z,4541.35,4522.04234833,4571.24,1.548091,76.6875,TP_BEFORE_SL,0.4181743314212606,Structure and a causal level existed first; a closed rejection/continuation candle then authorized entry. Stop and target were derived from pre-entry structural anchors.
ET-HED-0393,BTCUSDT,SHORT,RANGE_MEAN_REVERSION_CANDIDATE,2025-11-16T06:45:00Z,95936.15,96104.23921134,95550.38,2.295031,76.6602,SL_BEFORE_TP,-0.41520946102173595,Structure and a causal level existed first; a closed rejection/continuation candle then authorized entry. Stop and target were derived from pre-entry structural anchors.
ET-HED-0394,ETHUSDT,LONG,LONG_UP_CONTINUATION_RETEST,2025-07-09T15:00:00Z,2642.23,2627.73687819,2674.81,2.247963,76.6572,TP_BEFORE_SL,0.9930493560363758,Structure and a causal level existed first; a closed rejection/continuation candle then authorized entry. Stop and target were derived from pre-entry structural anchors.
ET-HED-0395,ETHUSDT,LONG,RANGE_MEAN_REVERSION_CANDIDATE,2025-10-30T05:15:00Z,3872.78,3847.5212894,3933.63833333,2.4094,76.6197,TP_BEFORE_SL,1.3314379161739067,Structure and a causal level existed first; a closed rejection/continuation candle then authorized entry. Stop and target were derived from pre-entry structural anchors.
ET-HED-0396,BTCUSDT,SHORT,RANGE_MEAN_REVERSION_CANDIDATE,2025-08-12T19:45:00Z,119725.31,120089.5985985,119139.43666667,1.608267,76.5959,SL_BEFORE_TP,-0.5442703322296706,Structure and a causal level existed first; a closed rejection/continuation candle then authorized entry. Stop and target were derived from pre-entry structural anchors.
ET-HED-0397,ETHUSDT,LONG,LONG_UP_CONTINUATION_RETEST,2025-11-11T02:15:00Z,3588.83,3555.91712995,3648.27,1.80598,76.5633,SL_BEFORE_TP,-1.1570919227157608,Structure and a causal level existed first; a closed rejection/continuation candle then authorized entry. Stop and target were derived from pre-entry structural anchors.
ET-HED-0398,ETHUSDT,LONG,LONG_UP_CONTINUATION_RETEST,2025-12-02T07:45:00Z,2806.43,2801.45808775,2815.88,1.900677,76.5627,SL_BEFORE_TP,-0.41716145601351395,Structure and a causal level existed first; a closed rejection/continuation candle then authorized entry. Stop and target were derived from pre-entry structural anchors.
ET-HED-0399,BTCUSDT,SHORT,SHORT_DOWN_CONTINUATION_RETEST,2025-09-13T15:30:00Z,115828.31,115967.45872266,115603.98,1.61216,76.5517,TP_BEFORE_SL,-0.04632541388197606,Structure and a causal level existed first; a closed rejection/continuation candle then authorized entry. Stop and target were derived from pre-entry structural anchors.
ET-HED-0400,BTCUSDT,SHORT,SHORT_DOWN_CONTINUATION_RETEST,2025-12-06T10:00:00Z,89574.12,89694.59452676,89217.59,2.959381,76.5492,SL_BEFORE_TP,-0.3744970252122023,Structure and a causal level existed first; a closed rejection/continuation candle then authorized entry. Stop and target were derived from pre-entry structural anchors.
ET-HED-0401,BTCUSDT,LONG,RANGE_MEAN_REVERSION_CANDIDATE,2025-12-04T14:30:00Z,92791.49,92513.4817409,93260.38833333,1.686635,76.5076,SL_BEFORE_TP,-0.5396053399940124,Structure and a causal level existed first; a closed rejection/continuation candle then authorized entry. Stop and target were derived from pre-entry structural anchors.
ET-HED-0402,SOLUSDT,LONG,LONG_UP_CONTINUATION_RETEST,2025-10-31T06:00:00Z,185.71,185.16410652,187.03,2.418054,76.4894,SL_BEFORE_TP,-0.5339494265252371,Structure and a causal level existed first; a closed rejection/continuation candle then authorized entry. Stop and target were derived from pre-entry structural anchors.
ET-HED-0403,ETHUSDT,LONG,LONG_UP_CONTINUATION_RETEST,2025-10-21T19:00:00Z,4013.94,3960.52181748,4102.92,1.665725,76.4339,SL_BEFORE_TP,-1.5708166669157946,Structure and a causal level existed first; a closed rejection/continuation candle then authorized entry. Stop and target were derived from pre-entry structural anchors.
ET-HED-0404,SOLUSDT,SHORT,SHORT_DOWN_CONTINUATION_RETEST,2025-10-09T10:30:00Z,221.33,222.62340812,219.32,1.554034,76.3932,SL_BEFORE_TP,-0.8243799394569108,Structure and a causal level existed first; a closed rejection/continuation candle then authorized entry. Stop and target were derived from pre-entry structural anchors.
ET-HED-0405,BTCUSDT,LONG,RANGE_MEAN_REVERSION_CANDIDATE,2025-08-31T11:30:00Z,108530.56,108299.08825004,108911.14,1.644175,76.3731,SL_BEFORE_TP,-0.4532779467460536,Structure and a causal level existed first; a closed rejection/continuation candle then authorized entry. Stop and target were derived from pre-entry structural anchors.
ET-HED-0406,ETHUSDT,LONG,LONG_UP_CONTINUATION_RETEST,2025-10-19T13:00:00Z,3923.13,3905.31552391,3951.34,1.583544,76.3399,TP_BEFORE_SL,0.4790687027959827,Structure and a causal level existed first; a closed rejection/continuation candle then authorized entry. Stop and target were derived from pre-entry structural anchors.
ET-HED-0407,ETHUSDT,LONG,LONG_UP_CONTINUATION_RETEST,2025-08-03T20:45:00Z,3495.18,3482.22884845,3515.0,1.530366,76.2532,TP_BEFORE_SL,0.32706664606687397,Structure and a causal level existed first; a closed rejection/continuation candle then authorized entry. Stop and target were derived from pre-entry structural anchors.
ET-HED-0408,ETHUSDT,LONG,LONG_UP_CONTINUATION_RETEST,2025-11-18T17:45:00Z,3136.78,3116.18668981,3168.91,1.560215,76.2452,TP_BEFORE_SL,0.7842988032313281,Structure and a causal level existed first; a closed rejection/continuation candle then authorized entry. Stop and target were derived from pre-entry structural anchors.
ET-HED-0409,SOLUSDT,SHORT,RANGE_MEAN_REVERSION_CANDIDATE,2025-08-07T07:00:00Z,169.2,169.84640747,168.03666667,1.79969,76.2297,SL_BEFORE_TP,-0.6220375118203392,Structure and a causal level existed first; a closed rejection/continuation candle then authorized entry. Stop and target were derived from pre-entry structural anchors.
ET-HED-0410,BTCUSDT,SHORT,SHORT_DOWN_CONTINUATION_RETEST,2025-08-18T08:45:00Z,115275.29,115521.75699187,114878.71,1.609059,76.2284,TP_BEFORE_SL,0.10402862920577965,Structure and a causal level existed first; a closed rejection/continuation candle then authorized entry. Stop and target were derived from pre-entry structural anchors.
ET-HED-0411,SOLUSDT,LONG,LONG_UP_CONTINUATION_RETEST,2025-12-07T06:15:00Z,132.98,132.6074922,133.54,1.503324,76.216,SL_BEFORE_TP,-0.5201231764175018,Structure and a causal level existed first; a closed rejection/continuation candle then authorized entry. Stop and target were derived from pre-entry structural anchors.
ET-HED-0412,SOLUSDT,SHORT,SHORT_DOWN_CONTINUATION_RETEST,2025-12-16T04:15:00Z,126.19,126.91539754,124.94,1.723193,76.2091,TP_BEFORE_SL,0.7505697757350028,Structure and a causal level existed first; a closed rejection/continuation candle then authorized entry. Stop and target were derived from pre-entry structural anchors.
ET-HED-0413,ETHUSDT,SHORT,SHORT_DOWN_CONTINUATION_RETEST,2025-11-08T18:30:00Z,3389.51,3402.17303812,3355.58,2.679452,76.1712,SL_BEFORE_TP,-0.6135949479423215,Structure and a causal level existed first; a closed rejection/continuation candle then authorized entry. Stop and target were derived from pre-entry structural anchors.
ET-HED-0414,BTCUSDT,SHORT,SHORT_DOWN_CONTINUATION_RETEST,2025-08-30T08:45:00Z,108604.22,108804.51998812,108120.0,2.417474,76.1148,SL_BEFORE_TP,-0.4244311281090126,Structure and a causal level existed first; a closed rejection/continuation candle then authorized entry. Stop and target were derived from pre-entry structural anchors.
ET-HED-0415,ETHUSDT,SHORT,SHORT_DOWN_CONTINUATION_RETEST,2025-08-29T04:00:00Z,4489.75,4507.6880928,4450.44,2.191426,76.0543,TP_BEFORE_SL,0.6355498635781591,Structure and a causal level existed first; a closed rejection/continuation candle then authorized entry. Stop and target were derived from pre-entry structural anchors.
ET-HED-0416,ETHUSDT,SHORT,SHORT_DOWN_CONTINUATION_RETEST,2025-10-20T02:00:00Z,3938.21,3957.13606743,3908.73,1.55764,76.0268,SL_BEFORE_TP,-0.7205753738373494,Structure and a causal level existed first; a closed rejection/continuation candle then authorized entry. Stop and target were derived from pre-entry structural anchors.
ET-HED-0417,ETHUSDT,SHORT,SHORT_DOWN_CONTINUATION_RETEST,2025-10-22T17:00:00Z,3836.25,3868.88882721,3780.32,1.713603,76.0147,TP_BEFORE_SL,1.2179341805148214,Structure and a causal level existed first; a closed rejection/continuation candle then authorized entry. Stop and target were derived from pre-entry structural anchors.
ET-HED-0418,SOLUSDT,LONG,LONG_UP_CONTINUATION_RETEST,2025-08-29T05:45:00Z,215.55,214.4193843,218.0,2.166961,75.9713,SL_BEFORE_TP,-0.7645259568545679,Structure and a causal level existed first; a closed rejection/continuation candle then authorized entry. Stop and target were derived from pre-entry structural anchors.
ET-HED-0419,SOLUSDT,LONG,LONG_UP_CONTINUATION_RETEST,2025-07-09T02:00:00Z,151.47,151.03906336,152.34,2.018858,75.9582,SL_BEFORE_TP,-0.5245029642833556,Structure and a causal level existed first; a closed rejection/continuation candle then authorized entry. Stop and target were derived from pre-entry structural anchors.
ET-HED-0420,SOLUSDT,LONG,LONG_UP_CONTINUATION_RETEST,2025-07-18T03:00:00Z,179.65,178.65893414,181.15,1.513522,75.9491,TP_BEFORE_SL,0.5949568605622042,Structure and a causal level existed first; a closed rejection/continuation candle then authorized entry. Stop and target were derived from pre-entry structural anchors.
ET-HED-0421,ETHUSDT,LONG,LONG_UP_CONTINUATION_RETEST,2025-07-10T19:00:00Z,2811.39,2793.35440077,2840.69,1.624565,75.8718,TP_BEFORE_SL,0.8021890950739734,Structure and a causal level existed first; a closed rejection/continuation candle then authorized entry. Stop and target were derived from pre-entry structural anchors.
ET-HED-0422,BTCUSDT,SHORT,SHORT_DOWN_CONTINUATION_RETEST,2025-08-16T05:15:00Z,117729.4,117911.36993503,117389.56,1.867561,75.8608,TP_BEFORE_SL,0.048661965490350345,Structure and a causal level existed first; a closed rejection/continuation candle then authorized entry. Stop and target were derived from pre-entry structural anchors.
ET-HED-0423,SOLUSDT,SHORT,SHORT_DOWN_CONTINUATION_RETEST,2025-10-27T15:45:00Z,200.12,200.6434863,198.3,3.476691,75.8085,SL_BEFORE_TP,-0.5015861982810323,Structure and a causal level existed first; a closed rejection/continuation candle then authorized entry. Stop and target were derived from pre-entry structural anchors.
ET-HED-0424,SOLUSDT,SHORT,SHORT_DOWN_CONTINUATION_RETEST,2025-08-29T22:45:00Z,202.85,204.23079167,199.85,2.172667,75.7439,SL_BEFORE_TP,-0.9206959181661364,Structure and a causal level existed first; a closed rejection/continuation candle then authorized entry. Stop and target were derived from pre-entry structural anchors.
ET-HED-0425,SOLUSDT,SHORT,SHORT_DOWN_CONTINUATION_RETEST,2025-10-14T11:45:00Z,195.16,197.37752702,191.03,1.862435,75.5944,SL_BEFORE_TP,-1.3762610268497673,Structure and a causal level existed first; a closed rejection/continuation candle then authorized entry. Stop and target were derived from pre-entry structural anchors.
ET-HED-0426,ETHUSDT,LONG,LONG_UP_CONTINUATION_RETEST,2025-08-14T06:30:00Z,4739.59,4712.82850566,4786.54,1.754386,75.3789,TP_BEFORE_SL,0.7505920132332083,Structure and a causal level existed first; a closed rejection/continuation candle then authorized entry. Stop and target were derived from pre-entry structural anchors.
ET-HED-0427,BTCUSDT,SHORT,SHORT_DOWN_CONTINUATION_RETEST,2025-09-27T18:45:00Z,109383.48,109438.36013939,109243.89,2.543543,75.3204,SL_BEFORE_TP,-0.29017223751704246,Structure and a causal level existed first; a closed rejection/continuation candle then authorized entry. Stop and target were derived from pre-entry structural anchors.
ET-HED-0428,ETHUSDT,LONG,LONG_UP_CONTINUATION_RETEST,2025-08-04T11:45:00Z,3558.21,3547.79487082,3574.47,1.56119,75.2896,TP_BEFORE_SL,0.21697134233223342,Structure and a causal level existed first; a closed rejection/continuation candle then authorized entry. Stop and target were derived from pre-entry structural anchors.
ET-HED-0429,BTCUSDT,LONG,LONG_UP_CONTINUATION_RETEST,2025-07-24T04:15:00Z,118575.0,118144.2746495,119273.36,1.621358,75.2701,SL_BEFORE_TP,-0.6032514024878745,Structure and a causal level existed first; a closed rejection/continuation candle then authorized entry. Stop and target were derived from pre-entry structural anchors.
ET-HED-0430,SOLUSDT,SHORT,SHORT_DOWN_CONTINUATION_RETEST,2025-12-11T09:15:00Z,130.93,131.3273344,130.15,1.963082,75.1932,SL_BEFORE_TP,-0.5434708622928324,Structure and a causal level existed first; a closed rejection/continuation candle then authorized entry. Stop and target were derived from pre-entry structural anchors.
ET-HED-0431,BTCUSDT,LONG,LONG_UP_CONTINUATION_RETEST,2025-09-18T20:00:00Z,117450.21,117164.82641287,117900.0,1.576089,75.1812,SL_BEFORE_TP,-0.4829826112103254,Structure and a causal level existed first; a closed rejection/continuation candle then authorized entry. Stop and target were derived from pre-entry structural anchors.
ET-HED-0432,BTCUSDT,SHORT,SHORT_DOWN_CONTINUATION_RETEST,2025-12-13T18:45:00Z,90140.01,90201.09060206,89981.0,2.603281,75.0387,SL_BEFORE_TP,-0.3077619206609799,Structure and a causal level existed first; a closed rejection/continuation candle then authorized entry. Stop and target were derived from pre-entry structural anchors.
ET-HED-0433,BTCUSDT,SHORT,SHORT_DOWN_CONTINUATION_RETEST,2025-08-24T18:30:00Z,114664.64,114852.59918674,114236.0,2.280495,75.0009,SL_BEFORE_TP,-0.4039207926174986,Structure and a causal level existed first; a closed rejection/continuation candle then authorized entry. Stop and target were derived from pre-entry structural anchors.
ET-HED-0434,SOLUSDT,LONG,LONG_UP_CONTINUATION_RETEST,2025-08-28T21:45:00Z,212.58,211.67369666,213.94,1.500601,74.8538,TP_BEFORE_SL,0.39975914949665303,Structure and a causal level existed first; a closed rejection/continuation candle then authorized entry. Stop and target were derived from pre-entry structural anchors.
ET-HED-0435,BTCUSDT,LONG,LONG_UP_CONTINUATION_RETEST,2025-11-21T23:15:00Z,84446.1,84033.52504077,85416.66,2.352445,74.742,TP_BEFORE_SL,0.909324835605194,Structure and a causal level existed first; a closed rejection/continuation candle then authorized entry. Stop and target were derived from pre-entry structural anchors.
ET-HED-0436,SOLUSDT,LONG,LONG_UP_CONTINUATION_RETEST,2025-08-20T10:45:00Z,181.07,180.69752832,182.25,3.168026,74.6761,SL_BEFORE_TP,-0.4457059037941071,Structure and a causal level existed first; a closed rejection/continuation candle then authorized entry. Stop and target were derived from pre-entry structural anchors.
ET-HED-0437,SOLUSDT,SHORT,SHORT_DOWN_CONTINUATION_RETEST,2025-08-05T17:45:00Z,164.14,164.89566528,162.74,1.852672,74.6424,SL_BEFORE_TP,-0.7003785061532939,Structure and a causal level existed first; a closed rejection/continuation candle then authorized entry. Stop and target were derived from pre-entry structural anchors.
ET-HED-0438,SOLUSDT,LONG,LONG_UP_CONTINUATION_RETEST,2025-09-12T19:30:00Z,240.23,239.45031222,241.48,1.603206,74.4609,SL_BEFORE_TP,-0.5645588727469463,Structure and a causal level existed first; a closed rejection/continuation candle then authorized entry. Stop and target were derived from pre-entry structural anchors.
ET-HED-0439,SOLUSDT,LONG,LONG_UP_CONTINUATION_RETEST,2025-07-13T12:00:00Z,162.06,161.64055157,162.72,1.573495,74.4164,TP_BEFORE_SL,0.1672565716401312,Structure and a causal level existed first; a closed rejection/continuation candle then authorized entry. Stop and target were derived from pre-entry structural anchors.
ET-HED-0440,SOLUSDT,LONG,LONG_UP_CONTINUATION_RETEST,2025-08-22T07:00:00Z,182.94,182.25459615,184.12,1.721613,74.3657,TP_BEFORE_SL,0.40502022521045533,Structure and a causal level existed first; a closed rejection/continuation candle then authorized entry. Stop and target were derived from pre-entry structural anchors.
ET-HED-0441,SOLUSDT,LONG,LONG_UP_CONTINUATION_RETEST,2025-07-20T18:30:00Z,180.84,180.09735333,183.25,3.24515,74.1674,TP_BEFORE_SL,1.0926697633266957,Structure and a causal level existed first; a closed rejection/continuation candle then authorized entry. Stop and target were derived from pre-entry structural anchors.
ET-HED-0442,ETHUSDT,LONG,LONG_UP_CONTINUATION_RETEST,2025-09-03T19:00:00Z,4469.09,4455.14450267,4490.64,1.545302,74.1614,SL_BEFORE_TP,-0.5520433316402187,Structure and a causal level existed first; a closed rejection/continuation candle then authorized entry. Stop and target were derived from pre-entry structural anchors.
ET-HED-0443,BTCUSDT,SHORT,SHORT_DOWN_CONTINUATION_RETEST,2025-09-23T22:30:00Z,112002.16,112245.10093233,111458.73,2.236881,73.742,SL_BEFORE_TP,-0.4569073635097676,Structure and a causal level existed first; a closed rejection/continuation candle then authorized entry. Stop and target were derived from pre-entry structural anchors.
ET-HED-0444,BTCUSDT,SHORT,SHORT_DOWN_CONTINUATION_RETEST,2025-08-26T15:15:00Z,110248.78,110622.3974331,109393.93,2.288036,73.5824,SL_BEFORE_TP,-0.5788857755160715,Structure and a causal level existed first; a closed rejection/continuation candle then authorized entry. Stop and target were derived from pre-entry structural anchors.
ET-HED-0445,BTCUSDT,SHORT,SHORT_DOWN_CONTINUATION_RETEST,2025-09-13T07:45:00Z,115805.79,115872.11988658,115657.81,2.23097,72.9732,SL_BEFORE_TP,-0.2972768309598358,Structure and a causal level existed first; a closed rejection/continuation candle then authorized entry. Stop and target were derived from pre-entry structural anchors.
ET-HED-0446,ETHUSDT,SHORT,SHORT_DOWN_CONTINUATION_RETEST,2025-09-16T01:45:00Z,4527.64,4540.16445665,4503.0,1.967351,72.5417,TP_BEFORE_SL,0.30421287911583794,Structure and a causal level existed first; a closed rejection/continuation candle then authorized entry. Stop and target were derived from pre-entry structural anchors.
ET-HED-0447,SOLUSDT,SHORT,SHORT_DOWN_CONTINUATION_RETEST,2025-09-05T23:30:00Z,203.91,204.6332965,202.7,1.672896,71.8969,SL_BEFORE_TP,-0.5947135991368759,Structure and a causal level existed first; a closed rejection/continuation candle then authorized entry. Stop and target were derived from pre-entry structural anchors.
ET-HED-0448,SOLUSDT,LONG,LONG_UP_CONTINUATION_RETEST,2025-11-13T08:15:00Z,155.68,154.70833919,157.2,1.564332,71.6552,SL_BEFORE_TP,-0.8641397803186042,Structure and a causal level existed first; a closed rejection/continuation candle then authorized entry. Stop and target were derived from pre-entry structural anchors.
ET-HED-0449,ETHUSDT,LONG,LONG_UP_CONTINUATION_RETEST,2025-11-30T21:00:00Z,3028.94,3022.11630752,3041.14,1.787888,71.3237,SL_BEFORE_TP,-0.4652831842162559,Structure and a causal level existed first; a closed rejection/continuation candle then authorized entry. Stop and target were derived from pre-entry structural anchors.
